year,gp,session_type,driver,lap_number,lap_time_s,compound,cluster,label
2022,Italian,FP3,VER,4,81.872,MEDIUM,3,Vuelta de ataque
2022,Italian,FP3,VER,7,86.203,MEDIUM,1,Lift and Coast
2022,Italian,FP3,VER,8,85.547,MEDIUM,3,Vuelta de ataque
2022,Italian,FP3,VER,9,86.04,MEDIUM,1,Lift and Coast
2022,Italian,FP3,VER,10,85.8,MEDIUM,1,Lift and Coast
2022,Italian,FP3,VER,11,85.878,MEDIUM,1,Lift and Coast
2022,Italian,FP3,VER,14,81.252,SOFT,3,Vuelta de ataque
2022,Italian,FP3,VER,17,81.463,SOFT,3,Vuelta de ataque
2022,Italian,FP3,RIC,2,84.01,MEDIUM,3,Vuelta de ataque
2022,Italian,FP3,RIC,4,83.627,MEDIUM,3,Vuelta de ataque
2022,Italian,FP3,RIC,6,83.698,MEDIUM,1,Lift and Coast
2022,Italian,FP3,RIC,7,86.597,MEDIUM,1,Lift and Coast
2022,Italian,FP3,RIC,12,83.134,SOFT,3,Vuelta de ataque
2022,Italian,FP3,RIC,14,82.871,SOFT,1,Lift and Coast
2022,Italian,FP3,NOR,2,83.77,MEDIUM,1,Lift and Coast
2022,Italian,FP3,NOR,4,83.451,MEDIUM,1,Lift and Coast
2022,Italian,FP3,NOR,6,86.438,MEDIUM,1,Lift and Coast
2022,Italian,FP3,NOR,7,84.569,MEDIUM,1,Lift and Coast
2022,Italian,FP3,NOR,8,85.446,MEDIUM,1,Lift and Coast
2022,Italian,FP3,NOR,11,82.319,SOFT,1,Lift and Coast
2022,Italian,FP3,VET,4,84.299,SOFT,2,Tracción Comprometida
2022,Italian,FP3,VET,6,83.912,SOFT,1,Lift and Coast
2022,Italian,FP3,VET,9,83.855,SOFT,3,Vuelta de ataque
2022,Italian,FP3,VET,13,83.835,SOFT,2,Tracción Comprometida
2022,Italian,FP3,VET,17,83.104,SOFT,2,Tracción Comprometida
2022,Italian,FP3,LAT,2,84.486,SOFT,1,Lift and Coast
2022,Italian,FP3,LAT,4,83.552,SOFT,3,Vuelta de ataque
2022,Italian,FP3,LAT,7,83.968,SOFT,3,Vuelta de ataque
2022,Italian,FP3,LAT,11,82.786,SOFT,3,Vuelta de ataque
2022,Italian,FP3,LAT,13,82.776,SOFT,3,Vuelta de ataque
2022,Italian,FP3,LAT,15,83.013,SOFT,1,Lift and Coast
2022,Italian,FP3,GAS,3,83.994,MEDIUM,3,Vuelta de ataque
2022,Italian,FP3,GAS,5,83.641,MEDIUM,3,Vuelta de ataque
2022,Italian,FP3,GAS,7,83.315,MEDIUM,3,Vuelta de ataque
2022,Italian,FP3,GAS,9,83.873,MEDIUM,1,Lift and Coast
2022,Italian,FP3,GAS,12,82.84,SOFT,1,Lift and Coast
2022,Italian,FP3,GAS,15,82.755,SOFT,3,Vuelta de ataque
2022,Italian,FP3,GAS,17,83.226,SOFT,3,Vuelta de ataque
2022,Italian,FP3,PER,2,83.448,MEDIUM,3,Vuelta de ataque
2022,Italian,FP3,PER,4,82.611,MEDIUM,3,Vuelta de ataque
2022,Italian,FP3,PER,6,82.148,MEDIUM,3,Vuelta de ataque
2022,Italian,FP3,PER,9,85.943,MEDIUM,1,Lift and Coast
2022,Italian,FP3,PER,10,86.356,MEDIUM,1,Lift and Coast
2022,Italian,FP3,PER,11,86.386,MEDIUM,1,Lift and Coast
2022,Italian,FP3,PER,12,86.257,MEDIUM,1,Lift and Coast
2022,Italian,FP3,PER,13,86.484,MEDIUM,1,Lift and Coast
2022,Italian,FP3,PER,14,86.117,MEDIUM,1,Lift and Coast
2022,Italian,FP3,PER,15,86.157,MEDIUM,1,Lift and Coast
2022,Italian,FP3,PER,18,81.848,SOFT,3,Vuelta de ataque
2022,Italian,FP3,PER,23,82.033,SOFT,3,Vuelta de ataque
2022,Italian,FP3,ALO,2,83.196,MEDIUM,3,Vuelta de ataque
2022,Italian,FP3,ALO,5,85.216,MEDIUM,3,Vuelta de ataque
2022,Italian,FP3,ALO,7,83.453,MEDIUM,3,Vuelta de ataque
2022,Italian,FP3,ALO,10,82.306,SOFT,3,Vuelta de ataque
2022,Italian,FP3,ALO,13,82.495,SOFT,3,Vuelta de ataque
2022,Italian,FP3,LEC,2,82.47,MEDIUM,2,Tracción Comprometida
2022,Italian,FP3,LEC,4,81.944,MEDIUM,3,Vuelta de ataque
2022,Italian,FP3,LEC,9,81.605,SOFT,3,Vuelta de ataque
2022,Italian,FP3,LEC,11,81.599,SOFT,3,Vuelta de ataque
2022,Italian,FP3,MAG,13,83.44,SOFT,1,Lift and Coast
2022,Italian,FP3,MAG,15,83.203,SOFT,3,Vuelta de ataque
2022,Italian,FP3,TSU,3,85.225,HARD,3,Vuelta de ataque
2022,Italian,FP3,TSU,4,84.893,HARD,3,Vuelta de ataque
2022,Italian,FP3,TSU,6,84.279,HARD,3,Vuelta de ataque
2022,Italian,FP3,TSU,8,83.533,HARD,3,Vuelta de ataque
2022,Italian,FP3,TSU,13,86.552,HARD,1,Lift and Coast
2022,Italian,FP3,TSU,14,86.777,HARD,1,Lift and Coast
2022,Italian,FP3,TSU,15,86.521,HARD,1,Lift and Coast
2022,Italian,FP3,TSU,16,86.698,HARD,3,Vuelta de ataque
2022,Italian,FP3,TSU,17,86.685,HARD,1,Lift and Coast
2022,Italian,FP3,TSU,18,86.189,HARD,1,Lift and Coast
2022,Italian,FP3,TSU,21,83.147,SOFT,3,Vuelta de ataque
2022,Italian,FP3,TSU,25,82.43,SOFT,3,Vuelta de ataque
2022,Italian,FP3,ZHO,2,83.849,SOFT,3,Vuelta de ataque
2022,Italian,FP3,ZHO,4,83.676,SOFT,3,Vuelta de ataque
2022,Italian,FP3,ZHO,7,82.657,SOFT,3,Vuelta de ataque
2022,Italian,FP3,ZHO,9,83.505,SOFT,3,Vuelta de ataque
2022,Italian,FP3,OCO,2,84.205,MEDIUM,2,Tracción Comprometida
2022,Italian,FP3,OCO,4,83.527,MEDIUM,3,Vuelta de ataque
2022,Italian,FP3,OCO,6,83.526,MEDIUM,3,Vuelta de ataque
2022,Italian,FP3,OCO,7,85.594,MEDIUM,3,Vuelta de ataque
2022,Italian,FP3,OCO,10,82.506,SOFT,3,Vuelta de ataque
2022,Italian,FP3,OCO,12,83.152,SOFT,2,Tracción Comprometida
2022,Italian,FP3,OCO,15,83.183,SOFT,3,Vuelta de ataque
2022,Italian,FP3,HAM,2,85.397,MEDIUM,3,Vuelta de ataque
2022,Italian,FP3,HAM,3,84.842,MEDIUM,3,Vuelta de ataque
2022,Italian,FP3,HAM,4,84.455,MEDIUM,3,Vuelta de ataque
2022,Italian,FP3,HAM,5,84.565,MEDIUM,3,Vuelta de ataque
2022,Italian,FP3,HAM,6,85.321,MEDIUM,2,Tracción Comprometida
2022,Italian,FP3,HAM,7,84.675,MEDIUM,3,Vuelta de ataque
2022,Italian,FP3,HAM,10,83.34,MEDIUM,3,Vuelta de ataque
2022,Italian,FP3,HAM,15,82.567,SOFT,3,Vuelta de ataque
2022,Italian,FP3,HAM,18,83.012,SOFT,3,Vuelta de ataque
2022,Italian,FP3,DEV,2,85.367,MEDIUM,2,Tracción Comprometida
2022,Italian,FP3,DEV,5,84.941,MEDIUM,2,Tracción Comprometida
2022,Italian,FP3,DEV,7,84.79,MEDIUM,2,Tracción Comprometida
2022,Italian,FP3,DEV,9,84.708,MEDIUM,2,Tracción Comprometida
2022,Italian,FP3,DEV,13,82.869,SOFT,2,Tracción Comprometida
2022,Italian,FP3,DEV,15,83.37,SOFT,2,Tracción Comprometida
2022,Italian,FP3,DEV,17,83.717,SOFT,3,Vuelta de ataque
2022,Italian,FP3,MSC,2,83.894,SOFT,3,Vuelta de ataque
2022,Italian,FP3,MSC,4,83.392,SOFT,3,Vuelta de ataque
2022,Italian,FP3,SAI,3,82.653,MEDIUM,2,Tracción Comprometida
2022,Italian,FP3,SAI,6,83.896,MEDIUM,2,Tracción Comprometida
2022,Italian,FP3,SAI,9,81.897,SOFT,2,Tracción Comprometida
2022,Italian,FP3,SAI,13,86.314,SOFT,1,Lift and Coast
2022,Italian,FP3,SAI,14,85.957,SOFT,2,Tracción Comprometida
2022,Italian,FP3,SAI,15,86.153,SOFT,2,Tracción Comprometida
2022,Italian,FP3,RUS,2,85.377,MEDIUM,3,Vuelta de ataque
2022,Italian,FP3,RUS,3,85.102,MEDIUM,3,Vuelta de ataque
2022,Italian,FP3,RUS,4,84.995,MEDIUM,3,Vuelta de ataque
2022,Italian,FP3,RUS,5,84.454,MEDIUM,3,Vuelta de ataque
2022,Italian,FP3,RUS,6,84.94,MEDIUM,1,Lift and Coast
2022,Italian,FP3,RUS,7,84.735,MEDIUM,1,Lift and Coast
2022,Italian,FP3,RUS,8,84.737,MEDIUM,1,Lift and Coast
2022,Italian,FP3,RUS,9,84.926,MEDIUM,1,Lift and Coast
2022,Italian,FP3,RUS,12,83.876,MEDIUM,3,Vuelta de ataque
2022,Italian,FP3,RUS,15,82.357,SOFT,3,Vuelta de ataque
2022,Italian,FP3,RUS,18,82.924,SOFT,3,Vuelta de ataque
2022,Italian,FP3,RUS,21,82.595,SOFT,1,Lift and Coast
2022,Italian,FP3,BOT,3,84.244,SOFT,3,Vuelta de ataque
2022,Italian,FP3,BOT,5,84.363,SOFT,3,Vuelta de ataque
2022,Italian,FP3,BOT,22,82.95,SOFT,3,Vuelta de ataque
2022,Italian,Q,LEC,2,81.28,SOFT,3,Vuelta de ataque
2022,Italian,Q,LEC,6,81.208,SOFT,3,Vuelta de ataque
2022,Italian,Q,LEC,9,80.77,SOFT,3,Vuelta de ataque
2022,Italian,Q,LEC,12,80.161,SOFT,3,Vuelta de ataque
2022,Italian,Q,VER,2,82.023,SOFT,3,Vuelta de ataque
2022,Italian,Q,VER,5,80.922,SOFT,3,Vuelta de ataque
2022,Italian,Q,VER,8,81.265,SOFT,3,Vuelta de ataque
2022,Italian,Q,VER,11,80.859,SOFT,3,Vuelta de ataque
2022,Italian,Q,VER,14,80.306,SOFT,3,Vuelta de ataque
2022,Italian,Q,SAI,2,81.348,SOFT,2,Tracción Comprometida
2022,Italian,Q,SAI,5,80.878,SOFT,3,Vuelta de ataque
2022,Italian,Q,SAI,8,80.584,SOFT,2,Tracción Comprometida
2022,Italian,Q,SAI,11,80.429,SOFT,3,Vuelta de ataque
2022,Italian,Q,PER,2,82.085,SOFT,3,Vuelta de ataque
2022,Italian,Q,PER,5,81.495,SOFT,3,Vuelta de ataque
2022,Italian,Q,PER,8,81.358,SOFT,3,Vuelta de ataque
2022,Italian,Q,PER,11,81.359,SOFT,3,Vuelta de ataque
2022,Italian,Q,PER,14,81.206,SOFT,3,Vuelta de ataque
2022,Italian,Q,HAM,2,82.211,SOFT,3,Vuelta de ataque
2022,Italian,Q,HAM,5,82.048,SOFT,3,Vuelta de ataque
2022,Italian,Q,HAM,8,81.708,SOFT,3,Vuelta de ataque
2022,Italian,Q,HAM,13,82.595,SOFT,3,Vuelta de ataque
2022,Italian,Q,HAM,16,81.524,SOFT,3,Vuelta de ataque
2022,Italian,Q,RUS,2,81.785,SOFT,3,Vuelta de ataque
2022,Italian,Q,RUS,5,81.936,SOFT,1,Lift and Coast
2022,Italian,Q,RUS,8,81.747,SOFT,3,Vuelta de ataque
2022,Italian,Q,RUS,11,81.79,SOFT,3,Vuelta de ataque
2022,Italian,Q,RUS,14,81.542,SOFT,3,Vuelta de ataque
2022,Italian,Q,NOR,2,82.13,SOFT,3,Vuelta de ataque
2022,Italian,Q,NOR,4,82.277,SOFT,3,Vuelta de ataque
2022,Italian,Q,NOR,9,82.191,SOFT,3,Vuelta de ataque
2022,Italian,Q,NOR,12,81.831,SOFT,3,Vuelta de ataque
2022,Italian,Q,NOR,15,82.174,SOFT,3,Vuelta de ataque
2022,Italian,Q,NOR,18,81.584,SOFT,3,Vuelta de ataque
2022,Italian,Q,RIC,2,83.116,SOFT,3,Vuelta de ataque
2022,Italian,Q,RIC,4,82.774,SOFT,3,Vuelta de ataque
2022,Italian,Q,RIC,7,82.139,SOFT,3,Vuelta de ataque
2022,Italian,Q,RIC,10,82.705,SOFT,1,Lift and Coast
2022,Italian,Q,RIC,13,81.855,SOFT,3,Vuelta de ataque
2022,Italian,Q,RIC,16,82.635,SOFT,3,Vuelta de ataque
2022,Italian,Q,RIC,19,81.925,SOFT,3,Vuelta de ataque
2022,Italian,Q,GAS,2,82.669,SOFT,3,Vuelta de ataque
2022,Italian,Q,GAS,5,82.01,SOFT,3,Vuelta de ataque
2022,Italian,Q,GAS,8,82.097,SOFT,3,Vuelta de ataque
2022,Italian,Q,GAS,11,82.062,SOFT,3,Vuelta de ataque
2022,Italian,Q,GAS,14,82.648,SOFT,3,Vuelta de ataque
2022,Italian,Q,GAS,17,81.91,SOFT,3,Vuelta de ataque
2022,Italian,Q,ALO,2,82.089,SOFT,3,Vuelta de ataque
2022,Italian,Q,ALO,5,82.135,SOFT,3,Vuelta de ataque
2022,Italian,Q,ALO,8,81.901,SOFT,3,Vuelta de ataque
2022,Italian,Q,ALO,11,81.861,SOFT,3,Vuelta de ataque
2022,Italian,Q,ALO,16,81.829,SOFT,3,Vuelta de ataque
2022,Italian,Q,OCO,2,82.166,SOFT,3,Vuelta de ataque
2022,Italian,Q,OCO,5,82.181,SOFT,2,Tracción Comprometida
2022,Italian,Q,OCO,8,82.137,SOFT,3,Vuelta de ataque
2022,Italian,Q,OCO,11,82.13,SOFT,2,Tracción Comprometida
2022,Italian,Q,BOT,2,82.911,SOFT,3,Vuelta de ataque
2022,Italian,Q,BOT,5,82.254,SOFT,3,Vuelta de ataque
2022,Italian,Q,BOT,8,82.418,SOFT,3,Vuelta de ataque
2022,Italian,Q,BOT,11,82.235,SOFT,3,Vuelta de ataque
2022,Italian,Q,DEV,2,82.881,SOFT,3,Vuelta de ataque
2022,Italian,Q,DEV,4,82.567,SOFT,3,Vuelta de ataque
2022,Italian,Q,DEV,7,82.176,SOFT,3,Vuelta de ataque
2022,Italian,Q,DEV,10,82.471,SOFT,3,Vuelta de ataque
2022,Italian,Q,ZHO,2,82.475,SOFT,3,Vuelta de ataque
2022,Italian,Q,ZHO,5,82.003,SOFT,3,Vuelta de ataque
2022,Italian,Q,ZHO,8,82.577,SOFT,3,Vuelta de ataque
2022,Italian,Q,ZHO,11,82.633,SOFT,3,Vuelta de ataque
2022,Italian,Q,TSU,2,82.762,SOFT,1,Lift and Coast
2022,Italian,Q,TSU,5,82.02,SOFT,3,Vuelta de ataque
2022,Italian,Q,LAT,2,82.818,SOFT,3,Vuelta de ataque
2022,Italian,Q,LAT,4,82.587,SOFT,3,Vuelta de ataque
2022,Italian,Q,VET,2,83.919,SOFT,2,Tracción Comprometida
2022,Italian,Q,VET,6,82.636,SOFT,1,Lift and Coast
2022,Italian,Q,MAG,2,83.167,SOFT,3,Vuelta de ataque
2022,Italian,Q,MAG,4,82.908,SOFT,3,Vuelta de ataque
2022,Italian,Q,MAG,7,82.399,SOFT,3,Vuelta de ataque
2022,Italian,Q,MAG,9,82.64,SOFT,3,Vuelta de ataque
2022,Italian,Q,MSC,2,84.063,SOFT,3,Vuelta de ataque
2022,Italian,Q,MSC,4,83.469,SOFT,3,Vuelta de ataque
2022,Italian,Q,MSC,7,83.005,SOFT,3,Vuelta de ataque
2022,Italian,R,VER,2,86.401,SOFT,1,Lift and Coast
2022,Italian,R,VER,3,86.181,SOFT,1,Lift and Coast
2022,Italian,R,VER,4,85.782,SOFT,0,Ritmo de carrera
2022,Italian,R,VER,5,85.512,SOFT,3,Vuelta de ataque
2022,Italian,R,VER,6,85.66,SOFT,3,Vuelta de ataque
2022,Italian,R,VER,7,85.297,SOFT,1,Lift and Coast
2022,Italian,R,VER,8,85.618,SOFT,3,Vuelta de ataque
2022,Italian,R,VER,9,85.886,SOFT,1,Lift and Coast
2022,Italian,R,VER,10,85.953,SOFT,1,Lift and Coast
2022,Italian,R,VER,11,85.858,SOFT,1,Lift and Coast
2022,Italian,R,VER,13,88.719,SOFT,0,Ritmo de carrera
2022,Italian,R,VER,14,85.615,SOFT,1,Lift and Coast
2022,Italian,R,VER,15,85.794,SOFT,1,Lift and Coast
2022,Italian,R,VER,16,85.903,SOFT,1,Lift and Coast
2022,Italian,R,VER,17,85.87,SOFT,1,Lift and Coast
2022,Italian,R,VER,18,85.985,SOFT,1,Lift and Coast
2022,Italian,R,VER,19,85.799,SOFT,1,Lift and Coast
2022,Italian,R,VER,20,85.75,SOFT,1,Lift and Coast
2022,Italian,R,VER,21,85.79,SOFT,1,Lift and Coast
2022,Italian,R,VER,22,85.901,SOFT,1,Lift and Coast
2022,Italian,R,VER,23,85.719,SOFT,1,Lift and Coast
2022,Italian,R,VER,24,85.8,SOFT,1,Lift and Coast
2022,Italian,R,VER,25,89.712,SOFT,0,Ritmo de carrera
2022,Italian,R,VER,27,85.012,MEDIUM,1,Lift and Coast
2022,Italian,R,VER,28,85.19,MEDIUM,1,Lift and Coast
2022,Italian,R,VER,29,84.829,MEDIUM,1,Lift and Coast
2022,Italian,R,VER,30,84.798,MEDIUM,1,Lift and Coast
2022,Italian,R,VER,31,85.071,MEDIUM,1,Lift and Coast
2022,Italian,R,VER,32,84.918,MEDIUM,1,Lift and Coast
2022,Italian,R,VER,33,85.095,MEDIUM,1,Lift and Coast
2022,Italian,R,VER,34,84.857,MEDIUM,1,Lift and Coast
2022,Italian,R,VER,35,84.831,MEDIUM,1,Lift and Coast
2022,Italian,R,VER,36,84.919,MEDIUM,0,Ritmo de carrera
2022,Italian,R,VER,37,84.829,MEDIUM,1,Lift and Coast
2022,Italian,R,VER,38,84.745,MEDIUM,1,Lift and Coast
2022,Italian,R,VER,39,84.815,MEDIUM,1,Lift and Coast
2022,Italian,R,VER,40,84.905,MEDIUM,1,Lift and Coast
2022,Italian,R,VER,41,85.078,MEDIUM,1,Lift and Coast
2022,Italian,R,VER,42,84.926,MEDIUM,0,Ritmo de carrera
2022,Italian,R,VER,43,85.01,MEDIUM,1,Lift and Coast
2022,Italian,R,VER,44,85.122,MEDIUM,1,Lift and Coast
2022,Italian,R,VER,45,84.824,MEDIUM,1,Lift and Coast
2022,Italian,R,VER,46,85.257,MEDIUM,1,Lift and Coast
2022,Italian,R,VER,47,84.75,MEDIUM,0,Ritmo de carrera
2022,Italian,R,GAS,2,88.201,MEDIUM,0,Ritmo de carrera
2022,Italian,R,GAS,3,87.625,MEDIUM,0,Ritmo de carrera
2022,Italian,R,GAS,4,87.365,MEDIUM,0,Ritmo de carrera
2022,Italian,R,GAS,5,87.534,MEDIUM,0,Ritmo de carrera
2022,Italian,R,GAS,6,87.316,MEDIUM,1,Lift and Coast
2022,Italian,R,GAS,7,87.368,MEDIUM,0,Ritmo de carrera
2022,Italian,R,GAS,8,87.232,MEDIUM,0,Ritmo de carrera
2022,Italian,R,GAS,9,87.534,MEDIUM,0,Ritmo de carrera
2022,Italian,R,GAS,10,87.606,MEDIUM,0,Ritmo de carrera
2022,Italian,R,GAS,11,87.449,MEDIUM,0,Ritmo de carrera
2022,Italian,R,GAS,13,88.402,MEDIUM,0,Ritmo de carrera
2022,Italian,R,GAS,14,88.309,MEDIUM,0,Ritmo de carrera
2022,Italian,R,GAS,15,87.628,MEDIUM,0,Ritmo de carrera
2022,Italian,R,GAS,16,87.528,MEDIUM,0,Ritmo de carrera
2022,Italian,R,GAS,17,87.722,MEDIUM,0,Ritmo de carrera
2022,Italian,R,GAS,20,87.469,HARD,0,Ritmo de carrera
2022,Italian,R,GAS,21,87.447,HARD,0,Ritmo de carrera
2022,Italian,R,GAS,22,87.33,HARD,0,Ritmo de carrera
2022,Italian,R,GAS,23,86.946,HARD,0,Ritmo de carrera
2022,Italian,R,GAS,24,87.026,HARD,0,Ritmo de carrera
2022,Italian,R,GAS,25,87.074,HARD,0,Ritmo de carrera
2022,Italian,R,GAS,26,87.196,HARD,0,Ritmo de carrera
2022,Italian,R,GAS,27,86.916,HARD,0,Ritmo de carrera
2022,Italian,R,GAS,28,86.891,HARD,0,Ritmo de carrera
2022,Italian,R,GAS,29,87.108,HARD,0,Ritmo de carrera
2022,Italian,R,GAS,30,86.718,HARD,0,Ritmo de carrera
2022,Italian,R,GAS,31,87.564,HARD,0,Ritmo de carrera
2022,Italian,R,GAS,32,87.509,HARD,0,Ritmo de carrera
2022,Italian,R,GAS,33,87.08,HARD,0,Ritmo de carrera
2022,Italian,R,GAS,34,87.093,HARD,0,Ritmo de carrera
2022,Italian,R,GAS,35,87.023,HARD,0,Ritmo de carrera
2022,Italian,R,GAS,36,88.619,HARD,0,Ritmo de carrera
2022,Italian,R,GAS,37,87.632,HARD,0,Ritmo de carrera
2022,Italian,R,GAS,38,87.047,HARD,0,Ritmo de carrera
2022,Italian,R,GAS,39,86.932,HARD,0,Ritmo de carrera
2022,Italian,R,GAS,40,86.949,HARD,1,Lift and Coast
2022,Italian,R,GAS,41,86.721,HARD,1,Lift and Coast
2022,Italian,R,GAS,42,86.817,HARD,0,Ritmo de carrera
2022,Italian,R,GAS,43,86.734,HARD,0,Ritmo de carrera
2022,Italian,R,GAS,44,87.055,HARD,1,Lift and Coast
2022,Italian,R,GAS,45,88.377,HARD,0,Ritmo de carrera
2022,Italian,R,GAS,46,86.744,HARD,0,Ritmo de carrera
2022,Italian,R,GAS,52,89.512,HARD,0,Ritmo de carrera
2022,Italian,R,PER,3,87.557,MEDIUM,0,Ritmo de carrera
2022,Italian,R,PER,4,87.263,MEDIUM,0,Ritmo de carrera
2022,Italian,R,PER,5,87.266,MEDIUM,0,Ritmo de carrera
2022,Italian,R,PER,6,87.535,MEDIUM,0,Ritmo de carrera
2022,Italian,R,PER,9,87.176,HARD,1,Lift and Coast
2022,Italian,R,PER,10,86.794,HARD,1,Lift and Coast
2022,Italian,R,PER,13,86.068,HARD,1,Lift and Coast
2022,Italian,R,PER,14,86.154,HARD,1,Lift and Coast
2022,Italian,R,PER,15,86.102,HARD,1,Lift and Coast
2022,Italian,R,PER,16,86.205,HARD,1,Lift and Coast
2022,Italian,R,PER,17,85.969,HARD,1,Lift and Coast
2022,Italian,R,PER,18,86.902,HARD,0,Ritmo de carrera
2022,Italian,R,PER,19,86.315,HARD,0,Ritmo de carrera
2022,Italian,R,PER,20,86.346,HARD,0,Ritmo de carrera
2022,Italian,R,PER,21,87.185,HARD,1,Lift and Coast
2022,Italian,R,PER,22,86.75,HARD,0,Ritmo de carrera
2022,Italian,R,PER,23,87.262,HARD,0,Ritmo de carrera
2022,Italian,R,PER,24,86.742,HARD,2,Tracción Comprometida
2022,Italian,R,PER,25,86.109,HARD,1,Lift and Coast
2022,Italian,R,PER,26,86.255,HARD,3,Vuelta de ataque
2022,Italian,R,PER,27,86.13,HARD,3,Vuelta de ataque
2022,Italian,R,PER,28,86.084,HARD,3,Vuelta de ataque
2022,Italian,R,PER,29,86.096,HARD,3,Vuelta de ataque
2022,Italian,R,PER,30,86.19,HARD,1,Lift and Coast
2022,Italian,R,PER,31,86.351,HARD,1,Lift and Coast
2022,Italian,R,PER,32,85.985,HARD,0,Ritmo de carrera
2022,Italian,R,PER,33,87.146,HARD,0,Ritmo de carrera
2022,Italian,R,PER,34,86.172,HARD,0,Ritmo de carrera
2022,Italian,R,PER,35,86.025,HARD,1,Lift and Coast
2022,Italian,R,PER,36,86.165,HARD,2,Tracción Comprometida
2022,Italian,R,PER,37,85.933,HARD,1,Lift and Coast
2022,Italian,R,PER,38,85.868,HARD,1,Lift and Coast
2022,Italian,R,PER,39,85.57,HARD,3,Vuelta de ataque
2022,Italian,R,PER,40,85.572,HARD,0,Ritmo de carrera
2022,Italian,R,PER,41,85.7,HARD,3,Vuelta de ataque
2022,Italian,R,PER,42,89.491,HARD,0,Ritmo de carrera
2022,Italian,R,PER,44,84.457,SOFT,3,Vuelta de ataque
2022,Italian,R,PER,45,84.566,SOFT,3,Vuelta de ataque
2022,Italian,R,PER,46,84.03,SOFT,3,Vuelta de ataque
2022,Italian,R,PER,52,87.911,SOFT,0,Ritmo de carrera
2022,Italian,R,ALO,2,88.272,MEDIUM,0,Ritmo de carrera
2022,Italian,R,ALO,3,87.607,MEDIUM,0,Ritmo de carrera
2022,Italian,R,ALO,4,87.417,MEDIUM,2,Tracción Comprometida
2022,Italian,R,ALO,5,87.502,MEDIUM,2,Tracción Comprometida
2022,Italian,R,ALO,6,87.446,MEDIUM,0,Ritmo de carrera
2022,Italian,R,ALO,7,87.203,MEDIUM,0,Ritmo de carrera
2022,Italian,R,ALO,8,87.415,MEDIUM,3,Vuelta de ataque
2022,Italian,R,ALO,9,87.487,MEDIUM,0,Ritmo de carrera
2022,Italian,R,ALO,10,87.975,MEDIUM,2,Tracción Comprometida
2022,Italian,R,ALO,11,87.748,MEDIUM,0,Ritmo de carrera
2022,Italian,R,ALO,13,87.45,MEDIUM,0,Ritmo de carrera
2022,Italian,R,ALO,14,88.185,MEDIUM,0,Ritmo de carrera
2022,Italian,R,ALO,15,87.867,MEDIUM,0,Ritmo de carrera
2022,Italian,R,ALO,16,87.472,MEDIUM,0,Ritmo de carrera
2022,Italian,R,ALO,17,87.682,MEDIUM,3,Vuelta de ataque
2022,Italian,R,ALO,18,88.351,MEDIUM,0,Ritmo de carrera
2022,Italian,R,ALO,19,87.324,MEDIUM,0,Ritmo de carrera
2022,Italian,R,ALO,20,87.728,MEDIUM,0,Ritmo de carrera
2022,Italian,R,ALO,21,87.668,MEDIUM,1,Lift and Coast
2022,Italian,R,ALO,22,87.615,MEDIUM,3,Vuelta de ataque
2022,Italian,R,ALO,23,88.055,MEDIUM,3,Vuelta de ataque
2022,Italian,R,ALO,24,87.83,MEDIUM,3,Vuelta de ataque
2022,Italian,R,ALO,25,87.452,MEDIUM,3,Vuelta de ataque
2022,Italian,R,ALO,26,87.583,MEDIUM,3,Vuelta de ataque
2022,Italian,R,ALO,27,88.363,MEDIUM,0,Ritmo de carrera
2022,Italian,R,ALO,28,87.865,MEDIUM,2,Tracción Comprometida
2022,Italian,R,ALO,29,87.698,MEDIUM,2,Tracción Comprometida
2022,Italian,R,ALO,30,87.385,MEDIUM,3,Vuelta de ataque
2022,Italian,R,LEC,1,88.085,SOFT,2,Tracción Comprometida
2022,Italian,R,LEC,2,86.535,SOFT,1,Lift and Coast
2022,Italian,R,LEC,3,86.352,SOFT,1,Lift and Coast
2022,Italian,R,LEC,4,85.802,SOFT,1,Lift and Coast
2022,Italian,R,LEC,5,85.902,SOFT,2,Tracción Comprometida
2022,Italian,R,LEC,6,85.559,SOFT,3,Vuelta de ataque
2022,Italian,R,LEC,7,85.467,SOFT,1,Lift and Coast
2022,Italian,R,LEC,8,85.784,SOFT,2,Tracción Comprometida
2022,Italian,R,LEC,9,86.092,SOFT,1,Lift and Coast
2022,Italian,R,LEC,10,86.266,SOFT,2,Tracción Comprometida
2022,Italian,R,LEC,11,85.796,SOFT,3,Vuelta de ataque
2022,Italian,R,LEC,14,85.257,MEDIUM,2,Tracción Comprometida
2022,Italian,R,LEC,15,85.631,MEDIUM,3,Vuelta de ataque
2022,Italian,R,LEC,16,85.428,MEDIUM,3,Vuelta de ataque
2022,Italian,R,LEC,17,85.145,MEDIUM,2,Tracción Comprometida
2022,Italian,R,LEC,18,85.428,MEDIUM,1,Lift and Coast
2022,Italian,R,LEC,19,85.664,MEDIUM,3,Vuelta de ataque
2022,Italian,R,LEC,20,85.525,MEDIUM,3,Vuelta de ataque
2022,Italian,R,LEC,21,85.473,MEDIUM,2,Tracción Comprometida
2022,Italian,R,LEC,22,85.641,MEDIUM,2,Tracción Comprometida
2022,Italian,R,LEC,23,85.471,MEDIUM,2,Tracción Comprometida
2022,Italian,R,LEC,24,85.365,MEDIUM,2,Tracción Comprometida
2022,Italian,R,LEC,25,85.225,MEDIUM,3,Vuelta de ataque
2022,Italian,R,LEC,26,85.507,MEDIUM,2,Tracción Comprometida
2022,Italian,R,LEC,27,86.04,MEDIUM,2,Tracción Comprometida
2022,Italian,R,LEC,28,85.683,MEDIUM,2,Tracción Comprometida
2022,Italian,R,LEC,29,85.512,MEDIUM,2,Tracción Comprometida
2022,Italian,R,LEC,30,85.602,MEDIUM,2,Tracción Comprometida
2022,Italian,R,LEC,31,85.769,MEDIUM,2,Tracción Comprometida
2022,Italian,R,LEC,32,85.962,MEDIUM,2,Tracción Comprometida
2022,Italian,R,LEC,35,85.228,SOFT,1,Lift and Coast
2022,Italian,R,LEC,36,84.908,SOFT,2,Tracción Comprometida
2022,Italian,R,LEC,37,84.51,SOFT,2,Tracción Comprometida
2022,Italian,R,LEC,38,84.336,SOFT,2,Tracción Comprometida
2022,Italian,R,LEC,39,84.411,SOFT,2,Tracción Comprometida
2022,Italian,R,LEC,40,84.745,SOFT,2,Tracción Comprometida
2022,Italian,R,LEC,41,84.522,SOFT,2,Tracción Comprometida
2022,Italian,R,LEC,42,84.612,SOFT,2,Tracción Comprometida
2022,Italian,R,LEC,43,84.532,SOFT,2,Tracción Comprometida
2022,Italian,R,LEC,44,84.793,SOFT,2,Tracción Comprometida
2022,Italian,R,LEC,45,85.17,SOFT,2,Tracción Comprometida
2022,Italian,R,LEC,46,84.452,SOFT,2,Tracción Comprometida
2022,Italian,R,LEC,47,85.325,SOFT,2,Tracción Comprometida
2022,Italian,R,MAG,3,88.221,MEDIUM,1,Lift and Coast
2022,Italian,R,MAG,4,89.212,MEDIUM,0,Ritmo de carrera
2022,Italian,R,MAG,5,88.126,MEDIUM,1,Lift and Coast
2022,Italian,R,MAG,6,87.918,MEDIUM,1,Lift and Coast
2022,Italian,R,MAG,7,87.833,MEDIUM,1,Lift and Coast
2022,Italian,R,MAG,8,88.877,MEDIUM,0,Ritmo de carrera
2022,Italian,R,MAG,9,88.644,MEDIUM,3,Vuelta de ataque
2022,Italian,R,MAG,10,87.835,MEDIUM,1,Lift and Coast
2022,Italian,R,MAG,11,88.421,MEDIUM,1,Lift and Coast
2022,Italian,R,MAG,13,88.457,MEDIUM,1,Lift and Coast
2022,Italian,R,MAG,14,88.137,MEDIUM,1,Lift and Coast
2022,Italian,R,MAG,15,88.232,MEDIUM,1,Lift and Coast
2022,Italian,R,MAG,16,88.755,MEDIUM,0,Ritmo de carrera
2022,Italian,R,MAG,17,88.144,MEDIUM,1,Lift and Coast
2022,Italian,R,MAG,18,88.771,MEDIUM,0,Ritmo de carrera
2022,Italian,R,MAG,19,87.88,MEDIUM,1,Lift and Coast
2022,Italian,R,MAG,20,89.423,MEDIUM,1,Lift and Coast
2022,Italian,R,MAG,21,88.625,MEDIUM,3,Vuelta de ataque
2022,Italian,R,MAG,22,88.395,MEDIUM,1,Lift and Coast
2022,Italian,R,MAG,23,88.011,MEDIUM,1,Lift and Coast
2022,Italian,R,MAG,26,87.631,HARD,3,Vuelta de ataque
2022,Italian,R,MAG,27,88.535,HARD,1,Lift and Coast
2022,Italian,R,MAG,28,87.082,HARD,1,Lift and Coast
2022,Italian,R,MAG,29,86.853,HARD,1,Lift and Coast
2022,Italian,R,MAG,30,87.2,HARD,1,Lift and Coast
2022,Italian,R,MAG,31,87.763,HARD,2,Tracción Comprometida
2022,Italian,R,MAG,32,86.976,HARD,1,Lift and Coast
2022,Italian,R,MAG,33,87.203,HARD,1,Lift and Coast
2022,Italian,R,MAG,34,87.087,HARD,1,Lift and Coast
2022,Italian,R,MAG,35,87.034,HARD,3,Vuelta de ataque
2022,Italian,R,MAG,36,87.156,HARD,3,Vuelta de ataque
2022,Italian,R,MAG,37,86.798,HARD,1,Lift and Coast
2022,Italian,R,MAG,38,87.075,HARD,1,Lift and Coast
2022,Italian,R,MAG,39,87.498,HARD,1,Lift and Coast
2022,Italian,R,MAG,40,87.061,HARD,1,Lift and Coast
2022,Italian,R,MAG,41,87.645,HARD,1,Lift and Coast
2022,Italian,R,MAG,42,87.416,HARD,1,Lift and Coast
2022,Italian,R,MAG,43,88.341,HARD,1,Lift and Coast
2022,Italian,R,MAG,44,87.224,HARD,1,Lift and Coast
2022,Italian,R,MAG,45,87.573,HARD,1,Lift and Coast
2022,Italian,R,MAG,51,88.536,SOFT,1,Lift and Coast
2022,Italian,R,TSU,2,89.541,MEDIUM,0,Ritmo de carrera
2022,Italian,R,TSU,3,89.333,MEDIUM,0,Ritmo de carrera
2022,Italian,R,TSU,4,88.198,MEDIUM,0,Ritmo de carrera
2022,Italian,R,TSU,5,87.638,MEDIUM,0,Ritmo de carrera
2022,Italian,R,TSU,6,87.372,MEDIUM,0,Ritmo de carrera
2022,Italian,R,TSU,7,87.55,MEDIUM,0,Ritmo de carrera
2022,Italian,R,TSU,8,87.331,MEDIUM,0,Ritmo de carrera
2022,Italian,R,TSU,9,87.578,MEDIUM,1,Lift and Coast
2022,Italian,R,TSU,10,87.564,MEDIUM,1,Lift and Coast
2022,Italian,R,TSU,11,88.534,MEDIUM,1,Lift and Coast
2022,Italian,R,TSU,13,87.377,MEDIUM,0,Ritmo de carrera
2022,Italian,R,TSU,14,87.591,MEDIUM,1,Lift and Coast
2022,Italian,R,TSU,15,87.51,MEDIUM,0,Ritmo de carrera
2022,Italian,R,TSU,16,87.405,MEDIUM,1,Lift and Coast
2022,Italian,R,TSU,17,87.5,MEDIUM,0,Ritmo de carrera
2022,Italian,R,TSU,18,87.927,MEDIUM,0,Ritmo de carrera
2022,Italian,R,TSU,21,87.243,HARD,0,Ritmo de carrera
2022,Italian,R,TSU,22,87.53,HARD,1,Lift and Coast
2022,Italian,R,TSU,23,87.272,HARD,3,Vuelta de ataque
2022,Italian,R,TSU,24,87.256,HARD,1,Lift and Coast
2022,Italian,R,TSU,25,87.329,HARD,1,Lift and Coast
2022,Italian,R,TSU,26,87.372,HARD,1,Lift and Coast
2022,Italian,R,TSU,27,87.217,HARD,0,Ritmo de carrera
2022,Italian,R,TSU,28,86.897,HARD,1,Lift and Coast
2022,Italian,R,TSU,29,87.083,HARD,3,Vuelta de ataque
2022,Italian,R,TSU,30,87.186,HARD,1,Lift and Coast
2022,Italian,R,TSU,31,87.227,HARD,1,Lift and Coast
2022,Italian,R,TSU,32,87.075,HARD,1,Lift and Coast
2022,Italian,R,TSU,33,87.032,HARD,1,Lift and Coast
2022,Italian,R,TSU,34,87.105,HARD,1,Lift and Coast
2022,Italian,R,TSU,35,87.017,HARD,1,Lift and Coast
2022,Italian,R,TSU,36,87.043,HARD,1,Lift and Coast
2022,Italian,R,TSU,37,87.075,HARD,1,Lift and Coast
2022,Italian,R,TSU,38,86.93,HARD,1,Lift and Coast
2022,Italian,R,TSU,39,86.99,HARD,3,Vuelta de ataque
2022,Italian,R,TSU,40,87.86,HARD,1,Lift and Coast
2022,Italian,R,TSU,41,87.268,HARD,0,Ritmo de carrera
2022,Italian,R,TSU,42,87.286,HARD,1,Lift and Coast
2022,Italian,R,TSU,43,86.857,HARD,1,Lift and Coast
2022,Italian,R,TSU,44,87.136,HARD,1,Lift and Coast
2022,Italian,R,TSU,45,87.877,HARD,1,Lift and Coast
2022,Italian,R,TSU,46,87.742,HARD,1,Lift and Coast
2022,Italian,R,ZHO,2,88.445,MEDIUM,0,Ritmo de carrera
2022,Italian,R,ZHO,3,87.989,MEDIUM,0,Ritmo de carrera
2022,Italian,R,ZHO,4,87.296,MEDIUM,0,Ritmo de carrera
2022,Italian,R,ZHO,5,87.546,MEDIUM,0,Ritmo de carrera
2022,Italian,R,ZHO,6,87.369,MEDIUM,0,Ritmo de carrera
2022,Italian,R,ZHO,7,87.3,MEDIUM,0,Ritmo de carrera
2022,Italian,R,ZHO,8,87.953,MEDIUM,0,Ritmo de carrera
2022,Italian,R,ZHO,9,87.651,MEDIUM,0,Ritmo de carrera
2022,Italian,R,ZHO,10,87.471,MEDIUM,0,Ritmo de carrera
2022,Italian,R,ZHO,11,87.709,MEDIUM,0,Ritmo de carrera
2022,Italian,R,ZHO,13,87.247,MEDIUM,0,Ritmo de carrera
2022,Italian,R,ZHO,14,87.611,MEDIUM,0,Ritmo de carrera
2022,Italian,R,ZHO,15,88.143,MEDIUM,0,Ritmo de carrera
2022,Italian,R,ZHO,16,87.771,MEDIUM,0,Ritmo de carrera
2022,Italian,R,ZHO,17,87.774,MEDIUM,0,Ritmo de carrera
2022,Italian,R,ZHO,20,87.075,HARD,0,Ritmo de carrera
2022,Italian,R,ZHO,21,86.598,HARD,0,Ritmo de carrera
2022,Italian,R,ZHO,22,87.281,HARD,0,Ritmo de carrera
2022,Italian,R,ZHO,23,87.155,HARD,0,Ritmo de carrera
2022,Italian,R,ZHO,24,86.996,HARD,0,Ritmo de carrera
2022,Italian,R,ZHO,25,86.763,HARD,0,Ritmo de carrera
2022,Italian,R,ZHO,26,86.93,HARD,0,Ritmo de carrera
2022,Italian,R,ZHO,27,86.904,HARD,0,Ritmo de carrera
2022,Italian,R,ZHO,28,86.842,HARD,0,Ritmo de carrera
2022,Italian,R,ZHO,29,86.824,HARD,0,Ritmo de carrera
2022,Italian,R,ZHO,30,87.098,HARD,0,Ritmo de carrera
2022,Italian,R,ZHO,31,86.927,HARD,0,Ritmo de carrera
2022,Italian,R,ZHO,32,87.421,HARD,0,Ritmo de carrera
2022,Italian,R,ZHO,33,86.896,HARD,0,Ritmo de carrera
2022,Italian,R,ZHO,34,87.383,HARD,0,Ritmo de carrera
2022,Italian,R,ZHO,35,87.592,HARD,0,Ritmo de carrera
2022,Italian,R,ZHO,36,87.669,HARD,0,Ritmo de carrera
2022,Italian,R,ZHO,37,87.278,HARD,0,Ritmo de carrera
2022,Italian,R,ZHO,38,87.156,HARD,0,Ritmo de carrera
2022,Italian,R,ZHO,39,87.224,HARD,0,Ritmo de carrera
2022,Italian,R,ZHO,40,86.991,HARD,0,Ritmo de carrera
2022,Italian,R,ZHO,41,86.361,HARD,0,Ritmo de carrera
2022,Italian,R,ZHO,42,87.208,HARD,0,Ritmo de carrera
2022,Italian,R,ZHO,43,87.411,HARD,0,Ritmo de carrera
2022,Italian,R,ZHO,44,88.275,HARD,0,Ritmo de carrera
2022,Italian,R,ZHO,45,87.156,HARD,0,Ritmo de carrera
2022,Italian,R,ZHO,46,86.962,HARD,0,Ritmo de carrera
2022,Italian,R,RIC,2,88.398,MEDIUM,0,Ritmo de carrera
2022,Italian,R,RIC,3,87.818,MEDIUM,1,Lift and Coast
2022,Italian,R,RIC,4,87.26,MEDIUM,0,Ritmo de carrera
2022,Italian,R,RIC,5,87.441,MEDIUM,1,Lift and Coast
2022,Italian,R,RIC,6,87.406,MEDIUM,1,Lift and Coast
2022,Italian,R,RIC,7,87.222,MEDIUM,0,Ritmo de carrera
2022,Italian,R,RIC,8,87.266,MEDIUM,1,Lift and Coast
2022,Italian,R,RIC,9,87.567,MEDIUM,0,Ritmo de carrera
2022,Italian,R,RIC,10,87.661,MEDIUM,1,Lift and Coast
2022,Italian,R,RIC,11,87.466,MEDIUM,1,Lift and Coast
2022,Italian,R,RIC,13,89.644,MEDIUM,0,Ritmo de carrera
2022,Italian,R,RIC,14,87.727,MEDIUM,0,Ritmo de carrera
2022,Italian,R,RIC,15,87.711,MEDIUM,1,Lift and Coast
2022,Italian,R,RIC,16,87.509,MEDIUM,1,Lift and Coast
2022,Italian,R,RIC,17,87.614,MEDIUM,0,Ritmo de carrera
2022,Italian,R,RIC,18,87.753,MEDIUM,1,Lift and Coast
2022,Italian,R,RIC,21,87.372,HARD,1,Lift and Coast
2022,Italian,R,RIC,22,87.37,HARD,1,Lift and Coast
2022,Italian,R,RIC,23,86.911,HARD,0,Ritmo de carrera
2022,Italian,R,RIC,24,87.094,HARD,1,Lift and Coast
2022,Italian,R,RIC,25,86.971,HARD,1,Lift and Coast
2022,Italian,R,RIC,26,87.173,HARD,1,Lift and Coast
2022,Italian,R,RIC,27,86.918,HARD,0,Ritmo de carrera
2022,Italian,R,RIC,28,86.972,HARD,1,Lift and Coast
2022,Italian,R,RIC,29,87.175,HARD,1,Lift and Coast
2022,Italian,R,RIC,30,86.938,HARD,0,Ritmo de carrera
2022,Italian,R,RIC,31,87.317,HARD,0,Ritmo de carrera
2022,Italian,R,RIC,32,87.498,HARD,0,Ritmo de carrera
2022,Italian,R,RIC,33,87.143,HARD,1,Lift and Coast
2022,Italian,R,RIC,34,87.1,HARD,1,Lift and Coast
2022,Italian,R,RIC,35,86.978,HARD,1,Lift and Coast
2022,Italian,R,RIC,36,87.207,HARD,0,Ritmo de carrera
2022,Italian,R,RIC,37,88.336,HARD,1,Lift and Coast
2022,Italian,R,RIC,38,86.778,HARD,0,Ritmo de carrera
2022,Italian,R,RIC,39,86.603,HARD,1,Lift and Coast
2022,Italian,R,RIC,40,86.759,HARD,1,Lift and Coast
2022,Italian,R,RIC,41,86.751,HARD,1,Lift and Coast
2022,Italian,R,RIC,42,86.775,HARD,1,Lift and Coast
2022,Italian,R,RIC,43,86.751,HARD,0,Ritmo de carrera
2022,Italian,R,RIC,44,87.184,HARD,0,Ritmo de carrera
2022,Italian,R,RIC,45,87.296,HARD,1,Lift and Coast
2022,Italian,R,OCO,2,88.849,SOFT,0,Ritmo de carrera
2022,Italian,R,OCO,3,88.228,SOFT,2,Tracción Comprometida
2022,Italian,R,OCO,4,87.725,SOFT,2,Tracción Comprometida
2022,Italian,R,OCO,5,88.005,SOFT,2,Tracción Comprometida
2022,Italian,R,OCO,6,88.533,SOFT,2,Tracción Comprometida
2022,Italian,R,OCO,7,87.642,SOFT,0,Ritmo de carrera
2022,Italian,R,OCO,8,87.379,SOFT,0,Ritmo de carrera
2022,Italian,R,OCO,9,87.876,SOFT,0,Ritmo de carrera
2022,Italian,R,OCO,10,88.206,SOFT,2,Tracción Comprometida
2022,Italian,R,OCO,11,87.655,SOFT,2,Tracción Comprometida
2022,Italian,R,OCO,13,87.636,SOFT,0,Ritmo de carrera
2022,Italian,R,OCO,14,87.859,SOFT,2,Tracción Comprometida
2022,Italian,R,OCO,15,87.709,SOFT,0,Ritmo de carrera
2022,Italian,R,OCO,16,88.442,SOFT,2,Tracción Comprometida
2022,Italian,R,OCO,17,88.196,SOFT,0,Ritmo de carrera
2022,Italian,R,OCO,18,87.885,SOFT,0,Ritmo de carrera
2022,Italian,R,OCO,21,87.215,HARD,2,Tracción Comprometida
2022,Italian,R,OCO,22,87.16,HARD,3,Vuelta de ataque
2022,Italian,R,OCO,23,87.158,HARD,2,Tracción Comprometida
2022,Italian,R,OCO,24,87.106,HARD,3,Vuelta de ataque
2022,Italian,R,OCO,25,87.223,HARD,1,Lift and Coast
2022,Italian,R,OCO,26,87.054,HARD,1,Lift and Coast
2022,Italian,R,OCO,27,86.898,HARD,3,Vuelta de ataque
2022,Italian,R,OCO,28,86.93,HARD,3,Vuelta de ataque
2022,Italian,R,OCO,29,87.144,HARD,3,Vuelta de ataque
2022,Italian,R,OCO,30,87.095,HARD,3,Vuelta de ataque
2022,Italian,R,OCO,31,86.865,HARD,3,Vuelta de ataque
2022,Italian,R,OCO,32,86.858,HARD,3,Vuelta de ataque
2022,Italian,R,OCO,33,87.124,HARD,3,Vuelta de ataque
2022,Italian,R,OCO,34,86.881,HARD,2,Tracción Comprometida
2022,Italian,R,OCO,35,86.901,HARD,3,Vuelta de ataque
2022,Italian,R,OCO,36,86.798,HARD,3,Vuelta de ataque
2022,Italian,R,OCO,37,86.593,HARD,1,Lift and Coast
2022,Italian,R,OCO,38,86.667,HARD,2,Tracción Comprometida
2022,Italian,R,OCO,39,86.704,HARD,1,Lift and Coast
2022,Italian,R,OCO,40,86.594,HARD,3,Vuelta de ataque
2022,Italian,R,OCO,41,86.703,HARD,3,Vuelta de ataque
2022,Italian,R,OCO,42,86.99,HARD,3,Vuelta de ataque
2022,Italian,R,OCO,43,87.996,HARD,2,Tracción Comprometida
2022,Italian,R,OCO,44,87.391,HARD,3,Vuelta de ataque
2022,Italian,R,OCO,45,86.869,HARD,1,Lift and Coast
2022,Italian,R,OCO,46,87.079,HARD,2,Tracción Comprometida
2022,Italian,R,NOR,2,88.196,MEDIUM,1,Lift and Coast
2022,Italian,R,NOR,3,87.655,MEDIUM,1,Lift and Coast
2022,Italian,R,NOR,4,87.326,MEDIUM,0,Ritmo de carrera
2022,Italian,R,NOR,5,87.553,MEDIUM,0,Ritmo de carrera
2022,Italian,R,NOR,6,87.381,MEDIUM,0,Ritmo de carrera
2022,Italian,R,NOR,7,87.265,MEDIUM,0,Ritmo de carrera
2022,Italian,R,NOR,8,87.38,MEDIUM,0,Ritmo de carrera
2022,Italian,R,NOR,9,87.295,MEDIUM,0,Ritmo de carrera
2022,Italian,R,NOR,10,87.565,MEDIUM,0,Ritmo de carrera
2022,Italian,R,NOR,11,88.23,MEDIUM,0,Ritmo de carrera
2022,Italian,R,NOR,13,88.568,MEDIUM,0,Ritmo de carrera
2022,Italian,R,NOR,14,87.824,MEDIUM,0,Ritmo de carrera
2022,Italian,R,NOR,15,88.013,MEDIUM,0,Ritmo de carrera
2022,Italian,R,NOR,16,87.414,MEDIUM,0,Ritmo de carrera
2022,Italian,R,NOR,17,87.45,MEDIUM,0,Ritmo de carrera
2022,Italian,R,NOR,18,87.353,MEDIUM,0,Ritmo de carrera
2022,Italian,R,NOR,19,87.291,MEDIUM,0,Ritmo de carrera
2022,Italian,R,NOR,20,87.08,MEDIUM,0,Ritmo de carrera
2022,Italian,R,NOR,21,87.298,MEDIUM,0,Ritmo de carrera
2022,Italian,R,NOR,22,86.88,MEDIUM,1,Lift and Coast
2022,Italian,R,NOR,23,86.861,MEDIUM,0,Ritmo de carrera
2022,Italian,R,NOR,24,87.371,MEDIUM,0,Ritmo de carrera
2022,Italian,R,NOR,25,86.902,MEDIUM,0,Ritmo de carrera
2022,Italian,R,NOR,26,87.082,MEDIUM,2,Tracción Comprometida
2022,Italian,R,NOR,27,86.837,MEDIUM,1,Lift and Coast
2022,Italian,R,NOR,28,87.067,MEDIUM,0,Ritmo de carrera
2022,Italian,R,NOR,29,86.987,MEDIUM,0,Ritmo de carrera
2022,Italian,R,NOR,30,86.991,MEDIUM,1,Lift and Coast
2022,Italian,R,NOR,31,86.928,MEDIUM,2,Tracción Comprometida
2022,Italian,R,NOR,32,87.114,MEDIUM,0,Ritmo de carrera
2022,Italian,R,NOR,33,87.017,MEDIUM,1,Lift and Coast
2022,Italian,R,NOR,34,87.001,MEDIUM,1,Lift and Coast
2022,Italian,R,NOR,37,85.309,SOFT,2,Tracción Comprometida
2022,Italian,R,NOR,38,85.167,SOFT,0,Ritmo de carrera
2022,Italian,R,NOR,39,85.034,SOFT,3,Vuelta de ataque
2022,Italian,R,NOR,40,84.926,SOFT,1,Lift and Coast
2022,Italian,R,NOR,41,84.799,SOFT,3,Vuelta de ataque
2022,Italian,R,NOR,42,85.082,SOFT,2,Tracción Comprometida
2022,Italian,R,NOR,43,84.718,SOFT,2,Tracción Comprometida
2022,Italian,R,NOR,44,84.891,SOFT,2,Tracción Comprometida
2022,Italian,R,NOR,45,84.825,SOFT,2,Tracción Comprometida
2022,Italian,R,NOR,46,84.985,SOFT,3,Vuelta de ataque
2022,Italian,R,HAM,3,88.954,MEDIUM,2,Tracción Comprometida
2022,Italian,R,HAM,4,88.153,MEDIUM,2,Tracción Comprometida
2022,Italian,R,HAM,5,87.806,MEDIUM,2,Tracción Comprometida
2022,Italian,R,HAM,6,87.335,MEDIUM,0,Ritmo de carrera
2022,Italian,R,HAM,7,87.943,MEDIUM,0,Ritmo de carrera
2022,Italian,R,HAM,8,87.783,MEDIUM,0,Ritmo de carrera
2022,Italian,R,HAM,9,86.724,MEDIUM,0,Ritmo de carrera
2022,Italian,R,HAM,10,87.646,MEDIUM,0,Ritmo de carrera
2022,Italian,R,HAM,11,87.226,MEDIUM,0,Ritmo de carrera
2022,Italian,R,HAM,13,87.207,MEDIUM,0,Ritmo de carrera
2022,Italian,R,HAM,14,87.307,MEDIUM,0,Ritmo de carrera
2022,Italian,R,HAM,15,87.462,MEDIUM,0,Ritmo de carrera
2022,Italian,R,HAM,16,87.227,MEDIUM,0,Ritmo de carrera
2022,Italian,R,HAM,17,86.762,MEDIUM,0,Ritmo de carrera
2022,Italian,R,HAM,18,87.409,MEDIUM,1,Lift and Coast
2022,Italian,R,HAM,19,86.576,MEDIUM,0,Ritmo de carrera
2022,Italian,R,HAM,20,87.01,MEDIUM,0,Ritmo de carrera
2022,Italian,R,HAM,21,86.722,MEDIUM,0,Ritmo de carrera
2022,Italian,R,HAM,22,86.646,MEDIUM,0,Ritmo de carrera
2022,Italian,R,HAM,23,87.023,MEDIUM,0,Ritmo de carrera
2022,Italian,R,HAM,24,88.066,MEDIUM,2,Tracción Comprometida
2022,Italian,R,HAM,25,87.467,MEDIUM,2,Tracción Comprometida
2022,Italian,R,HAM,26,87.183,MEDIUM,0,Ritmo de carrera
2022,Italian,R,HAM,27,87.06,MEDIUM,2,Tracción Comprometida
2022,Italian,R,HAM,28,86.906,MEDIUM,2,Tracción Comprometida
2022,Italian,R,HAM,29,86.957,MEDIUM,3,Vuelta de ataque
2022,Italian,R,HAM,30,87.17,MEDIUM,0,Ritmo de carrera
2022,Italian,R,HAM,31,86.885,MEDIUM,0,Ritmo de carrera
2022,Italian,R,HAM,32,86.771,MEDIUM,1,Lift and Coast
2022,Italian,R,HAM,35,85.491,SOFT,0,Ritmo de carrera
2022,Italian,R,HAM,36,86.376,SOFT,0,Ritmo de carrera
2022,Italian,R,HAM,37,85.282,SOFT,3,Vuelta de ataque
2022,Italian,R,HAM,38,84.82,SOFT,3,Vuelta de ataque
2022,Italian,R,HAM,39,84.714,SOFT,3,Vuelta de ataque
2022,Italian,R,HAM,40,84.525,SOFT,1,Lift and Coast
2022,Italian,R,HAM,41,84.49,SOFT,3,Vuelta de ataque
2022,Italian,R,HAM,42,84.471,SOFT,3,Vuelta de ataque
2022,Italian,R,HAM,43,84.434,SOFT,3,Vuelta de ataque
2022,Italian,R,HAM,44,84.984,SOFT,3,Vuelta de ataque
2022,Italian,R,HAM,45,84.845,SOFT,3,Vuelta de ataque
2022,Italian,R,HAM,46,84.944,SOFT,1,Lift and Coast
2022,Italian,R,DEV,2,88.416,SOFT,0,Ritmo de carrera
2022,Italian,R,DEV,3,87.566,SOFT,0,Ritmo de carrera
2022,Italian,R,DEV,4,87.459,SOFT,2,Tracción Comprometida
2022,Italian,R,DEV,5,87.428,SOFT,0,Ritmo de carrera
2022,Italian,R,DEV,6,87.466,SOFT,0,Ritmo de carrera
2022,Italian,R,DEV,7,87.341,SOFT,0,Ritmo de carrera
2022,Italian,R,DEV,8,87.328,SOFT,0,Ritmo de carrera
2022,Italian,R,DEV,9,88.071,SOFT,0,Ritmo de carrera
2022,Italian,R,DEV,10,87.381,SOFT,1,Lift and Coast
2022,Italian,R,DEV,11,87.798,SOFT,0,Ritmo de carrera
2022,Italian,R,DEV,13,87.451,SOFT,0,Ritmo de carrera
2022,Italian,R,DEV,14,87.859,SOFT,0,Ritmo de carrera
2022,Italian,R,DEV,15,88.096,SOFT,2,Tracción Comprometida
2022,Italian,R,DEV,16,87.554,SOFT,0,Ritmo de carrera
2022,Italian,R,DEV,17,87.623,SOFT,2,Tracción Comprometida
2022,Italian,R,DEV,18,87.836,SOFT,1,Lift and Coast
2022,Italian,R,DEV,21,87.098,MEDIUM,2,Tracción Comprometida
2022,Italian,R,DEV,22,86.748,MEDIUM,0,Ritmo de carrera
2022,Italian,R,DEV,23,86.925,MEDIUM,0,Ritmo de carrera
2022,Italian,R,DEV,24,86.818,MEDIUM,1,Lift and Coast
2022,Italian,R,DEV,25,86.643,MEDIUM,0,Ritmo de carrera
2022,Italian,R,DEV,26,87.115,MEDIUM,0,Ritmo de carrera
2022,Italian,R,DEV,27,86.756,MEDIUM,0,Ritmo de carrera
2022,Italian,R,DEV,28,86.968,MEDIUM,1,Lift and Coast
2022,Italian,R,DEV,29,86.923,MEDIUM,0,Ritmo de carrera
2022,Italian,R,DEV,30,86.993,MEDIUM,0,Ritmo de carrera
2022,Italian,R,DEV,31,87.478,MEDIUM,0,Ritmo de carrera
2022,Italian,R,DEV,32,87.401,MEDIUM,0,Ritmo de carrera
2022,Italian,R,DEV,33,87.145,MEDIUM,0,Ritmo de carrera
2022,Italian,R,DEV,34,87.101,MEDIUM,0,Ritmo de carrera
2022,Italian,R,DEV,35,87.879,MEDIUM,1,Lift and Coast
2022,Italian,R,DEV,36,88.091,MEDIUM,0,Ritmo de carrera
2022,Italian,R,DEV,37,87.149,MEDIUM,0,Ritmo de carrera
2022,Italian,R,DEV,38,87.324,MEDIUM,0,Ritmo de carrera
2022,Italian,R,DEV,39,87.198,MEDIUM,0,Ritmo de carrera
2022,Italian,R,DEV,40,86.824,MEDIUM,0,Ritmo de carrera
2022,Italian,R,DEV,41,86.624,MEDIUM,0,Ritmo de carrera
2022,Italian,R,DEV,42,87.153,MEDIUM,0,Ritmo de carrera
2022,Italian,R,DEV,43,87.266,MEDIUM,0,Ritmo de carrera
2022,Italian,R,DEV,44,87.348,MEDIUM,1,Lift and Coast
2022,Italian,R,DEV,45,86.949,MEDIUM,1,Lift and Coast
2022,Italian,R,DEV,46,87.2,MEDIUM,1,Lift and Coast
2022,Italian,R,MSC,3,89.301,MEDIUM,0,Ritmo de carrera
2022,Italian,R,MSC,4,88.248,MEDIUM,0,Ritmo de carrera
2022,Italian,R,MSC,5,87.412,MEDIUM,1,Lift and Coast
2022,Italian,R,MSC,6,87.712,MEDIUM,0,Ritmo de carrera
2022,Italian,R,MSC,7,87.949,MEDIUM,1,Lift and Coast
2022,Italian,R,MSC,8,88.199,MEDIUM,0,Ritmo de carrera
2022,Italian,R,MSC,9,88.693,MEDIUM,0,Ritmo de carrera
2022,Italian,R,MSC,10,87.574,MEDIUM,1,Lift and Coast
2022,Italian,R,MSC,11,88.826,MEDIUM,0,Ritmo de carrera
2022,Italian,R,MSC,13,88.08,MEDIUM,1,Lift and Coast
2022,Italian,R,MSC,14,88.348,MEDIUM,0,Ritmo de carrera
2022,Italian,R,MSC,15,88.021,MEDIUM,1,Lift and Coast
2022,Italian,R,MSC,16,87.322,MEDIUM,1,Lift and Coast
2022,Italian,R,MSC,17,87.525,MEDIUM,1,Lift and Coast
2022,Italian,R,MSC,18,87.548,MEDIUM,1,Lift and Coast
2022,Italian,R,MSC,19,87.645,MEDIUM,1,Lift and Coast
2022,Italian,R,MSC,20,87.885,MEDIUM,1,Lift and Coast
2022,Italian,R,MSC,21,87.856,MEDIUM,1,Lift and Coast
2022,Italian,R,MSC,22,87.537,MEDIUM,1,Lift and Coast
2022,Italian,R,MSC,23,87.545,MEDIUM,1,Lift and Coast
2022,Italian,R,MSC,24,88.403,MEDIUM,1,Lift and Coast
2022,Italian,R,MSC,25,87.674,MEDIUM,1,Lift and Coast
2022,Italian,R,MSC,26,87.491,MEDIUM,1,Lift and Coast
2022,Italian,R,MSC,27,87.034,MEDIUM,1,Lift and Coast
2022,Italian,R,MSC,28,87.511,MEDIUM,1,Lift and Coast
2022,Italian,R,MSC,29,87.652,MEDIUM,1,Lift and Coast
2022,Italian,R,MSC,30,87.424,MEDIUM,1,Lift and Coast
2022,Italian,R,MSC,31,87.197,MEDIUM,1,Lift and Coast
2022,Italian,R,MSC,32,87.51,MEDIUM,3,Vuelta de ataque
2022,Italian,R,MSC,35,85.882,SOFT,1,Lift and Coast
2022,Italian,R,MSC,36,86.2,SOFT,1,Lift and Coast
2022,Italian,R,MSC,37,87.488,SOFT,1,Lift and Coast
2022,Italian,R,MSC,38,85.708,SOFT,3,Vuelta de ataque
2022,Italian,R,MSC,39,86.523,SOFT,1,Lift and Coast
2022,Italian,R,MSC,40,87.339,SOFT,0,Ritmo de carrera
2022,Italian,R,MSC,41,86.805,SOFT,0,Ritmo de carrera
2022,Italian,R,MSC,42,86.195,SOFT,1,Lift and Coast
2022,Italian,R,MSC,43,85.298,SOFT,1,Lift and Coast
2022,Italian,R,MSC,44,85.993,SOFT,1,Lift and Coast
2022,Italian,R,MSC,45,86.264,SOFT,1,Lift and Coast
2022,Italian,R,MSC,46,86.242,SOFT,1,Lift and Coast
2022,Italian,R,VET,3,88.338,MEDIUM,2,Tracción Comprometida
2022,Italian,R,VET,4,87.501,MEDIUM,0,Ritmo de carrera
2022,Italian,R,VET,5,87.928,MEDIUM,0,Ritmo de carrera
2022,Italian,R,VET,6,88.087,MEDIUM,2,Tracción Comprometida
2022,Italian,R,VET,7,87.662,MEDIUM,2,Tracción Comprometida
2022,Italian,R,VET,8,87.956,MEDIUM,2,Tracción Comprometida
2022,Italian,R,VET,9,87.851,MEDIUM,2,Tracción Comprometida
2022,Italian,R,VET,10,88.788,MEDIUM,2,Tracción Comprometida
2022,Italian,R,SAI,3,87.539,MEDIUM,0,Ritmo de carrera
2022,Italian,R,SAI,4,87.044,MEDIUM,2,Tracción Comprometida
2022,Italian,R,SAI,5,86.543,MEDIUM,0,Ritmo de carrera
2022,Italian,R,SAI,6,86.343,MEDIUM,2,Tracción Comprometida
2022,Italian,R,SAI,7,86.477,MEDIUM,2,Tracción Comprometida
2022,Italian,R,SAI,8,86.592,MEDIUM,2,Tracción Comprometida
2022,Italian,R,SAI,9,86.94,MEDIUM,2,Tracción Comprometida
2022,Italian,R,SAI,10,86.791,MEDIUM,2,Tracción Comprometida
2022,Italian,R,SAI,11,86.909,MEDIUM,2,Tracción Comprometida
2022,Italian,R,SAI,13,87.747,MEDIUM,2,Tracción Comprometida
2022,Italian,R,SAI,14,86.823,MEDIUM,2,Tracción Comprometida
2022,Italian,R,SAI,15,86.523,MEDIUM,2,Tracción Comprometida
2022,Italian,R,SAI,16,86.59,MEDIUM,2,Tracción Comprometida
2022,Italian,R,SAI,17,86.312,MEDIUM,2,Tracción Comprometida
2022,Italian,R,SAI,18,87.093,MEDIUM,2,Tracción Comprometida
2022,Italian,R,SAI,19,86.898,MEDIUM,1,Lift and Coast
2022,Italian,R,SAI,20,86.807,MEDIUM,2,Tracción Comprometida
2022,Italian,R,SAI,21,86.819,MEDIUM,2,Tracción Comprometida
2022,Italian,R,SAI,22,86.715,MEDIUM,2,Tracción Comprometida
2022,Italian,R,SAI,23,86.676,MEDIUM,2,Tracción Comprometida
2022,Italian,R,SAI,24,86.655,MEDIUM,2,Tracción Comprometida
2022,Italian,R,SAI,25,86.742,MEDIUM,2,Tracción Comprometida
2022,Italian,R,SAI,26,86.752,MEDIUM,2,Tracción Comprometida
2022,Italian,R,SAI,27,86.897,MEDIUM,2,Tracción Comprometida
2022,Italian,R,SAI,28,86.675,MEDIUM,2,Tracción Comprometida
2022,Italian,R,SAI,29,86.986,MEDIUM,2,Tracción Comprometida
2022,Italian,R,SAI,32,85.322,SOFT,2,Tracción Comprometida
2022,Italian,R,SAI,33,85.577,SOFT,2,Tracción Comprometida
2022,Italian,R,SAI,34,85.313,SOFT,2,Tracción Comprometida
2022,Italian,R,SAI,35,84.999,SOFT,2,Tracción Comprometida
2022,Italian,R,SAI,36,85.347,SOFT,2,Tracción Comprometida
2022,Italian,R,SAI,37,85.014,SOFT,2,Tracción Comprometida
2022,Italian,R,SAI,38,84.565,SOFT,2,Tracción Comprometida
2022,Italian,R,SAI,39,84.42,SOFT,2,Tracción Comprometida
2022,Italian,R,SAI,40,84.652,SOFT,3,Vuelta de ataque
2022,Italian,R,SAI,41,84.446,SOFT,2,Tracción Comprometida
2022,Italian,R,SAI,42,84.739,SOFT,2,Tracción Comprometida
2022,Italian,R,SAI,43,84.599,SOFT,2,Tracción Comprometida
2022,Italian,R,SAI,44,84.498,SOFT,2,Tracción Comprometida
2022,Italian,R,SAI,45,84.684,SOFT,2,Tracción Comprometida
2022,Italian,R,SAI,46,84.58,SOFT,2,Tracción Comprometida
2022,Italian,R,LAT,3,89.308,MEDIUM,0,Ritmo de carrera
2022,Italian,R,LAT,4,87.944,MEDIUM,0,Ritmo de carrera
2022,Italian,R,LAT,5,87.837,MEDIUM,0,Ritmo de carrera
2022,Italian,R,LAT,6,87.773,MEDIUM,0,Ritmo de carrera
2022,Italian,R,LAT,7,88.283,MEDIUM,0,Ritmo de carrera
2022,Italian,R,LAT,8,88.76,MEDIUM,0,Ritmo de carrera
2022,Italian,R,LAT,9,88.305,MEDIUM,0,Ritmo de carrera
2022,Italian,R,LAT,10,87.967,MEDIUM,0,Ritmo de carrera
2022,Italian,R,LAT,11,88.664,MEDIUM,0,Ritmo de carrera
2022,Italian,R,LAT,13,87.316,MEDIUM,0,Ritmo de carrera
2022,Italian,R,LAT,14,87.504,MEDIUM,1,Lift and Coast
2022,Italian,R,LAT,17,86.798,HARD,1,Lift and Coast
2022,Italian,R,LAT,18,86.831,HARD,2,Tracción Comprometida
2022,Italian,R,LAT,19,87.449,HARD,0,Ritmo de carrera
2022,Italian,R,LAT,20,87.218,HARD,0,Ritmo de carrera
2022,Italian,R,LAT,21,87.208,HARD,0,Ritmo de carrera
2022,Italian,R,LAT,22,87.196,HARD,0,Ritmo de carrera
2022,Italian,R,LAT,23,87.346,HARD,0,Ritmo de carrera
2022,Italian,R,LAT,24,87.394,HARD,0,Ritmo de carrera
2022,Italian,R,LAT,25,87.22,HARD,1,Lift and Coast
2022,Italian,R,LAT,26,87.04,HARD,0,Ritmo de carrera
2022,Italian,R,LAT,27,87.095,HARD,0,Ritmo de carrera
2022,Italian,R,LAT,28,87.028,HARD,1,Lift and Coast
2022,Italian,R,LAT,29,87.15,HARD,0,Ritmo de carrera
2022,Italian,R,LAT,30,87.194,HARD,1,Lift and Coast
2022,Italian,R,LAT,31,88.348,HARD,2,Tracción Comprometida
2022,Italian,R,LAT,32,87.292,HARD,0,Ritmo de carrera
2022,Italian,R,LAT,33,87.074,HARD,0,Ritmo de carrera
2022,Italian,R,LAT,34,87.496,HARD,0,Ritmo de carrera
2022,Italian,R,LAT,35,86.945,HARD,0,Ritmo de carrera
2022,Italian,R,LAT,36,87.266,HARD,2,Tracción Comprometida
2022,Italian,R,LAT,37,87.071,HARD,0,Ritmo de carrera
2022,Italian,R,LAT,38,88.025,HARD,0,Ritmo de carrera
2022,Italian,R,LAT,39,87.309,HARD,0,Ritmo de carrera
2022,Italian,R,LAT,40,87.284,HARD,0,Ritmo de carrera
2022,Italian,R,LAT,41,88.779,HARD,0,Ritmo de carrera
2022,Italian,R,LAT,42,88.415,HARD,0,Ritmo de carrera
2022,Italian,R,LAT,43,87.331,HARD,0,Ritmo de carrera
2022,Italian,R,LAT,44,87.99,HARD,0,Ritmo de carrera
2022,Italian,R,LAT,45,87.452,HARD,0,Ritmo de carrera
2022,Italian,R,LAT,46,87.87,HARD,2,Tracción Comprometida
2022,Italian,R,RUS,1,89.427,SOFT,0,Ritmo de carrera
2022,Italian,R,RUS,2,86.724,SOFT,1,Lift and Coast
2022,Italian,R,RUS,3,86.432,SOFT,0,Ritmo de carrera
2022,Italian,R,RUS,4,86.143,SOFT,1,Lift and Coast
2022,Italian,R,RUS,5,86.878,SOFT,0,Ritmo de carrera
2022,Italian,R,RUS,6,85.761,SOFT,0,Ritmo de carrera
2022,Italian,R,RUS,7,86.255,SOFT,3,Vuelta de ataque
2022,Italian,R,RUS,8,86.273,SOFT,1,Lift and Coast
2022,Italian,R,RUS,9,86.404,SOFT,1,Lift and Coast
2022,Italian,R,RUS,10,86.169,SOFT,1,Lift and Coast
2022,Italian,R,RUS,11,86.551,SOFT,1,Lift and Coast
2022,Italian,R,RUS,13,88.268,SOFT,0,Ritmo de carrera
2022,Italian,R,RUS,14,86.289,SOFT,3,Vuelta de ataque
2022,Italian,R,RUS,15,86.302,SOFT,1,Lift and Coast
2022,Italian,R,RUS,16,86.396,SOFT,1,Lift and Coast
2022,Italian,R,RUS,17,86.234,SOFT,1,Lift and Coast
2022,Italian,R,RUS,18,86.412,SOFT,1,Lift and Coast
2022,Italian,R,RUS,19,86.452,SOFT,3,Vuelta de ataque
2022,Italian,R,RUS,20,86.537,SOFT,1,Lift and Coast
2022,Italian,R,RUS,21,86.491,SOFT,1,Lift and Coast
2022,Italian,R,RUS,22,86.714,SOFT,1,Lift and Coast
2022,Italian,R,RUS,25,85.678,HARD,3,Vuelta de ataque
2022,Italian,R,RUS,26,85.593,HARD,3,Vuelta de ataque
2022,Italian,R,RUS,27,85.917,HARD,1,Lift and Coast
2022,Italian,R,RUS,28,85.792,HARD,1,Lift and Coast
2022,Italian,R,RUS,29,86.159,HARD,1,Lift and Coast
2022,Italian,R,RUS,30,86.14,HARD,1,Lift and Coast
2022,Italian,R,RUS,31,85.938,HARD,1,Lift and Coast
2022,Italian,R,RUS,32,86.041,HARD,1,Lift and Coast
2022,Italian,R,RUS,33,85.957,HARD,1,Lift and Coast
2022,Italian,R,RUS,34,86.087,HARD,1,Lift and Coast
2022,Italian,R,RUS,35,85.714,HARD,1,Lift and Coast
2022,Italian,R,RUS,36,85.893,HARD,1,Lift and Coast
2022,Italian,R,RUS,37,85.985,HARD,1,Lift and Coast
2022,Italian,R,RUS,38,85.645,HARD,1,Lift and Coast
2022,Italian,R,RUS,39,85.652,HARD,1,Lift and Coast
2022,Italian,R,RUS,40,85.288,HARD,1,Lift and Coast
2022,Italian,R,RUS,41,85.366,HARD,1,Lift and Coast
2022,Italian,R,RUS,42,85.431,HARD,1,Lift and Coast
2022,Italian,R,RUS,43,85.509,HARD,1,Lift and Coast
2022,Italian,R,RUS,44,86.052,HARD,1,Lift and Coast
2022,Italian,R,RUS,45,86.052,HARD,1,Lift and Coast
2022,Italian,R,RUS,46,85.833,HARD,1,Lift and Coast
2022,Italian,R,RUS,52,88.695,SOFT,0,Ritmo de carrera
2022,Italian,R,BOT,3,89.643,MEDIUM,0,Ritmo de carrera
2022,Italian,R,BOT,4,88.362,MEDIUM,0,Ritmo de carrera
2022,Italian,R,BOT,5,87.56,MEDIUM,0,Ritmo de carrera
2022,Italian,R,BOT,6,87.704,MEDIUM,0,Ritmo de carrera
2022,Italian,R,BOT,7,88.065,MEDIUM,0,Ritmo de carrera
2022,Italian,R,BOT,8,88.043,MEDIUM,0,Ritmo de carrera
2022,Italian,R,BOT,9,88.987,MEDIUM,0,Ritmo de carrera
2022,Italian,R,BOT,10,87.942,MEDIUM,0,Ritmo de carrera
2022,Italian,R,BOT,11,88.315,MEDIUM,0,Ritmo de carrera
2022,Italian,R,BOT,13,87.509,MEDIUM,0,Ritmo de carrera
2022,Italian,R,BOT,14,87.992,MEDIUM,0,Ritmo de carrera
2022,Italian,R,BOT,15,88.072,MEDIUM,0,Ritmo de carrera
2022,Italian,R,BOT,16,88.411,MEDIUM,0,Ritmo de carrera
2022,Italian,R,BOT,17,87.57,MEDIUM,0,Ritmo de carrera
2022,Italian,R,BOT,18,87.434,MEDIUM,0,Ritmo de carrera
2022,Italian,R,BOT,19,87.491,MEDIUM,0,Ritmo de carrera
2022,Italian,R,BOT,20,87.637,MEDIUM,0,Ritmo de carrera
2022,Italian,R,BOT,21,87.669,MEDIUM,1,Lift and Coast
2022,Italian,R,BOT,22,88.688,MEDIUM,0,Ritmo de carrera
2022,Italian,R,BOT,23,87.671,MEDIUM,0,Ritmo de carrera
2022,Italian,R,BOT,24,87.827,MEDIUM,0,Ritmo de carrera
2022,Italian,R,BOT,25,87.549,MEDIUM,0,Ritmo de carrera
2022,Italian,R,BOT,26,87.771,MEDIUM,0,Ritmo de carrera
2022,Italian,R,BOT,27,87.813,MEDIUM,0,Ritmo de carrera
2022,Italian,R,BOT,28,87.648,MEDIUM,0,Ritmo de carrera
2022,Italian,R,BOT,29,88.377,MEDIUM,0,Ritmo de carrera
2022,Italian,R,BOT,30,87.303,MEDIUM,2,Tracción Comprometida
2022,Italian,R,BOT,31,87.602,MEDIUM,0,Ritmo de carrera
2022,Italian,R,BOT,32,87.322,MEDIUM,0,Ritmo de carrera
2022,Italian,R,BOT,33,87.182,MEDIUM,0,Ritmo de carrera
2022,Italian,R,BOT,34,86.993,MEDIUM,0,Ritmo de carrera
2022,Italian,R,BOT,37,86.481,SOFT,0,Ritmo de carrera
2022,Italian,R,BOT,38,86.105,SOFT,3,Vuelta de ataque
2022,Italian,R,BOT,39,86.123,SOFT,1,Lift and Coast
2022,Italian,R,BOT,40,86.104,SOFT,0,Ritmo de carrera
2022,Italian,R,BOT,41,86.356,SOFT,0,Ritmo de carrera
2022,Italian,R,BOT,42,86.197,SOFT,0,Ritmo de carrera
2022,Italian,R,BOT,43,86.25,SOFT,1,Lift and Coast
2022,Italian,R,BOT,44,86.062,SOFT,1,Lift and Coast
2022,Italian,R,BOT,45,85.706,SOFT,3,Vuelta de ataque
2022,Italian,R,BOT,46,86.749,SOFT,0,Ritmo de carrera
2022,Monaco,FP3,VER,2,74.455,SOFT,3,Vuelta de ataque
2022,Monaco,FP3,VER,4,73.685,SOFT,3,Vuelta de ataque
2022,Monaco,FP3,VER,6,73.68,SOFT,3,Vuelta de ataque
2022,Monaco,FP3,VER,8,73.422,SOFT,3,Vuelta de ataque
2022,Monaco,FP3,VER,12,73.299,SOFT,3,Vuelta de ataque
2022,Monaco,FP3,VER,17,73.201,SOFT,3,Vuelta de ataque
2022,Monaco,FP3,VER,19,72.881,SOFT,3,Vuelta de ataque
2022,Monaco,FP3,VER,21,72.977,SOFT,3,Vuelta de ataque
2022,Monaco,FP3,VER,24,72.933,SOFT,3,Vuelta de ataque
2022,Monaco,FP3,VER,26,73.116,SOFT,3,Vuelta de ataque
2022,Monaco,FP3,RIC,2,76.232,SOFT,3,Vuelta de ataque
2022,Monaco,FP3,RIC,5,75.65,SOFT,3,Vuelta de ataque
2022,Monaco,FP3,RIC,8,75.277,SOFT,3,Vuelta de ataque
2022,Monaco,FP3,RIC,11,74.689,SOFT,3,Vuelta de ataque
2022,Monaco,FP3,RIC,18,74.104,SOFT,3,Vuelta de ataque
2022,Monaco,FP3,RIC,20,74.785,SOFT,3,Vuelta de ataque
2022,Monaco,FP3,NOR,2,74.93,SOFT,3,Vuelta de ataque
2022,Monaco,FP3,NOR,4,74.26,SOFT,3,Vuelta de ataque
2022,Monaco,FP3,NOR,6,74.215,SOFT,3,Vuelta de ataque
2022,Monaco,FP3,NOR,8,74.085,SOFT,3,Vuelta de ataque
2022,Monaco,FP3,NOR,11,73.226,SOFT,3,Vuelta de ataque
2022,Monaco,FP3,NOR,14,73.684,SOFT,3,Vuelta de ataque
2022,Monaco,FP3,VET,6,76.154,MEDIUM,0,Ritmo de carrera
2022,Monaco,FP3,VET,8,75.544,MEDIUM,0,Ritmo de carrera
2022,Monaco,FP3,VET,11,75.048,MEDIUM,2,Tracción Comprometida
2022,Monaco,FP3,VET,12,75.553,MEDIUM,2,Tracción Comprometida
2022,Monaco,FP3,VET,13,75.685,MEDIUM,2,Tracción Comprometida
2022,Monaco,FP3,VET,14,75.6,MEDIUM,2,Tracción Comprometida
2022,Monaco,FP3,VET,18,73.838,SOFT,3,Vuelta de ataque
2022,Monaco,FP3,VET,21,73.93,SOFT,0,Ritmo de carrera
2022,Monaco,FP3,VET,24,74.09,SOFT,2,Tracción Comprometida
2022,Monaco,FP3,LAT,4,77.323,MEDIUM,0,Ritmo de carrera
2022,Monaco,FP3,LAT,6,76.612,MEDIUM,3,Vuelta de ataque
2022,Monaco,FP3,LAT,9,75.811,SOFT,3,Vuelta de ataque
2022,Monaco,FP3,LAT,14,76.09,SOFT,0,Ritmo de carrera
2022,Monaco,FP3,LAT,17,74.91,SOFT,3,Vuelta de ataque
2022,Monaco,FP3,LAT,19,75.611,SOFT,3,Vuelta de ataque
2022,Monaco,FP3,LAT,22,75.309,SOFT,3,Vuelta de ataque
2022,Monaco,FP3,GAS,2,76.165,SOFT,1,Lift and Coast
2022,Monaco,FP3,GAS,6,74.374,SOFT,3,Vuelta de ataque
2022,Monaco,FP3,PER,2,74.472,SOFT,3,Vuelta de ataque
2022,Monaco,FP3,PER,4,74.203,SOFT,3,Vuelta de ataque
2022,Monaco,FP3,PER,6,73.875,SOFT,3,Vuelta de ataque
2022,Monaco,FP3,PER,8,73.297,SOFT,3,Vuelta de ataque
2022,Monaco,FP3,PER,11,73.301,SOFT,3,Vuelta de ataque
2022,Monaco,FP3,PER,15,73.203,SOFT,3,Vuelta de ataque
2022,Monaco,FP3,PER,18,72.777,SOFT,3,Vuelta de ataque
2022,Monaco,FP3,PER,21,72.554,SOFT,3,Vuelta de ataque
2022,Monaco,FP3,PER,24,72.476,SOFT,3,Vuelta de ataque
2022,Monaco,FP3,ALO,2,75.809,SOFT,3,Vuelta de ataque
2022,Monaco,FP3,ALO,4,74.757,SOFT,3,Vuelta de ataque
2022,Monaco,FP3,ALO,6,74.928,SOFT,3,Vuelta de ataque
2022,Monaco,FP3,ALO,9,74.729,SOFT,3,Vuelta de ataque
2022,Monaco,FP3,ALO,11,75.454,SOFT,3,Vuelta de ataque
2022,Monaco,FP3,ALO,15,73.585,SOFT,3,Vuelta de ataque
2022,Monaco,FP3,ALO,17,74.361,SOFT,3,Vuelta de ataque
2022,Monaco,FP3,ALO,19,73.811,SOFT,3,Vuelta de ataque
2022,Monaco,FP3,LEC,3,74.008,SOFT,0,Ritmo de carrera
2022,Monaco,FP3,LEC,5,73.647,SOFT,0,Ritmo de carrera
2022,Monaco,FP3,LEC,8,73.434,SOFT,3,Vuelta de ataque
2022,Monaco,FP3,LEC,10,73.297,SOFT,3,Vuelta de ataque
2022,Monaco,FP3,LEC,13,72.885,SOFT,3,Vuelta de ataque
2022,Monaco,FP3,LEC,18,73.068,SOFT,3,Vuelta de ataque
2022,Monaco,FP3,LEC,21,72.702,SOFT,3,Vuelta de ataque
2022,Monaco,FP3,LEC,26,73.214,SOFT,0,Ritmo de carrera
2022,Monaco,FP3,STR,5,76.028,MEDIUM,2,Tracción Comprometida
2022,Monaco,FP3,STR,7,76.082,MEDIUM,2,Tracción Comprometida
2022,Monaco,FP3,STR,12,75.399,MEDIUM,2,Tracción Comprometida
2022,Monaco,FP3,STR,14,75.513,MEDIUM,2,Tracción Comprometida
2022,Monaco,FP3,STR,17,74.639,SOFT,2,Tracción Comprometida
2022,Monaco,FP3,MAG,4,74.756,SOFT,3,Vuelta de ataque
2022,Monaco,FP3,MAG,7,74.502,SOFT,3,Vuelta de ataque
2022,Monaco,FP3,MAG,12,74.196,SOFT,3,Vuelta de ataque
2022,Monaco,FP3,MAG,15,73.436,SOFT,3,Vuelta de ataque
2022,Monaco,FP3,MAG,17,73.449,SOFT,3,Vuelta de ataque
2022,Monaco,FP3,MAG,20,74.146,SOFT,3,Vuelta de ataque
2022,Monaco,FP3,TSU,2,76.191,SOFT,3,Vuelta de ataque
2022,Monaco,FP3,TSU,5,74.811,SOFT,3,Vuelta de ataque
2022,Monaco,FP3,ALB,2,76.451,MEDIUM,0,Ritmo de carrera
2022,Monaco,FP3,ALB,4,75.634,MEDIUM,0,Ritmo de carrera
2022,Monaco,FP3,ALB,6,75.096,MEDIUM,0,Ritmo de carrera
2022,Monaco,FP3,ALB,10,75.138,MEDIUM,0,Ritmo de carrera
2022,Monaco,FP3,ALB,13,74.456,SOFT,3,Vuelta de ataque
2022,Monaco,FP3,ALB,15,73.882,SOFT,3,Vuelta de ataque
2022,Monaco,FP3,ALB,18,74.847,SOFT,0,Ritmo de carrera
2022,Monaco,FP3,ZHO,2,76.508,SOFT,3,Vuelta de ataque
2022,Monaco,FP3,ZHO,4,75.508,SOFT,3,Vuelta de ataque
2022,Monaco,FP3,ZHO,6,74.983,SOFT,3,Vuelta de ataque
2022,Monaco,FP3,ZHO,8,75.908,SOFT,3,Vuelta de ataque
2022,Monaco,FP3,ZHO,11,76.214,SOFT,3,Vuelta de ataque
2022,Monaco,FP3,ZHO,13,76.011,SOFT,3,Vuelta de ataque
2022,Monaco,FP3,ZHO,17,75.96,SOFT,3,Vuelta de ataque
2022,Monaco,FP3,ZHO,19,74.861,SOFT,3,Vuelta de ataque
2022,Monaco,FP3,ZHO,21,75.219,SOFT,3,Vuelta de ataque
2022,Monaco,FP3,OCO,2,76.804,SOFT,2,Tracción Comprometida
2022,Monaco,FP3,OCO,4,75.232,SOFT,0,Ritmo de carrera
2022,Monaco,FP3,OCO,6,75.188,SOFT,0,Ritmo de carrera
2022,Monaco,FP3,OCO,8,75.94,SOFT,2,Tracción Comprometida
2022,Monaco,FP3,OCO,10,75.926,SOFT,2,Tracción Comprometida
2022,Monaco,FP3,OCO,13,74.628,SOFT,3,Vuelta de ataque
2022,Monaco,FP3,OCO,17,74.26,SOFT,3,Vuelta de ataque
2022,Monaco,FP3,OCO,19,74.697,SOFT,0,Ritmo de carrera
2022,Monaco,FP3,HAM,2,75.619,SOFT,3,Vuelta de ataque
2022,Monaco,FP3,HAM,4,74.808,SOFT,0,Ritmo de carrera
2022,Monaco,FP3,HAM,7,74.527,SOFT,3,Vuelta de ataque
2022,Monaco,FP3,HAM,16,73.972,SOFT,3,Vuelta de ataque
2022,Monaco,FP3,HAM,20,73.375,SOFT,3,Vuelta de ataque
2022,Monaco,FP3,HAM,23,73.714,SOFT,3,Vuelta de ataque
2022,Monaco,FP3,MSC,4,75.603,SOFT,3,Vuelta de ataque
2022,Monaco,FP3,MSC,6,74.893,SOFT,0,Ritmo de carrera
2022,Monaco,FP3,MSC,8,75.006,SOFT,0,Ritmo de carrera
2022,Monaco,FP3,MSC,11,75.328,SOFT,3,Vuelta de ataque
2022,Monaco,FP3,MSC,13,74.536,SOFT,3,Vuelta de ataque
2022,Monaco,FP3,MSC,16,74.132,SOFT,3,Vuelta de ataque
2022,Monaco,FP3,MSC,19,73.827,SOFT,3,Vuelta de ataque
2022,Monaco,FP3,MSC,22,74.172,SOFT,3,Vuelta de ataque
2022,Monaco,FP3,SAI,3,74.114,SOFT,3,Vuelta de ataque
2022,Monaco,FP3,SAI,7,73.784,SOFT,3,Vuelta de ataque
2022,Monaco,FP3,SAI,10,73.491,SOFT,3,Vuelta de ataque
2022,Monaco,FP3,SAI,13,73.494,SOFT,3,Vuelta de ataque
2022,Monaco,FP3,SAI,19,72.846,SOFT,3,Vuelta de ataque
2022,Monaco,FP3,SAI,23,72.872,SOFT,3,Vuelta de ataque
2022,Monaco,FP3,SAI,26,73.605,SOFT,3,Vuelta de ataque
2022,Monaco,FP3,RUS,2,76.037,SOFT,3,Vuelta de ataque
2022,Monaco,FP3,RUS,4,75.013,SOFT,3,Vuelta de ataque
2022,Monaco,FP3,RUS,7,74.671,SOFT,3,Vuelta de ataque
2022,Monaco,FP3,RUS,9,74.18,SOFT,3,Vuelta de ataque
2022,Monaco,FP3,RUS,12,74.187,SOFT,3,Vuelta de ataque
2022,Monaco,FP3,RUS,14,73.476,SOFT,3,Vuelta de ataque
2022,Monaco,FP3,RUS,16,73.783,SOFT,3,Vuelta de ataque
2022,Monaco,FP3,RUS,18,76.149,SOFT,1,Lift and Coast
2022,Monaco,FP3,RUS,20,73.733,SOFT,3,Vuelta de ataque
2022,Monaco,FP3,BOT,2,75.921,SOFT,3,Vuelta de ataque
2022,Monaco,FP3,BOT,4,75.21,SOFT,3,Vuelta de ataque
2022,Monaco,FP3,BOT,6,74.811,SOFT,3,Vuelta de ataque
2022,Monaco,FP3,BOT,10,74.349,SOFT,3,Vuelta de ataque
2022,Monaco,FP3,BOT,12,74.57,SOFT,3,Vuelta de ataque
2022,Monaco,FP3,BOT,16,73.849,SOFT,3,Vuelta de ataque
2022,Monaco,FP3,BOT,18,74.055,SOFT,3,Vuelta de ataque
2022,Monaco,FP3,BOT,20,74.022,SOFT,3,Vuelta de ataque
2022,Monaco,Q,LEC,2,74.892,SOFT,0,Ritmo de carrera
2022,Monaco,Q,LEC,4,72.939,SOFT,3,Vuelta de ataque
2022,Monaco,Q,LEC,6,72.569,SOFT,3,Vuelta de ataque
2022,Monaco,Q,LEC,11,72.092,SOFT,3,Vuelta de ataque
2022,Monaco,Q,LEC,14,71.864,SOFT,3,Vuelta de ataque
2022,Monaco,Q,LEC,20,71.376,SOFT,3,Vuelta de ataque
2022,Monaco,Q,SAI,3,73.292,SOFT,3,Vuelta de ataque
2022,Monaco,Q,SAI,6,72.616,SOFT,3,Vuelta de ataque
2022,Monaco,Q,SAI,11,72.074,SOFT,3,Vuelta de ataque
2022,Monaco,Q,SAI,19,72.322,SOFT,3,Vuelta de ataque
2022,Monaco,Q,SAI,22,71.601,SOFT,3,Vuelta de ataque
2022,Monaco,Q,PER,2,74.369,SOFT,0,Ritmo de carrera
2022,Monaco,Q,PER,4,73.292,SOFT,3,Vuelta de ataque
2022,Monaco,Q,PER,6,73.324,SOFT,3,Vuelta de ataque
2022,Monaco,Q,PER,8,73.004,SOFT,3,Vuelta de ataque
2022,Monaco,Q,PER,11,72.059,SOFT,3,Vuelta de ataque
2022,Monaco,Q,PER,14,71.954,SOFT,3,Vuelta de ataque
2022,Monaco,Q,PER,17,72.09,SOFT,3,Vuelta de ataque
2022,Monaco,Q,PER,20,71.629,SOFT,3,Vuelta de ataque
2022,Monaco,Q,PER,22,74.187,SOFT,3,Vuelta de ataque
2022,Monaco,Q,VER,2,74.295,SOFT,3,Vuelta de ataque
2022,Monaco,Q,VER,4,73.402,SOFT,3,Vuelta de ataque
2022,Monaco,Q,VER,6,72.993,SOFT,3,Vuelta de ataque
2022,Monaco,Q,VER,8,73.068,SOFT,3,Vuelta de ataque
2022,Monaco,Q,VER,11,72.551,SOFT,3,Vuelta de ataque
2022,Monaco,Q,VER,14,72.353,SOFT,3,Vuelta de ataque
2022,Monaco,Q,VER,17,72.117,SOFT,3,Vuelta de ataque
2022,Monaco,Q,VER,20,71.666,SOFT,3,Vuelta de ataque
2022,Monaco,Q,VER,23,71.903,SOFT,3,Vuelta de ataque
2022,Monaco,Q,NOR,2,75.8,SOFT,1,Lift and Coast
2022,Monaco,Q,NOR,4,74.192,SOFT,3,Vuelta de ataque
2022,Monaco,Q,NOR,6,73.8,SOFT,3,Vuelta de ataque
2022,Monaco,Q,NOR,11,72.927,SOFT,3,Vuelta de ataque
2022,Monaco,Q,NOR,14,72.911,SOFT,3,Vuelta de ataque
2022,Monaco,Q,NOR,16,72.678,SOFT,3,Vuelta de ataque
2022,Monaco,Q,NOR,19,72.266,SOFT,3,Vuelta de ataque
2022,Monaco,Q,NOR,22,72.451,SOFT,3,Vuelta de ataque
2022,Monaco,Q,NOR,25,71.849,SOFT,3,Vuelta de ataque
2022,Monaco,Q,RUS,4,74.571,SOFT,3,Vuelta de ataque
2022,Monaco,Q,RUS,6,73.852,SOFT,3,Vuelta de ataque
2022,Monaco,Q,RUS,14,72.917,SOFT,3,Vuelta de ataque
2022,Monaco,Q,RUS,16,73.769,SOFT,3,Vuelta de ataque
2022,Monaco,Q,RUS,19,72.617,SOFT,3,Vuelta de ataque
2022,Monaco,Q,RUS,23,72.635,SOFT,3,Vuelta de ataque
2022,Monaco,Q,RUS,26,72.112,SOFT,3,Vuelta de ataque
2022,Monaco,Q,ALO,3,74.148,SOFT,3,Vuelta de ataque
2022,Monaco,Q,ALO,5,73.394,SOFT,3,Vuelta de ataque
2022,Monaco,Q,ALO,10,74.766,SOFT,3,Vuelta de ataque
2022,Monaco,Q,ALO,13,72.721,SOFT,3,Vuelta de ataque
2022,Monaco,Q,ALO,16,72.688,SOFT,3,Vuelta de ataque
2022,Monaco,Q,HAM,2,75.391,SOFT,0,Ritmo de carrera
2022,Monaco,Q,HAM,4,74.79,SOFT,3,Vuelta de ataque
2022,Monaco,Q,HAM,7,73.444,SOFT,3,Vuelta de ataque
2022,Monaco,Q,HAM,15,72.843,SOFT,3,Vuelta de ataque
2022,Monaco,Q,HAM,21,72.595,SOFT,3,Vuelta de ataque
2022,Monaco,Q,HAM,25,72.56,SOFT,3,Vuelta de ataque
2022,Monaco,Q,VET,4,74.945,SOFT,0,Ritmo de carrera
2022,Monaco,Q,VET,8,73.789,SOFT,3,Vuelta de ataque
2022,Monaco,Q,VET,11,73.313,SOFT,0,Ritmo de carrera
2022,Monaco,Q,VET,14,73.134,SOFT,3,Vuelta de ataque
2022,Monaco,Q,VET,16,73.334,SOFT,0,Ritmo de carrera
2022,Monaco,Q,VET,20,72.613,SOFT,0,Ritmo de carrera
2022,Monaco,Q,VET,24,72.732,SOFT,3,Vuelta de ataque
2022,Monaco,Q,OCO,3,74.711,SOFT,2,Tracción Comprometida
2022,Monaco,Q,OCO,5,74.129,SOFT,3,Vuelta de ataque
2022,Monaco,Q,OCO,10,72.848,SOFT,3,Vuelta de ataque
2022,Monaco,Q,OCO,13,73.055,SOFT,2,Tracción Comprometida
2022,Monaco,Q,OCO,16,72.528,SOFT,2,Tracción Comprometida
2022,Monaco,Q,OCO,19,73.047,SOFT,2,Tracción Comprometida
2022,Monaco,Q,TSU,2,75.746,SOFT,3,Vuelta de ataque
2022,Monaco,Q,TSU,17,72.797,SOFT,3,Vuelta de ataque
2022,Monaco,Q,TSU,19,73.029,SOFT,3,Vuelta de ataque
2022,Monaco,Q,BOT,2,75.856,SOFT,0,Ritmo de carrera
2022,Monaco,Q,BOT,6,73.541,SOFT,3,Vuelta de ataque
2022,Monaco,Q,BOT,11,73.49,SOFT,3,Vuelta de ataque
2022,Monaco,Q,BOT,13,73.261,SOFT,3,Vuelta de ataque
2022,Monaco,Q,BOT,16,72.909,SOFT,3,Vuelta de ataque
2022,Monaco,Q,MAG,4,74.743,SOFT,3,Vuelta de ataque
2022,Monaco,Q,MAG,14,73.144,SOFT,3,Vuelta de ataque
2022,Monaco,Q,RIC,2,75.561,SOFT,3,Vuelta de ataque
2022,Monaco,Q,RIC,4,74.64,SOFT,3,Vuelta de ataque
2022,Monaco,Q,RIC,6,74.062,SOFT,3,Vuelta de ataque
2022,Monaco,Q,RIC,11,73.338,SOFT,3,Vuelta de ataque
2022,Monaco,Q,RIC,14,74.544,SOFT,1,Lift and Coast
2022,Monaco,Q,RIC,18,73.067,SOFT,3,Vuelta de ataque
2022,Monaco,Q,RIC,20,72.964,SOFT,3,Vuelta de ataque
2022,Monaco,Q,MSC,7,73.469,SOFT,0,Ritmo de carrera
2022,Monaco,Q,MSC,16,73.081,SOFT,3,Vuelta de ataque
2022,Monaco,Q,ALB,4,75.26,SOFT,0,Ritmo de carrera
2022,Monaco,Q,ALB,6,74.798,SOFT,3,Vuelta de ataque
2022,Monaco,Q,ALB,13,73.611,SOFT,3,Vuelta de ataque
2022,Monaco,Q,GAS,3,75.492,SOFT,3,Vuelta de ataque
2022,Monaco,Q,GAS,5,73.66,SOFT,3,Vuelta de ataque
2022,Monaco,Q,STR,2,76.034,SOFT,2,Tracción Comprometida
2022,Monaco,Q,STR,4,74.718,SOFT,2,Tracción Comprometida
2022,Monaco,Q,STR,7,73.678,SOFT,2,Tracción Comprometida
2022,Monaco,Q,STR,10,75.902,SOFT,2,Tracción Comprometida
2022,Monaco,Q,LAT,4,76.358,SOFT,0,Ritmo de carrera
2022,Monaco,Q,LAT,6,75.638,SOFT,3,Vuelta de ataque
2022,Monaco,Q,LAT,9,74.57,SOFT,3,Vuelta de ataque
2022,Monaco,Q,LAT,12,74.403,SOFT,3,Vuelta de ataque
2022,Monaco,Q,ZHO,4,75.606,SOFT,3,Vuelta de ataque
2022,Monaco,R,VER,35,79.85,MEDIUM,1,Lift and Coast
2022,Monaco,R,VER,36,79.018,MEDIUM,2,Tracción Comprometida
2022,Monaco,R,VER,37,78.481,MEDIUM,1,Lift and Coast
2022,Monaco,R,VER,38,77.542,MEDIUM,1,Lift and Coast
2022,Monaco,R,VER,39,77.044,MEDIUM,1,Lift and Coast
2022,Monaco,R,VER,40,76.543,MEDIUM,1,Lift and Coast
2022,Monaco,R,VER,41,76.273,MEDIUM,1,Lift and Coast
2022,Monaco,R,VER,42,76.962,MEDIUM,0,Ritmo de carrera
2022,Monaco,R,VER,43,77.426,MEDIUM,1,Lift and Coast
2022,Monaco,R,VER,44,77.092,MEDIUM,1,Lift and Coast
2022,Monaco,R,VER,45,76.761,MEDIUM,1,Lift and Coast
2022,Monaco,R,VER,46,76.758,MEDIUM,1,Lift and Coast
2022,Monaco,R,VER,47,76.052,MEDIUM,0,Ritmo de carrera
2022,Monaco,R,VER,48,76.195,MEDIUM,0,Ritmo de carrera
2022,Monaco,R,VER,49,76.906,MEDIUM,0,Ritmo de carrera
2022,Monaco,R,VER,50,76.832,MEDIUM,1,Lift and Coast
2022,Monaco,R,VER,51,77.503,MEDIUM,1,Lift and Coast
2022,Monaco,R,VER,52,77.241,MEDIUM,1,Lift and Coast
2022,Monaco,R,VER,53,77.668,MEDIUM,1,Lift and Coast
2022,Monaco,R,VER,54,77.692,MEDIUM,1,Lift and Coast
2022,Monaco,R,VER,55,78.227,MEDIUM,1,Lift and Coast
2022,Monaco,R,VER,56,78.731,MEDIUM,0,Ritmo de carrera
2022,Monaco,R,VER,57,78.916,MEDIUM,2,Tracción Comprometida
2022,Monaco,R,VER,58,79.15,MEDIUM,0,Ritmo de carrera
2022,Monaco,R,VER,59,79.015,MEDIUM,2,Tracción Comprometida
2022,Monaco,R,VER,60,78.67,MEDIUM,0,Ritmo de carrera
2022,Monaco,R,VER,61,78.904,MEDIUM,0,Ritmo de carrera
2022,Monaco,R,VER,62,78.123,MEDIUM,0,Ritmo de carrera
2022,Monaco,R,VER,63,77.768,MEDIUM,0,Ritmo de carrera
2022,Monaco,R,VER,64,77.965,MEDIUM,0,Ritmo de carrera
2022,Monaco,R,GAS,42,79.773,HARD,1,Lift and Coast
2022,Monaco,R,GAS,43,79.343,HARD,1,Lift and Coast
2022,Monaco,R,GAS,44,79.202,HARD,1,Lift and Coast
2022,Monaco,R,GAS,46,79.4,HARD,1,Lift and Coast
2022,Monaco,R,GAS,47,79.018,HARD,1,Lift and Coast
2022,Monaco,R,GAS,48,78.022,HARD,1,Lift and Coast
2022,Monaco,R,GAS,49,78.315,HARD,1,Lift and Coast
2022,Monaco,R,GAS,50,78.564,HARD,1,Lift and Coast
2022,Monaco,R,GAS,51,78.073,HARD,1,Lift and Coast
2022,Monaco,R,GAS,52,78.232,HARD,1,Lift and Coast
2022,Monaco,R,GAS,53,77.696,HARD,1,Lift and Coast
2022,Monaco,R,GAS,54,78.031,HARD,1,Lift and Coast
2022,Monaco,R,GAS,55,77.514,HARD,1,Lift and Coast
2022,Monaco,R,GAS,56,77.871,HARD,1,Lift and Coast
2022,Monaco,R,GAS,57,77.997,HARD,1,Lift and Coast
2022,Monaco,R,GAS,58,78.092,HARD,1,Lift and Coast
2022,Monaco,R,GAS,59,77.966,HARD,1,Lift and Coast
2022,Monaco,R,GAS,60,77.582,HARD,1,Lift and Coast
2022,Monaco,R,GAS,61,77.344,HARD,1,Lift and Coast
2022,Monaco,R,GAS,62,78.122,HARD,1,Lift and Coast
2022,Monaco,R,GAS,63,78.478,HARD,1,Lift and Coast
2022,Monaco,R,GAS,64,78.151,HARD,1,Lift and Coast
2022,Monaco,R,PER,35,79.801,MEDIUM,2,Tracción Comprometida
2022,Monaco,R,PER,36,79.027,MEDIUM,2,Tracción Comprometida
2022,Monaco,R,PER,37,78.347,MEDIUM,2,Tracción Comprometida
2022,Monaco,R,PER,38,77.081,MEDIUM,0,Ritmo de carrera
2022,Monaco,R,PER,39,77.143,MEDIUM,0,Ritmo de carrera
2022,Monaco,R,PER,40,76.473,MEDIUM,3,Vuelta de ataque
2022,Monaco,R,PER,41,76.434,MEDIUM,0,Ritmo de carrera
2022,Monaco,R,PER,42,76.26,MEDIUM,0,Ritmo de carrera
2022,Monaco,R,PER,43,76.479,MEDIUM,0,Ritmo de carrera
2022,Monaco,R,PER,44,76.73,MEDIUM,0,Ritmo de carrera
2022,Monaco,R,PER,45,76.773,MEDIUM,0,Ritmo de carrera
2022,Monaco,R,PER,46,76.028,MEDIUM,3,Vuelta de ataque
2022,Monaco,R,PER,47,76.682,MEDIUM,0,Ritmo de carrera
2022,Monaco,R,PER,48,76.227,MEDIUM,2,Tracción Comprometida
2022,Monaco,R,PER,49,76.602,MEDIUM,0,Ritmo de carrera
2022,Monaco,R,PER,50,77.922,MEDIUM,0,Ritmo de carrera
2022,Monaco,R,PER,51,77.778,MEDIUM,1,Lift and Coast
2022,Monaco,R,PER,52,78.028,MEDIUM,0,Ritmo de carrera
2022,Monaco,R,PER,53,78.197,MEDIUM,1,Lift and Coast
2022,Monaco,R,PER,54,78.205,MEDIUM,0,Ritmo de carrera
2022,Monaco,R,PER,55,78.491,MEDIUM,0,Ritmo de carrera
2022,Monaco,R,PER,57,78.873,MEDIUM,0,Ritmo de carrera
2022,Monaco,R,PER,58,79.457,MEDIUM,0,Ritmo de carrera
2022,Monaco,R,PER,60,78.977,MEDIUM,0,Ritmo de carrera
2022,Monaco,R,PER,61,78.635,MEDIUM,3,Vuelta de ataque
2022,Monaco,R,PER,62,77.997,MEDIUM,3,Vuelta de ataque
2022,Monaco,R,PER,63,77.7,MEDIUM,3,Vuelta de ataque
2022,Monaco,R,PER,64,77.917,MEDIUM,0,Ritmo de carrera
2022,Monaco,R,ALO,40,79.709,MEDIUM,0,Ritmo de carrera
2022,Monaco,R,ALO,43,79.76,MEDIUM,0,Ritmo de carrera
2022,Monaco,R,ALO,44,79.373,MEDIUM,0,Ritmo de carrera
2022,Monaco,R,ALO,45,79.046,MEDIUM,0,Ritmo de carrera
2022,Monaco,R,ALO,46,78.73,MEDIUM,0,Ritmo de carrera
2022,Monaco,R,ALO,47,78.501,MEDIUM,0,Ritmo de carrera
2022,Monaco,R,ALO,48,78.623,MEDIUM,0,Ritmo de carrera
2022,Monaco,R,ALO,49,77.542,MEDIUM,3,Vuelta de ataque
2022,Monaco,R,ALO,50,75.882,MEDIUM,3,Vuelta de ataque
2022,Monaco,R,ALO,51,78.634,MEDIUM,0,Ritmo de carrera
2022,Monaco,R,ALO,52,78.812,MEDIUM,0,Ritmo de carrera
2022,Monaco,R,ALO,53,78.911,MEDIUM,0,Ritmo de carrera
2022,Monaco,R,ALO,54,77.135,MEDIUM,0,Ritmo de carrera
2022,Monaco,R,ALO,55,77.324,MEDIUM,0,Ritmo de carrera
2022,Monaco,R,ALO,56,77.799,MEDIUM,0,Ritmo de carrera
2022,Monaco,R,ALO,57,78.792,MEDIUM,0,Ritmo de carrera
2022,Monaco,R,ALO,58,78.53,MEDIUM,0,Ritmo de carrera
2022,Monaco,R,ALO,59,75.944,MEDIUM,3,Vuelta de ataque
2022,Monaco,R,ALO,60,77.772,MEDIUM,0,Ritmo de carrera
2022,Monaco,R,ALO,61,77.698,MEDIUM,0,Ritmo de carrera
2022,Monaco,R,ALO,62,77.473,MEDIUM,0,Ritmo de carrera
2022,Monaco,R,ALO,63,79.209,MEDIUM,1,Lift and Coast
2022,Monaco,R,ALO,64,79.654,MEDIUM,1,Lift and Coast
2022,Monaco,R,LEC,38,77.543,HARD,2,Tracción Comprometida
2022,Monaco,R,LEC,43,77.006,HARD,2,Tracción Comprometida
2022,Monaco,R,LEC,44,76.919,HARD,2,Tracción Comprometida
2022,Monaco,R,LEC,46,76.249,HARD,2,Tracción Comprometida
2022,Monaco,R,LEC,49,76.489,HARD,2,Tracción Comprometida
2022,Monaco,R,LEC,51,76.773,HARD,2,Tracción Comprometida
2022,Monaco,R,LEC,52,76.811,HARD,2,Tracción Comprometida
2022,Monaco,R,LEC,55,77.94,HARD,2,Tracción Comprometida
2022,Monaco,R,LEC,56,78.622,HARD,2,Tracción Comprometida
2022,Monaco,R,LEC,60,78.678,HARD,2,Tracción Comprometida
2022,Monaco,R,LEC,61,78.832,HARD,2,Tracción Comprometida
2022,Monaco,R,LEC,62,78.539,HARD,2,Tracción Comprometida
2022,Monaco,R,LEC,63,77.729,HARD,2,Tracción Comprometida
2022,Monaco,R,STR,44,79.41,NONE,2,Tracción Comprometida
2022,Monaco,R,STR,50,78.424,NONE,2,Tracción Comprometida
2022,Monaco,R,STR,51,78.289,NONE,2,Tracción Comprometida
2022,Monaco,R,STR,52,78.309,NONE,2,Tracción Comprometida
2022,Monaco,R,STR,53,78.057,NONE,2,Tracción Comprometida
2022,Monaco,R,STR,54,78.044,NONE,2,Tracción Comprometida
2022,Monaco,R,STR,55,77.831,NONE,2,Tracción Comprometida
2022,Monaco,R,STR,56,77.672,NONE,2,Tracción Comprometida
2022,Monaco,R,STR,57,77.849,NONE,2,Tracción Comprometida
2022,Monaco,R,STR,58,78.024,NONE,2,Tracción Comprometida
2022,Monaco,R,STR,59,77.967,NONE,2,Tracción Comprometida
2022,Monaco,R,STR,60,78.138,NONE,2,Tracción Comprometida
2022,Monaco,R,STR,61,78.096,NONE,2,Tracción Comprometida
2022,Monaco,R,STR,62,78.281,NONE,2,Tracción Comprometida
2022,Monaco,R,STR,63,78.411,NONE,2,Tracción Comprometida
2022,Monaco,R,TSU,41,79.915,MEDIUM,2,Tracción Comprometida
2022,Monaco,R,TSU,42,79.859,MEDIUM,0,Ritmo de carrera
2022,Monaco,R,TSU,43,79.598,MEDIUM,1,Lift and Coast
2022,Monaco,R,TSU,44,79.88,MEDIUM,0,Ritmo de carrera
2022,Monaco,R,TSU,45,79.324,MEDIUM,1,Lift and Coast
2022,Monaco,R,TSU,46,79.599,MEDIUM,0,Ritmo de carrera
2022,Monaco,R,TSU,47,79.916,MEDIUM,1,Lift and Coast
2022,Monaco,R,TSU,48,79.76,MEDIUM,0,Ritmo de carrera
2022,Monaco,R,TSU,50,79.084,MEDIUM,1,Lift and Coast
2022,Monaco,R,TSU,51,78.406,MEDIUM,1,Lift and Coast
2022,Monaco,R,TSU,52,78.915,MEDIUM,1,Lift and Coast
2022,Monaco,R,TSU,53,78.837,MEDIUM,1,Lift and Coast
2022,Monaco,R,TSU,54,78.89,MEDIUM,1,Lift and Coast
2022,Monaco,R,TSU,55,79.608,MEDIUM,1,Lift and Coast
2022,Monaco,R,TSU,58,76.055,SOFT,3,Vuelta de ataque
2022,Monaco,R,TSU,60,75.979,SOFT,3,Vuelta de ataque
2022,Monaco,R,TSU,61,75.334,SOFT,3,Vuelta de ataque
2022,Monaco,R,TSU,62,77.66,SOFT,1,Lift and Coast
2022,Monaco,R,TSU,63,75.7,SOFT,3,Vuelta de ataque
2022,Monaco,R,ALB,35,79.677,MEDIUM,2,Tracción Comprometida
2022,Monaco,R,ALB,36,78.835,MEDIUM,0,Ritmo de carrera
2022,Monaco,R,ALB,37,78.504,MEDIUM,1,Lift and Coast
2022,Monaco,R,ALB,38,78.289,MEDIUM,2,Tracción Comprometida
2022,Monaco,R,ALB,39,78.105,MEDIUM,0,Ritmo de carrera
2022,Monaco,R,ALB,40,78.023,MEDIUM,2,Tracción Comprometida
2022,Monaco,R,ALB,41,78.283,MEDIUM,0,Ritmo de carrera
2022,Monaco,R,ALB,42,78.776,MEDIUM,2,Tracción Comprometida
2022,Monaco,R,ALB,43,78.772,MEDIUM,0,Ritmo de carrera
2022,Monaco,R,ALB,44,79.296,MEDIUM,0,Ritmo de carrera
2022,Monaco,R,ALB,45,79.039,MEDIUM,0,Ritmo de carrera
2022,Monaco,R,ALB,46,79.242,MEDIUM,1,Lift and Coast
2022,Monaco,R,ALB,47,79.508,MEDIUM,0,Ritmo de carrera
2022,Monaco,R,ALB,48,79.909,MEDIUM,0,Ritmo de carrera
2022,Monaco,R,ZHO,41,79.686,MEDIUM,0,Ritmo de carrera
2022,Monaco,R,ZHO,43,78.681,MEDIUM,0,Ritmo de carrera
2022,Monaco,R,ZHO,44,79.784,MEDIUM,0,Ritmo de carrera
2022,Monaco,R,ZHO,45,79.891,MEDIUM,0,Ritmo de carrera
2022,Monaco,R,ZHO,46,79.32,MEDIUM,0,Ritmo de carrera
2022,Monaco,R,ZHO,47,79.691,MEDIUM,0,Ritmo de carrera
2022,Monaco,R,ZHO,48,79.632,MEDIUM,0,Ritmo de carrera
2022,Monaco,R,ZHO,50,78.999,MEDIUM,0,Ritmo de carrera
2022,Monaco,R,ZHO,51,78.342,MEDIUM,0,Ritmo de carrera
2022,Monaco,R,ZHO,52,78.2,MEDIUM,0,Ritmo de carrera
2022,Monaco,R,ZHO,53,79.101,MEDIUM,0,Ritmo de carrera
2022,Monaco,R,ZHO,54,79.079,MEDIUM,0,Ritmo de carrera
2022,Monaco,R,ZHO,55,79.326,MEDIUM,0,Ritmo de carrera
2022,Monaco,R,ZHO,56,79.812,MEDIUM,0,Ritmo de carrera
2022,Monaco,R,ZHO,57,79.211,MEDIUM,0,Ritmo de carrera
2022,Monaco,R,ZHO,58,79.393,MEDIUM,0,Ritmo de carrera
2022,Monaco,R,ZHO,62,79.606,MEDIUM,0,Ritmo de carrera
2022,Monaco,R,ZHO,63,79.547,MEDIUM,0,Ritmo de carrera
2022,Monaco,R,RIC,42,79.716,HARD,1,Lift and Coast
2022,Monaco,R,RIC,45,79.654,HARD,1,Lift and Coast
2022,Monaco,R,RIC,46,79.455,HARD,1,Lift and Coast
2022,Monaco,R,RIC,47,79.712,HARD,0,Ritmo de carrera
2022,Monaco,R,RIC,48,79.001,HARD,1,Lift and Coast
2022,Monaco,R,RIC,49,79.083,HARD,1,Lift and Coast
2022,Monaco,R,RIC,50,78.208,HARD,1,Lift and Coast
2022,Monaco,R,RIC,51,78.087,HARD,1,Lift and Coast
2022,Monaco,R,RIC,52,78.68,HARD,1,Lift and Coast
2022,Monaco,R,RIC,53,77.945,HARD,1,Lift and Coast
2022,Monaco,R,RIC,54,77.944,HARD,1,Lift and Coast
2022,Monaco,R,RIC,55,77.629,HARD,1,Lift and Coast
2022,Monaco,R,RIC,56,77.642,HARD,1,Lift and Coast
2022,Monaco,R,RIC,57,77.801,HARD,0,Ritmo de carrera
2022,Monaco,R,RIC,58,77.817,HARD,1,Lift and Coast
2022,Monaco,R,RIC,59,77.532,HARD,1,Lift and Coast
2022,Monaco,R,RIC,60,78.052,HARD,1,Lift and Coast
2022,Monaco,R,RIC,61,78.321,HARD,0,Ritmo de carrera
2022,Monaco,R,RIC,62,77.579,HARD,1,Lift and Coast
2022,Monaco,R,RIC,63,78.198,HARD,0,Ritmo de carrera
2022,Monaco,R,RIC,64,78.524,HARD,1,Lift and Coast
2022,Monaco,R,OCO,40,79.733,MEDIUM,2,Tracción Comprometida
2022,Monaco,R,OCO,43,79.489,MEDIUM,2,Tracción Comprometida
2022,Monaco,R,OCO,44,79.821,MEDIUM,2,Tracción Comprometida
2022,Monaco,R,OCO,47,78.402,MEDIUM,2,Tracción Comprometida
2022,Monaco,R,OCO,48,78.564,MEDIUM,2,Tracción Comprometida
2022,Monaco,R,OCO,49,78.443,MEDIUM,2,Tracción Comprometida
2022,Monaco,R,OCO,51,77.592,MEDIUM,2,Tracción Comprometida
2022,Monaco,R,OCO,52,77.816,MEDIUM,2,Tracción Comprometida
2022,Monaco,R,OCO,53,78.059,MEDIUM,2,Tracción Comprometida
2022,Monaco,R,OCO,54,78.151,MEDIUM,2,Tracción Comprometida
2022,Monaco,R,OCO,55,78.239,MEDIUM,2,Tracción Comprometida
2022,Monaco,R,OCO,57,77.92,MEDIUM,2,Tracción Comprometida
2022,Monaco,R,OCO,60,78.077,MEDIUM,2,Tracción Comprometida
2022,Monaco,R,OCO,61,78.214,MEDIUM,2,Tracción Comprometida
2022,Monaco,R,OCO,62,78.162,MEDIUM,2,Tracción Comprometida
2022,Monaco,R,OCO,63,78.147,MEDIUM,2,Tracción Comprometida
2022,Monaco,R,OCO,64,78.371,MEDIUM,2,Tracción Comprometida
2022,Monaco,R,NOR,36,79.504,HARD,0,Ritmo de carrera
2022,Monaco,R,NOR,37,78.281,HARD,0,Ritmo de carrera
2022,Monaco,R,NOR,38,77.218,HARD,0,Ritmo de carrera
2022,Monaco,R,NOR,39,78.122,HARD,1,Lift and Coast
2022,Monaco,R,NOR,40,77.161,HARD,1,Lift and Coast
2022,Monaco,R,NOR,41,78.284,HARD,0,Ritmo de carrera
2022,Monaco,R,NOR,42,77.291,HARD,0,Ritmo de carrera
2022,Monaco,R,NOR,43,76.745,HARD,1,Lift and Coast
2022,Monaco,R,NOR,44,77.03,HARD,1,Lift and Coast
2022,Monaco,R,NOR,45,76.804,HARD,1,Lift and Coast
2022,Monaco,R,NOR,46,77.342,HARD,1,Lift and Coast
2022,Monaco,R,NOR,47,77.354,HARD,1,Lift and Coast
2022,Monaco,R,NOR,48,77.496,HARD,1,Lift and Coast
2022,Monaco,R,NOR,49,78.667,HARD,1,Lift and Coast
2022,Monaco,R,NOR,50,78.345,HARD,1,Lift and Coast
2022,Monaco,R,NOR,53,78.574,MEDIUM,0,Ritmo de carrera
2022,Monaco,R,NOR,54,76.975,MEDIUM,1,Lift and Coast
2022,Monaco,R,NOR,55,74.693,MEDIUM,3,Vuelta de ataque
2022,Monaco,R,NOR,56,76.057,MEDIUM,1,Lift and Coast
2022,Monaco,R,NOR,57,75.402,MEDIUM,1,Lift and Coast
2022,Monaco,R,NOR,58,76.105,MEDIUM,3,Vuelta de ataque
2022,Monaco,R,NOR,59,74.848,MEDIUM,3,Vuelta de ataque
2022,Monaco,R,NOR,60,75.836,MEDIUM,1,Lift and Coast
2022,Monaco,R,NOR,61,75.314,MEDIUM,3,Vuelta de ataque
2022,Monaco,R,NOR,62,75.383,MEDIUM,0,Ritmo de carrera
2022,Monaco,R,NOR,63,75.164,MEDIUM,3,Vuelta de ataque
2022,Monaco,R,NOR,64,77.069,MEDIUM,0,Ritmo de carrera
2022,Monaco,R,HAM,43,79.535,MEDIUM,1,Lift and Coast
2022,Monaco,R,HAM,44,79.557,MEDIUM,1,Lift and Coast
2022,Monaco,R,HAM,45,78.99,MEDIUM,1,Lift and Coast
2022,Monaco,R,HAM,46,78.647,MEDIUM,2,Tracción Comprometida
2022,Monaco,R,HAM,47,78.534,MEDIUM,1,Lift and Coast
2022,Monaco,R,HAM,48,78.713,MEDIUM,1,Lift and Coast
2022,Monaco,R,HAM,49,78.479,MEDIUM,2,Tracción Comprometida
2022,Monaco,R,HAM,50,77.21,MEDIUM,2,Tracción Comprometida
2022,Monaco,R,HAM,51,77.203,MEDIUM,0,Ritmo de carrera
2022,Monaco,R,HAM,52,78.479,MEDIUM,2,Tracción Comprometida
2022,Monaco,R,HAM,53,78.525,MEDIUM,1,Lift and Coast
2022,Monaco,R,HAM,54,78.472,MEDIUM,1,Lift and Coast
2022,Monaco,R,HAM,55,78.416,MEDIUM,2,Tracción Comprometida
2022,Monaco,R,HAM,56,78.099,MEDIUM,2,Tracción Comprometida
2022,Monaco,R,HAM,57,77.754,MEDIUM,1,Lift and Coast
2022,Monaco,R,HAM,58,78.025,MEDIUM,2,Tracción Comprometida
2022,Monaco,R,HAM,59,77.982,MEDIUM,0,Ritmo de carrera
2022,Monaco,R,HAM,60,78.147,MEDIUM,2,Tracción Comprometida
2022,Monaco,R,HAM,61,78.123,MEDIUM,2,Tracción Comprometida
2022,Monaco,R,HAM,62,78.309,MEDIUM,0,Ritmo de carrera
2022,Monaco,R,HAM,63,78.078,MEDIUM,2,Tracción Comprometida
2022,Monaco,R,HAM,64,78.927,MEDIUM,2,Tracción Comprometida
2022,Monaco,R,VET,41,79.861,HARD,2,Tracción Comprometida
2022,Monaco,R,VET,43,79.017,HARD,0,Ritmo de carrera
2022,Monaco,R,VET,44,79.603,HARD,2,Tracción Comprometida
2022,Monaco,R,VET,45,79.769,HARD,0,Ritmo de carrera
2022,Monaco,R,VET,46,79.136,HARD,2,Tracción Comprometida
2022,Monaco,R,VET,47,78.76,HARD,2,Tracción Comprometida
2022,Monaco,R,VET,48,77.994,HARD,2,Tracción Comprometida
2022,Monaco,R,VET,49,78.397,HARD,2,Tracción Comprometida
2022,Monaco,R,VET,50,78.652,HARD,2,Tracción Comprometida
2022,Monaco,R,VET,51,77.889,HARD,0,Ritmo de carrera
2022,Monaco,R,VET,52,77.789,HARD,2,Tracción Comprometida
2022,Monaco,R,VET,53,78.223,HARD,2,Tracción Comprometida
2022,Monaco,R,VET,54,77.558,HARD,2,Tracción Comprometida
2022,Monaco,R,VET,55,78.034,HARD,0,Ritmo de carrera
2022,Monaco,R,VET,56,78.293,HARD,2,Tracción Comprometida
2022,Monaco,R,VET,57,77.822,HARD,2,Tracción Comprometida
2022,Monaco,R,VET,58,77.801,HARD,0,Ritmo de carrera
2022,Monaco,R,VET,59,77.83,HARD,2,Tracción Comprometida
2022,Monaco,R,VET,60,78.07,HARD,2,Tracción Comprometida
2022,Monaco,R,VET,61,77.645,HARD,2,Tracción Comprometida
2022,Monaco,R,VET,62,78.424,HARD,2,Tracción Comprometida
2022,Monaco,R,VET,63,78.069,HARD,2,Tracción Comprometida
2022,Monaco,R,VET,64,78.23,HARD,2,Tracción Comprometida
2022,Monaco,R,SAI,36,78.962,HARD,2,Tracción Comprometida
2022,Monaco,R,SAI,39,77.112,HARD,2,Tracción Comprometida
2022,Monaco,R,SAI,40,76.739,HARD,2,Tracción Comprometida
2022,Monaco,R,SAI,42,76.764,HARD,2,Tracción Comprometida
2022,Monaco,R,SAI,43,76.701,HARD,2,Tracción Comprometida
2022,Monaco,R,SAI,44,76.619,HARD,2,Tracción Comprometida
2022,Monaco,R,SAI,45,76.828,HARD,2,Tracción Comprometida
2022,Monaco,R,SAI,46,76.465,HARD,0,Ritmo de carrera
2022,Monaco,R,SAI,47,76.421,HARD,2,Tracción Comprometida
2022,Monaco,R,SAI,48,77.439,HARD,2,Tracción Comprometida
2022,Monaco,R,SAI,49,76.64,HARD,2,Tracción Comprometida
2022,Monaco,R,SAI,50,76.868,HARD,2,Tracción Comprometida
2022,Monaco,R,SAI,51,77.245,HARD,2,Tracción Comprometida
2022,Monaco,R,SAI,52,77.515,HARD,2,Tracción Comprometida
2022,Monaco,R,SAI,53,77.599,HARD,2,Tracción Comprometida
2022,Monaco,R,SAI,62,78.036,HARD,2,Tracción Comprometida
2022,Monaco,R,SAI,63,77.916,HARD,2,Tracción Comprometida
2022,Monaco,R,SAI,64,78.132,HARD,2,Tracción Comprometida
2022,Monaco,R,LAT,41,79.827,MEDIUM,2,Tracción Comprometida
2022,Monaco,R,LAT,42,79.289,MEDIUM,2,Tracción Comprometida
2022,Monaco,R,LAT,43,78.579,MEDIUM,0,Ritmo de carrera
2022,Monaco,R,LAT,44,78.846,MEDIUM,0,Ritmo de carrera
2022,Monaco,R,LAT,45,79.143,MEDIUM,0,Ritmo de carrera
2022,Monaco,R,LAT,47,79.089,MEDIUM,0,Ritmo de carrera
2022,Monaco,R,LAT,48,79.675,MEDIUM,0,Ritmo de carrera
2022,Monaco,R,LAT,50,78.87,MEDIUM,2,Tracción Comprometida
2022,Monaco,R,LAT,51,78.779,MEDIUM,0,Ritmo de carrera
2022,Monaco,R,LAT,52,78.73,MEDIUM,0,Ritmo de carrera
2022,Monaco,R,LAT,53,79.169,MEDIUM,0,Ritmo de carrera
2022,Monaco,R,LAT,54,79.06,MEDIUM,0,Ritmo de carrera
2022,Monaco,R,LAT,55,79.453,MEDIUM,0,Ritmo de carrera
2022,Monaco,R,LAT,56,79.681,MEDIUM,0,Ritmo de carrera
2022,Monaco,R,LAT,57,79.288,MEDIUM,0,Ritmo de carrera
2022,Monaco,R,LAT,58,79.446,MEDIUM,0,Ritmo de carrera
2022,Monaco,R,LAT,59,79.024,MEDIUM,0,Ritmo de carrera
2022,Monaco,R,LAT,62,79.629,MEDIUM,0,Ritmo de carrera
2022,Monaco,R,LAT,63,79.479,MEDIUM,2,Tracción Comprometida
2022,Monaco,R,RUS,35,79.379,MEDIUM,0,Ritmo de carrera
2022,Monaco,R,RUS,36,79.332,MEDIUM,1,Lift and Coast
2022,Monaco,R,RUS,37,78.807,MEDIUM,0,Ritmo de carrera
2022,Monaco,R,RUS,38,77.994,MEDIUM,1,Lift and Coast
2022,Monaco,R,RUS,39,77.323,MEDIUM,1,Lift and Coast
2022,Monaco,R,RUS,40,77.03,MEDIUM,1,Lift and Coast
2022,Monaco,R,RUS,41,76.864,MEDIUM,1,Lift and Coast
2022,Monaco,R,RUS,42,76.83,MEDIUM,1,Lift and Coast
2022,Monaco,R,RUS,43,77.047,MEDIUM,0,Ritmo de carrera
2022,Monaco,R,RUS,44,77.025,MEDIUM,1,Lift and Coast
2022,Monaco,R,RUS,45,77.04,MEDIUM,1,Lift and Coast
2022,Monaco,R,RUS,46,77.024,MEDIUM,1,Lift and Coast
2022,Monaco,R,RUS,47,76.996,MEDIUM,0,Ritmo de carrera
2022,Monaco,R,RUS,48,77.442,MEDIUM,1,Lift and Coast
2022,Monaco,R,RUS,49,77.272,MEDIUM,1,Lift and Coast
2022,Monaco,R,RUS,50,77.69,MEDIUM,1,Lift and Coast
2022,Monaco,R,RUS,51,77.41,MEDIUM,1,Lift and Coast
2022,Monaco,R,RUS,52,77.92,MEDIUM,1,Lift and Coast
2022,Monaco,R,RUS,53,77.577,MEDIUM,0,Ritmo de carrera
2022,Monaco,R,RUS,54,78.259,MEDIUM,0,Ritmo de carrera
2022,Monaco,R,RUS,55,78.138,MEDIUM,1,Lift and Coast
2022,Monaco,R,RUS,56,78.088,MEDIUM,1,Lift and Coast
2022,Monaco,R,RUS,57,79.114,MEDIUM,0,Ritmo de carrera
2022,Monaco,R,RUS,58,78.921,MEDIUM,1,Lift and Coast
2022,Monaco,R,RUS,59,78.85,MEDIUM,0,Ritmo de carrera
2022,Monaco,R,RUS,60,79.066,MEDIUM,1,Lift and Coast
2022,Monaco,R,RUS,61,78.518,MEDIUM,0,Ritmo de carrera
2022,Monaco,R,RUS,62,78.063,MEDIUM,0,Ritmo de carrera
2022,Monaco,R,RUS,63,78.44,MEDIUM,0,Ritmo de carrera
2022,Monaco,R,RUS,64,79.0,MEDIUM,0,Ritmo de carrera
2022,Monaco,R,BOT,40,79.779,HARD,0,Ritmo de carrera
2022,Monaco,R,BOT,41,79.856,HARD,0,Ritmo de carrera
2022,Monaco,R,BOT,43,79.545,HARD,0,Ritmo de carrera
2022,Monaco,R,BOT,44,79.573,HARD,0,Ritmo de carrera
2022,Monaco,R,BOT,45,79.52,HARD,0,Ritmo de carrera
2022,Monaco,R,BOT,46,78.818,HARD,0,Ritmo de carrera
2022,Monaco,R,BOT,47,78.419,HARD,0,Ritmo de carrera
2022,Monaco,R,BOT,48,78.432,HARD,0,Ritmo de carrera
2022,Monaco,R,BOT,49,78.615,HARD,0,Ritmo de carrera
2022,Monaco,R,BOT,50,78.709,HARD,0,Ritmo de carrera
2022,Monaco,R,BOT,51,78.117,HARD,0,Ritmo de carrera
2022,Monaco,R,BOT,52,77.993,HARD,0,Ritmo de carrera
2022,Monaco,R,BOT,53,77.865,HARD,0,Ritmo de carrera
2022,Monaco,R,BOT,54,77.688,HARD,0,Ritmo de carrera
2022,Monaco,R,BOT,55,78.061,HARD,0,Ritmo de carrera
2022,Monaco,R,BOT,56,78.037,HARD,0,Ritmo de carrera
2022,Monaco,R,BOT,57,77.6,HARD,3,Vuelta de ataque
2022,Monaco,R,BOT,58,78.069,HARD,0,Ritmo de carrera
2022,Monaco,R,BOT,59,78.196,HARD,0,Ritmo de carrera
2022,Monaco,R,BOT,60,77.749,HARD,0,Ritmo de carrera
2022,Monaco,R,BOT,61,77.891,HARD,0,Ritmo de carrera
2022,Monaco,R,BOT,62,78.428,HARD,0,Ritmo de carrera
2022,Monaco,R,BOT,63,78.411,HARD,0,Ritmo de carrera
2022,Monaco,R,BOT,64,78.275,HARD,0,Ritmo de carrera
2022,Bahrain,FP3,VER,2,93.035,SOFT,3,Vuelta de ataque
2022,Bahrain,FP3,VER,8,92.544,SOFT,3,Vuelta de ataque
2022,Bahrain,FP3,VER,11,96.584,SOFT,1,Lift and Coast
2022,Bahrain,FP3,VER,12,96.67,SOFT,1,Lift and Coast
2022,Bahrain,FP3,VER,13,96.648,SOFT,0,Ritmo de carrera
2022,Bahrain,FP3,RIC,2,96.877,MEDIUM,3,Vuelta de ataque
2022,Bahrain,FP3,RIC,4,96.824,MEDIUM,3,Vuelta de ataque
2022,Bahrain,FP3,RIC,6,97.174,MEDIUM,3,Vuelta de ataque
2022,Bahrain,FP3,RIC,14,94.378,SOFT,3,Vuelta de ataque
2022,Bahrain,FP3,RIC,16,95.004,SOFT,3,Vuelta de ataque
2022,Bahrain,FP3,RIC,17,97.102,SOFT,1,Lift and Coast
2022,Bahrain,FP3,RIC,18,97.711,SOFT,1,Lift and Coast
2022,Bahrain,FP3,NOR,2,96.317,MEDIUM,3,Vuelta de ataque
2022,Bahrain,FP3,NOR,4,96.535,MEDIUM,1,Lift and Coast
2022,Bahrain,FP3,NOR,6,97.89,MEDIUM,3,Vuelta de ataque
2022,Bahrain,FP3,NOR,7,98.271,MEDIUM,0,Ritmo de carrera
2022,Bahrain,FP3,NOR,8,98.634,MEDIUM,3,Vuelta de ataque
2022,Bahrain,FP3,NOR,12,93.955,SOFT,3,Vuelta de ataque
2022,Bahrain,FP3,LAT,2,95.961,SOFT,0,Ritmo de carrera
2022,Bahrain,FP3,LAT,7,95.667,SOFT,3,Vuelta de ataque
2022,Bahrain,FP3,LAT,10,96.226,SOFT,0,Ritmo de carrera
2022,Bahrain,FP3,GAS,2,96.805,MEDIUM,1,Lift and Coast
2022,Bahrain,FP3,GAS,4,96.374,MEDIUM,3,Vuelta de ataque
2022,Bahrain,FP3,GAS,6,96.088,MEDIUM,0,Ritmo de carrera
2022,Bahrain,FP3,GAS,10,94.176,SOFT,3,Vuelta de ataque
2022,Bahrain,FP3,GAS,13,94.406,SOFT,3,Vuelta de ataque
2022,Bahrain,FP3,PER,2,94.16,SOFT,3,Vuelta de ataque
2022,Bahrain,FP3,PER,5,94.346,SOFT,3,Vuelta de ataque
2022,Bahrain,FP3,PER,8,95.796,SOFT,0,Ritmo de carrera
2022,Bahrain,FP3,PER,9,96.115,SOFT,0,Ritmo de carrera
2022,Bahrain,FP3,PER,10,96.255,SOFT,0,Ritmo de carrera
2022,Bahrain,FP3,PER,11,96.305,SOFT,3,Vuelta de ataque
2022,Bahrain,FP3,PER,14,92.791,SOFT,3,Vuelta de ataque
2022,Bahrain,FP3,PER,17,93.222,SOFT,3,Vuelta de ataque
2022,Bahrain,FP3,ALO,2,96.375,HARD,0,Ritmo de carrera
2022,Bahrain,FP3,ALO,4,96.634,HARD,3,Vuelta de ataque
2022,Bahrain,FP3,ALO,6,96.812,HARD,3,Vuelta de ataque
2022,Bahrain,FP3,ALO,9,94.628,MEDIUM,3,Vuelta de ataque
2022,Bahrain,FP3,LEC,2,93.797,SOFT,2,Tracción Comprometida
2022,Bahrain,FP3,LEC,8,92.64,SOFT,2,Tracción Comprometida
2022,Bahrain,FP3,LEC,12,93.724,SOFT,2,Tracción Comprometida
2022,Bahrain,FP3,STR,2,96.945,MEDIUM,3,Vuelta de ataque
2022,Bahrain,FP3,STR,5,96.847,MEDIUM,0,Ritmo de carrera
2022,Bahrain,FP3,STR,9,93.92,SOFT,3,Vuelta de ataque
2022,Bahrain,FP3,STR,12,94.684,SOFT,3,Vuelta de ataque
2022,Bahrain,FP3,MAG,5,94.263,SOFT,2,Tracción Comprometida
2022,Bahrain,FP3,MAG,11,93.437,SOFT,2,Tracción Comprometida
2022,Bahrain,FP3,MAG,13,93.881,SOFT,2,Tracción Comprometida
2022,Bahrain,FP3,ALB,2,95.805,SOFT,0,Ritmo de carrera
2022,Bahrain,FP3,ALB,5,96.064,SOFT,3,Vuelta de ataque
2022,Bahrain,FP3,ALB,8,94.868,SOFT,3,Vuelta de ataque
2022,Bahrain,FP3,ALB,11,95.353,SOFT,0,Ritmo de carrera
2022,Bahrain,FP3,ZHO,2,98.886,HARD,1,Lift and Coast
2022,Bahrain,FP3,ZHO,5,95.318,SOFT,3,Vuelta de ataque
2022,Bahrain,FP3,ZHO,7,95.366,SOFT,3,Vuelta de ataque
2022,Bahrain,FP3,ZHO,11,93.88,SOFT,3,Vuelta de ataque
2022,Bahrain,FP3,ZHO,14,94.302,SOFT,3,Vuelta de ataque
2022,Bahrain,FP3,HUL,2,97.506,MEDIUM,3,Vuelta de ataque
2022,Bahrain,FP3,HUL,4,97.093,MEDIUM,3,Vuelta de ataque
2022,Bahrain,FP3,HUL,7,98.275,MEDIUM,3,Vuelta de ataque
2022,Bahrain,FP3,HUL,9,97.11,MEDIUM,3,Vuelta de ataque
2022,Bahrain,FP3,HUL,13,93.971,SOFT,3,Vuelta de ataque
2022,Bahrain,FP3,HUL,16,95.204,SOFT,3,Vuelta de ataque
2022,Bahrain,FP3,OCO,2,96.634,HARD,3,Vuelta de ataque
2022,Bahrain,FP3,OCO,3,96.729,HARD,3,Vuelta de ataque
2022,Bahrain,FP3,OCO,5,97.727,HARD,2,Tracción Comprometida
2022,Bahrain,FP3,OCO,6,97.43,HARD,0,Ritmo de carrera
2022,Bahrain,FP3,OCO,9,94.957,MEDIUM,2,Tracción Comprometida
2022,Bahrain,FP3,OCO,11,95.368,MEDIUM,2,Tracción Comprometida
2022,Bahrain,FP3,HAM,3,94.256,SOFT,3,Vuelta de ataque
2022,Bahrain,FP3,HAM,5,94.396,SOFT,3,Vuelta de ataque
2022,Bahrain,FP3,HAM,9,93.121,SOFT,3,Vuelta de ataque
2022,Bahrain,FP3,HAM,11,97.904,SOFT,0,Ritmo de carrera
2022,Bahrain,FP3,MSC,5,94.629,SOFT,1,Lift and Coast
2022,Bahrain,FP3,MSC,7,97.057,SOFT,0,Ritmo de carrera
2022,Bahrain,FP3,MSC,9,95.226,SOFT,3,Vuelta de ataque
2022,Bahrain,FP3,MSC,13,94.295,SOFT,3,Vuelta de ataque
2022,Bahrain,FP3,MSC,15,94.321,SOFT,3,Vuelta de ataque
2022,Bahrain,FP3,SAI,2,94.217,SOFT,3,Vuelta de ataque
2022,Bahrain,FP3,SAI,5,94.148,SOFT,3,Vuelta de ataque
2022,Bahrain,FP3,SAI,8,94.312,SOFT,3,Vuelta de ataque
2022,Bahrain,FP3,SAI,11,93.053,SOFT,3,Vuelta de ataque
2022,Bahrain,FP3,SAI,14,93.265,SOFT,3,Vuelta de ataque
2022,Bahrain,FP3,SAI,17,97.586,SOFT,1,Lift and Coast
2022,Bahrain,FP3,SAI,18,97.753,SOFT,3,Vuelta de ataque
2022,Bahrain,FP3,RUS,3,94.47,SOFT,3,Vuelta de ataque
2022,Bahrain,FP3,RUS,6,94.642,SOFT,3,Vuelta de ataque
2022,Bahrain,FP3,RUS,8,94.433,SOFT,3,Vuelta de ataque
2022,Bahrain,FP3,RUS,11,92.935,SOFT,3,Vuelta de ataque
2022,Bahrain,FP3,BOT,2,98.84,HARD,2,Tracción Comprometida
2022,Bahrain,FP3,BOT,5,94.617,SOFT,3,Vuelta de ataque
2022,Bahrain,FP3,BOT,7,95.365,SOFT,3,Vuelta de ataque
2022,Bahrain,FP3,BOT,9,94.806,SOFT,3,Vuelta de ataque
2022,Bahrain,FP3,BOT,13,93.733,SOFT,3,Vuelta de ataque
2022,Bahrain,FP3,BOT,15,93.889,SOFT,3,Vuelta de ataque
2022,Bahrain,FP3,BOT,17,93.861,SOFT,3,Vuelta de ataque
2022,Bahrain,Q,LEC,2,91.471,SOFT,2,Tracción Comprometida
2022,Bahrain,Q,LEC,5,91.356,SOFT,2,Tracción Comprometida
2022,Bahrain,Q,LEC,8,90.932,SOFT,3,Vuelta de ataque
2022,Bahrain,Q,LEC,11,90.731,SOFT,2,Tracción Comprometida
2022,Bahrain,Q,LEC,14,90.558,SOFT,3,Vuelta de ataque
2022,Bahrain,Q,VER,2,91.909,SOFT,3,Vuelta de ataque
2022,Bahrain,Q,VER,4,91.785,SOFT,3,Vuelta de ataque
2022,Bahrain,Q,VER,7,90.757,SOFT,3,Vuelta de ataque
2022,Bahrain,Q,VER,10,90.743,SOFT,3,Vuelta de ataque
2022,Bahrain,Q,VER,13,90.681,SOFT,3,Vuelta de ataque
2022,Bahrain,Q,SAI,2,91.567,SOFT,3,Vuelta de ataque
2022,Bahrain,Q,SAI,5,91.745,SOFT,3,Vuelta de ataque
2022,Bahrain,Q,SAI,8,90.787,SOFT,3,Vuelta de ataque
2022,Bahrain,Q,SAI,11,90.687,SOFT,3,Vuelta de ataque
2022,Bahrain,Q,SAI,14,90.739,SOFT,3,Vuelta de ataque
2022,Bahrain,Q,PER,2,92.383,SOFT,3,Vuelta de ataque
2022,Bahrain,Q,PER,5,92.311,SOFT,3,Vuelta de ataque
2022,Bahrain,Q,PER,8,91.377,SOFT,3,Vuelta de ataque
2022,Bahrain,Q,PER,11,91.008,SOFT,3,Vuelta de ataque
2022,Bahrain,Q,PER,14,91.013,SOFT,3,Vuelta de ataque
2022,Bahrain,Q,PER,17,90.921,SOFT,3,Vuelta de ataque
2022,Bahrain,Q,HAM,2,92.285,SOFT,3,Vuelta de ataque
2022,Bahrain,Q,HAM,4,92.496,SOFT,3,Vuelta de ataque
2022,Bahrain,Q,HAM,7,91.496,SOFT,3,Vuelta de ataque
2022,Bahrain,Q,HAM,10,91.048,SOFT,3,Vuelta de ataque
2022,Bahrain,Q,HAM,13,92.158,SOFT,3,Vuelta de ataque
2022,Bahrain,Q,HAM,16,91.238,SOFT,3,Vuelta de ataque
2022,Bahrain,Q,BOT,2,91.919,SOFT,3,Vuelta de ataque
2022,Bahrain,Q,BOT,5,92.459,SOFT,3,Vuelta de ataque
2022,Bahrain,Q,BOT,8,91.817,SOFT,3,Vuelta de ataque
2022,Bahrain,Q,BOT,11,91.717,SOFT,3,Vuelta de ataque
2022,Bahrain,Q,BOT,14,91.56,SOFT,3,Vuelta de ataque
2022,Bahrain,Q,MAG,2,92.286,SOFT,3,Vuelta de ataque
2022,Bahrain,Q,MAG,5,91.955,SOFT,3,Vuelta de ataque
2022,Bahrain,Q,MAG,8,91.461,SOFT,3,Vuelta de ataque
2022,Bahrain,Q,MAG,11,91.808,SOFT,3,Vuelta de ataque
2022,Bahrain,Q,ALO,2,92.346,SOFT,3,Vuelta de ataque
2022,Bahrain,Q,ALO,7,91.803,SOFT,3,Vuelta de ataque
2022,Bahrain,Q,ALO,10,91.621,SOFT,3,Vuelta de ataque
2022,Bahrain,Q,ALO,13,92.195,SOFT,3,Vuelta de ataque
2022,Bahrain,Q,RUS,2,92.546,SOFT,3,Vuelta de ataque
2022,Bahrain,Q,RUS,4,92.269,SOFT,3,Vuelta de ataque
2022,Bahrain,Q,RUS,7,91.606,SOFT,3,Vuelta de ataque
2022,Bahrain,Q,RUS,10,91.252,SOFT,3,Vuelta de ataque
2022,Bahrain,Q,RUS,13,92.291,SOFT,3,Vuelta de ataque
2022,Bahrain,Q,RUS,16,92.216,SOFT,3,Vuelta de ataque
2022,Bahrain,Q,GAS,2,93.016,SOFT,3,Vuelta de ataque
2022,Bahrain,Q,GAS,5,92.315,SOFT,3,Vuelta de ataque
2022,Bahrain,Q,GAS,8,92.096,SOFT,3,Vuelta de ataque
2022,Bahrain,Q,GAS,11,92.859,SOFT,3,Vuelta de ataque
2022,Bahrain,Q,GAS,14,91.635,SOFT,3,Vuelta de ataque
2022,Bahrain,Q,GAS,17,93.238,SOFT,3,Vuelta de ataque
2022,Bahrain,Q,GAS,20,92.338,SOFT,3,Vuelta de ataque
2022,Bahrain,Q,OCO,2,92.667,SOFT,2,Tracción Comprometida
2022,Bahrain,Q,OCO,5,92.041,SOFT,2,Tracción Comprometida
2022,Bahrain,Q,OCO,8,91.782,SOFT,2,Tracción Comprometida
2022,Bahrain,Q,OCO,11,91.956,SOFT,3,Vuelta de ataque
2022,Bahrain,Q,MSC,2,92.592,SOFT,3,Vuelta de ataque
2022,Bahrain,Q,MSC,5,92.38,SOFT,3,Vuelta de ataque
2022,Bahrain,Q,MSC,8,91.998,SOFT,3,Vuelta de ataque
2022,Bahrain,Q,NOR,2,93.113,SOFT,3,Vuelta de ataque
2022,Bahrain,Q,NOR,4,93.359,SOFT,3,Vuelta de ataque
2022,Bahrain,Q,NOR,7,92.239,SOFT,3,Vuelta de ataque
2022,Bahrain,Q,NOR,10,92.473,SOFT,3,Vuelta de ataque
2022,Bahrain,Q,NOR,13,92.008,SOFT,3,Vuelta de ataque
2022,Bahrain,Q,ALB,4,93.076,SOFT,3,Vuelta de ataque
2022,Bahrain,Q,ALB,7,92.726,SOFT,3,Vuelta de ataque
2022,Bahrain,Q,ALB,12,92.664,SOFT,3,Vuelta de ataque
2022,Bahrain,Q,ZHO,2,92.786,SOFT,3,Vuelta de ataque
2022,Bahrain,Q,ZHO,5,92.493,SOFT,3,Vuelta de ataque
2022,Bahrain,Q,ZHO,8,93.543,SOFT,3,Vuelta de ataque
2022,Bahrain,Q,ZHO,11,92.387,SOFT,3,Vuelta de ataque
2022,Bahrain,Q,TSU,2,93.581,SOFT,3,Vuelta de ataque
2022,Bahrain,Q,TSU,7,92.75,SOFT,3,Vuelta de ataque
2022,Bahrain,Q,HUL,2,93.434,SOFT,3,Vuelta de ataque
2022,Bahrain,Q,HUL,5,92.777,SOFT,3,Vuelta de ataque
2022,Bahrain,Q,RIC,2,93.603,SOFT,3,Vuelta de ataque
2022,Bahrain,Q,RIC,4,93.525,SOFT,3,Vuelta de ataque
2022,Bahrain,Q,RIC,7,92.945,SOFT,3,Vuelta de ataque
2022,Bahrain,Q,STR,2,93.309,SOFT,3,Vuelta de ataque
2022,Bahrain,Q,STR,5,93.032,SOFT,3,Vuelta de ataque
2022,Bahrain,Q,LAT,4,93.634,SOFT,3,Vuelta de ataque
2022,Bahrain,Q,LAT,7,93.786,SOFT,3,Vuelta de ataque
2022,Bahrain,R,VER,1,100.236,SOFT,0,Ritmo de carrera
2022,Bahrain,R,VER,2,97.88,SOFT,2,Tracción Comprometida
2022,Bahrain,R,VER,3,98.357,SOFT,0,Ritmo de carrera
2022,Bahrain,R,VER,4,98.566,SOFT,0,Ritmo de carrera
2022,Bahrain,R,VER,5,98.877,SOFT,0,Ritmo de carrera
2022,Bahrain,R,VER,6,98.94,SOFT,1,Lift and Coast
2022,Bahrain,R,VER,7,99.062,SOFT,1,Lift and Coast
2022,Bahrain,R,VER,8,99.092,SOFT,1,Lift and Coast
2022,Bahrain,R,VER,9,99.251,SOFT,1,Lift and Coast
2022,Bahrain,R,VER,10,99.392,SOFT,1,Lift and Coast
2022,Bahrain,R,VER,11,99.479,SOFT,1,Lift and Coast
2022,Bahrain,R,VER,12,99.41,SOFT,1,Lift and Coast
2022,Bahrain,R,VER,13,99.534,SOFT,1,Lift and Coast
2022,Bahrain,R,VER,16,96.905,SOFT,0,Ritmo de carrera
2022,Bahrain,R,VER,17,97.587,SOFT,0,Ritmo de carrera
2022,Bahrain,R,VER,18,97.717,SOFT,0,Ritmo de carrera
2022,Bahrain,R,VER,19,97.728,SOFT,0,Ritmo de carrera
2022,Bahrain,R,VER,20,98.257,SOFT,1,Lift and Coast
2022,Bahrain,R,VER,21,98.294,SOFT,1,Lift and Coast
2022,Bahrain,R,VER,22,98.243,SOFT,1,Lift and Coast
2022,Bahrain,R,VER,23,98.091,SOFT,1,Lift and Coast
2022,Bahrain,R,VER,24,98.187,SOFT,0,Ritmo de carrera
2022,Bahrain,R,VER,25,98.372,SOFT,0,Ritmo de carrera
2022,Bahrain,R,VER,26,98.476,SOFT,0,Ritmo de carrera
2022,Bahrain,R,VER,27,98.823,SOFT,1,Lift and Coast
2022,Bahrain,R,VER,28,98.782,SOFT,1,Lift and Coast
2022,Bahrain,R,VER,29,99.384,SOFT,0,Ritmo de carrera
2022,Bahrain,R,VER,32,96.527,MEDIUM,0,Ritmo de carrera
2022,Bahrain,R,VER,33,96.347,MEDIUM,0,Ritmo de carrera
2022,Bahrain,R,VER,34,96.384,MEDIUM,0,Ritmo de carrera
2022,Bahrain,R,VER,35,96.731,MEDIUM,0,Ritmo de carrera
2022,Bahrain,R,VER,36,96.92,MEDIUM,0,Ritmo de carrera
2022,Bahrain,R,VER,37,96.962,MEDIUM,0,Ritmo de carrera
2022,Bahrain,R,VER,38,96.898,MEDIUM,0,Ritmo de carrera
2022,Bahrain,R,VER,39,97.255,MEDIUM,0,Ritmo de carrera
2022,Bahrain,R,VER,40,97.308,MEDIUM,0,Ritmo de carrera
2022,Bahrain,R,VER,41,97.284,MEDIUM,0,Ritmo de carrera
2022,Bahrain,R,VER,42,97.855,MEDIUM,0,Ritmo de carrera
2022,Bahrain,R,VER,43,99.787,MEDIUM,0,Ritmo de carrera
2022,Bahrain,R,VER,45,95.747,SOFT,0,Ritmo de carrera
2022,Bahrain,R,VER,51,95.44,SOFT,0,Ritmo de carrera
2022,Bahrain,R,VER,52,95.462,SOFT,2,Tracción Comprometida
2022,Bahrain,R,VER,53,95.927,SOFT,0,Ritmo de carrera
2022,Bahrain,R,GAS,2,100.169,SOFT,1,Lift and Coast
2022,Bahrain,R,GAS,3,99.968,SOFT,1,Lift and Coast
2022,Bahrain,R,GAS,4,100.158,SOFT,1,Lift and Coast
2022,Bahrain,R,GAS,5,100.249,SOFT,1,Lift and Coast
2022,Bahrain,R,GAS,6,100.474,SOFT,1,Lift and Coast
2022,Bahrain,R,GAS,7,100.433,SOFT,1,Lift and Coast
2022,Bahrain,R,GAS,8,100.684,SOFT,1,Lift and Coast
2022,Bahrain,R,GAS,9,100.844,SOFT,1,Lift and Coast
2022,Bahrain,R,GAS,10,100.981,SOFT,1,Lift and Coast
2022,Bahrain,R,GAS,11,101.089,SOFT,1,Lift and Coast
2022,Bahrain,R,GAS,16,98.705,MEDIUM,0,Ritmo de carrera
2022,Bahrain,R,GAS,17,98.868,MEDIUM,1,Lift and Coast
2022,Bahrain,R,GAS,18,98.888,MEDIUM,1,Lift and Coast
2022,Bahrain,R,GAS,19,99.416,MEDIUM,1,Lift and Coast
2022,Bahrain,R,GAS,20,99.134,MEDIUM,1,Lift and Coast
2022,Bahrain,R,GAS,21,99.083,MEDIUM,1,Lift and Coast
2022,Bahrain,R,GAS,22,99.152,MEDIUM,1,Lift and Coast
2022,Bahrain,R,GAS,23,99.31,MEDIUM,1,Lift and Coast
2022,Bahrain,R,GAS,24,99.363,MEDIUM,1,Lift and Coast
2022,Bahrain,R,GAS,25,99.485,MEDIUM,1,Lift and Coast
2022,Bahrain,R,GAS,26,99.513,MEDIUM,1,Lift and Coast
2022,Bahrain,R,GAS,27,99.919,MEDIUM,1,Lift and Coast
2022,Bahrain,R,GAS,28,99.665,MEDIUM,1,Lift and Coast
2022,Bahrain,R,GAS,29,99.677,MEDIUM,1,Lift and Coast
2022,Bahrain,R,GAS,30,99.8,MEDIUM,1,Lift and Coast
2022,Bahrain,R,GAS,31,100.874,MEDIUM,0,Ritmo de carrera
2022,Bahrain,R,GAS,34,97.324,HARD,1,Lift and Coast
2022,Bahrain,R,GAS,35,97.54,HARD,0,Ritmo de carrera
2022,Bahrain,R,GAS,36,99.827,HARD,0,Ritmo de carrera
2022,Bahrain,R,GAS,37,99.596,HARD,1,Lift and Coast
2022,Bahrain,R,GAS,38,98.221,HARD,0,Ritmo de carrera
2022,Bahrain,R,GAS,39,98.552,HARD,1,Lift and Coast
2022,Bahrain,R,GAS,40,98.204,HARD,1,Lift and Coast
2022,Bahrain,R,GAS,41,98.301,HARD,1,Lift and Coast
2022,Bahrain,R,GAS,42,98.329,HARD,1,Lift and Coast
2022,Bahrain,R,GAS,43,98.478,HARD,1,Lift and Coast
2022,Bahrain,R,GAS,44,98.704,HARD,1,Lift and Coast
2022,Bahrain,R,PER,2,99.092,SOFT,0,Ritmo de carrera
2022,Bahrain,R,PER,3,99.473,SOFT,0,Ritmo de carrera
2022,Bahrain,R,PER,4,98.741,SOFT,0,Ritmo de carrera
2022,Bahrain,R,PER,5,98.861,SOFT,0,Ritmo de carrera
2022,Bahrain,R,PER,6,99.218,SOFT,0,Ritmo de carrera
2022,Bahrain,R,PER,7,99.264,SOFT,0,Ritmo de carrera
2022,Bahrain,R,PER,8,99.825,SOFT,0,Ritmo de carrera
2022,Bahrain,R,PER,9,100.215,SOFT,0,Ritmo de carrera
2022,Bahrain,R,PER,10,99.806,SOFT,0,Ritmo de carrera
2022,Bahrain,R,PER,11,99.931,SOFT,1,Lift and Coast
2022,Bahrain,R,PER,12,99.754,SOFT,1,Lift and Coast
2022,Bahrain,R,PER,13,99.992,SOFT,0,Ritmo de carrera
2022,Bahrain,R,PER,14,100.035,SOFT,0,Ritmo de carrera
2022,Bahrain,R,PER,17,96.634,MEDIUM,0,Ritmo de carrera
2022,Bahrain,R,PER,18,96.852,MEDIUM,0,Ritmo de carrera
2022,Bahrain,R,PER,19,97.214,MEDIUM,0,Ritmo de carrera
2022,Bahrain,R,PER,20,97.532,MEDIUM,2,Tracción Comprometida
2022,Bahrain,R,PER,21,97.629,MEDIUM,0,Ritmo de carrera
2022,Bahrain,R,PER,22,97.862,MEDIUM,0,Ritmo de carrera
2022,Bahrain,R,PER,23,97.96,MEDIUM,0,Ritmo de carrera
2022,Bahrain,R,PER,24,98.155,MEDIUM,0,Ritmo de carrera
2022,Bahrain,R,PER,25,98.419,MEDIUM,1,Lift and Coast
2022,Bahrain,R,PER,26,98.693,MEDIUM,0,Ritmo de carrera
2022,Bahrain,R,PER,27,98.563,MEDIUM,0,Ritmo de carrera
2022,Bahrain,R,PER,28,98.697,MEDIUM,0,Ritmo de carrera
2022,Bahrain,R,PER,29,98.99,MEDIUM,0,Ritmo de carrera
2022,Bahrain,R,PER,30,98.879,MEDIUM,1,Lift and Coast
2022,Bahrain,R,PER,31,99.292,MEDIUM,1,Lift and Coast
2022,Bahrain,R,PER,32,99.222,MEDIUM,0,Ritmo de carrera
2022,Bahrain,R,PER,35,96.302,SOFT,0,Ritmo de carrera
2022,Bahrain,R,PER,36,96.511,SOFT,0,Ritmo de carrera
2022,Bahrain,R,PER,37,97.119,SOFT,0,Ritmo de carrera
2022,Bahrain,R,PER,38,96.755,SOFT,0,Ritmo de carrera
2022,Bahrain,R,PER,39,96.987,SOFT,0,Ritmo de carrera
2022,Bahrain,R,PER,40,97.178,SOFT,0,Ritmo de carrera
2022,Bahrain,R,PER,41,97.639,SOFT,0,Ritmo de carrera
2022,Bahrain,R,PER,42,97.255,SOFT,0,Ritmo de carrera
2022,Bahrain,R,PER,43,100.228,SOFT,0,Ritmo de carrera
2022,Bahrain,R,PER,51,96.389,SOFT,0,Ritmo de carrera
2022,Bahrain,R,PER,52,96.089,SOFT,0,Ritmo de carrera
2022,Bahrain,R,PER,53,96.113,SOFT,0,Ritmo de carrera
2022,Bahrain,R,PER,54,96.755,SOFT,0,Ritmo de carrera
2022,Bahrain,R,PER,55,96.436,SOFT,3,Vuelta de ataque
2022,Bahrain,R,PER,56,96.286,SOFT,3,Vuelta de ataque
2022,Bahrain,R,ALO,2,100.412,SOFT,0,Ritmo de carrera
2022,Bahrain,R,ALO,3,100.226,SOFT,1,Lift and Coast
2022,Bahrain,R,ALO,4,100.097,SOFT,3,Vuelta de ataque
2022,Bahrain,R,ALO,5,100.465,SOFT,3,Vuelta de ataque
2022,Bahrain,R,ALO,6,100.658,SOFT,3,Vuelta de ataque
2022,Bahrain,R,ALO,7,100.823,SOFT,1,Lift and Coast
2022,Bahrain,R,ALO,13,99.05,MEDIUM,0,Ritmo de carrera
2022,Bahrain,R,ALO,14,99.704,MEDIUM,0,Ritmo de carrera
2022,Bahrain,R,ALO,15,100.256,MEDIUM,0,Ritmo de carrera
2022,Bahrain,R,ALO,16,100.572,MEDIUM,0,Ritmo de carrera
2022,Bahrain,R,ALO,17,99.434,MEDIUM,0,Ritmo de carrera
2022,Bahrain,R,ALO,18,99.809,MEDIUM,1,Lift and Coast
2022,Bahrain,R,ALO,19,99.785,MEDIUM,0,Ritmo de carrera
2022,Bahrain,R,ALO,20,99.874,MEDIUM,0,Ritmo de carrera
2022,Bahrain,R,ALO,21,100.087,MEDIUM,0,Ritmo de carrera
2022,Bahrain,R,ALO,22,100.504,MEDIUM,2,Tracción Comprometida
2022,Bahrain,R,ALO,23,99.922,MEDIUM,3,Vuelta de ataque
2022,Bahrain,R,ALO,24,100.496,MEDIUM,3,Vuelta de ataque
2022,Bahrain,R,ALO,27,97.995,HARD,0,Ritmo de carrera
2022,Bahrain,R,ALO,28,98.908,HARD,0,Ritmo de carrera
2022,Bahrain,R,ALO,29,98.68,HARD,0,Ritmo de carrera
2022,Bahrain,R,ALO,30,98.626,HARD,0,Ritmo de carrera
2022,Bahrain,R,ALO,31,98.958,HARD,3,Vuelta de ataque
2022,Bahrain,R,ALO,32,99.153,HARD,0,Ritmo de carrera
2022,Bahrain,R,ALO,33,99.686,HARD,0,Ritmo de carrera
2022,Bahrain,R,ALO,34,99.208,HARD,3,Vuelta de ataque
2022,Bahrain,R,ALO,35,99.214,HARD,3,Vuelta de ataque
2022,Bahrain,R,ALO,36,99.389,HARD,0,Ritmo de carrera
2022,Bahrain,R,ALO,37,99.426,HARD,0,Ritmo de carrera
2022,Bahrain,R,ALO,38,100.034,HARD,0,Ritmo de carrera
2022,Bahrain,R,ALO,39,100.009,HARD,0,Ritmo de carrera
2022,Bahrain,R,ALO,40,100.295,HARD,0,Ritmo de carrera
2022,Bahrain,R,ALO,41,99.854,HARD,0,Ritmo de carrera
2022,Bahrain,R,ALO,44,96.733,SOFT,0,Ritmo de carrera
2022,Bahrain,R,ALO,51,99.006,SOFT,0,Ritmo de carrera
2022,Bahrain,R,ALO,52,97.538,SOFT,0,Ritmo de carrera
2022,Bahrain,R,ALO,53,97.396,SOFT,0,Ritmo de carrera
2022,Bahrain,R,ALO,54,97.303,SOFT,3,Vuelta de ataque
2022,Bahrain,R,ALO,55,97.672,SOFT,3,Vuelta de ataque
2022,Bahrain,R,ALO,56,97.642,SOFT,3,Vuelta de ataque
2022,Bahrain,R,ALO,57,98.986,SOFT,1,Lift and Coast
2022,Bahrain,R,LEC,1,99.07,SOFT,2,Tracción Comprometida
2022,Bahrain,R,LEC,2,97.853,SOFT,2,Tracción Comprometida
2022,Bahrain,R,LEC,3,98.272,SOFT,2,Tracción Comprometida
2022,Bahrain,R,LEC,4,98.414,SOFT,2,Tracción Comprometida
2022,Bahrain,R,LEC,5,98.471,SOFT,2,Tracción Comprometida
2022,Bahrain,R,LEC,6,98.712,SOFT,2,Tracción Comprometida
2022,Bahrain,R,LEC,7,98.835,SOFT,2,Tracción Comprometida
2022,Bahrain,R,LEC,8,98.951,SOFT,2,Tracción Comprometida
2022,Bahrain,R,LEC,9,98.807,SOFT,2,Tracción Comprometida
2022,Bahrain,R,LEC,10,99.123,SOFT,2,Tracción Comprometida
2022,Bahrain,R,LEC,11,99.306,SOFT,2,Tracción Comprometida
2022,Bahrain,R,LEC,12,99.256,SOFT,2,Tracción Comprometida
2022,Bahrain,R,LEC,13,99.279,SOFT,2,Tracción Comprometida
2022,Bahrain,R,LEC,14,99.629,SOFT,2,Tracción Comprometida
2022,Bahrain,R,LEC,17,97.52,SOFT,2,Tracción Comprometida
2022,Bahrain,R,LEC,19,97.408,SOFT,2,Tracción Comprometida
2022,Bahrain,R,LEC,20,97.562,SOFT,2,Tracción Comprometida
2022,Bahrain,R,LEC,21,97.807,SOFT,2,Tracción Comprometida
2022,Bahrain,R,LEC,22,97.752,SOFT,2,Tracción Comprometida
2022,Bahrain,R,LEC,23,97.774,SOFT,2,Tracción Comprometida
2022,Bahrain,R,LEC,24,97.913,SOFT,2,Tracción Comprometida
2022,Bahrain,R,LEC,25,98.061,SOFT,2,Tracción Comprometida
2022,Bahrain,R,LEC,26,98.371,SOFT,2,Tracción Comprometida
2022,Bahrain,R,LEC,27,98.785,SOFT,2,Tracción Comprometida
2022,Bahrain,R,LEC,28,99.051,SOFT,2,Tracción Comprometida
2022,Bahrain,R,LEC,29,98.887,SOFT,2,Tracción Comprometida
2022,Bahrain,R,LEC,30,99.354,SOFT,2,Tracción Comprometida
2022,Bahrain,R,LEC,33,96.674,MEDIUM,2,Tracción Comprometida
2022,Bahrain,R,LEC,34,96.399,MEDIUM,2,Tracción Comprometida
2022,Bahrain,R,LEC,35,96.501,MEDIUM,2,Tracción Comprometida
2022,Bahrain,R,LEC,36,96.561,MEDIUM,2,Tracción Comprometida
2022,Bahrain,R,LEC,37,96.663,MEDIUM,2,Tracción Comprometida
2022,Bahrain,R,LEC,38,96.623,MEDIUM,2,Tracción Comprometida
2022,Bahrain,R,LEC,39,96.939,MEDIUM,2,Tracción Comprometida
2022,Bahrain,R,LEC,40,96.807,MEDIUM,2,Tracción Comprometida
2022,Bahrain,R,LEC,41,97.044,MEDIUM,2,Tracción Comprometida
2022,Bahrain,R,LEC,42,97.04,MEDIUM,2,Tracción Comprometida
2022,Bahrain,R,LEC,43,97.346,MEDIUM,2,Tracción Comprometida
2022,Bahrain,R,LEC,44,97.509,MEDIUM,2,Tracción Comprometida
2022,Bahrain,R,LEC,45,97.413,MEDIUM,2,Tracción Comprometida
2022,Bahrain,R,LEC,51,94.57,SOFT,2,Tracción Comprometida
2022,Bahrain,R,LEC,52,95.027,SOFT,2,Tracción Comprometida
2022,Bahrain,R,LEC,53,95.127,SOFT,2,Tracción Comprometida
2022,Bahrain,R,LEC,54,95.429,SOFT,2,Tracción Comprometida
2022,Bahrain,R,LEC,55,95.427,SOFT,2,Tracción Comprometida
2022,Bahrain,R,LEC,56,95.673,SOFT,2,Tracción Comprometida
2022,Bahrain,R,STR,2,101.019,SOFT,0,Ritmo de carrera
2022,Bahrain,R,STR,3,100.887,SOFT,0,Ritmo de carrera
2022,Bahrain,R,STR,20,98.94,SOFT,1,Lift and Coast
2022,Bahrain,R,STR,21,98.713,SOFT,1,Lift and Coast
2022,Bahrain,R,STR,22,99.655,SOFT,1,Lift and Coast
2022,Bahrain,R,STR,23,99.811,SOFT,1,Lift and Coast
2022,Bahrain,R,STR,24,99.887,SOFT,1,Lift and Coast
2022,Bahrain,R,STR,25,99.774,SOFT,1,Lift and Coast
2022,Bahrain,R,STR,26,100.445,SOFT,1,Lift and Coast
2022,Bahrain,R,STR,27,100.371,SOFT,2,Tracción Comprometida
2022,Bahrain,R,STR,28,100.181,SOFT,1,Lift and Coast
2022,Bahrain,R,STR,29,100.054,SOFT,1,Lift and Coast
2022,Bahrain,R,STR,30,100.85,SOFT,1,Lift and Coast
2022,Bahrain,R,STR,31,100.855,SOFT,1,Lift and Coast
2022,Bahrain,R,STR,32,100.037,SOFT,1,Lift and Coast
2022,Bahrain,R,STR,33,100.347,SOFT,1,Lift and Coast
2022,Bahrain,R,STR,34,100.363,SOFT,1,Lift and Coast
2022,Bahrain,R,STR,35,100.452,SOFT,1,Lift and Coast
2022,Bahrain,R,STR,36,100.484,SOFT,1,Lift and Coast
2022,Bahrain,R,STR,37,100.487,SOFT,1,Lift and Coast
2022,Bahrain,R,STR,40,97.861,MEDIUM,1,Lift and Coast
2022,Bahrain,R,STR,41,98.363,MEDIUM,1,Lift and Coast
2022,Bahrain,R,STR,42,98.127,MEDIUM,1,Lift and Coast
2022,Bahrain,R,STR,43,99.462,MEDIUM,1,Lift and Coast
2022,Bahrain,R,STR,44,98.281,MEDIUM,1,Lift and Coast
2022,Bahrain,R,STR,49,97.146,SOFT,1,Lift and Coast
2022,Bahrain,R,STR,50,97.326,SOFT,2,Tracción Comprometida
2022,Bahrain,R,STR,51,97.274,SOFT,1,Lift and Coast
2022,Bahrain,R,STR,52,97.622,SOFT,2,Tracción Comprometida
2022,Bahrain,R,STR,53,98.678,SOFT,1,Lift and Coast
2022,Bahrain,R,STR,54,97.877,SOFT,1,Lift and Coast
2022,Bahrain,R,STR,55,98.328,SOFT,1,Lift and Coast
2022,Bahrain,R,STR,56,98.829,SOFT,1,Lift and Coast
2022,Bahrain,R,MAG,2,98.993,SOFT,1,Lift and Coast
2022,Bahrain,R,MAG,4,99.642,SOFT,0,Ritmo de carrera
2022,Bahrain,R,MAG,5,101.169,SOFT,0,Ritmo de carrera
2022,Bahrain,R,MAG,6,100.338,SOFT,2,Tracción Comprometida
2022,Bahrain,R,MAG,7,100.555,SOFT,2,Tracción Comprometida
2022,Bahrain,R,MAG,8,100.451,SOFT,2,Tracción Comprometida
2022,Bahrain,R,MAG,9,100.756,SOFT,1,Lift and Coast
2022,Bahrain,R,MAG,11,101.064,SOFT,1,Lift and Coast
2022,Bahrain,R,MAG,16,97.968,SOFT,3,Vuelta de ataque
2022,Bahrain,R,MAG,17,98.216,SOFT,2,Tracción Comprometida
2022,Bahrain,R,MAG,18,98.442,SOFT,1,Lift and Coast
2022,Bahrain,R,MAG,19,98.539,SOFT,0,Ritmo de carrera
2022,Bahrain,R,MAG,20,98.883,SOFT,0,Ritmo de carrera
2022,Bahrain,R,MAG,21,98.859,SOFT,2,Tracción Comprometida
2022,Bahrain,R,MAG,22,99.058,SOFT,0,Ritmo de carrera
2022,Bahrain,R,MAG,23,99.12,SOFT,2,Tracción Comprometida
2022,Bahrain,R,MAG,24,99.384,SOFT,2,Tracción Comprometida
2022,Bahrain,R,MAG,25,99.52,SOFT,1,Lift and Coast
2022,Bahrain,R,MAG,26,99.756,SOFT,0,Ritmo de carrera
2022,Bahrain,R,MAG,27,99.796,SOFT,2,Tracción Comprometida
2022,Bahrain,R,MAG,28,99.774,SOFT,2,Tracción Comprometida
2022,Bahrain,R,MAG,29,99.984,SOFT,2,Tracción Comprometida
2022,Bahrain,R,MAG,30,100.174,SOFT,1,Lift and Coast
2022,Bahrain,R,MAG,31,100.233,SOFT,2,Tracción Comprometida
2022,Bahrain,R,MAG,32,100.522,SOFT,2,Tracción Comprometida
2022,Bahrain,R,MAG,33,100.523,SOFT,2,Tracción Comprometida
2022,Bahrain,R,MAG,36,97.941,MEDIUM,0,Ritmo de carrera
2022,Bahrain,R,MAG,37,96.903,MEDIUM,2,Tracción Comprometida
2022,Bahrain,R,MAG,38,97.636,MEDIUM,2,Tracción Comprometida
2022,Bahrain,R,MAG,39,97.566,MEDIUM,2,Tracción Comprometida
2022,Bahrain,R,MAG,40,97.901,MEDIUM,0,Ritmo de carrera
2022,Bahrain,R,MAG,41,97.726,MEDIUM,3,Vuelta de ataque
2022,Bahrain,R,MAG,42,98.006,MEDIUM,2,Tracción Comprometida
2022,Bahrain,R,MAG,43,98.178,MEDIUM,0,Ritmo de carrera
2022,Bahrain,R,MAG,44,98.688,MEDIUM,2,Tracción Comprometida
2022,Bahrain,R,MAG,51,97.343,SOFT,0,Ritmo de carrera
2022,Bahrain,R,MAG,52,96.86,SOFT,3,Vuelta de ataque
2022,Bahrain,R,MAG,53,96.623,SOFT,0,Ritmo de carrera
2022,Bahrain,R,MAG,54,96.96,SOFT,3,Vuelta de ataque
2022,Bahrain,R,MAG,55,96.937,SOFT,0,Ritmo de carrera
2022,Bahrain,R,MAG,56,97.091,SOFT,0,Ritmo de carrera
2022,Bahrain,R,MAG,57,97.741,SOFT,0,Ritmo de carrera
2022,Bahrain,R,TSU,2,100.697,SOFT,1,Lift and Coast
2022,Bahrain,R,TSU,3,100.618,SOFT,1,Lift and Coast
2022,Bahrain,R,TSU,4,100.958,SOFT,0,Ritmo de carrera
2022,Bahrain,R,TSU,5,100.363,SOFT,1,Lift and Coast
2022,Bahrain,R,TSU,6,100.611,SOFT,1,Lift and Coast
2022,Bahrain,R,TSU,7,100.754,SOFT,1,Lift and Coast
2022,Bahrain,R,TSU,9,100.9,SOFT,1,Lift and Coast
2022,Bahrain,R,TSU,10,101.182,SOFT,1,Lift and Coast
2022,Bahrain,R,TSU,12,101.096,SOFT,1,Lift and Coast
2022,Bahrain,R,TSU,17,99.939,MEDIUM,0,Ritmo de carrera
2022,Bahrain,R,TSU,18,98.76,MEDIUM,1,Lift and Coast
2022,Bahrain,R,TSU,19,99.011,MEDIUM,1,Lift and Coast
2022,Bahrain,R,TSU,20,99.069,MEDIUM,0,Ritmo de carrera
2022,Bahrain,R,TSU,21,99.294,MEDIUM,1,Lift and Coast
2022,Bahrain,R,TSU,22,99.574,MEDIUM,1,Lift and Coast
2022,Bahrain,R,TSU,23,99.569,MEDIUM,0,Ritmo de carrera
2022,Bahrain,R,TSU,24,99.576,MEDIUM,0,Ritmo de carrera
2022,Bahrain,R,TSU,25,100.376,MEDIUM,1,Lift and Coast
2022,Bahrain,R,TSU,26,99.871,MEDIUM,1,Lift and Coast
2022,Bahrain,R,TSU,27,100.325,MEDIUM,0,Ritmo de carrera
2022,Bahrain,R,TSU,28,99.952,MEDIUM,1,Lift and Coast
2022,Bahrain,R,TSU,31,98.722,SOFT,0,Ritmo de carrera
2022,Bahrain,R,TSU,32,97.885,SOFT,0,Ritmo de carrera
2022,Bahrain,R,TSU,33,98.98,SOFT,1,Lift and Coast
2022,Bahrain,R,TSU,34,98.484,SOFT,1,Lift and Coast
2022,Bahrain,R,TSU,35,98.523,SOFT,1,Lift and Coast
2022,Bahrain,R,TSU,36,98.647,SOFT,0,Ritmo de carrera
2022,Bahrain,R,TSU,37,98.289,SOFT,0,Ritmo de carrera
2022,Bahrain,R,TSU,38,98.713,SOFT,1,Lift and Coast
2022,Bahrain,R,TSU,39,98.912,SOFT,0,Ritmo de carrera
2022,Bahrain,R,TSU,40,98.377,SOFT,1,Lift and Coast
2022,Bahrain,R,TSU,41,98.693,SOFT,0,Ritmo de carrera
2022,Bahrain,R,TSU,42,98.772,SOFT,1,Lift and Coast
2022,Bahrain,R,TSU,43,98.93,SOFT,0,Ritmo de carrera
2022,Bahrain,R,TSU,44,101.039,SOFT,0,Ritmo de carrera
2022,Bahrain,R,TSU,51,98.166,SOFT,0,Ritmo de carrera
2022,Bahrain,R,TSU,52,97.475,SOFT,0,Ritmo de carrera
2022,Bahrain,R,TSU,53,97.104,SOFT,0,Ritmo de carrera
2022,Bahrain,R,TSU,54,97.268,SOFT,0,Ritmo de carrera
2022,Bahrain,R,TSU,55,97.264,SOFT,0,Ritmo de carrera
2022,Bahrain,R,TSU,56,97.565,SOFT,1,Lift and Coast
2022,Bahrain,R,TSU,57,98.891,SOFT,0,Ritmo de carrera
2022,Bahrain,R,ALB,2,100.548,SOFT,0,Ritmo de carrera
2022,Bahrain,R,ALB,3,100.664,SOFT,0,Ritmo de carrera
2022,Bahrain,R,ALB,4,101.126,SOFT,2,Tracción Comprometida
2022,Bahrain,R,ALB,15,99.517,MEDIUM,1,Lift and Coast
2022,Bahrain,R,ALB,16,100.164,MEDIUM,0,Ritmo de carrera
2022,Bahrain,R,ALB,17,100.265,MEDIUM,1,Lift and Coast
2022,Bahrain,R,ALB,18,100.225,MEDIUM,1,Lift and Coast
2022,Bahrain,R,ALB,19,100.8,MEDIUM,1,Lift and Coast
2022,Bahrain,R,ALB,20,100.239,MEDIUM,1,Lift and Coast
2022,Bahrain,R,ALB,21,101.181,MEDIUM,0,Ritmo de carrera
2022,Bahrain,R,ALB,22,100.816,MEDIUM,0,Ritmo de carrera
2022,Bahrain,R,ALB,23,100.736,MEDIUM,1,Lift and Coast
2022,Bahrain,R,ALB,24,100.669,MEDIUM,1,Lift and Coast
2022,Bahrain,R,ALB,25,101.032,MEDIUM,1,Lift and Coast
2022,Bahrain,R,ALB,30,101.02,MEDIUM,1,Lift and Coast
2022,Bahrain,R,ALB,33,100.863,MEDIUM,1,Lift and Coast
2022,Bahrain,R,ALB,37,99.165,MEDIUM,0,Ritmo de carrera
2022,Bahrain,R,ALB,38,99.127,MEDIUM,1,Lift and Coast
2022,Bahrain,R,ALB,39,99.025,MEDIUM,1,Lift and Coast
2022,Bahrain,R,ALB,40,99.14,MEDIUM,1,Lift and Coast
2022,Bahrain,R,ALB,41,99.285,MEDIUM,1,Lift and Coast
2022,Bahrain,R,ALB,42,99.255,MEDIUM,1,Lift and Coast
2022,Bahrain,R,ALB,43,99.325,MEDIUM,0,Ritmo de carrera
2022,Bahrain,R,ALB,49,100.113,SOFT,1,Lift and Coast
2022,Bahrain,R,ALB,50,97.355,SOFT,0,Ritmo de carrera
2022,Bahrain,R,ALB,51,97.702,SOFT,0,Ritmo de carrera
2022,Bahrain,R,ALB,52,97.717,SOFT,1,Lift and Coast
2022,Bahrain,R,ALB,53,98.073,SOFT,0,Ritmo de carrera
2022,Bahrain,R,ALB,54,98.356,SOFT,1,Lift and Coast
2022,Bahrain,R,ALB,55,98.826,SOFT,1,Lift and Coast
2022,Bahrain,R,ALB,56,99.202,SOFT,0,Ritmo de carrera
2022,Bahrain,R,ALB,57,100.132,SOFT,2,Tracción Comprometida
2022,Bahrain,R,ZHO,3,100.183,SOFT,0,Ritmo de carrera
2022,Bahrain,R,ZHO,4,100.393,SOFT,1,Lift and Coast
2022,Bahrain,R,ZHO,7,100.62,SOFT,0,Ritmo de carrera
2022,Bahrain,R,ZHO,11,101.057,SOFT,2,Tracción Comprometida
2022,Bahrain,R,ZHO,14,101.185,SOFT,0,Ritmo de carrera
2022,Bahrain,R,ZHO,17,98.348,MEDIUM,0,Ritmo de carrera
2022,Bahrain,R,ZHO,18,99.814,MEDIUM,0,Ritmo de carrera
2022,Bahrain,R,ZHO,19,98.63,MEDIUM,0,Ritmo de carrera
2022,Bahrain,R,ZHO,20,98.954,MEDIUM,1,Lift and Coast
2022,Bahrain,R,ZHO,21,99.047,MEDIUM,0,Ritmo de carrera
2022,Bahrain,R,ZHO,22,99.351,MEDIUM,1,Lift and Coast
2022,Bahrain,R,ZHO,23,99.304,MEDIUM,1,Lift and Coast
2022,Bahrain,R,ZHO,24,99.582,MEDIUM,2,Tracción Comprometida
2022,Bahrain,R,ZHO,25,99.849,MEDIUM,0,Ritmo de carrera
2022,Bahrain,R,ZHO,26,99.742,MEDIUM,0,Ritmo de carrera
2022,Bahrain,R,ZHO,27,100.07,MEDIUM,1,Lift and Coast
2022,Bahrain,R,ZHO,28,100.004,MEDIUM,0,Ritmo de carrera
2022,Bahrain,R,ZHO,29,100.446,MEDIUM,1,Lift and Coast
2022,Bahrain,R,ZHO,30,99.836,MEDIUM,1,Lift and Coast
2022,Bahrain,R,ZHO,31,99.748,MEDIUM,0,Ritmo de carrera
2022,Bahrain,R,ZHO,32,99.814,MEDIUM,1,Lift and Coast
2022,Bahrain,R,ZHO,33,99.842,MEDIUM,1,Lift and Coast
2022,Bahrain,R,ZHO,34,99.851,MEDIUM,2,Tracción Comprometida
2022,Bahrain,R,ZHO,35,99.954,MEDIUM,0,Ritmo de carrera
2022,Bahrain,R,ZHO,36,100.185,MEDIUM,0,Ritmo de carrera
2022,Bahrain,R,ZHO,39,96.685,MEDIUM,3,Vuelta de ataque
2022,Bahrain,R,ZHO,40,96.742,MEDIUM,0,Ritmo de carrera
2022,Bahrain,R,ZHO,41,96.745,MEDIUM,3,Vuelta de ataque
2022,Bahrain,R,ZHO,42,97.522,MEDIUM,0,Ritmo de carrera
2022,Bahrain,R,ZHO,43,97.667,MEDIUM,0,Ritmo de carrera
2022,Bahrain,R,ZHO,44,97.785,MEDIUM,1,Lift and Coast
2022,Bahrain,R,ZHO,51,99.725,SOFT,0,Ritmo de carrera
2022,Bahrain,R,ZHO,52,98.278,SOFT,0,Ritmo de carrera
2022,Bahrain,R,ZHO,53,97.162,SOFT,3,Vuelta de ataque
2022,Bahrain,R,ZHO,54,97.247,SOFT,3,Vuelta de ataque
2022,Bahrain,R,ZHO,55,97.132,SOFT,3,Vuelta de ataque
2022,Bahrain,R,ZHO,56,97.154,SOFT,0,Ritmo de carrera
2022,Bahrain,R,ZHO,57,98.941,SOFT,0,Ritmo de carrera
2022,Bahrain,R,HUL,2,101.077,SOFT,0,Ritmo de carrera
2022,Bahrain,R,HUL,3,100.638,SOFT,0,Ritmo de carrera
2022,Bahrain,R,HUL,4,101.189,SOFT,0,Ritmo de carrera
2022,Bahrain,R,HUL,21,99.18,SOFT,1,Lift and Coast
2022,Bahrain,R,HUL,22,99.307,SOFT,1,Lift and Coast
2022,Bahrain,R,HUL,23,99.22,SOFT,1,Lift and Coast
2022,Bahrain,R,HUL,24,99.307,SOFT,1,Lift and Coast
2022,Bahrain,R,HUL,25,99.689,SOFT,1,Lift and Coast
2022,Bahrain,R,HUL,26,99.506,SOFT,1,Lift and Coast
2022,Bahrain,R,HUL,27,99.84,SOFT,1,Lift and Coast
2022,Bahrain,R,HUL,30,100.483,SOFT,1,Lift and Coast
2022,Bahrain,R,HUL,31,100.473,SOFT,1,Lift and Coast
2022,Bahrain,R,HUL,32,101.036,SOFT,1,Lift and Coast
2022,Bahrain,R,HUL,33,100.07,SOFT,1,Lift and Coast
2022,Bahrain,R,HUL,35,100.815,SOFT,1,Lift and Coast
2022,Bahrain,R,HUL,36,100.658,SOFT,0,Ritmo de carrera
2022,Bahrain,R,HUL,39,98.819,MEDIUM,1,Lift and Coast
2022,Bahrain,R,HUL,40,98.751,MEDIUM,1,Lift and Coast
2022,Bahrain,R,HUL,41,98.361,MEDIUM,1,Lift and Coast
2022,Bahrain,R,HUL,42,99.671,MEDIUM,1,Lift and Coast
2022,Bahrain,R,HUL,43,100.222,MEDIUM,0,Ritmo de carrera
2022,Bahrain,R,HUL,49,98.201,SOFT,0,Ritmo de carrera
2022,Bahrain,R,HUL,50,98.299,SOFT,1,Lift and Coast
2022,Bahrain,R,HUL,51,98.243,SOFT,0,Ritmo de carrera
2022,Bahrain,R,HUL,52,98.599,SOFT,0,Ritmo de carrera
2022,Bahrain,R,HUL,53,98.452,SOFT,1,Lift and Coast
2022,Bahrain,R,HUL,54,98.533,SOFT,0,Ritmo de carrera
2022,Bahrain,R,HUL,55,99.236,SOFT,0,Ritmo de carrera
2022,Bahrain,R,HUL,56,99.102,SOFT,1,Lift and Coast
2022,Bahrain,R,RIC,19,99.374,SOFT,1,Lift and Coast
2022,Bahrain,R,RIC,20,99.349,SOFT,1,Lift and Coast
2022,Bahrain,R,RIC,21,99.722,SOFT,1,Lift and Coast
2022,Bahrain,R,RIC,22,99.715,SOFT,1,Lift and Coast
2022,Bahrain,R,RIC,23,99.832,SOFT,1,Lift and Coast
2022,Bahrain,R,RIC,24,100.273,SOFT,1,Lift and Coast
2022,Bahrain,R,RIC,25,100.367,SOFT,1,Lift and Coast
2022,Bahrain,R,RIC,26,100.521,SOFT,1,Lift and Coast
2022,Bahrain,R,RIC,27,100.869,SOFT,0,Ritmo de carrera
2022,Bahrain,R,RIC,28,101.188,SOFT,0,Ritmo de carrera
2022,Bahrain,R,RIC,29,100.627,SOFT,1,Lift and Coast
2022,Bahrain,R,RIC,30,100.647,SOFT,1,Lift and Coast
2022,Bahrain,R,RIC,31,100.631,SOFT,1,Lift and Coast
2022,Bahrain,R,RIC,32,100.686,SOFT,1,Lift and Coast
2022,Bahrain,R,RIC,35,100.424,HARD,2,Tracción Comprometida
2022,Bahrain,R,RIC,36,98.927,HARD,1,Lift and Coast
2022,Bahrain,R,RIC,37,98.988,HARD,1,Lift and Coast
2022,Bahrain,R,RIC,38,99.146,HARD,1,Lift and Coast
2022,Bahrain,R,RIC,39,99.32,HARD,1,Lift and Coast
2022,Bahrain,R,RIC,40,99.157,HARD,1,Lift and Coast
2022,Bahrain,R,RIC,41,99.054,HARD,1,Lift and Coast
2022,Bahrain,R,RIC,42,101.069,HARD,2,Tracción Comprometida
2022,Bahrain,R,RIC,43,99.421,HARD,1,Lift and Coast
2022,Bahrain,R,RIC,49,99.453,SOFT,1,Lift and Coast
2022,Bahrain,R,RIC,50,97.261,SOFT,0,Ritmo de carrera
2022,Bahrain,R,RIC,51,97.58,SOFT,1,Lift and Coast
2022,Bahrain,R,RIC,52,97.654,SOFT,1,Lift and Coast
2022,Bahrain,R,RIC,53,97.671,SOFT,0,Ritmo de carrera
2022,Bahrain,R,RIC,54,98.12,SOFT,0,Ritmo de carrera
2022,Bahrain,R,RIC,55,98.639,SOFT,1,Lift and Coast
2022,Bahrain,R,RIC,56,98.86,SOFT,0,Ritmo de carrera
2022,Bahrain,R,RIC,57,100.084,SOFT,1,Lift and Coast
2022,Bahrain,R,OCO,2,100.111,SOFT,2,Tracción Comprometida
2022,Bahrain,R,OCO,3,100.248,SOFT,2,Tracción Comprometida
2022,Bahrain,R,OCO,4,100.209,SOFT,2,Tracción Comprometida
2022,Bahrain,R,OCO,5,100.483,SOFT,2,Tracción Comprometida
2022,Bahrain,R,OCO,6,100.558,SOFT,2,Tracción Comprometida
2022,Bahrain,R,OCO,7,100.782,SOFT,2,Tracción Comprometida
2022,Bahrain,R,OCO,8,100.442,SOFT,2,Tracción Comprometida
2022,Bahrain,R,OCO,9,100.819,SOFT,1,Lift and Coast
2022,Bahrain,R,OCO,10,100.992,SOFT,2,Tracción Comprometida
2022,Bahrain,R,OCO,11,101.082,SOFT,1,Lift and Coast
2022,Bahrain,R,OCO,12,101.094,SOFT,2,Tracción Comprometida
2022,Bahrain,R,OCO,16,100.079,MEDIUM,2,Tracción Comprometida
2022,Bahrain,R,OCO,17,98.82,MEDIUM,2,Tracción Comprometida
2022,Bahrain,R,OCO,18,100.025,MEDIUM,2,Tracción Comprometida
2022,Bahrain,R,OCO,19,98.442,MEDIUM,2,Tracción Comprometida
2022,Bahrain,R,OCO,20,98.917,MEDIUM,2,Tracción Comprometida
2022,Bahrain,R,OCO,21,99.183,MEDIUM,0,Ritmo de carrera
2022,Bahrain,R,OCO,22,99.304,MEDIUM,2,Tracción Comprometida
2022,Bahrain,R,OCO,23,99.495,MEDIUM,0,Ritmo de carrera
2022,Bahrain,R,OCO,24,99.886,MEDIUM,2,Tracción Comprometida
2022,Bahrain,R,OCO,25,100.278,MEDIUM,0,Ritmo de carrera
2022,Bahrain,R,OCO,26,99.188,MEDIUM,0,Ritmo de carrera
2022,Bahrain,R,OCO,27,99.789,MEDIUM,1,Lift and Coast
2022,Bahrain,R,OCO,28,99.766,MEDIUM,2,Tracción Comprometida
2022,Bahrain,R,OCO,29,99.877,MEDIUM,0,Ritmo de carrera
2022,Bahrain,R,OCO,32,98.298,HARD,2,Tracción Comprometida
2022,Bahrain,R,OCO,33,98.11,HARD,2,Tracción Comprometida
2022,Bahrain,R,OCO,34,98.155,HARD,1,Lift and Coast
2022,Bahrain,R,OCO,35,98.307,HARD,2,Tracción Comprometida
2022,Bahrain,R,OCO,36,98.515,HARD,2,Tracción Comprometida
2022,Bahrain,R,OCO,37,98.851,HARD,2,Tracción Comprometida
2022,Bahrain,R,OCO,38,98.21,HARD,0,Ritmo de carrera
2022,Bahrain,R,OCO,39,98.612,HARD,0,Ritmo de carrera
2022,Bahrain,R,OCO,40,98.641,HARD,3,Vuelta de ataque
2022,Bahrain,R,OCO,41,98.584,HARD,2,Tracción Comprometida
2022,Bahrain,R,OCO,42,99.064,HARD,2,Tracción Comprometida
2022,Bahrain,R,OCO,51,98.145,SOFT,2,Tracción Comprometida
2022,Bahrain,R,OCO,52,97.367,SOFT,0,Ritmo de carrera
2022,Bahrain,R,OCO,53,97.11,SOFT,2,Tracción Comprometida
2022,Bahrain,R,OCO,54,97.299,SOFT,2,Tracción Comprometida
2022,Bahrain,R,OCO,55,97.251,SOFT,0,Ritmo de carrera
2022,Bahrain,R,OCO,56,97.68,SOFT,2,Tracción Comprometida
2022,Bahrain,R,OCO,57,98.676,SOFT,0,Ritmo de carrera
2022,Bahrain,R,NOR,26,99.351,HARD,2,Tracción Comprometida
2022,Bahrain,R,NOR,27,99.175,HARD,2,Tracción Comprometida
2022,Bahrain,R,NOR,28,99.042,HARD,2,Tracción Comprometida
2022,Bahrain,R,NOR,29,98.874,HARD,2,Tracción Comprometida
2022,Bahrain,R,NOR,30,99.184,HARD,2,Tracción Comprometida
2022,Bahrain,R,NOR,31,99.251,HARD,2,Tracción Comprometida
2022,Bahrain,R,NOR,33,99.161,HARD,0,Ritmo de carrera
2022,Bahrain,R,NOR,34,100.104,HARD,2,Tracción Comprometida
2022,Bahrain,R,NOR,35,100.844,HARD,2,Tracción Comprometida
2022,Bahrain,R,NOR,36,100.766,HARD,2,Tracción Comprometida
2022,Bahrain,R,NOR,37,99.657,HARD,2,Tracción Comprometida
2022,Bahrain,R,NOR,38,99.679,HARD,2,Tracción Comprometida
2022,Bahrain,R,NOR,39,99.677,HARD,2,Tracción Comprometida
2022,Bahrain,R,NOR,43,97.204,SOFT,1,Lift and Coast
2022,Bahrain,R,NOR,49,99.907,SOFT,2,Tracción Comprometida
2022,Bahrain,R,NOR,51,96.988,SOFT,2,Tracción Comprometida
2022,Bahrain,R,NOR,52,97.208,SOFT,2,Tracción Comprometida
2022,Bahrain,R,NOR,53,97.468,SOFT,2,Tracción Comprometida
2022,Bahrain,R,NOR,54,98.018,SOFT,0,Ritmo de carrera
2022,Bahrain,R,NOR,55,98.66,SOFT,0,Ritmo de carrera
2022,Bahrain,R,NOR,56,98.987,SOFT,0,Ritmo de carrera
2022,Bahrain,R,NOR,57,100.556,SOFT,2,Tracción Comprometida
2022,Bahrain,R,HAM,2,99.002,SOFT,0,Ritmo de carrera
2022,Bahrain,R,HAM,3,99.075,SOFT,0,Ritmo de carrera
2022,Bahrain,R,HAM,4,98.892,SOFT,0,Ritmo de carrera
2022,Bahrain,R,HAM,5,98.923,SOFT,1,Lift and Coast
2022,Bahrain,R,HAM,6,99.707,SOFT,0,Ritmo de carrera
2022,Bahrain,R,HAM,7,99.682,SOFT,0,Ritmo de carrera
2022,Bahrain,R,HAM,8,99.758,SOFT,2,Tracción Comprometida
2022,Bahrain,R,HAM,9,100.274,SOFT,1,Lift and Coast
2022,Bahrain,R,HAM,13,99.33,HARD,2,Tracción Comprometida
2022,Bahrain,R,HAM,14,99.309,HARD,0,Ritmo de carrera
2022,Bahrain,R,HAM,15,98.587,HARD,2,Tracción Comprometida
2022,Bahrain,R,HAM,16,98.236,HARD,2,Tracción Comprometida
2022,Bahrain,R,HAM,17,98.644,HARD,0,Ritmo de carrera
2022,Bahrain,R,HAM,18,98.368,HARD,1,Lift and Coast
2022,Bahrain,R,HAM,19,98.393,HARD,1,Lift and Coast
2022,Bahrain,R,HAM,20,98.606,HARD,1,Lift and Coast
2022,Bahrain,R,HAM,21,98.542,HARD,1,Lift and Coast
2022,Bahrain,R,HAM,22,99.407,HARD,1,Lift and Coast
2022,Bahrain,R,HAM,23,99.109,HARD,0,Ritmo de carrera
2022,Bahrain,R,HAM,24,99.342,HARD,1,Lift and Coast
2022,Bahrain,R,HAM,25,99.186,HARD,0,Ritmo de carrera
2022,Bahrain,R,HAM,26,99.255,HARD,1,Lift and Coast
2022,Bahrain,R,HAM,29,97.871,MEDIUM,0,Ritmo de carrera
2022,Bahrain,R,HAM,30,97.506,MEDIUM,0,Ritmo de carrera
2022,Bahrain,R,HAM,31,96.66,MEDIUM,3,Vuelta de ataque
2022,Bahrain,R,HAM,32,98.29,MEDIUM,2,Tracción Comprometida
2022,Bahrain,R,HAM,33,97.085,MEDIUM,3,Vuelta de ataque
2022,Bahrain,R,HAM,34,97.593,MEDIUM,1,Lift and Coast
2022,Bahrain,R,HAM,35,97.47,MEDIUM,2,Tracción Comprometida
2022,Bahrain,R,HAM,36,97.66,MEDIUM,1,Lift and Coast
2022,Bahrain,R,HAM,37,97.771,MEDIUM,2,Tracción Comprometida
2022,Bahrain,R,HAM,38,97.942,MEDIUM,0,Ritmo de carrera
2022,Bahrain,R,HAM,39,97.668,MEDIUM,0,Ritmo de carrera
2022,Bahrain,R,HAM,40,97.898,MEDIUM,2,Tracción Comprometida
2022,Bahrain,R,HAM,41,97.912,MEDIUM,2,Tracción Comprometida
2022,Bahrain,R,HAM,42,98.422,MEDIUM,2,Tracción Comprometida
2022,Bahrain,R,HAM,43,98.205,MEDIUM,2,Tracción Comprometida
2022,Bahrain,R,HAM,44,101.007,MEDIUM,0,Ritmo de carrera
2022,Bahrain,R,HAM,51,96.487,SOFT,0,Ritmo de carrera
2022,Bahrain,R,HAM,52,96.36,SOFT,3,Vuelta de ataque
2022,Bahrain,R,HAM,53,96.228,SOFT,0,Ritmo de carrera
2022,Bahrain,R,HAM,54,96.354,SOFT,0,Ritmo de carrera
2022,Bahrain,R,HAM,55,96.566,SOFT,0,Ritmo de carrera
2022,Bahrain,R,HAM,56,96.481,SOFT,0,Ritmo de carrera
2022,Bahrain,R,HAM,57,96.918,SOFT,2,Tracción Comprometida
2022,Bahrain,R,MSC,2,100.722,SOFT,1,Lift and Coast
2022,Bahrain,R,MSC,3,100.747,SOFT,0,Ritmo de carrera
2022,Bahrain,R,MSC,4,101.163,SOFT,0,Ritmo de carrera
2022,Bahrain,R,MSC,14,98.179,MEDIUM,0,Ritmo de carrera
2022,Bahrain,R,MSC,15,99.109,MEDIUM,0,Ritmo de carrera
2022,Bahrain,R,MSC,16,99.406,MEDIUM,0,Ritmo de carrera
2022,Bahrain,R,MSC,17,100.565,MEDIUM,0,Ritmo de carrera
2022,Bahrain,R,MSC,18,99.878,MEDIUM,0,Ritmo de carrera
2022,Bahrain,R,MSC,19,100.091,MEDIUM,0,Ritmo de carrera
2022,Bahrain,R,MSC,20,99.295,MEDIUM,0,Ritmo de carrera
2022,Bahrain,R,MSC,21,99.816,MEDIUM,0,Ritmo de carrera
2022,Bahrain,R,MSC,22,99.964,MEDIUM,0,Ritmo de carrera
2022,Bahrain,R,MSC,23,100.636,MEDIUM,0,Ritmo de carrera
2022,Bahrain,R,MSC,24,100.154,MEDIUM,2,Tracción Comprometida
2022,Bahrain,R,MSC,25,100.62,MEDIUM,2,Tracción Comprometida
2022,Bahrain,R,MSC,26,100.547,MEDIUM,0,Ritmo de carrera
2022,Bahrain,R,MSC,27,100.987,MEDIUM,1,Lift and Coast
2022,Bahrain,R,MSC,28,100.69,MEDIUM,0,Ritmo de carrera
2022,Bahrain,R,MSC,29,100.919,MEDIUM,0,Ritmo de carrera
2022,Bahrain,R,MSC,31,100.914,MEDIUM,0,Ritmo de carrera
2022,Bahrain,R,MSC,32,100.916,MEDIUM,0,Ritmo de carrera
2022,Bahrain,R,MSC,34,101.178,MEDIUM,0,Ritmo de carrera
2022,Bahrain,R,MSC,37,96.956,SOFT,0,Ritmo de carrera
2022,Bahrain,R,MSC,38,97.176,SOFT,2,Tracción Comprometida
2022,Bahrain,R,MSC,39,97.433,SOFT,0,Ritmo de carrera
2022,Bahrain,R,MSC,40,97.947,SOFT,2,Tracción Comprometida
2022,Bahrain,R,MSC,41,98.182,SOFT,0,Ritmo de carrera
2022,Bahrain,R,MSC,42,97.957,SOFT,0,Ritmo de carrera
2022,Bahrain,R,MSC,43,98.137,SOFT,2,Tracción Comprometida
2022,Bahrain,R,MSC,44,98.279,SOFT,1,Lift and Coast
2022,Bahrain,R,MSC,51,100.528,SOFT,2,Tracción Comprometida
2022,Bahrain,R,MSC,52,99.537,SOFT,0,Ritmo de carrera
2022,Bahrain,R,MSC,53,98.537,SOFT,0,Ritmo de carrera
2022,Bahrain,R,MSC,54,98.747,SOFT,0,Ritmo de carrera
2022,Bahrain,R,MSC,55,99.201,SOFT,0,Ritmo de carrera
2022,Bahrain,R,MSC,56,99.09,SOFT,0,Ritmo de carrera
2022,Bahrain,R,MSC,57,100.498,SOFT,0,Ritmo de carrera
2022,Bahrain,R,SAI,1,101.006,SOFT,0,Ritmo de carrera
2022,Bahrain,R,SAI,2,98.649,SOFT,1,Lift and Coast
2022,Bahrain,R,SAI,3,99.049,SOFT,1,Lift and Coast
2022,Bahrain,R,SAI,4,98.923,SOFT,3,Vuelta de ataque
2022,Bahrain,R,SAI,5,99.101,SOFT,3,Vuelta de ataque
2022,Bahrain,R,SAI,6,99.594,SOFT,3,Vuelta de ataque
2022,Bahrain,R,SAI,7,99.588,SOFT,3,Vuelta de ataque
2022,Bahrain,R,SAI,8,99.275,SOFT,1,Lift and Coast
2022,Bahrain,R,SAI,9,99.424,SOFT,1,Lift and Coast
2022,Bahrain,R,SAI,10,99.682,SOFT,3,Vuelta de ataque
2022,Bahrain,R,SAI,11,99.942,SOFT,3,Vuelta de ataque
2022,Bahrain,R,SAI,12,100.097,SOFT,2,Tracción Comprometida
2022,Bahrain,R,SAI,13,100.165,SOFT,1,Lift and Coast
2022,Bahrain,R,SAI,16,97.477,SOFT,1,Lift and Coast
2022,Bahrain,R,SAI,17,97.172,SOFT,1,Lift and Coast
2022,Bahrain,R,SAI,18,97.561,SOFT,1,Lift and Coast
2022,Bahrain,R,SAI,19,97.581,SOFT,1,Lift and Coast
2022,Bahrain,R,SAI,20,98.059,SOFT,3,Vuelta de ataque
2022,Bahrain,R,SAI,21,97.721,SOFT,3,Vuelta de ataque
2022,Bahrain,R,SAI,22,97.914,SOFT,3,Vuelta de ataque
2022,Bahrain,R,SAI,23,98.244,SOFT,3,Vuelta de ataque
2022,Bahrain,R,SAI,24,98.242,SOFT,3,Vuelta de ataque
2022,Bahrain,R,SAI,25,98.264,SOFT,3,Vuelta de ataque
2022,Bahrain,R,SAI,26,98.444,SOFT,1,Lift and Coast
2022,Bahrain,R,SAI,27,98.846,SOFT,1,Lift and Coast
2022,Bahrain,R,SAI,28,98.729,SOFT,3,Vuelta de ataque
2022,Bahrain,R,SAI,29,98.953,SOFT,2,Tracción Comprometida
2022,Bahrain,R,SAI,30,99.004,SOFT,1,Lift and Coast
2022,Bahrain,R,SAI,31,99.105,SOFT,3,Vuelta de ataque
2022,Bahrain,R,SAI,32,99.386,SOFT,2,Tracción Comprometida
2022,Bahrain,R,SAI,35,96.454,MEDIUM,1,Lift and Coast
2022,Bahrain,R,SAI,36,96.6,MEDIUM,1,Lift and Coast
2022,Bahrain,R,SAI,37,96.893,MEDIUM,1,Lift and Coast
2022,Bahrain,R,SAI,38,97.012,MEDIUM,1,Lift and Coast
2022,Bahrain,R,SAI,39,97.044,MEDIUM,3,Vuelta de ataque
2022,Bahrain,R,SAI,40,97.271,MEDIUM,3,Vuelta de ataque
2022,Bahrain,R,SAI,41,96.771,MEDIUM,3,Vuelta de ataque
2022,Bahrain,R,SAI,42,97.269,MEDIUM,2,Tracción Comprometida
2022,Bahrain,R,SAI,43,97.26,MEDIUM,3,Vuelta de ataque
2022,Bahrain,R,SAI,44,99.699,MEDIUM,0,Ritmo de carrera
2022,Bahrain,R,SAI,51,95.992,SOFT,3,Vuelta de ataque
2022,Bahrain,R,SAI,52,95.74,SOFT,3,Vuelta de ataque
2022,Bahrain,R,SAI,53,95.88,SOFT,3,Vuelta de ataque
2022,Bahrain,R,SAI,54,96.565,SOFT,0,Ritmo de carrera
2022,Bahrain,R,SAI,55,96.075,SOFT,3,Vuelta de ataque
2022,Bahrain,R,SAI,56,95.767,SOFT,3,Vuelta de ataque
2022,Bahrain,R,SAI,57,96.269,SOFT,1,Lift and Coast
2022,Bahrain,R,LAT,16,99.239,SOFT,1,Lift and Coast
2022,Bahrain,R,LAT,17,99.655,SOFT,1,Lift and Coast
2022,Bahrain,R,LAT,18,100.272,SOFT,1,Lift and Coast
2022,Bahrain,R,LAT,19,100.245,SOFT,1,Lift and Coast
2022,Bahrain,R,LAT,20,100.489,SOFT,1,Lift and Coast
2022,Bahrain,R,LAT,22,101.036,SOFT,1,Lift and Coast
2022,Bahrain,R,LAT,24,101.118,SOFT,1,Lift and Coast
2022,Bahrain,R,LAT,25,101.031,SOFT,1,Lift and Coast
2022,Bahrain,R,LAT,26,101.161,SOFT,1,Lift and Coast
2022,Bahrain,R,LAT,27,101.182,SOFT,2,Tracción Comprometida
2022,Bahrain,R,LAT,34,99.285,MEDIUM,1,Lift and Coast
2022,Bahrain,R,LAT,35,99.763,MEDIUM,0,Ritmo de carrera
2022,Bahrain,R,LAT,36,99.455,MEDIUM,1,Lift and Coast
2022,Bahrain,R,LAT,38,99.891,MEDIUM,1,Lift and Coast
2022,Bahrain,R,LAT,39,100.258,MEDIUM,1,Lift and Coast
2022,Bahrain,R,LAT,40,100.219,MEDIUM,1,Lift and Coast
2022,Bahrain,R,LAT,41,99.797,MEDIUM,1,Lift and Coast
2022,Bahrain,R,LAT,42,99.937,MEDIUM,1,Lift and Coast
2022,Bahrain,R,LAT,43,100.899,MEDIUM,1,Lift and Coast
2022,Bahrain,R,LAT,49,98.651,SOFT,0,Ritmo de carrera
2022,Bahrain,R,LAT,50,98.335,SOFT,0,Ritmo de carrera
2022,Bahrain,R,LAT,51,98.251,SOFT,0,Ritmo de carrera
2022,Bahrain,R,LAT,52,98.466,SOFT,1,Lift and Coast
2022,Bahrain,R,LAT,53,98.452,SOFT,1,Lift and Coast
2022,Bahrain,R,LAT,54,98.707,SOFT,1,Lift and Coast
2022,Bahrain,R,LAT,55,99.119,SOFT,2,Tracción Comprometida
2022,Bahrain,R,LAT,56,99.145,SOFT,0,Ritmo de carrera
2022,Bahrain,R,LAT,57,99.876,SOFT,2,Tracción Comprometida
2022,Bahrain,R,RUS,2,99.694,SOFT,0,Ritmo de carrera
2022,Bahrain,R,RUS,3,99.725,SOFT,0,Ritmo de carrera
2022,Bahrain,R,RUS,4,99.772,SOFT,0,Ritmo de carrera
2022,Bahrain,R,RUS,5,99.041,SOFT,0,Ritmo de carrera
2022,Bahrain,R,RUS,6,99.605,SOFT,0,Ritmo de carrera
2022,Bahrain,R,RUS,7,99.934,SOFT,0,Ritmo de carrera
2022,Bahrain,R,RUS,8,99.729,SOFT,1,Lift and Coast
2022,Bahrain,R,RUS,9,100.158,SOFT,1,Lift and Coast
2022,Bahrain,R,RUS,10,100.236,SOFT,1,Lift and Coast
2022,Bahrain,R,RUS,11,100.358,SOFT,1,Lift and Coast
2022,Bahrain,R,RUS,12,100.215,SOFT,1,Lift and Coast
2022,Bahrain,R,RUS,13,100.448,SOFT,1,Lift and Coast
2022,Bahrain,R,RUS,14,100.409,SOFT,1,Lift and Coast
2022,Bahrain,R,RUS,17,98.089,HARD,3,Vuelta de ataque
2022,Bahrain,R,RUS,18,98.114,HARD,3,Vuelta de ataque
2022,Bahrain,R,RUS,19,98.307,HARD,0,Ritmo de carrera
2022,Bahrain,R,RUS,20,98.148,HARD,1,Lift and Coast
2022,Bahrain,R,RUS,21,98.633,HARD,1,Lift and Coast
2022,Bahrain,R,RUS,22,98.567,HARD,0,Ritmo de carrera
2022,Bahrain,R,RUS,23,98.896,HARD,0,Ritmo de carrera
2022,Bahrain,R,RUS,24,99.286,HARD,0,Ritmo de carrera
2022,Bahrain,R,RUS,25,99.165,HARD,0,Ritmo de carrera
2022,Bahrain,R,RUS,26,99.306,HARD,1,Lift and Coast
2022,Bahrain,R,RUS,27,99.096,HARD,1,Lift and Coast
2022,Bahrain,R,RUS,28,99.297,HARD,1,Lift and Coast
2022,Bahrain,R,RUS,29,99.274,HARD,1,Lift and Coast
2022,Bahrain,R,RUS,30,99.454,HARD,1,Lift and Coast
2022,Bahrain,R,RUS,31,99.438,HARD,1,Lift and Coast
2022,Bahrain,R,RUS,32,99.738,HARD,0,Ritmo de carrera
2022,Bahrain,R,RUS,35,97.216,MEDIUM,3,Vuelta de ataque
2022,Bahrain,R,RUS,36,97.527,MEDIUM,1,Lift and Coast
2022,Bahrain,R,RUS,37,97.753,MEDIUM,0,Ritmo de carrera
2022,Bahrain,R,RUS,38,97.792,MEDIUM,1,Lift and Coast
2022,Bahrain,R,RUS,39,97.721,MEDIUM,0,Ritmo de carrera
2022,Bahrain,R,RUS,40,97.79,MEDIUM,1,Lift and Coast
2022,Bahrain,R,RUS,41,97.783,MEDIUM,1,Lift and Coast
2022,Bahrain,R,RUS,42,98.111,MEDIUM,0,Ritmo de carrera
2022,Bahrain,R,RUS,43,98.747,MEDIUM,0,Ritmo de carrera
2022,Bahrain,R,RUS,44,98.297,MEDIUM,0,Ritmo de carrera
2022,Bahrain,R,RUS,51,96.94,SOFT,0,Ritmo de carrera
2022,Bahrain,R,RUS,52,96.529,SOFT,0,Ritmo de carrera
2022,Bahrain,R,RUS,53,96.367,SOFT,3,Vuelta de ataque
2022,Bahrain,R,RUS,54,96.592,SOFT,1,Lift and Coast
2022,Bahrain,R,RUS,55,96.395,SOFT,0,Ritmo de carrera
2022,Bahrain,R,RUS,56,96.302,SOFT,3,Vuelta de ataque
2022,Bahrain,R,RUS,57,97.401,SOFT,0,Ritmo de carrera
2022,Bahrain,R,BOT,2,100.817,SOFT,2,Tracción Comprometida
2022,Bahrain,R,BOT,3,100.732,SOFT,0,Ritmo de carrera
2022,Bahrain,R,BOT,4,101.127,SOFT,0,Ritmo de carrera
2022,Bahrain,R,BOT,6,101.003,SOFT,0,Ritmo de carrera
2022,Bahrain,R,BOT,9,100.586,SOFT,2,Tracción Comprometida
2022,Bahrain,R,BOT,10,100.788,SOFT,2,Tracción Comprometida
2022,Bahrain,R,BOT,11,101.075,SOFT,1,Lift and Coast
2022,Bahrain,R,BOT,12,101.073,SOFT,2,Tracción Comprometida
2022,Bahrain,R,BOT,16,100.259,MEDIUM,0,Ritmo de carrera
2022,Bahrain,R,BOT,17,100.103,MEDIUM,0,Ritmo de carrera
2022,Bahrain,R,BOT,18,98.901,MEDIUM,0,Ritmo de carrera
2022,Bahrain,R,BOT,19,98.831,MEDIUM,0,Ritmo de carrera
2022,Bahrain,R,BOT,20,98.96,MEDIUM,2,Tracción Comprometida
2022,Bahrain,R,BOT,21,99.279,MEDIUM,0,Ritmo de carrera
2022,Bahrain,R,BOT,22,99.774,MEDIUM,0,Ritmo de carrera
2022,Bahrain,R,BOT,23,99.339,MEDIUM,2,Tracción Comprometida
2022,Bahrain,R,BOT,24,99.65,MEDIUM,2,Tracción Comprometida
2022,Bahrain,R,BOT,25,100.341,MEDIUM,0,Ritmo de carrera
2022,Bahrain,R,BOT,26,99.777,MEDIUM,2,Tracción Comprometida
2022,Bahrain,R,BOT,27,100.338,MEDIUM,2,Tracción Comprometida
2022,Bahrain,R,BOT,28,99.88,MEDIUM,0,Ritmo de carrera
2022,Bahrain,R,BOT,29,100.641,MEDIUM,2,Tracción Comprometida
2022,Bahrain,R,BOT,30,99.268,MEDIUM,3,Vuelta de ataque
2022,Bahrain,R,BOT,31,99.806,MEDIUM,2,Tracción Comprometida
2022,Bahrain,R,BOT,32,99.65,MEDIUM,2,Tracción Comprometida
2022,Bahrain,R,BOT,33,99.815,MEDIUM,2,Tracción Comprometida
2022,Bahrain,R,BOT,34,99.739,MEDIUM,1,Lift and Coast
2022,Bahrain,R,BOT,35,99.619,MEDIUM,2,Tracción Comprometida
2022,Bahrain,R,BOT,38,96.641,MEDIUM,3,Vuelta de ataque
2022,Bahrain,R,BOT,39,97.067,MEDIUM,3,Vuelta de ataque
2022,Bahrain,R,BOT,40,97.497,MEDIUM,0,Ritmo de carrera
2022,Bahrain,R,BOT,41,97.687,MEDIUM,3,Vuelta de ataque
2022,Bahrain,R,BOT,42,97.498,MEDIUM,0,Ritmo de carrera
2022,Bahrain,R,BOT,43,98.681,MEDIUM,1,Lift and Coast
2022,Bahrain,R,BOT,44,98.386,MEDIUM,3,Vuelta de ataque
2022,Bahrain,R,BOT,51,97.589,SOFT,0,Ritmo de carrera
2022,Bahrain,R,BOT,52,97.06,SOFT,3,Vuelta de ataque
2022,Bahrain,R,BOT,53,96.599,SOFT,0,Ritmo de carrera
2022,Bahrain,R,BOT,54,96.959,SOFT,0,Ritmo de carrera
2022,Bahrain,R,BOT,55,97.217,SOFT,0,Ritmo de carrera
2022,Bahrain,R,BOT,56,97.26,SOFT,3,Vuelta de ataque
2022,Bahrain,R,BOT,57,97.87,SOFT,0,Ritmo de carrera
2022,British,FP3,VER,2,88.541,SOFT,3,Vuelta de ataque
2022,British,FP3,VER,5,88.498,SOFT,3,Vuelta de ataque
2022,British,FP3,VER,7,88.386,SOFT,3,Vuelta de ataque
2022,British,FP3,VER,10,87.901,SOFT,3,Vuelta de ataque
2022,British,FP3,VER,13,87.984,SOFT,3,Vuelta de ataque
2022,British,FP3,RIC,2,93.058,MEDIUM,1,Lift and Coast
2022,British,FP3,RIC,4,92.147,MEDIUM,3,Vuelta de ataque
2022,British,FP3,RIC,7,91.774,MEDIUM,1,Lift and Coast
2022,British,FP3,RIC,10,91.026,MEDIUM,3,Vuelta de ataque
2022,British,FP3,RIC,14,90.436,SOFT,3,Vuelta de ataque
2022,British,FP3,RIC,16,90.293,SOFT,3,Vuelta de ataque
2022,British,FP3,NOR,2,91.939,MEDIUM,1,Lift and Coast
2022,British,FP3,NOR,4,92.207,MEDIUM,1,Lift and Coast
2022,British,FP3,NOR,6,91.004,MEDIUM,3,Vuelta de ataque
2022,British,FP3,NOR,8,90.735,MEDIUM,1,Lift and Coast
2022,British,FP3,NOR,12,89.102,SOFT,3,Vuelta de ataque
2022,British,FP3,NOR,14,89.657,SOFT,3,Vuelta de ataque
2022,British,FP3,VET,7,90.867,SOFT,3,Vuelta de ataque
2022,British,FP3,VET,10,90.66,SOFT,3,Vuelta de ataque
2022,British,FP3,VET,12,90.491,SOFT,2,Tracción Comprometida
2022,British,FP3,VET,16,89.593,SOFT,3,Vuelta de ataque
2022,British,FP3,VET,19,89.747,SOFT,3,Vuelta de ataque
2022,British,FP3,LAT,2,92.489,SOFT,1,Lift and Coast
2022,British,FP3,LAT,4,91.672,SOFT,3,Vuelta de ataque
2022,British,FP3,LAT,7,92.863,SOFT,1,Lift and Coast
2022,British,FP3,LAT,9,90.508,SOFT,3,Vuelta de ataque
2022,British,FP3,LAT,11,90.489,SOFT,3,Vuelta de ataque
2022,British,FP3,LAT,13,92.181,SOFT,3,Vuelta de ataque
2022,British,FP3,GAS,3,92.088,MEDIUM,3,Vuelta de ataque
2022,British,FP3,GAS,5,91.509,MEDIUM,1,Lift and Coast
2022,British,FP3,GAS,7,91.361,MEDIUM,1,Lift and Coast
2022,British,FP3,GAS,9,90.889,MEDIUM,3,Vuelta de ataque
2022,British,FP3,GAS,11,90.73,MEDIUM,3,Vuelta de ataque
2022,British,FP3,GAS,14,90.083,SOFT,3,Vuelta de ataque
2022,British,FP3,GAS,16,90.705,SOFT,3,Vuelta de ataque
2022,British,FP3,GAS,18,89.885,SOFT,3,Vuelta de ataque
2022,British,FP3,GAS,21,91.497,SOFT,3,Vuelta de ataque
2022,British,FP3,PER,2,89.629,SOFT,3,Vuelta de ataque
2022,British,FP3,PER,5,89.102,SOFT,3,Vuelta de ataque
2022,British,FP3,PER,8,88.928,SOFT,3,Vuelta de ataque
2022,British,FP3,PER,12,88.311,SOFT,3,Vuelta de ataque
2022,British,FP3,PER,16,88.577,SOFT,3,Vuelta de ataque
2022,British,FP3,PER,19,89.964,SOFT,3,Vuelta de ataque
2022,British,FP3,ALO,5,93.915,SOFT,1,Lift and Coast
2022,British,FP3,ALO,6,94.028,SOFT,3,Vuelta de ataque
2022,British,FP3,ALO,9,89.542,SOFT,3,Vuelta de ataque
2022,British,FP3,ALO,11,89.52,SOFT,3,Vuelta de ataque
2022,British,FP3,ALO,14,90.4,SOFT,3,Vuelta de ataque
2022,British,FP3,ALO,16,90.684,SOFT,3,Vuelta de ataque
2022,British,FP3,ALO,17,91.981,SOFT,3,Vuelta de ataque
2022,British,FP3,ALO,18,92.035,SOFT,3,Vuelta de ataque
2022,British,FP3,LEC,2,89.452,SOFT,3,Vuelta de ataque
2022,British,FP3,LEC,5,89.558,SOFT,3,Vuelta de ataque
2022,British,FP3,LEC,7,89.021,SOFT,3,Vuelta de ataque
2022,British,FP3,LEC,9,88.86,SOFT,3,Vuelta de ataque
2022,British,FP3,LEC,12,88.388,SOFT,3,Vuelta de ataque
2022,British,FP3,LEC,15,88.348,SOFT,3,Vuelta de ataque
2022,British,FP3,LEC,17,88.363,SOFT,3,Vuelta de ataque
2022,British,FP3,STR,7,90.975,SOFT,0,Ritmo de carrera
2022,British,FP3,STR,9,90.84,SOFT,3,Vuelta de ataque
2022,British,FP3,STR,12,90.387,SOFT,2,Tracción Comprometida
2022,British,FP3,STR,16,90.059,SOFT,0,Ritmo de carrera
2022,British,FP3,STR,21,90.518,SOFT,3,Vuelta de ataque
2022,British,FP3,STR,24,92.279,SOFT,0,Ritmo de carrera
2022,British,FP3,MAG,4,91.651,SOFT,3,Vuelta de ataque
2022,British,FP3,MAG,6,91.018,SOFT,3,Vuelta de ataque
2022,British,FP3,MAG,8,90.523,SOFT,3,Vuelta de ataque
2022,British,FP3,MAG,12,92.337,SOFT,3,Vuelta de ataque
2022,British,FP3,MAG,15,90.607,SOFT,3,Vuelta de ataque
2022,British,FP3,TSU,3,93.142,MEDIUM,0,Ritmo de carrera
2022,British,FP3,TSU,5,91.657,MEDIUM,3,Vuelta de ataque
2022,British,FP3,TSU,7,90.944,MEDIUM,3,Vuelta de ataque
2022,British,FP3,TSU,9,90.617,MEDIUM,1,Lift and Coast
2022,British,FP3,TSU,11,90.688,MEDIUM,0,Ritmo de carrera
2022,British,FP3,TSU,14,90.039,SOFT,0,Ritmo de carrera
2022,British,FP3,TSU,16,90.434,SOFT,3,Vuelta de ataque
2022,British,FP3,ALB,3,91.376,SOFT,3,Vuelta de ataque
2022,British,FP3,ALB,5,90.578,SOFT,3,Vuelta de ataque
2022,British,FP3,ALB,7,92.976,SOFT,2,Tracción Comprometida
2022,British,FP3,ALB,8,93.059,SOFT,1,Lift and Coast
2022,British,FP3,ALB,9,92.459,SOFT,2,Tracción Comprometida
2022,British,FP3,ALB,10,92.903,SOFT,2,Tracción Comprometida
2022,British,FP3,ALB,11,93.649,SOFT,2,Tracción Comprometida
2022,British,FP3,ALB,13,90.033,SOFT,3,Vuelta de ataque
2022,British,FP3,ALB,15,89.78,SOFT,3,Vuelta de ataque
2022,British,FP3,ALB,18,90.197,SOFT,3,Vuelta de ataque
2022,British,FP3,ZHO,2,90.921,SOFT,3,Vuelta de ataque
2022,British,FP3,ZHO,4,90.05,SOFT,3,Vuelta de ataque
2022,British,FP3,ZHO,6,90.54,SOFT,3,Vuelta de ataque
2022,British,FP3,ZHO,9,89.752,SOFT,3,Vuelta de ataque
2022,British,FP3,ZHO,11,91.478,SOFT,3,Vuelta de ataque
2022,British,FP3,ZHO,13,89.759,SOFT,3,Vuelta de ataque
2022,British,FP3,OCO,2,93.068,SOFT,2,Tracción Comprometida
2022,British,FP3,OCO,4,93.249,SOFT,1,Lift and Coast
2022,British,FP3,OCO,6,93.979,SOFT,1,Lift and Coast
2022,British,FP3,OCO,12,89.552,SOFT,3,Vuelta de ataque
2022,British,FP3,OCO,14,89.789,SOFT,3,Vuelta de ataque
2022,British,FP3,OCO,16,89.887,SOFT,3,Vuelta de ataque
2022,British,FP3,OCO,17,92.54,SOFT,1,Lift and Coast
2022,British,FP3,OCO,20,93.022,SOFT,1,Lift and Coast
2022,British,FP3,OCO,21,93.407,SOFT,1,Lift and Coast
2022,British,FP3,HAM,2,89.775,SOFT,3,Vuelta de ataque
2022,British,FP3,HAM,4,89.228,SOFT,3,Vuelta de ataque
2022,British,FP3,HAM,7,89.233,SOFT,3,Vuelta de ataque
2022,British,FP3,HAM,9,88.697,SOFT,3,Vuelta de ataque
2022,British,FP3,HAM,11,88.488,SOFT,3,Vuelta de ataque
2022,British,FP3,HAM,16,91.038,SOFT,1,Lift and Coast
2022,British,FP3,HAM,18,88.788,SOFT,3,Vuelta de ataque
2022,British,FP3,HAM,20,88.989,SOFT,3,Vuelta de ataque
2022,British,FP3,MSC,4,90.447,SOFT,3,Vuelta de ataque
2022,British,FP3,MSC,6,90.261,SOFT,3,Vuelta de ataque
2022,British,FP3,MSC,9,90.07,SOFT,3,Vuelta de ataque
2022,British,FP3,MSC,13,89.51,SOFT,3,Vuelta de ataque
2022,British,FP3,MSC,17,90.915,SOFT,3,Vuelta de ataque
2022,British,FP3,SAI,2,89.817,SOFT,1,Lift and Coast
2022,British,FP3,SAI,5,89.874,SOFT,3,Vuelta de ataque
2022,British,FP3,SAI,8,89.265,SOFT,3,Vuelta de ataque
2022,British,FP3,SAI,10,88.882,SOFT,3,Vuelta de ataque
2022,British,FP3,SAI,13,88.689,SOFT,3,Vuelta de ataque
2022,British,FP3,SAI,17,89.006,SOFT,3,Vuelta de ataque
2022,British,FP3,RUS,3,89.757,SOFT,3,Vuelta de ataque
2022,British,FP3,RUS,6,89.166,SOFT,3,Vuelta de ataque
2022,British,FP3,RUS,8,88.906,SOFT,3,Vuelta de ataque
2022,British,FP3,RUS,10,91.968,SOFT,1,Lift and Coast
2022,British,FP3,RUS,12,88.55,SOFT,3,Vuelta de ataque
2022,British,FP3,RUS,14,88.662,SOFT,3,Vuelta de ataque
2022,British,FP3,RUS,16,88.426,SOFT,3,Vuelta de ataque
2022,British,FP3,BOT,2,90.601,SOFT,0,Ritmo de carrera
2022,British,FP3,BOT,4,90.463,SOFT,3,Vuelta de ataque
2022,British,FP3,BOT,6,90.56,SOFT,3,Vuelta de ataque
2022,British,FP3,BOT,9,90.029,SOFT,3,Vuelta de ataque
2022,British,FP3,BOT,12,89.482,SOFT,3,Vuelta de ataque
2022,British,FP3,BOT,14,89.185,SOFT,1,Lift and Coast
2022,British,FP3,BOT,16,89.523,SOFT,3,Vuelta de ataque
2022,British,Q,SAI,4,103.463,INTERMEDIATE,2,Tracción Comprometida
2022,British,Q,SAI,6,101.278,INTERMEDIATE,2,Tracción Comprometida
2022,British,Q,SAI,8,100.615,INTERMEDIATE,2,Tracción Comprometida
2022,British,Q,SAI,10,100.19,INTERMEDIATE,2,Tracción Comprometida
2022,British,Q,SAI,13,104.834,INTERMEDIATE,2,Tracción Comprometida
2022,British,Q,SAI,15,101.602,INTERMEDIATE,2,Tracción Comprometida
2022,British,Q,SAI,23,102.181,INTERMEDIATE,2,Tracción Comprometida
2022,British,Q,SAI,24,100.983,INTERMEDIATE,2,Tracción Comprometida
2022,British,Q,VER,3,102.814,INTERMEDIATE,2,Tracción Comprometida
2022,British,Q,VER,5,100.452,INTERMEDIATE,2,Tracción Comprometida
2022,British,Q,VER,7,99.975,INTERMEDIATE,2,Tracción Comprometida
2022,British,Q,VER,9,99.129,INTERMEDIATE,2,Tracción Comprometida
2022,British,Q,VER,12,101.486,INTERMEDIATE,2,Tracción Comprometida
2022,British,Q,VER,13,100.655,INTERMEDIATE,2,Tracción Comprometida
2022,British,Q,VER,19,102.996,INTERMEDIATE,2,Tracción Comprometida
2022,British,Q,VER,21,101.055,INTERMEDIATE,0,Ritmo de carrera
2022,British,Q,VER,22,101.145,INTERMEDIATE,0,Ritmo de carrera
2022,British,Q,LEC,3,103.028,INTERMEDIATE,2,Tracción Comprometida
2022,British,Q,LEC,4,102.129,INTERMEDIATE,2,Tracción Comprometida
2022,British,Q,LEC,6,100.785,INTERMEDIATE,2,Tracción Comprometida
2022,British,Q,LEC,7,100.63,INTERMEDIATE,2,Tracción Comprometida
2022,British,Q,LEC,10,99.846,INTERMEDIATE,2,Tracción Comprometida
2022,British,Q,LEC,14,101.247,INTERMEDIATE,2,Tracción Comprometida
2022,British,Q,LEC,22,103.246,INTERMEDIATE,2,Tracción Comprometida
2022,British,Q,PER,3,103.803,INTERMEDIATE,2,Tracción Comprometida
2022,British,Q,PER,5,102.611,INTERMEDIATE,0,Ritmo de carrera
2022,British,Q,PER,7,101.439,INTERMEDIATE,0,Ritmo de carrera
2022,British,Q,PER,9,100.521,INTERMEDIATE,0,Ritmo de carrera
2022,British,Q,PER,12,102.513,INTERMEDIATE,2,Tracción Comprometida
2022,British,Q,PER,24,102.079,INTERMEDIATE,0,Ritmo de carrera
2022,British,Q,PER,25,101.616,INTERMEDIATE,0,Ritmo de carrera
2022,British,Q,HAM,4,103.023,INTERMEDIATE,2,Tracción Comprometida
2022,British,Q,HAM,8,100.46,INTERMEDIATE,2,Tracción Comprometida
2022,British,Q,HAM,10,100.428,INTERMEDIATE,2,Tracción Comprometida
2022,British,Q,HAM,14,101.062,INTERMEDIATE,2,Tracción Comprometida
2022,British,Q,HAM,20,103.023,INTERMEDIATE,2,Tracción Comprometida
2022,British,Q,HAM,22,101.995,INTERMEDIATE,2,Tracción Comprometida
2022,British,Q,NOR,3,105.036,INTERMEDIATE,2,Tracción Comprometida
2022,British,Q,NOR,4,102.94,INTERMEDIATE,2,Tracción Comprometida
2022,British,Q,NOR,6,102.385,INTERMEDIATE,2,Tracción Comprometida
2022,British,Q,NOR,8,101.515,INTERMEDIATE,2,Tracción Comprometida
2022,British,Q,NOR,10,102.549,INTERMEDIATE,0,Ritmo de carrera
2022,British,Q,NOR,13,101.821,INTERMEDIATE,0,Ritmo de carrera
2022,British,Q,NOR,22,104.319,INTERMEDIATE,2,Tracción Comprometida
2022,British,Q,NOR,24,102.084,INTERMEDIATE,2,Tracción Comprometida
2022,British,Q,NOR,25,102.539,INTERMEDIATE,2,Tracción Comprometida
2022,British,Q,ALO,2,104.685,INTERMEDIATE,0,Ritmo de carrera
2022,British,Q,ALO,3,102.41,INTERMEDIATE,0,Ritmo de carrera
2022,British,Q,ALO,6,101.77,INTERMEDIATE,0,Ritmo de carrera
2022,British,Q,ALO,7,101.598,INTERMEDIATE,0,Ritmo de carrera
2022,British,Q,ALO,10,103.121,INTERMEDIATE,0,Ritmo de carrera
2022,British,Q,ALO,12,102.209,INTERMEDIATE,0,Ritmo de carrera
2022,British,Q,ALO,19,105.088,INTERMEDIATE,2,Tracción Comprometida
2022,British,Q,ALO,21,103.118,INTERMEDIATE,2,Tracción Comprometida
2022,British,Q,ALO,22,102.116,INTERMEDIATE,0,Ritmo de carrera
2022,British,Q,RUS,3,104.976,INTERMEDIATE,0,Ritmo de carrera
2022,British,Q,RUS,4,102.944,INTERMEDIATE,0,Ritmo de carrera
2022,British,Q,RUS,5,101.743,INTERMEDIATE,0,Ritmo de carrera
2022,British,Q,RUS,8,100.957,INTERMEDIATE,0,Ritmo de carrera
2022,British,Q,RUS,10,100.028,INTERMEDIATE,0,Ritmo de carrera
2022,British,Q,RUS,13,103.094,INTERMEDIATE,0,Ritmo de carrera
2022,British,Q,RUS,14,101.725,INTERMEDIATE,0,Ritmo de carrera
2022,British,Q,RUS,15,103.445,INTERMEDIATE,0,Ritmo de carrera
2022,British,Q,RUS,19,103.896,INTERMEDIATE,0,Ritmo de carrera
2022,British,Q,RUS,20,103.267,INTERMEDIATE,0,Ritmo de carrera
2022,British,Q,RUS,21,104.536,INTERMEDIATE,1,Lift and Coast
2022,British,Q,RUS,22,102.161,INTERMEDIATE,0,Ritmo de carrera
2022,British,Q,ZHO,4,104.989,INTERMEDIATE,0,Ritmo de carrera
2022,British,Q,ZHO,5,103.375,INTERMEDIATE,0,Ritmo de carrera
2022,British,Q,ZHO,7,101.854,INTERMEDIATE,0,Ritmo de carrera
2022,British,Q,ZHO,10,100.791,INTERMEDIATE,0,Ritmo de carrera
2022,British,Q,ZHO,13,104.029,INTERMEDIATE,0,Ritmo de carrera
2022,British,Q,ZHO,14,102.64,INTERMEDIATE,0,Ritmo de carrera
2022,British,Q,ZHO,16,104.883,INTERMEDIATE,0,Ritmo de carrera
2022,British,Q,ZHO,26,104.9,INTERMEDIATE,0,Ritmo de carrera
2022,British,Q,ZHO,27,102.719,INTERMEDIATE,0,Ritmo de carrera
2022,British,Q,LAT,10,101.998,INTERMEDIATE,2,Tracción Comprometida
2022,British,Q,GAS,4,105.901,INTERMEDIATE,2,Tracción Comprometida
2022,British,Q,GAS,6,103.772,INTERMEDIATE,2,Tracción Comprometida
2022,British,Q,GAS,9,101.68,INTERMEDIATE,0,Ritmo de carrera
2022,British,Q,GAS,10,102.156,INTERMEDIATE,1,Lift and Coast
2022,British,Q,GAS,14,103.702,INTERMEDIATE,0,Ritmo de carrera
2022,British,Q,BOT,4,104.799,INTERMEDIATE,0,Ritmo de carrera
2022,British,Q,BOT,5,103.809,INTERMEDIATE,0,Ritmo de carrera
2022,British,Q,BOT,6,103.352,INTERMEDIATE,0,Ritmo de carrera
2022,British,Q,BOT,8,101.871,INTERMEDIATE,0,Ritmo de carrera
2022,British,Q,BOT,10,101.396,INTERMEDIATE,0,Ritmo de carrera
2022,British,Q,BOT,13,104.898,INTERMEDIATE,0,Ritmo de carrera
2022,British,Q,BOT,14,104.232,INTERMEDIATE,0,Ritmo de carrera
2022,British,Q,BOT,16,104.323,INTERMEDIATE,0,Ritmo de carrera
2022,British,Q,TSU,4,105.44,INTERMEDIATE,0,Ritmo de carrera
2022,British,Q,TSU,5,104.533,INTERMEDIATE,0,Ritmo de carrera
2022,British,Q,TSU,7,103.014,INTERMEDIATE,0,Ritmo de carrera
2022,British,Q,TSU,9,101.893,INTERMEDIATE,0,Ritmo de carrera
2022,British,Q,TSU,12,104.806,INTERMEDIATE,0,Ritmo de carrera
2022,British,Q,TSU,13,104.311,INTERMEDIATE,0,Ritmo de carrera
2022,British,Q,RIC,4,105.15,INTERMEDIATE,0,Ritmo de carrera
2022,British,Q,RIC,5,104.553,INTERMEDIATE,0,Ritmo de carrera
2022,British,Q,RIC,8,103.001,INTERMEDIATE,0,Ritmo de carrera
2022,British,Q,RIC,9,101.933,INTERMEDIATE,1,Lift and Coast
2022,British,Q,RIC,13,104.355,INTERMEDIATE,0,Ritmo de carrera
2022,British,Q,OCO,3,103.248,INTERMEDIATE,2,Tracción Comprometida
2022,British,Q,OCO,4,103.177,INTERMEDIATE,2,Tracción Comprometida
2022,British,Q,OCO,5,102.366,INTERMEDIATE,2,Tracción Comprometida
2022,British,Q,OCO,7,101.73,INTERMEDIATE,2,Tracción Comprometida
2022,British,Q,OCO,13,105.19,INTERMEDIATE,2,Tracción Comprometida
2022,British,Q,OCO,14,105.298,INTERMEDIATE,2,Tracción Comprometida
2022,British,Q,ALB,5,103.688,INTERMEDIATE,2,Tracción Comprometida
2022,British,Q,ALB,8,102.759,INTERMEDIATE,0,Ritmo de carrera
2022,British,Q,ALB,10,102.078,INTERMEDIATE,2,Tracción Comprometida
2022,British,Q,MAG,4,105.871,INTERMEDIATE,1,Lift and Coast
2022,British,Q,MAG,6,103.513,INTERMEDIATE,0,Ritmo de carrera
2022,British,Q,MAG,9,102.18,INTERMEDIATE,1,Lift and Coast
2022,British,Q,MAG,10,102.159,INTERMEDIATE,0,Ritmo de carrera
2022,British,Q,MSC,9,103.174,INTERMEDIATE,0,Ritmo de carrera
2022,British,Q,MSC,10,102.708,INTERMEDIATE,0,Ritmo de carrera
2022,British,R,VER,4,93.807,MEDIUM,1,Lift and Coast
2022,British,R,VER,5,93.489,MEDIUM,1,Lift and Coast
2022,British,R,VER,6,93.539,MEDIUM,1,Lift and Coast
2022,British,R,VER,7,93.762,MEDIUM,1,Lift and Coast
2022,British,R,VER,8,93.451,MEDIUM,1,Lift and Coast
2022,British,R,VER,9,93.606,MEDIUM,0,Ritmo de carrera
2022,British,R,VER,10,93.486,MEDIUM,0,Ritmo de carrera
2022,British,R,VER,11,93.632,MEDIUM,1,Lift and Coast
2022,British,R,VER,12,94.701,MEDIUM,2,Tracción Comprometida
2022,British,R,VER,14,94.388,MEDIUM,1,Lift and Coast
2022,British,R,VER,15,94.806,MEDIUM,0,Ritmo de carrera
2022,British,R,VER,16,95.015,MEDIUM,1,Lift and Coast
2022,British,R,VER,17,94.994,MEDIUM,1,Lift and Coast
2022,British,R,VER,18,94.973,MEDIUM,1,Lift and Coast
2022,British,R,VER,19,94.996,MEDIUM,0,Ritmo de carrera
2022,British,R,VER,20,94.87,MEDIUM,0,Ritmo de carrera
2022,British,R,VER,21,94.963,MEDIUM,0,Ritmo de carrera
2022,British,R,VER,22,94.826,MEDIUM,0,Ritmo de carrera
2022,British,R,VER,23,94.122,MEDIUM,1,Lift and Coast
2022,British,R,VER,25,95.405,HARD,0,Ritmo de carrera
2022,British,R,VER,26,94.441,HARD,1,Lift and Coast
2022,British,R,VER,27,94.67,HARD,0,Ritmo de carrera
2022,British,R,VER,28,94.482,HARD,0,Ritmo de carrera
2022,British,R,VER,29,94.404,HARD,0,Ritmo de carrera
2022,British,R,VER,30,94.488,HARD,0,Ritmo de carrera
2022,British,R,VER,31,94.171,HARD,0,Ritmo de carrera
2022,British,R,VER,32,94.415,HARD,0,Ritmo de carrera
2022,British,R,VER,33,94.503,HARD,0,Ritmo de carrera
2022,British,R,VER,34,94.21,HARD,0,Ritmo de carrera
2022,British,R,VER,35,94.068,HARD,0,Ritmo de carrera
2022,British,R,VER,36,94.924,HARD,2,Tracción Comprometida
2022,British,R,VER,37,94.023,HARD,0,Ritmo de carrera
2022,British,R,VER,38,93.527,HARD,0,Ritmo de carrera
2022,British,R,VER,43,93.322,SOFT,0,Ritmo de carrera
2022,British,R,VER,44,92.354,SOFT,1,Lift and Coast
2022,British,R,VER,45,92.135,SOFT,3,Vuelta de ataque
2022,British,R,VER,46,92.516,SOFT,0,Ritmo de carrera
2022,British,R,VER,47,92.584,SOFT,2,Tracción Comprometida
2022,British,R,VER,48,92.566,SOFT,1,Lift and Coast
2022,British,R,VER,49,92.964,SOFT,0,Ritmo de carrera
2022,British,R,VER,50,93.051,SOFT,2,Tracción Comprometida
2022,British,R,VER,51,92.858,SOFT,3,Vuelta de ataque
2022,British,R,VER,52,93.581,SOFT,2,Tracción Comprometida
2022,British,R,GAS,4,95.854,SOFT,1,Lift and Coast
2022,British,R,GAS,5,96.576,SOFT,1,Lift and Coast
2022,British,R,GAS,6,95.333,SOFT,1,Lift and Coast
2022,British,R,GAS,7,95.642,SOFT,1,Lift and Coast
2022,British,R,GAS,8,95.512,SOFT,1,Lift and Coast
2022,British,R,GAS,9,95.527,SOFT,1,Lift and Coast
2022,British,R,GAS,10,96.25,SOFT,1,Lift and Coast
2022,British,R,GAS,12,95.807,SOFT,1,Lift and Coast
2022,British,R,GAS,13,95.543,SOFT,1,Lift and Coast
2022,British,R,GAS,14,95.419,SOFT,1,Lift and Coast
2022,British,R,GAS,15,95.671,SOFT,1,Lift and Coast
2022,British,R,GAS,16,95.528,SOFT,1,Lift and Coast
2022,British,R,GAS,18,94.614,HARD,1,Lift and Coast
2022,British,R,GAS,19,94.738,HARD,1,Lift and Coast
2022,British,R,GAS,20,95.141,HARD,1,Lift and Coast
2022,British,R,GAS,21,95.265,HARD,1,Lift and Coast
2022,British,R,GAS,22,94.722,HARD,1,Lift and Coast
2022,British,R,GAS,23,94.636,HARD,1,Lift and Coast
2022,British,R,GAS,24,94.763,HARD,1,Lift and Coast
2022,British,R,GAS,25,95.118,HARD,1,Lift and Coast
2022,British,R,GAS,26,94.275,HARD,1,Lift and Coast
2022,British,R,PER,4,95.479,MEDIUM,0,Ritmo de carrera
2022,British,R,PER,5,95.398,MEDIUM,0,Ritmo de carrera
2022,British,R,PER,7,93.455,MEDIUM,3,Vuelta de ataque
2022,British,R,PER,8,93.435,MEDIUM,0,Ritmo de carrera
2022,British,R,PER,9,93.362,MEDIUM,3,Vuelta de ataque
2022,British,R,PER,10,93.395,MEDIUM,1,Lift and Coast
2022,British,R,PER,11,93.678,MEDIUM,1,Lift and Coast
2022,British,R,PER,12,93.845,MEDIUM,1,Lift and Coast
2022,British,R,PER,13,94.869,MEDIUM,0,Ritmo de carrera
2022,British,R,PER,14,93.838,MEDIUM,0,Ritmo de carrera
2022,British,R,PER,15,94.293,MEDIUM,0,Ritmo de carrera
2022,British,R,PER,16,94.301,MEDIUM,0,Ritmo de carrera
2022,British,R,PER,17,93.657,MEDIUM,0,Ritmo de carrera
2022,British,R,PER,18,93.816,MEDIUM,0,Ritmo de carrera
2022,British,R,PER,19,94.38,MEDIUM,0,Ritmo de carrera
2022,British,R,PER,20,94.059,MEDIUM,0,Ritmo de carrera
2022,British,R,PER,21,93.291,MEDIUM,3,Vuelta de ataque
2022,British,R,PER,22,93.104,MEDIUM,0,Ritmo de carrera
2022,British,R,PER,23,93.02,MEDIUM,3,Vuelta de ataque
2022,British,R,PER,24,93.137,MEDIUM,3,Vuelta de ataque
2022,British,R,PER,25,93.101,MEDIUM,1,Lift and Coast
2022,British,R,PER,26,92.666,MEDIUM,3,Vuelta de ataque
2022,British,R,PER,27,92.948,MEDIUM,3,Vuelta de ataque
2022,British,R,PER,28,92.847,MEDIUM,3,Vuelta de ataque
2022,British,R,PER,29,93.014,MEDIUM,1,Lift and Coast
2022,British,R,PER,30,92.925,MEDIUM,1,Lift and Coast
2022,British,R,PER,31,92.655,MEDIUM,3,Vuelta de ataque
2022,British,R,PER,32,92.886,MEDIUM,3,Vuelta de ataque
2022,British,R,PER,33,92.926,MEDIUM,3,Vuelta de ataque
2022,British,R,PER,34,92.727,MEDIUM,3,Vuelta de ataque
2022,British,R,PER,35,92.305,MEDIUM,3,Vuelta de ataque
2022,British,R,PER,36,92.323,MEDIUM,3,Vuelta de ataque
2022,British,R,PER,37,92.401,MEDIUM,3,Vuelta de ataque
2022,British,R,PER,38,92.759,MEDIUM,3,Vuelta de ataque
2022,British,R,PER,43,91.892,SOFT,0,Ritmo de carrera
2022,British,R,PER,44,92.091,SOFT,0,Ritmo de carrera
2022,British,R,PER,45,92.207,SOFT,0,Ritmo de carrera
2022,British,R,PER,46,91.466,SOFT,3,Vuelta de ataque
2022,British,R,PER,47,90.937,SOFT,3,Vuelta de ataque
2022,British,R,PER,48,91.296,SOFT,3,Vuelta de ataque
2022,British,R,PER,49,90.997,SOFT,3,Vuelta de ataque
2022,British,R,PER,50,91.102,SOFT,3,Vuelta de ataque
2022,British,R,PER,51,91.976,SOFT,3,Vuelta de ataque
2022,British,R,PER,52,91.391,SOFT,3,Vuelta de ataque
2022,British,R,ALO,4,96.426,MEDIUM,0,Ritmo de carrera
2022,British,R,ALO,5,95.064,MEDIUM,0,Ritmo de carrera
2022,British,R,ALO,6,94.947,MEDIUM,0,Ritmo de carrera
2022,British,R,ALO,7,94.985,MEDIUM,0,Ritmo de carrera
2022,British,R,ALO,8,94.976,MEDIUM,0,Ritmo de carrera
2022,British,R,ALO,9,94.799,MEDIUM,3,Vuelta de ataque
2022,British,R,ALO,10,94.721,MEDIUM,0,Ritmo de carrera
2022,British,R,ALO,11,94.709,MEDIUM,0,Ritmo de carrera
2022,British,R,ALO,12,94.439,MEDIUM,3,Vuelta de ataque
2022,British,R,ALO,13,94.276,MEDIUM,3,Vuelta de ataque
2022,British,R,ALO,14,94.062,MEDIUM,3,Vuelta de ataque
2022,British,R,ALO,15,94.363,MEDIUM,3,Vuelta de ataque
2022,British,R,ALO,16,94.295,MEDIUM,0,Ritmo de carrera
2022,British,R,ALO,17,94.251,MEDIUM,3,Vuelta de ataque
2022,British,R,ALO,18,93.855,MEDIUM,3,Vuelta de ataque
2022,British,R,ALO,19,94.087,MEDIUM,3,Vuelta de ataque
2022,British,R,ALO,20,94.107,MEDIUM,3,Vuelta de ataque
2022,British,R,ALO,21,94.056,MEDIUM,1,Lift and Coast
2022,British,R,ALO,22,93.847,MEDIUM,3,Vuelta de ataque
2022,British,R,ALO,23,93.983,MEDIUM,3,Vuelta de ataque
2022,British,R,ALO,24,94.283,MEDIUM,3,Vuelta de ataque
2022,British,R,ALO,25,94.075,MEDIUM,3,Vuelta de ataque
2022,British,R,ALO,26,94.013,MEDIUM,0,Ritmo de carrera
2022,British,R,ALO,27,93.836,MEDIUM,3,Vuelta de ataque
2022,British,R,ALO,28,93.681,MEDIUM,3,Vuelta de ataque
2022,British,R,ALO,29,93.991,MEDIUM,0,Ritmo de carrera
2022,British,R,ALO,30,93.848,MEDIUM,3,Vuelta de ataque
2022,British,R,ALO,31,93.826,MEDIUM,3,Vuelta de ataque
2022,British,R,ALO,32,93.863,MEDIUM,3,Vuelta de ataque
2022,British,R,ALO,33,93.751,MEDIUM,3,Vuelta de ataque
2022,British,R,ALO,35,92.744,HARD,3,Vuelta de ataque
2022,British,R,ALO,36,92.529,HARD,3,Vuelta de ataque
2022,British,R,ALO,37,92.233,HARD,3,Vuelta de ataque
2022,British,R,ALO,38,92.707,HARD,3,Vuelta de ataque
2022,British,R,ALO,43,92.306,SOFT,3,Vuelta de ataque
2022,British,R,ALO,44,92.142,SOFT,3,Vuelta de ataque
2022,British,R,ALO,45,91.808,SOFT,0,Ritmo de carrera
2022,British,R,ALO,46,92.84,SOFT,0,Ritmo de carrera
2022,British,R,ALO,47,91.609,SOFT,3,Vuelta de ataque
2022,British,R,ALO,48,92.838,SOFT,0,Ritmo de carrera
2022,British,R,ALO,49,91.973,SOFT,3,Vuelta de ataque
2022,British,R,ALO,50,91.707,SOFT,3,Vuelta de ataque
2022,British,R,ALO,51,91.758,SOFT,3,Vuelta de ataque
2022,British,R,ALO,52,91.694,SOFT,3,Vuelta de ataque
2022,British,R,LEC,4,94.65,MEDIUM,2,Tracción Comprometida
2022,British,R,LEC,5,93.657,MEDIUM,2,Tracción Comprometida
2022,British,R,LEC,6,93.483,MEDIUM,2,Tracción Comprometida
2022,British,R,LEC,7,93.704,MEDIUM,2,Tracción Comprometida
2022,British,R,LEC,8,93.648,MEDIUM,2,Tracción Comprometida
2022,British,R,LEC,9,93.509,MEDIUM,2,Tracción Comprometida
2022,British,R,LEC,10,93.821,MEDIUM,2,Tracción Comprometida
2022,British,R,LEC,11,93.683,MEDIUM,2,Tracción Comprometida
2022,British,R,LEC,12,93.793,MEDIUM,2,Tracción Comprometida
2022,British,R,LEC,13,93.204,MEDIUM,2,Tracción Comprometida
2022,British,R,LEC,14,93.451,MEDIUM,2,Tracción Comprometida
2022,British,R,LEC,15,93.222,MEDIUM,2,Tracción Comprometida
2022,British,R,LEC,16,93.61,MEDIUM,2,Tracción Comprometida
2022,British,R,LEC,17,93.459,MEDIUM,2,Tracción Comprometida
2022,British,R,LEC,18,93.363,MEDIUM,2,Tracción Comprometida
2022,British,R,LEC,19,92.757,MEDIUM,0,Ritmo de carrera
2022,British,R,LEC,20,93.046,MEDIUM,2,Tracción Comprometida
2022,British,R,LEC,21,93.323,MEDIUM,2,Tracción Comprometida
2022,British,R,LEC,22,92.796,MEDIUM,2,Tracción Comprometida
2022,British,R,LEC,23,93.119,MEDIUM,3,Vuelta de ataque
2022,British,R,LEC,24,93.055,MEDIUM,1,Lift and Coast
2022,British,R,LEC,25,92.501,MEDIUM,3,Vuelta de ataque
2022,British,R,LEC,27,92.06,HARD,3,Vuelta de ataque
2022,British,R,LEC,28,92.021,HARD,3,Vuelta de ataque
2022,British,R,LEC,29,92.302,HARD,2,Tracción Comprometida
2022,British,R,LEC,30,92.403,HARD,2,Tracción Comprometida
2022,British,R,LEC,31,92.325,HARD,2,Tracción Comprometida
2022,British,R,LEC,32,91.837,HARD,2,Tracción Comprometida
2022,British,R,LEC,33,91.976,HARD,2,Tracción Comprometida
2022,British,R,LEC,34,92.124,HARD,2,Tracción Comprometida
2022,British,R,LEC,35,91.774,HARD,2,Tracción Comprometida
2022,British,R,LEC,36,91.692,HARD,2,Tracción Comprometida
2022,British,R,LEC,37,91.613,HARD,2,Tracción Comprometida
2022,British,R,LEC,38,91.347,HARD,3,Vuelta de ataque
2022,British,R,LEC,43,92.617,HARD,2,Tracción Comprometida
2022,British,R,LEC,44,91.893,HARD,2,Tracción Comprometida
2022,British,R,LEC,45,93.088,HARD,2,Tracción Comprometida
2022,British,R,LEC,46,92.022,HARD,2,Tracción Comprometida
2022,British,R,LEC,47,92.048,HARD,2,Tracción Comprometida
2022,British,R,LEC,48,93.143,HARD,2,Tracción Comprometida
2022,British,R,LEC,49,91.724,HARD,2,Tracción Comprometida
2022,British,R,LEC,50,91.747,HARD,2,Tracción Comprometida
2022,British,R,LEC,51,91.77,HARD,2,Tracción Comprometida
2022,British,R,LEC,52,91.282,HARD,0,Ritmo de carrera
2022,British,R,STR,5,96.284,MEDIUM,2,Tracción Comprometida
2022,British,R,STR,6,95.761,MEDIUM,2,Tracción Comprometida
2022,British,R,STR,7,95.666,MEDIUM,2,Tracción Comprometida
2022,British,R,STR,8,95.64,MEDIUM,1,Lift and Coast
2022,British,R,STR,9,96.032,MEDIUM,2,Tracción Comprometida
2022,British,R,STR,10,95.766,MEDIUM,1,Lift and Coast
2022,British,R,STR,11,96.768,MEDIUM,0,Ritmo de carrera
2022,British,R,STR,12,96.001,MEDIUM,2,Tracción Comprometida
2022,British,R,STR,13,95.464,MEDIUM,0,Ritmo de carrera
2022,British,R,STR,14,95.466,MEDIUM,2,Tracción Comprometida
2022,British,R,STR,15,95.004,MEDIUM,0,Ritmo de carrera
2022,British,R,STR,17,95.948,HARD,2,Tracción Comprometida
2022,British,R,STR,18,94.833,HARD,2,Tracción Comprometida
2022,British,R,STR,19,94.695,HARD,2,Tracción Comprometida
2022,British,R,STR,20,95.203,HARD,0,Ritmo de carrera
2022,British,R,STR,21,94.946,HARD,2,Tracción Comprometida
2022,British,R,STR,22,94.844,HARD,0,Ritmo de carrera
2022,British,R,STR,23,94.707,HARD,2,Tracción Comprometida
2022,British,R,STR,24,94.718,HARD,2,Tracción Comprometida
2022,British,R,STR,25,95.143,HARD,2,Tracción Comprometida
2022,British,R,STR,26,94.844,HARD,2,Tracción Comprometida
2022,British,R,STR,27,94.572,HARD,2,Tracción Comprometida
2022,British,R,STR,28,94.526,HARD,2,Tracción Comprometida
2022,British,R,STR,29,94.133,HARD,2,Tracción Comprometida
2022,British,R,STR,30,94.373,HARD,2,Tracción Comprometida
2022,British,R,STR,31,94.016,HARD,2,Tracción Comprometida
2022,British,R,STR,32,95.116,HARD,2,Tracción Comprometida
2022,British,R,STR,33,94.252,HARD,2,Tracción Comprometida
2022,British,R,STR,34,93.781,HARD,0,Ritmo de carrera
2022,British,R,STR,35,93.748,HARD,2,Tracción Comprometida
2022,British,R,STR,36,93.788,HARD,2,Tracción Comprometida
2022,British,R,STR,37,93.722,HARD,2,Tracción Comprometida
2022,British,R,STR,43,94.564,MEDIUM,2,Tracción Comprometida
2022,British,R,STR,44,93.775,MEDIUM,2,Tracción Comprometida
2022,British,R,STR,45,93.213,MEDIUM,2,Tracción Comprometida
2022,British,R,STR,46,93.461,MEDIUM,2,Tracción Comprometida
2022,British,R,STR,47,93.495,MEDIUM,2,Tracción Comprometida
2022,British,R,STR,48,93.196,MEDIUM,2,Tracción Comprometida
2022,British,R,STR,49,94.124,MEDIUM,2,Tracción Comprometida
2022,British,R,STR,50,92.812,MEDIUM,2,Tracción Comprometida
2022,British,R,STR,51,92.416,MEDIUM,2,Tracción Comprometida
2022,British,R,STR,52,92.379,MEDIUM,2,Tracción Comprometida
2022,British,R,MAG,5,95.935,MEDIUM,1,Lift and Coast
2022,British,R,MAG,6,95.549,MEDIUM,0,Ritmo de carrera
2022,British,R,MAG,7,95.242,MEDIUM,3,Vuelta de ataque
2022,British,R,MAG,8,95.611,MEDIUM,0,Ritmo de carrera
2022,British,R,MAG,9,95.443,MEDIUM,1,Lift and Coast
2022,British,R,MAG,10,95.541,MEDIUM,0,Ritmo de carrera
2022,British,R,MAG,11,95.521,MEDIUM,1,Lift and Coast
2022,British,R,MAG,12,95.422,MEDIUM,0,Ritmo de carrera
2022,British,R,MAG,13,95.403,MEDIUM,0,Ritmo de carrera
2022,British,R,MAG,14,95.258,MEDIUM,0,Ritmo de carrera
2022,British,R,MAG,15,96.592,MEDIUM,0,Ritmo de carrera
2022,British,R,MAG,16,95.065,MEDIUM,1,Lift and Coast
2022,British,R,MAG,17,95.848,MEDIUM,1,Lift and Coast
2022,British,R,MAG,18,95.869,MEDIUM,1,Lift and Coast
2022,British,R,MAG,19,94.995,MEDIUM,1,Lift and Coast
2022,British,R,MAG,20,95.311,MEDIUM,1,Lift and Coast
2022,British,R,MAG,21,94.946,MEDIUM,1,Lift and Coast
2022,British,R,MAG,22,94.249,MEDIUM,1,Lift and Coast
2022,British,R,MAG,24,94.578,MEDIUM,1,Lift and Coast
2022,British,R,MAG,25,94.198,MEDIUM,1,Lift and Coast
2022,British,R,MAG,26,93.675,MEDIUM,3,Vuelta de ataque
2022,British,R,MAG,27,94.128,MEDIUM,0,Ritmo de carrera
2022,British,R,MAG,28,94.36,MEDIUM,1,Lift and Coast
2022,British,R,MAG,29,95.138,MEDIUM,1,Lift and Coast
2022,British,R,MAG,30,95.006,MEDIUM,0,Ritmo de carrera
2022,British,R,MAG,31,94.362,MEDIUM,1,Lift and Coast
2022,British,R,MAG,32,95.215,MEDIUM,0,Ritmo de carrera
2022,British,R,MAG,33,94.159,MEDIUM,3,Vuelta de ataque
2022,British,R,MAG,34,94.438,MEDIUM,1,Lift and Coast
2022,British,R,MAG,35,94.241,MEDIUM,1,Lift and Coast
2022,British,R,MAG,36,93.934,MEDIUM,3,Vuelta de ataque
2022,British,R,MAG,37,93.525,MEDIUM,3,Vuelta de ataque
2022,British,R,MAG,43,95.475,MEDIUM,0,Ritmo de carrera
2022,British,R,MAG,44,93.692,MEDIUM,1,Lift and Coast
2022,British,R,MAG,45,93.407,MEDIUM,3,Vuelta de ataque
2022,British,R,MAG,46,93.301,MEDIUM,3,Vuelta de ataque
2022,British,R,MAG,47,93.478,MEDIUM,1,Lift and Coast
2022,British,R,MAG,48,93.309,MEDIUM,3,Vuelta de ataque
2022,British,R,MAG,49,92.813,MEDIUM,3,Vuelta de ataque
2022,British,R,MAG,50,93.123,MEDIUM,3,Vuelta de ataque
2022,British,R,MAG,51,92.827,MEDIUM,3,Vuelta de ataque
2022,British,R,MAG,52,92.661,MEDIUM,3,Vuelta de ataque
2022,British,R,TSU,4,96.822,SOFT,0,Ritmo de carrera
2022,British,R,TSU,5,95.745,SOFT,1,Lift and Coast
2022,British,R,TSU,6,95.483,SOFT,0,Ritmo de carrera
2022,British,R,TSU,7,95.573,SOFT,1,Lift and Coast
2022,British,R,TSU,8,95.409,SOFT,0,Ritmo de carrera
2022,British,R,TSU,9,95.766,SOFT,1,Lift and Coast
2022,British,R,TSU,10,95.616,SOFT,1,Lift and Coast
2022,British,R,TSU,12,96.194,SOFT,1,Lift and Coast
2022,British,R,TSU,13,96.659,SOFT,1,Lift and Coast
2022,British,R,TSU,14,96.235,SOFT,1,Lift and Coast
2022,British,R,TSU,15,96.207,SOFT,1,Lift and Coast
2022,British,R,TSU,16,96.092,SOFT,1,Lift and Coast
2022,British,R,TSU,17,96.0,SOFT,1,Lift and Coast
2022,British,R,TSU,18,95.184,SOFT,1,Lift and Coast
2022,British,R,TSU,20,96.232,HARD,1,Lift and Coast
2022,British,R,TSU,21,95.537,HARD,1,Lift and Coast
2022,British,R,TSU,22,95.713,HARD,1,Lift and Coast
2022,British,R,TSU,23,95.438,HARD,1,Lift and Coast
2022,British,R,TSU,25,95.841,HARD,1,Lift and Coast
2022,British,R,TSU,26,95.442,HARD,1,Lift and Coast
2022,British,R,TSU,27,95.505,HARD,1,Lift and Coast
2022,British,R,TSU,28,95.545,HARD,1,Lift and Coast
2022,British,R,TSU,29,95.62,HARD,1,Lift and Coast
2022,British,R,TSU,31,95.505,HARD,1,Lift and Coast
2022,British,R,TSU,32,95.705,HARD,1,Lift and Coast
2022,British,R,TSU,33,95.196,HARD,1,Lift and Coast
2022,British,R,TSU,34,95.12,HARD,1,Lift and Coast
2022,British,R,TSU,35,94.797,HARD,1,Lift and Coast
2022,British,R,TSU,36,94.607,HARD,1,Lift and Coast
2022,British,R,TSU,37,94.75,HARD,1,Lift and Coast
2022,British,R,TSU,41,93.981,SOFT,1,Lift and Coast
2022,British,R,TSU,42,93.965,SOFT,1,Lift and Coast
2022,British,R,TSU,43,93.912,SOFT,1,Lift and Coast
2022,British,R,TSU,44,94.99,SOFT,1,Lift and Coast
2022,British,R,TSU,45,94.488,SOFT,1,Lift and Coast
2022,British,R,TSU,46,94.144,SOFT,1,Lift and Coast
2022,British,R,TSU,47,94.132,SOFT,1,Lift and Coast
2022,British,R,TSU,48,93.947,SOFT,1,Lift and Coast
2022,British,R,TSU,49,94.072,SOFT,1,Lift and Coast
2022,British,R,TSU,50,94.191,SOFT,1,Lift and Coast
2022,British,R,TSU,51,93.832,SOFT,1,Lift and Coast
2022,British,R,TSU,52,94.089,SOFT,1,Lift and Coast
2022,British,R,RIC,5,95.865,MEDIUM,0,Ritmo de carrera
2022,British,R,RIC,6,95.642,MEDIUM,0,Ritmo de carrera
2022,British,R,RIC,7,95.66,MEDIUM,1,Lift and Coast
2022,British,R,RIC,8,95.802,MEDIUM,1,Lift and Coast
2022,British,R,RIC,9,95.37,MEDIUM,0,Ritmo de carrera
2022,British,R,RIC,10,95.509,MEDIUM,1,Lift and Coast
2022,British,R,RIC,11,95.713,MEDIUM,1,Lift and Coast
2022,British,R,RIC,12,95.367,MEDIUM,1,Lift and Coast
2022,British,R,RIC,13,95.247,MEDIUM,1,Lift and Coast
2022,British,R,RIC,14,95.289,MEDIUM,1,Lift and Coast
2022,British,R,RIC,15,95.303,MEDIUM,1,Lift and Coast
2022,British,R,RIC,16,95.571,MEDIUM,0,Ritmo de carrera
2022,British,R,RIC,17,95.289,MEDIUM,1,Lift and Coast
2022,British,R,RIC,18,95.56,MEDIUM,0,Ritmo de carrera
2022,British,R,RIC,19,95.239,MEDIUM,0,Ritmo de carrera
2022,British,R,RIC,20,95.067,MEDIUM,1,Lift and Coast
2022,British,R,RIC,22,94.393,HARD,1,Lift and Coast
2022,British,R,RIC,23,94.648,HARD,1,Lift and Coast
2022,British,R,RIC,24,94.581,HARD,1,Lift and Coast
2022,British,R,RIC,25,94.365,HARD,1,Lift and Coast
2022,British,R,RIC,26,94.178,HARD,1,Lift and Coast
2022,British,R,RIC,27,94.64,HARD,1,Lift and Coast
2022,British,R,RIC,28,94.446,HARD,1,Lift and Coast
2022,British,R,RIC,29,94.418,HARD,1,Lift and Coast
2022,British,R,RIC,30,94.656,HARD,1,Lift and Coast
2022,British,R,RIC,31,94.205,HARD,1,Lift and Coast
2022,British,R,RIC,34,92.644,SOFT,1,Lift and Coast
2022,British,R,RIC,36,92.978,SOFT,1,Lift and Coast
2022,British,R,RIC,37,93.122,SOFT,1,Lift and Coast
2022,British,R,RIC,41,93.058,SOFT,1,Lift and Coast
2022,British,R,RIC,42,94.75,SOFT,1,Lift and Coast
2022,British,R,RIC,43,94.706,SOFT,0,Ritmo de carrera
2022,British,R,RIC,44,93.967,SOFT,1,Lift and Coast
2022,British,R,RIC,45,93.398,SOFT,1,Lift and Coast
2022,British,R,RIC,46,93.419,SOFT,0,Ritmo de carrera
2022,British,R,RIC,47,93.438,SOFT,1,Lift and Coast
2022,British,R,RIC,48,93.445,SOFT,1,Lift and Coast
2022,British,R,RIC,49,94.159,SOFT,1,Lift and Coast
2022,British,R,RIC,50,93.798,SOFT,0,Ritmo de carrera
2022,British,R,RIC,51,94.981,SOFT,0,Ritmo de carrera
2022,British,R,RIC,52,94.608,SOFT,0,Ritmo de carrera
2022,British,R,OCO,4,96.513,SOFT,2,Tracción Comprometida
2022,British,R,OCO,5,95.717,SOFT,2,Tracción Comprometida
2022,British,R,OCO,6,95.589,SOFT,0,Ritmo de carrera
2022,British,R,OCO,7,95.631,SOFT,0,Ritmo de carrera
2022,British,R,OCO,8,95.485,SOFT,0,Ritmo de carrera
2022,British,R,OCO,9,95.807,SOFT,0,Ritmo de carrera
2022,British,R,OCO,10,95.291,SOFT,2,Tracción Comprometida
2022,British,R,OCO,11,95.57,SOFT,1,Lift and Coast
2022,British,R,OCO,12,95.494,SOFT,2,Tracción Comprometida
2022,British,R,OCO,13,95.426,SOFT,1,Lift and Coast
2022,British,R,OCO,14,95.256,SOFT,2,Tracción Comprometida
2022,British,R,OCO,15,95.101,SOFT,1,Lift and Coast
2022,British,R,OCO,16,94.995,SOFT,3,Vuelta de ataque
2022,British,R,OCO,17,94.999,SOFT,0,Ritmo de carrera
2022,British,R,OCO,18,94.849,SOFT,1,Lift and Coast
2022,British,R,OCO,19,94.996,SOFT,0,Ritmo de carrera
2022,British,R,OCO,20,95.046,SOFT,2,Tracción Comprometida
2022,British,R,OCO,21,95.036,SOFT,2,Tracción Comprometida
2022,British,R,OCO,22,94.779,SOFT,0,Ritmo de carrera
2022,British,R,OCO,24,94.287,HARD,1,Lift and Coast
2022,British,R,OCO,25,94.65,HARD,2,Tracción Comprometida
2022,British,R,OCO,26,94.24,HARD,2,Tracción Comprometida
2022,British,R,OCO,27,94.843,HARD,2,Tracción Comprometida
2022,British,R,OCO,28,94.631,HARD,0,Ritmo de carrera
2022,British,R,OCO,29,94.149,HARD,2,Tracción Comprometida
2022,British,R,OCO,30,94.367,HARD,0,Ritmo de carrera
2022,British,R,OCO,31,93.915,HARD,1,Lift and Coast
2022,British,R,OCO,32,94.139,HARD,1,Lift and Coast
2022,British,R,OCO,33,94.115,HARD,1,Lift and Coast
2022,British,R,OCO,34,93.962,HARD,1,Lift and Coast
2022,British,R,OCO,35,93.726,HARD,0,Ritmo de carrera
2022,British,R,OCO,36,94.258,HARD,2,Tracción Comprometida
2022,British,R,OCO,37,93.537,HARD,1,Lift and Coast
2022,British,R,NOR,4,95.426,MEDIUM,0,Ritmo de carrera
2022,British,R,NOR,5,95.243,MEDIUM,2,Tracción Comprometida
2022,British,R,NOR,6,95.119,MEDIUM,1,Lift and Coast
2022,British,R,NOR,7,95.45,MEDIUM,1,Lift and Coast
2022,British,R,NOR,8,94.778,MEDIUM,1,Lift and Coast
2022,British,R,NOR,9,95.058,MEDIUM,1,Lift and Coast
2022,British,R,NOR,10,94.567,MEDIUM,1,Lift and Coast
2022,British,R,NOR,11,94.688,MEDIUM,1,Lift and Coast
2022,British,R,NOR,12,94.801,MEDIUM,1,Lift and Coast
2022,British,R,NOR,13,94.383,MEDIUM,1,Lift and Coast
2022,British,R,NOR,14,94.191,MEDIUM,1,Lift and Coast
2022,British,R,NOR,15,94.143,MEDIUM,1,Lift and Coast
2022,British,R,NOR,16,93.958,MEDIUM,1,Lift and Coast
2022,British,R,NOR,17,94.454,MEDIUM,1,Lift and Coast
2022,British,R,NOR,18,93.88,MEDIUM,1,Lift and Coast
2022,British,R,NOR,19,93.824,MEDIUM,3,Vuelta de ataque
2022,British,R,NOR,20,93.945,MEDIUM,3,Vuelta de ataque
2022,British,R,NOR,21,94.036,MEDIUM,2,Tracción Comprometida
2022,British,R,NOR,22,94.086,MEDIUM,2,Tracción Comprometida
2022,British,R,NOR,23,93.879,MEDIUM,1,Lift and Coast
2022,British,R,NOR,24,93.987,MEDIUM,1,Lift and Coast
2022,British,R,NOR,25,93.983,MEDIUM,2,Tracción Comprometida
2022,British,R,NOR,26,94.108,MEDIUM,1,Lift and Coast
2022,British,R,NOR,27,93.957,MEDIUM,3,Vuelta de ataque
2022,British,R,NOR,28,93.714,MEDIUM,3,Vuelta de ataque
2022,British,R,NOR,29,93.933,MEDIUM,2,Tracción Comprometida
2022,British,R,NOR,30,94.0,MEDIUM,3,Vuelta de ataque
2022,British,R,NOR,31,93.813,MEDIUM,1,Lift and Coast
2022,British,R,NOR,32,93.788,MEDIUM,3,Vuelta de ataque
2022,British,R,NOR,33,93.686,MEDIUM,2,Tracción Comprometida
2022,British,R,NOR,34,93.055,MEDIUM,2,Tracción Comprometida
2022,British,R,NOR,36,92.702,HARD,3,Vuelta de ataque
2022,British,R,NOR,37,92.425,HARD,1,Lift and Coast
2022,British,R,NOR,38,92.271,HARD,1,Lift and Coast
2022,British,R,NOR,43,92.168,SOFT,2,Tracción Comprometida
2022,British,R,NOR,44,92.211,SOFT,1,Lift and Coast
2022,British,R,NOR,45,91.774,SOFT,0,Ritmo de carrera
2022,British,R,NOR,46,92.831,SOFT,2,Tracción Comprometida
2022,British,R,NOR,47,91.645,SOFT,2,Tracción Comprometida
2022,British,R,NOR,48,92.664,SOFT,2,Tracción Comprometida
2022,British,R,NOR,49,92.121,SOFT,2,Tracción Comprometida
2022,British,R,NOR,50,92.07,SOFT,3,Vuelta de ataque
2022,British,R,NOR,51,92.585,SOFT,0,Ritmo de carrera
2022,British,R,NOR,52,92.325,SOFT,3,Vuelta de ataque
2022,British,R,HAM,4,95.27,MEDIUM,0,Ritmo de carrera
2022,British,R,HAM,5,95.12,MEDIUM,2,Tracción Comprometida
2022,British,R,HAM,6,93.731,MEDIUM,0,Ritmo de carrera
2022,British,R,HAM,7,93.955,MEDIUM,0,Ritmo de carrera
2022,British,R,HAM,8,93.679,MEDIUM,0,Ritmo de carrera
2022,British,R,HAM,9,93.704,MEDIUM,1,Lift and Coast
2022,British,R,HAM,10,93.338,MEDIUM,1,Lift and Coast
2022,British,R,HAM,11,93.335,MEDIUM,0,Ritmo de carrera
2022,British,R,HAM,12,94.09,MEDIUM,1,Lift and Coast
2022,British,R,HAM,13,93.212,MEDIUM,1,Lift and Coast
2022,British,R,HAM,14,93.226,MEDIUM,1,Lift and Coast
2022,British,R,HAM,15,93.042,MEDIUM,1,Lift and Coast
2022,British,R,HAM,16,92.973,MEDIUM,0,Ritmo de carrera
2022,British,R,HAM,17,93.168,MEDIUM,0,Ritmo de carrera
2022,British,R,HAM,18,92.92,MEDIUM,1,Lift and Coast
2022,British,R,HAM,19,92.592,MEDIUM,3,Vuelta de ataque
2022,British,R,HAM,20,92.85,MEDIUM,1,Lift and Coast
2022,British,R,HAM,21,92.833,MEDIUM,1,Lift and Coast
2022,British,R,HAM,22,92.435,MEDIUM,1,Lift and Coast
2022,British,R,HAM,23,92.65,MEDIUM,1,Lift and Coast
2022,British,R,HAM,24,92.782,MEDIUM,0,Ritmo de carrera
2022,British,R,HAM,25,92.723,MEDIUM,1,Lift and Coast
2022,British,R,HAM,26,92.655,MEDIUM,3,Vuelta de ataque
2022,British,R,HAM,27,92.445,MEDIUM,1,Lift and Coast
2022,British,R,HAM,28,92.265,MEDIUM,3,Vuelta de ataque
2022,British,R,HAM,29,92.442,MEDIUM,3,Vuelta de ataque
2022,British,R,HAM,30,92.541,MEDIUM,1,Lift and Coast
2022,British,R,HAM,31,92.676,MEDIUM,1,Lift and Coast
2022,British,R,HAM,32,92.079,MEDIUM,1,Lift and Coast
2022,British,R,HAM,33,92.256,MEDIUM,0,Ritmo de carrera
2022,British,R,HAM,35,92.111,HARD,3,Vuelta de ataque
2022,British,R,HAM,36,91.711,HARD,0,Ritmo de carrera
2022,British,R,HAM,37,91.521,HARD,3,Vuelta de ataque
2022,British,R,HAM,38,91.302,HARD,1,Lift and Coast
2022,British,R,HAM,43,92.498,SOFT,2,Tracción Comprometida
2022,British,R,HAM,44,92.062,SOFT,0,Ritmo de carrera
2022,British,R,HAM,45,91.659,SOFT,0,Ritmo de carrera
2022,British,R,HAM,46,92.894,SOFT,2,Tracción Comprometida
2022,British,R,HAM,47,91.933,SOFT,0,Ritmo de carrera
2022,British,R,HAM,48,91.628,SOFT,2,Tracción Comprometida
2022,British,R,HAM,49,91.201,SOFT,1,Lift and Coast
2022,British,R,HAM,50,91.397,SOFT,1,Lift and Coast
2022,British,R,HAM,51,92.277,SOFT,1,Lift and Coast
2022,British,R,HAM,52,90.51,SOFT,1,Lift and Coast
2022,British,R,MSC,5,96.04,MEDIUM,0,Ritmo de carrera
2022,British,R,MSC,6,95.569,MEDIUM,0,Ritmo de carrera
2022,British,R,MSC,7,95.083,MEDIUM,0,Ritmo de carrera
2022,British,R,MSC,8,95.677,MEDIUM,0,Ritmo de carrera
2022,British,R,MSC,9,96.028,MEDIUM,0,Ritmo de carrera
2022,British,R,MSC,10,95.42,MEDIUM,0,Ritmo de carrera
2022,British,R,MSC,11,94.999,MEDIUM,0,Ritmo de carrera
2022,British,R,MSC,12,95.408,MEDIUM,0,Ritmo de carrera
2022,British,R,MSC,13,95.452,MEDIUM,0,Ritmo de carrera
2022,British,R,MSC,14,95.222,MEDIUM,0,Ritmo de carrera
2022,British,R,MSC,15,95.327,MEDIUM,0,Ritmo de carrera
2022,British,R,MSC,16,94.892,MEDIUM,0,Ritmo de carrera
2022,British,R,MSC,17,95.449,MEDIUM,0,Ritmo de carrera
2022,British,R,MSC,18,95.425,MEDIUM,0,Ritmo de carrera
2022,British,R,MSC,19,94.418,MEDIUM,0,Ritmo de carrera
2022,British,R,MSC,21,94.469,HARD,3,Vuelta de ataque
2022,British,R,MSC,22,94.127,HARD,3,Vuelta de ataque
2022,British,R,MSC,23,94.648,HARD,0,Ritmo de carrera
2022,British,R,MSC,24,94.725,HARD,1,Lift and Coast
2022,British,R,MSC,25,94.793,HARD,3,Vuelta de ataque
2022,British,R,MSC,26,93.92,HARD,1,Lift and Coast
2022,British,R,MSC,27,94.017,HARD,0,Ritmo de carrera
2022,British,R,MSC,28,94.612,HARD,0,Ritmo de carrera
2022,British,R,MSC,29,95.144,HARD,0,Ritmo de carrera
2022,British,R,MSC,30,95.006,HARD,0,Ritmo de carrera
2022,British,R,MSC,31,94.247,HARD,0,Ritmo de carrera
2022,British,R,MSC,32,94.139,HARD,2,Tracción Comprometida
2022,British,R,MSC,33,93.979,HARD,3,Vuelta de ataque
2022,British,R,MSC,34,93.794,HARD,1,Lift and Coast
2022,British,R,MSC,35,93.864,HARD,3,Vuelta de ataque
2022,British,R,MSC,36,93.796,HARD,3,Vuelta de ataque
2022,British,R,MSC,37,93.275,HARD,3,Vuelta de ataque
2022,British,R,MSC,38,93.782,HARD,3,Vuelta de ataque
2022,British,R,MSC,43,93.351,SOFT,0,Ritmo de carrera
2022,British,R,MSC,44,93.597,SOFT,0,Ritmo de carrera
2022,British,R,MSC,45,92.29,SOFT,3,Vuelta de ataque
2022,British,R,MSC,46,92.35,SOFT,3,Vuelta de ataque
2022,British,R,MSC,47,92.224,SOFT,1,Lift and Coast
2022,British,R,MSC,48,92.109,SOFT,3,Vuelta de ataque
2022,British,R,MSC,49,92.339,SOFT,3,Vuelta de ataque
2022,British,R,MSC,50,93.27,SOFT,0,Ritmo de carrera
2022,British,R,MSC,51,92.74,SOFT,0,Ritmo de carrera
2022,British,R,MSC,52,93.479,SOFT,0,Ritmo de carrera
2022,British,R,VET,5,95.814,SOFT,2,Tracción Comprometida
2022,British,R,VET,6,94.962,SOFT,2,Tracción Comprometida
2022,British,R,VET,8,95.155,MEDIUM,2,Tracción Comprometida
2022,British,R,VET,9,95.178,MEDIUM,2,Tracción Comprometida
2022,British,R,VET,10,95.024,MEDIUM,2,Tracción Comprometida
2022,British,R,VET,11,95.052,MEDIUM,2,Tracción Comprometida
2022,British,R,VET,12,94.911,MEDIUM,1,Lift and Coast
2022,British,R,VET,13,94.912,MEDIUM,2,Tracción Comprometida
2022,British,R,VET,14,94.82,MEDIUM,2,Tracción Comprometida
2022,British,R,VET,15,94.816,MEDIUM,2,Tracción Comprometida
2022,British,R,VET,16,94.828,MEDIUM,0,Ritmo de carrera
2022,British,R,VET,17,94.75,MEDIUM,2,Tracción Comprometida
2022,British,R,VET,18,94.712,MEDIUM,2,Tracción Comprometida
2022,British,R,VET,19,94.609,MEDIUM,2,Tracción Comprometida
2022,British,R,VET,20,94.658,MEDIUM,2,Tracción Comprometida
2022,British,R,VET,21,94.652,MEDIUM,2,Tracción Comprometida
2022,British,R,VET,22,94.379,MEDIUM,2,Tracción Comprometida
2022,British,R,VET,23,94.417,MEDIUM,2,Tracción Comprometida
2022,British,R,VET,24,94.706,MEDIUM,2,Tracción Comprometida
2022,British,R,VET,25,94.598,MEDIUM,1,Lift and Coast
2022,British,R,VET,26,94.258,MEDIUM,2,Tracción Comprometida
2022,British,R,VET,27,94.293,MEDIUM,2,Tracción Comprometida
2022,British,R,VET,28,94.448,MEDIUM,2,Tracción Comprometida
2022,British,R,VET,29,94.361,MEDIUM,2,Tracción Comprometida
2022,British,R,VET,30,94.238,MEDIUM,1,Lift and Coast
2022,British,R,VET,31,94.325,MEDIUM,2,Tracción Comprometida
2022,British,R,VET,32,94.394,MEDIUM,2,Tracción Comprometida
2022,British,R,VET,33,94.272,MEDIUM,2,Tracción Comprometida
2022,British,R,VET,34,94.258,MEDIUM,2,Tracción Comprometida
2022,British,R,VET,35,93.985,MEDIUM,2,Tracción Comprometida
2022,British,R,VET,36,93.997,MEDIUM,2,Tracción Comprometida
2022,British,R,VET,37,93.709,MEDIUM,2,Tracción Comprometida
2022,British,R,VET,38,93.71,MEDIUM,2,Tracción Comprometida
2022,British,R,VET,43,93.605,MEDIUM,2,Tracción Comprometida
2022,British,R,VET,44,94.04,MEDIUM,2,Tracción Comprometida
2022,British,R,VET,45,93.679,MEDIUM,2,Tracción Comprometida
2022,British,R,VET,46,93.317,MEDIUM,2,Tracción Comprometida
2022,British,R,VET,47,92.841,MEDIUM,2,Tracción Comprometida
2022,British,R,VET,48,93.053,MEDIUM,2,Tracción Comprometida
2022,British,R,VET,49,92.988,MEDIUM,2,Tracción Comprometida
2022,British,R,VET,50,93.005,MEDIUM,2,Tracción Comprometida
2022,British,R,VET,51,93.169,MEDIUM,2,Tracción Comprometida
2022,British,R,VET,52,92.471,MEDIUM,2,Tracción Comprometida
2022,British,R,SAI,4,93.437,MEDIUM,2,Tracción Comprometida
2022,British,R,SAI,5,93.623,MEDIUM,2,Tracción Comprometida
2022,British,R,SAI,6,93.596,MEDIUM,3,Vuelta de ataque
2022,British,R,SAI,7,93.918,MEDIUM,3,Vuelta de ataque
2022,British,R,SAI,8,93.732,MEDIUM,1,Lift and Coast
2022,British,R,SAI,9,93.575,MEDIUM,2,Tracción Comprometida
2022,British,R,SAI,10,95.415,MEDIUM,2,Tracción Comprometida
2022,British,R,SAI,11,93.862,MEDIUM,2,Tracción Comprometida
2022,British,R,SAI,12,93.491,MEDIUM,2,Tracción Comprometida
2022,British,R,SAI,13,93.31,MEDIUM,3,Vuelta de ataque
2022,British,R,SAI,14,93.55,MEDIUM,2,Tracción Comprometida
2022,British,R,SAI,15,93.445,MEDIUM,0,Ritmo de carrera
2022,British,R,SAI,16,93.55,MEDIUM,3,Vuelta de ataque
2022,British,R,SAI,17,93.328,MEDIUM,2,Tracción Comprometida
2022,British,R,SAI,18,93.166,MEDIUM,3,Vuelta de ataque
2022,British,R,SAI,19,92.974,MEDIUM,3,Vuelta de ataque
2022,British,R,SAI,20,92.799,MEDIUM,3,Vuelta de ataque
2022,British,R,SAI,22,92.771,HARD,2,Tracción Comprometida
2022,British,R,SAI,23,92.622,HARD,3,Vuelta de ataque
2022,British,R,SAI,24,92.787,HARD,3,Vuelta de ataque
2022,British,R,SAI,25,92.696,HARD,1,Lift and Coast
2022,British,R,SAI,26,92.976,HARD,1,Lift and Coast
2022,British,R,SAI,27,92.876,HARD,3,Vuelta de ataque
2022,British,R,SAI,28,92.403,HARD,1,Lift and Coast
2022,British,R,SAI,29,92.493,HARD,2,Tracción Comprometida
2022,British,R,SAI,30,92.764,HARD,2,Tracción Comprometida
2022,British,R,SAI,31,93.584,HARD,2,Tracción Comprometida
2022,British,R,SAI,32,91.932,HARD,2,Tracción Comprometida
2022,British,R,SAI,33,92.073,HARD,2,Tracción Comprometida
2022,British,R,SAI,34,92.72,HARD,2,Tracción Comprometida
2022,British,R,SAI,35,92.463,HARD,1,Lift and Coast
2022,British,R,SAI,36,92.416,HARD,3,Vuelta de ataque
2022,British,R,SAI,37,92.169,HARD,1,Lift and Coast
2022,British,R,SAI,38,92.072,HARD,1,Lift and Coast
2022,British,R,SAI,43,90.886,SOFT,3,Vuelta de ataque
2022,British,R,SAI,44,90.813,SOFT,3,Vuelta de ataque
2022,British,R,SAI,45,91.215,SOFT,3,Vuelta de ataque
2022,British,R,SAI,46,91.416,SOFT,3,Vuelta de ataque
2022,British,R,SAI,47,91.315,SOFT,3,Vuelta de ataque
2022,British,R,SAI,48,91.25,SOFT,3,Vuelta de ataque
2022,British,R,SAI,49,91.317,SOFT,3,Vuelta de ataque
2022,British,R,SAI,50,91.141,SOFT,3,Vuelta de ataque
2022,British,R,SAI,51,91.474,SOFT,2,Tracción Comprometida
2022,British,R,SAI,52,91.526,SOFT,1,Lift and Coast
2022,British,R,LAT,5,95.719,SOFT,0,Ritmo de carrera
2022,British,R,LAT,6,95.743,SOFT,0,Ritmo de carrera
2022,British,R,LAT,7,95.615,SOFT,0,Ritmo de carrera
2022,British,R,LAT,8,95.673,SOFT,0,Ritmo de carrera
2022,British,R,LAT,9,95.522,SOFT,0,Ritmo de carrera
2022,British,R,LAT,10,95.462,SOFT,0,Ritmo de carrera
2022,British,R,LAT,11,95.686,SOFT,0,Ritmo de carrera
2022,British,R,LAT,12,95.531,SOFT,0,Ritmo de carrera
2022,British,R,LAT,13,95.333,SOFT,0,Ritmo de carrera
2022,British,R,LAT,14,95.265,SOFT,0,Ritmo de carrera
2022,British,R,LAT,15,95.232,SOFT,0,Ritmo de carrera
2022,British,R,LAT,16,95.635,SOFT,0,Ritmo de carrera
2022,British,R,LAT,17,95.357,SOFT,0,Ritmo de carrera
2022,British,R,LAT,18,95.442,SOFT,0,Ritmo de carrera
2022,British,R,LAT,19,94.509,SOFT,2,Tracción Comprometida
2022,British,R,LAT,21,94.232,MEDIUM,1,Lift and Coast
2022,British,R,LAT,22,94.01,MEDIUM,0,Ritmo de carrera
2022,British,R,LAT,23,94.227,MEDIUM,1,Lift and Coast
2022,British,R,LAT,24,94.962,MEDIUM,0,Ritmo de carrera
2022,British,R,LAT,25,95.075,MEDIUM,1,Lift and Coast
2022,British,R,LAT,26,94.684,MEDIUM,0,Ritmo de carrera
2022,British,R,LAT,27,94.897,MEDIUM,1,Lift and Coast
2022,British,R,LAT,28,94.664,MEDIUM,0,Ritmo de carrera
2022,British,R,LAT,29,95.723,MEDIUM,1,Lift and Coast
2022,British,R,LAT,30,94.859,MEDIUM,1,Lift and Coast
2022,British,R,LAT,31,94.309,MEDIUM,1,Lift and Coast
2022,British,R,LAT,32,95.851,MEDIUM,0,Ritmo de carrera
2022,British,R,LAT,33,95.609,MEDIUM,0,Ritmo de carrera
2022,British,R,LAT,34,95.085,MEDIUM,1,Lift and Coast
2022,British,R,LAT,35,94.71,MEDIUM,1,Lift and Coast
2022,British,R,LAT,36,94.513,MEDIUM,1,Lift and Coast
2022,British,R,LAT,37,94.878,MEDIUM,1,Lift and Coast
2022,British,R,LAT,43,94.694,SOFT,0,Ritmo de carrera
2022,British,R,LAT,44,93.79,SOFT,0,Ritmo de carrera
2022,British,R,LAT,45,93.365,SOFT,0,Ritmo de carrera
2022,British,R,LAT,46,93.425,SOFT,0,Ritmo de carrera
2022,British,R,LAT,47,93.558,SOFT,0,Ritmo de carrera
2022,British,R,LAT,48,93.286,SOFT,0,Ritmo de carrera
2022,British,R,LAT,49,95.043,SOFT,2,Tracción Comprometida
2022,British,R,LAT,50,93.937,SOFT,1,Lift and Coast
2022,British,R,LAT,51,94.867,SOFT,1,Lift and Coast
2022,British,R,LAT,52,94.663,SOFT,1,Lift and Coast
2022,British,R,BOT,5,95.571,MEDIUM,0,Ritmo de carrera
2022,British,R,BOT,6,95.694,MEDIUM,0,Ritmo de carrera
2022,British,R,BOT,7,95.579,MEDIUM,0,Ritmo de carrera
2022,British,R,BOT,8,95.857,MEDIUM,0,Ritmo de carrera
2022,British,R,BOT,9,95.527,MEDIUM,0,Ritmo de carrera
2022,British,R,BOT,10,95.433,MEDIUM,0,Ritmo de carrera
2022,British,R,BOT,11,95.768,MEDIUM,0,Ritmo de carrera
2022,British,R,BOT,12,95.274,MEDIUM,0,Ritmo de carrera
2022,British,R,BOT,13,95.387,MEDIUM,0,Ritmo de carrera
2022,British,R,BOT,14,95.117,MEDIUM,0,Ritmo de carrera
2022,British,R,BOT,16,95.702,MEDIUM,0,Ritmo de carrera
2022,British,R,BOT,17,95.364,MEDIUM,0,Ritmo de carrera
2022,British,R,BOT,18,95.507,MEDIUM,0,Ritmo de carrera
2022,British,R,BOT,19,95.103,MEDIUM,0,Ritmo de carrera
2022,Hungarian,Q,RUS,2,79.817,SOFT,3,Vuelta de ataque
2022,Hungarian,Q,RUS,4,79.176,SOFT,3,Vuelta de ataque
2022,Hungarian,Q,RUS,6,79.044,SOFT,3,Vuelta de ataque
2022,Hungarian,Q,RUS,9,78.407,SOFT,3,Vuelta de ataque
2022,Hungarian,Q,RUS,12,78.883,SOFT,3,Vuelta de ataque
2022,Hungarian,Q,RUS,15,78.154,SOFT,3,Vuelta de ataque
2022,Hungarian,Q,RUS,19,77.968,SOFT,3,Vuelta de ataque
2022,Hungarian,Q,RUS,22,77.377,SOFT,3,Vuelta de ataque
2022,Hungarian,Q,SAI,2,79.317,SOFT,2,Tracción Comprometida
2022,Hungarian,Q,SAI,4,78.561,SOFT,3,Vuelta de ataque
2022,Hungarian,Q,SAI,7,78.434,SOFT,3,Vuelta de ataque
2022,Hungarian,Q,SAI,10,78.849,SOFT,3,Vuelta de ataque
2022,Hungarian,Q,SAI,13,77.946,SOFT,3,Vuelta de ataque
2022,Hungarian,Q,SAI,15,78.345,SOFT,3,Vuelta de ataque
2022,Hungarian,Q,SAI,18,77.505,SOFT,3,Vuelta de ataque
2022,Hungarian,Q,SAI,21,77.421,SOFT,3,Vuelta de ataque
2022,Hungarian,Q,LEC,2,79.979,SOFT,2,Tracción Comprometida
2022,Hungarian,Q,LEC,4,78.806,SOFT,3,Vuelta de ataque
2022,Hungarian,Q,LEC,7,78.875,SOFT,3,Vuelta de ataque
2022,Hungarian,Q,LEC,10,78.769,SOFT,3,Vuelta de ataque
2022,Hungarian,Q,LEC,13,77.768,SOFT,3,Vuelta de ataque
2022,Hungarian,Q,LEC,15,79.172,SOFT,3,Vuelta de ataque
2022,Hungarian,Q,LEC,18,77.985,SOFT,3,Vuelta de ataque
2022,Hungarian,Q,LEC,21,77.567,SOFT,3,Vuelta de ataque
2022,Hungarian,Q,NOR,2,79.534,SOFT,3,Vuelta de ataque
2022,Hungarian,Q,NOR,4,78.998,SOFT,3,Vuelta de ataque
2022,Hungarian,Q,NOR,10,78.121,SOFT,3,Vuelta de ataque
2022,Hungarian,Q,NOR,15,78.576,SOFT,3,Vuelta de ataque
2022,Hungarian,Q,NOR,18,77.769,SOFT,3,Vuelta de ataque
2022,Hungarian,Q,OCO,2,80.499,SOFT,2,Tracción Comprometida
2022,Hungarian,Q,OCO,4,79.636,SOFT,2,Tracción Comprometida
2022,Hungarian,Q,OCO,7,78.866,SOFT,2,Tracción Comprometida
2022,Hungarian,Q,OCO,10,78.741,SOFT,3,Vuelta de ataque
2022,Hungarian,Q,OCO,13,78.216,SOFT,3,Vuelta de ataque
2022,Hungarian,Q,OCO,16,78.89,SOFT,3,Vuelta de ataque
2022,Hungarian,Q,OCO,19,78.018,SOFT,3,Vuelta de ataque
2022,Hungarian,Q,ALO,2,79.823,SOFT,3,Vuelta de ataque
2022,Hungarian,Q,ALO,4,79.196,SOFT,3,Vuelta de ataque
2022,Hungarian,Q,ALO,7,78.716,SOFT,3,Vuelta de ataque
2022,Hungarian,Q,ALO,10,77.904,SOFT,3,Vuelta de ataque
2022,Hungarian,Q,ALO,13,78.303,SOFT,3,Vuelta de ataque
2022,Hungarian,Q,ALO,16,78.078,SOFT,3,Vuelta de ataque
2022,Hungarian,Q,HAM,2,79.732,SOFT,3,Vuelta de ataque
2022,Hungarian,Q,HAM,6,78.916,SOFT,3,Vuelta de ataque
2022,Hungarian,Q,HAM,9,78.374,SOFT,3,Vuelta de ataque
2022,Hungarian,Q,HAM,12,79.063,SOFT,3,Vuelta de ataque
2022,Hungarian,Q,HAM,15,78.035,SOFT,3,Vuelta de ataque
2022,Hungarian,Q,HAM,18,78.142,SOFT,3,Vuelta de ataque
2022,Hungarian,Q,BOT,2,79.93,SOFT,3,Vuelta de ataque
2022,Hungarian,Q,BOT,4,79.626,SOFT,3,Vuelta de ataque
2022,Hungarian,Q,BOT,7,78.935,SOFT,3,Vuelta de ataque
2022,Hungarian,Q,BOT,10,78.785,SOFT,3,Vuelta de ataque
2022,Hungarian,Q,BOT,13,78.445,SOFT,3,Vuelta de ataque
2022,Hungarian,Q,BOT,16,78.963,SOFT,3,Vuelta de ataque
2022,Hungarian,Q,BOT,19,78.157,SOFT,3,Vuelta de ataque
2022,Hungarian,Q,RIC,3,79.897,SOFT,3,Vuelta de ataque
2022,Hungarian,Q,RIC,6,78.775,SOFT,3,Vuelta de ataque
2022,Hungarian,Q,RIC,9,78.452,SOFT,3,Vuelta de ataque
2022,Hungarian,Q,RIC,12,78.198,SOFT,3,Vuelta de ataque
2022,Hungarian,Q,RIC,15,79.341,SOFT,3,Vuelta de ataque
2022,Hungarian,Q,VER,2,79.02,SOFT,3,Vuelta de ataque
2022,Hungarian,Q,VER,4,78.792,SOFT,3,Vuelta de ataque
2022,Hungarian,Q,VER,6,78.509,SOFT,3,Vuelta de ataque
2022,Hungarian,Q,VER,9,78.668,SOFT,3,Vuelta de ataque
2022,Hungarian,Q,VER,12,77.703,SOFT,3,Vuelta de ataque
2022,Hungarian,Q,VER,15,77.941,SOFT,3,Vuelta de ataque
2022,Hungarian,Q,VER,18,78.823,SOFT,3,Vuelta de ataque
2022,Hungarian,Q,PER,2,79.839,SOFT,3,Vuelta de ataque
2022,Hungarian,Q,PER,4,79.118,SOFT,3,Vuelta de ataque
2022,Hungarian,Q,PER,6,79.122,SOFT,3,Vuelta de ataque
2022,Hungarian,Q,PER,9,79.332,SOFT,3,Vuelta de ataque
2022,Hungarian,Q,PER,12,78.516,SOFT,3,Vuelta de ataque
2022,Hungarian,Q,PER,15,78.624,SOFT,3,Vuelta de ataque
2022,Hungarian,Q,ZHO,2,80.618,SOFT,3,Vuelta de ataque
2022,Hungarian,Q,ZHO,4,79.987,SOFT,3,Vuelta de ataque
2022,Hungarian,Q,ZHO,7,78.973,SOFT,3,Vuelta de ataque
2022,Hungarian,Q,ZHO,9,79.617,SOFT,3,Vuelta de ataque
2022,Hungarian,Q,ZHO,12,78.64,SOFT,3,Vuelta de ataque
2022,Hungarian,Q,ZHO,15,78.573,SOFT,3,Vuelta de ataque
2022,Hungarian,Q,MAG,2,80.388,SOFT,3,Vuelta de ataque
2022,Hungarian,Q,MAG,4,79.984,SOFT,3,Vuelta de ataque
2022,Hungarian,Q,MAG,7,79.155,SOFT,3,Vuelta de ataque
2022,Hungarian,Q,MAG,9,78.993,SOFT,3,Vuelta de ataque
2022,Hungarian,Q,MAG,12,79.378,SOFT,3,Vuelta de ataque
2022,Hungarian,Q,MAG,15,78.825,SOFT,3,Vuelta de ataque
2022,Hungarian,Q,MAG,17,79.08,SOFT,3,Vuelta de ataque
2022,Hungarian,Q,STR,2,80.24,SOFT,3,Vuelta de ataque
2022,Hungarian,Q,STR,6,79.371,SOFT,0,Ritmo de carrera
2022,Hungarian,Q,STR,9,79.205,SOFT,3,Vuelta de ataque
2022,Hungarian,Q,STR,12,79.161,SOFT,3,Vuelta de ataque
2022,Hungarian,Q,STR,15,79.137,SOFT,2,Tracción Comprometida
2022,Hungarian,Q,MSC,2,80.905,SOFT,3,Vuelta de ataque
2022,Hungarian,Q,MSC,6,79.164,SOFT,3,Vuelta de ataque
2022,Hungarian,Q,MSC,10,80.089,SOFT,3,Vuelta de ataque
2022,Hungarian,Q,MSC,13,79.474,SOFT,3,Vuelta de ataque
2022,Hungarian,Q,MSC,15,79.202,SOFT,3,Vuelta de ataque
2022,Hungarian,Q,TSU,2,80.58,SOFT,3,Vuelta de ataque
2022,Hungarian,Q,TSU,5,79.904,SOFT,3,Vuelta de ataque
2022,Hungarian,Q,TSU,8,79.24,SOFT,3,Vuelta de ataque
2022,Hungarian,Q,ALB,2,80.781,SOFT,3,Vuelta de ataque
2022,Hungarian,Q,ALB,4,79.981,SOFT,3,Vuelta de ataque
2022,Hungarian,Q,ALB,7,79.602,SOFT,3,Vuelta de ataque
2022,Hungarian,Q,ALB,9,79.256,SOFT,3,Vuelta de ataque
2022,Hungarian,Q,VET,2,80.797,SOFT,2,Tracción Comprometida
2022,Hungarian,Q,VET,4,80.572,SOFT,3,Vuelta de ataque
2022,Hungarian,Q,VET,7,79.273,SOFT,3,Vuelta de ataque
2022,Hungarian,Q,VET,9,79.407,SOFT,2,Tracción Comprometida
2022,Hungarian,Q,GAS,2,81.056,SOFT,3,Vuelta de ataque
2022,Hungarian,Q,GAS,5,79.527,SOFT,3,Vuelta de ataque
2022,Hungarian,Q,GAS,8,79.116,SOFT,3,Vuelta de ataque
2022,Hungarian,Q,LAT,2,81.308,SOFT,0,Ritmo de carrera
2022,Hungarian,Q,LAT,4,80.191,SOFT,0,Ritmo de carrera
2022,Hungarian,Q,LAT,7,79.57,SOFT,3,Vuelta de ataque
2022,Hungarian,Q,LAT,9,79.955,SOFT,3,Vuelta de ataque
2022,Hungarian,R,VER,4,85.058,SOFT,0,Ritmo de carrera
2022,Hungarian,R,VER,5,84.121,SOFT,3,Vuelta de ataque
2022,Hungarian,R,VER,6,84.804,SOFT,3,Vuelta de ataque
2022,Hungarian,R,VER,7,84.079,SOFT,3,Vuelta de ataque
2022,Hungarian,R,VER,8,84.156,SOFT,3,Vuelta de ataque
2022,Hungarian,R,VER,9,84.097,SOFT,3,Vuelta de ataque
2022,Hungarian,R,VER,10,84.566,SOFT,1,Lift and Coast
2022,Hungarian,R,VER,11,85.356,SOFT,0,Ritmo de carrera
2022,Hungarian,R,VER,12,84.605,SOFT,1,Lift and Coast
2022,Hungarian,R,VER,13,84.529,SOFT,3,Vuelta de ataque
2022,Hungarian,R,VER,14,84.68,SOFT,1,Lift and Coast
2022,Hungarian,R,VER,15,84.647,SOFT,3,Vuelta de ataque
2022,Hungarian,R,VER,18,83.082,MEDIUM,1,Lift and Coast
2022,Hungarian,R,VER,19,83.471,MEDIUM,1,Lift and Coast
2022,Hungarian,R,VER,20,83.954,MEDIUM,1,Lift and Coast
2022,Hungarian,R,VER,21,83.105,MEDIUM,3,Vuelta de ataque
2022,Hungarian,R,VER,22,83.184,MEDIUM,3,Vuelta de ataque
2022,Hungarian,R,VER,23,83.489,MEDIUM,3,Vuelta de ataque
2022,Hungarian,R,VER,24,83.775,MEDIUM,1,Lift and Coast
2022,Hungarian,R,VER,25,83.543,MEDIUM,1,Lift and Coast
2022,Hungarian,R,VER,26,83.72,MEDIUM,1,Lift and Coast
2022,Hungarian,R,VER,27,83.565,MEDIUM,1,Lift and Coast
2022,Hungarian,R,VER,28,83.691,MEDIUM,1,Lift and Coast
2022,Hungarian,R,VER,29,84.173,MEDIUM,1,Lift and Coast
2022,Hungarian,R,VER,30,83.84,MEDIUM,1,Lift and Coast
2022,Hungarian,R,VER,31,83.728,MEDIUM,1,Lift and Coast
2022,Hungarian,R,VER,32,84.331,MEDIUM,1,Lift and Coast
2022,Hungarian,R,VER,33,83.709,MEDIUM,1,Lift and Coast
2022,Hungarian,R,VER,34,83.507,MEDIUM,3,Vuelta de ataque
2022,Hungarian,R,VER,35,83.591,MEDIUM,1,Lift and Coast
2022,Hungarian,R,VER,36,83.777,MEDIUM,3,Vuelta de ataque
2022,Hungarian,R,VER,37,84.112,MEDIUM,1,Lift and Coast
2022,Hungarian,R,VER,38,86.363,MEDIUM,0,Ritmo de carrera
2022,Hungarian,R,VER,40,82.789,MEDIUM,3,Vuelta de ataque
2022,Hungarian,R,VER,41,86.874,MEDIUM,0,Ritmo de carrera
2022,Hungarian,R,VER,42,83.031,MEDIUM,3,Vuelta de ataque
2022,Hungarian,R,VER,43,82.128,MEDIUM,3,Vuelta de ataque
2022,Hungarian,R,VER,44,82.65,MEDIUM,3,Vuelta de ataque
2022,Hungarian,R,VER,45,82.126,MEDIUM,3,Vuelta de ataque
2022,Hungarian,R,VER,46,82.754,MEDIUM,3,Vuelta de ataque
2022,Hungarian,R,VER,47,82.646,MEDIUM,3,Vuelta de ataque
2022,Hungarian,R,VER,48,83.177,MEDIUM,3,Vuelta de ataque
2022,Hungarian,R,VER,49,83.373,MEDIUM,3,Vuelta de ataque
2022,Hungarian,R,VER,50,83.098,MEDIUM,3,Vuelta de ataque
2022,Hungarian,R,VER,51,82.846,MEDIUM,3,Vuelta de ataque
2022,Hungarian,R,VER,52,82.586,MEDIUM,3,Vuelta de ataque
2022,Hungarian,R,VER,53,82.708,MEDIUM,3,Vuelta de ataque
2022,Hungarian,R,VER,54,82.777,MEDIUM,3,Vuelta de ataque
2022,Hungarian,R,VER,55,83.01,MEDIUM,3,Vuelta de ataque
2022,Hungarian,R,VER,56,83.013,MEDIUM,3,Vuelta de ataque
2022,Hungarian,R,VER,57,82.827,MEDIUM,3,Vuelta de ataque
2022,Hungarian,R,VER,58,82.868,MEDIUM,3,Vuelta de ataque
2022,Hungarian,R,VER,59,83.074,MEDIUM,3,Vuelta de ataque
2022,Hungarian,R,VER,60,82.732,MEDIUM,3,Vuelta de ataque
2022,Hungarian,R,VER,61,82.831,MEDIUM,1,Lift and Coast
2022,Hungarian,R,VER,62,83.454,MEDIUM,1,Lift and Coast
2022,Hungarian,R,VER,63,83.01,MEDIUM,1,Lift and Coast
2022,Hungarian,R,VER,64,82.978,MEDIUM,1,Lift and Coast
2022,Hungarian,R,VER,65,82.667,MEDIUM,1,Lift and Coast
2022,Hungarian,R,VER,66,83.097,MEDIUM,1,Lift and Coast
2022,Hungarian,R,VER,67,83.287,MEDIUM,0,Ritmo de carrera
2022,Hungarian,R,GAS,4,86.024,SOFT,0,Ritmo de carrera
2022,Hungarian,R,GAS,5,85.906,SOFT,1,Lift and Coast
2022,Hungarian,R,GAS,6,85.562,SOFT,3,Vuelta de ataque
2022,Hungarian,R,GAS,7,85.757,SOFT,3,Vuelta de ataque
2022,Hungarian,R,GAS,8,85.562,SOFT,0,Ritmo de carrera
2022,Hungarian,R,GAS,9,85.044,SOFT,0,Ritmo de carrera
2022,Hungarian,R,GAS,10,85.329,SOFT,1,Lift and Coast
2022,Hungarian,R,GAS,11,86.003,SOFT,1,Lift and Coast
2022,Hungarian,R,GAS,12,86.083,SOFT,1,Lift and Coast
2022,Hungarian,R,GAS,13,86.939,SOFT,1,Lift and Coast
2022,Hungarian,R,GAS,14,86.566,SOFT,1,Lift and Coast
2022,Hungarian,R,GAS,15,86.802,SOFT,1,Lift and Coast
2022,Hungarian,R,GAS,18,85.036,MEDIUM,3,Vuelta de ataque
2022,Hungarian,R,GAS,19,85.517,MEDIUM,0,Ritmo de carrera
2022,Hungarian,R,GAS,20,84.847,MEDIUM,1,Lift and Coast
2022,Hungarian,R,GAS,21,85.204,MEDIUM,3,Vuelta de ataque
2022,Hungarian,R,GAS,22,85.024,MEDIUM,1,Lift and Coast
2022,Hungarian,R,GAS,23,86.128,MEDIUM,0,Ritmo de carrera
2022,Hungarian,R,GAS,24,84.522,MEDIUM,3,Vuelta de ataque
2022,Hungarian,R,GAS,25,84.743,MEDIUM,3,Vuelta de ataque
2022,Hungarian,R,GAS,26,84.884,MEDIUM,3,Vuelta de ataque
2022,Hungarian,R,GAS,27,85.137,MEDIUM,3,Vuelta de ataque
2022,Hungarian,R,GAS,28,84.941,MEDIUM,1,Lift and Coast
2022,Hungarian,R,GAS,29,84.81,MEDIUM,1,Lift and Coast
2022,Hungarian,R,GAS,30,85.053,MEDIUM,1,Lift and Coast
2022,Hungarian,R,GAS,31,84.634,MEDIUM,1,Lift and Coast
2022,Hungarian,R,GAS,32,84.874,MEDIUM,1,Lift and Coast
2022,Hungarian,R,GAS,33,84.992,MEDIUM,1,Lift and Coast
2022,Hungarian,R,GAS,34,84.67,MEDIUM,1,Lift and Coast
2022,Hungarian,R,GAS,35,84.827,MEDIUM,1,Lift and Coast
2022,Hungarian,R,GAS,36,84.665,MEDIUM,1,Lift and Coast
2022,Hungarian,R,GAS,37,84.869,MEDIUM,1,Lift and Coast
2022,Hungarian,R,GAS,38,85.194,MEDIUM,1,Lift and Coast
2022,Hungarian,R,GAS,39,84.876,MEDIUM,1,Lift and Coast
2022,Hungarian,R,GAS,40,84.77,MEDIUM,1,Lift and Coast
2022,Hungarian,R,GAS,41,85.064,MEDIUM,1,Lift and Coast
2022,Hungarian,R,GAS,42,85.092,MEDIUM,1,Lift and Coast
2022,Hungarian,R,GAS,43,84.913,MEDIUM,1,Lift and Coast
2022,Hungarian,R,GAS,48,85.816,SOFT,0,Ritmo de carrera
2022,Hungarian,R,GAS,50,85.848,SOFT,0,Ritmo de carrera
2022,Hungarian,R,GAS,51,83.488,SOFT,3,Vuelta de ataque
2022,Hungarian,R,GAS,52,85.27,SOFT,1,Lift and Coast
2022,Hungarian,R,GAS,53,83.646,SOFT,1,Lift and Coast
2022,Hungarian,R,GAS,54,83.463,SOFT,3,Vuelta de ataque
2022,Hungarian,R,GAS,55,83.538,SOFT,0,Ritmo de carrera
2022,Hungarian,R,GAS,56,83.243,SOFT,3,Vuelta de ataque
2022,Hungarian,R,GAS,57,85.603,SOFT,1,Lift and Coast
2022,Hungarian,R,GAS,58,83.199,SOFT,3,Vuelta de ataque
2022,Hungarian,R,GAS,59,83.253,SOFT,3,Vuelta de ataque
2022,Hungarian,R,GAS,60,83.425,SOFT,3,Vuelta de ataque
2022,Hungarian,R,GAS,61,83.717,SOFT,3,Vuelta de ataque
2022,Hungarian,R,GAS,62,83.955,SOFT,3,Vuelta de ataque
2022,Hungarian,R,GAS,63,83.964,SOFT,3,Vuelta de ataque
2022,Hungarian,R,GAS,64,86.589,SOFT,1,Lift and Coast
2022,Hungarian,R,GAS,65,85.989,SOFT,0,Ritmo de carrera
2022,Hungarian,R,GAS,66,85.187,SOFT,1,Lift and Coast
2022,Hungarian,R,PER,3,86.519,SOFT,2,Tracción Comprometida
2022,Hungarian,R,PER,4,84.689,SOFT,0,Ritmo de carrera
2022,Hungarian,R,PER,5,85.039,SOFT,0,Ritmo de carrera
2022,Hungarian,R,PER,6,85.012,SOFT,0,Ritmo de carrera
2022,Hungarian,R,PER,7,84.863,SOFT,1,Lift and Coast
2022,Hungarian,R,PER,8,85.016,SOFT,0,Ritmo de carrera
2022,Hungarian,R,PER,9,84.025,SOFT,3,Vuelta de ataque
2022,Hungarian,R,PER,10,84.655,SOFT,1,Lift and Coast
2022,Hungarian,R,PER,11,84.095,SOFT,3,Vuelta de ataque
2022,Hungarian,R,PER,12,84.784,SOFT,3,Vuelta de ataque
2022,Hungarian,R,PER,13,84.494,SOFT,0,Ritmo de carrera
2022,Hungarian,R,PER,14,85.443,SOFT,1,Lift and Coast
2022,Hungarian,R,PER,15,84.998,SOFT,0,Ritmo de carrera
2022,Hungarian,R,PER,16,85.322,SOFT,3,Vuelta de ataque
2022,Hungarian,R,PER,17,85.58,SOFT,0,Ritmo de carrera
2022,Hungarian,R,PER,20,85.547,MEDIUM,0,Ritmo de carrera
2022,Hungarian,R,PER,21,84.239,MEDIUM,0,Ritmo de carrera
2022,Hungarian,R,PER,22,83.998,MEDIUM,3,Vuelta de ataque
2022,Hungarian,R,PER,23,83.418,MEDIUM,3,Vuelta de ataque
2022,Hungarian,R,PER,24,83.391,MEDIUM,3,Vuelta de ataque
2022,Hungarian,R,PER,25,83.551,MEDIUM,3,Vuelta de ataque
2022,Hungarian,R,PER,26,83.372,MEDIUM,3,Vuelta de ataque
2022,Hungarian,R,PER,27,83.853,MEDIUM,3,Vuelta de ataque
2022,Hungarian,R,PER,28,83.453,MEDIUM,3,Vuelta de ataque
2022,Hungarian,R,PER,29,84.209,MEDIUM,3,Vuelta de ataque
2022,Hungarian,R,PER,30,83.81,MEDIUM,3,Vuelta de ataque
2022,Hungarian,R,PER,31,83.795,MEDIUM,2,Tracción Comprometida
2022,Hungarian,R,PER,32,84.199,MEDIUM,3,Vuelta de ataque
2022,Hungarian,R,PER,33,83.995,MEDIUM,1,Lift and Coast
2022,Hungarian,R,PER,34,83.695,MEDIUM,3,Vuelta de ataque
2022,Hungarian,R,PER,35,83.9,MEDIUM,3,Vuelta de ataque
2022,Hungarian,R,PER,36,83.854,MEDIUM,3,Vuelta de ataque
2022,Hungarian,R,PER,37,84.096,MEDIUM,3,Vuelta de ataque
2022,Hungarian,R,PER,38,84.026,MEDIUM,3,Vuelta de ataque
2022,Hungarian,R,PER,39,84.485,MEDIUM,3,Vuelta de ataque
2022,Hungarian,R,PER,40,86.716,MEDIUM,0,Ritmo de carrera
2022,Hungarian,R,PER,41,85.636,MEDIUM,1,Lift and Coast
2022,Hungarian,R,PER,44,81.94,MEDIUM,3,Vuelta de ataque
2022,Hungarian,R,PER,45,82.555,MEDIUM,3,Vuelta de ataque
2022,Hungarian,R,PER,46,82.742,MEDIUM,3,Vuelta de ataque
2022,Hungarian,R,PER,47,82.97,MEDIUM,2,Tracción Comprometida
2022,Hungarian,R,PER,48,82.839,MEDIUM,3,Vuelta de ataque
2022,Hungarian,R,PER,49,82.679,MEDIUM,3,Vuelta de ataque
2022,Hungarian,R,PER,50,82.991,MEDIUM,3,Vuelta de ataque
2022,Hungarian,R,PER,51,83.015,MEDIUM,0,Ritmo de carrera
2022,Hungarian,R,PER,52,82.838,MEDIUM,3,Vuelta de ataque
2022,Hungarian,R,PER,53,83.21,MEDIUM,2,Tracción Comprometida
2022,Hungarian,R,PER,54,82.371,MEDIUM,3,Vuelta de ataque
2022,Hungarian,R,PER,55,82.864,MEDIUM,3,Vuelta de ataque
2022,Hungarian,R,PER,56,82.78,MEDIUM,2,Tracción Comprometida
2022,Hungarian,R,PER,57,82.393,MEDIUM,3,Vuelta de ataque
2022,Hungarian,R,PER,58,82.658,MEDIUM,3,Vuelta de ataque
2022,Hungarian,R,PER,59,82.344,MEDIUM,3,Vuelta de ataque
2022,Hungarian,R,PER,60,82.32,MEDIUM,3,Vuelta de ataque
2022,Hungarian,R,PER,61,82.413,MEDIUM,3,Vuelta de ataque
2022,Hungarian,R,PER,62,82.555,MEDIUM,3,Vuelta de ataque
2022,Hungarian,R,PER,63,82.235,MEDIUM,3,Vuelta de ataque
2022,Hungarian,R,PER,64,82.39,MEDIUM,3,Vuelta de ataque
2022,Hungarian,R,PER,65,82.027,MEDIUM,3,Vuelta de ataque
2022,Hungarian,R,PER,66,82.928,MEDIUM,3,Vuelta de ataque
2022,Hungarian,R,PER,67,82.437,MEDIUM,3,Vuelta de ataque
2022,Hungarian,R,PER,70,85.113,MEDIUM,0,Ritmo de carrera
2022,Hungarian,R,ALO,4,84.742,MEDIUM,0,Ritmo de carrera
2022,Hungarian,R,ALO,5,85.898,MEDIUM,0,Ritmo de carrera
2022,Hungarian,R,ALO,6,84.888,MEDIUM,3,Vuelta de ataque
2022,Hungarian,R,ALO,7,86.96,MEDIUM,0,Ritmo de carrera
2022,Hungarian,R,ALO,8,85.381,MEDIUM,3,Vuelta de ataque
2022,Hungarian,R,ALO,9,85.441,MEDIUM,3,Vuelta de ataque
2022,Hungarian,R,ALO,10,85.362,MEDIUM,3,Vuelta de ataque
2022,Hungarian,R,ALO,11,85.332,MEDIUM,3,Vuelta de ataque
2022,Hungarian,R,ALO,12,84.98,MEDIUM,3,Vuelta de ataque
2022,Hungarian,R,ALO,13,84.774,MEDIUM,3,Vuelta de ataque
2022,Hungarian,R,ALO,14,85.431,MEDIUM,3,Vuelta de ataque
2022,Hungarian,R,ALO,15,84.92,MEDIUM,3,Vuelta de ataque
2022,Hungarian,R,ALO,16,85.92,MEDIUM,3,Vuelta de ataque
2022,Hungarian,R,ALO,17,86.646,MEDIUM,0,Ritmo de carrera
2022,Hungarian,R,ALO,18,86.024,MEDIUM,3,Vuelta de ataque
2022,Hungarian,R,ALO,19,86.041,MEDIUM,3,Vuelta de ataque
2022,Hungarian,R,ALO,20,86.214,MEDIUM,3,Vuelta de ataque
2022,Hungarian,R,ALO,23,84.588,HARD,3,Vuelta de ataque
2022,Hungarian,R,ALO,25,85.37,HARD,3,Vuelta de ataque
2022,Hungarian,R,ALO,26,86.035,HARD,0,Ritmo de carrera
2022,Hungarian,R,ALO,27,86.541,HARD,0,Ritmo de carrera
2022,Hungarian,R,ALO,28,85.194,HARD,1,Lift and Coast
2022,Hungarian,R,ALO,29,85.74,HARD,3,Vuelta de ataque
2022,Hungarian,R,ALO,30,85.545,HARD,3,Vuelta de ataque
2022,Hungarian,R,ALO,31,86.835,HARD,1,Lift and Coast
2022,Hungarian,R,ALO,32,85.372,HARD,3,Vuelta de ataque
2022,Hungarian,R,ALO,33,84.79,HARD,3,Vuelta de ataque
2022,Hungarian,R,ALO,34,84.915,HARD,3,Vuelta de ataque
2022,Hungarian,R,ALO,35,85.788,HARD,3,Vuelta de ataque
2022,Hungarian,R,ALO,36,85.753,HARD,0,Ritmo de carrera
2022,Hungarian,R,ALO,37,85.06,HARD,3,Vuelta de ataque
2022,Hungarian,R,ALO,38,85.304,HARD,3,Vuelta de ataque
2022,Hungarian,R,ALO,39,84.466,HARD,3,Vuelta de ataque
2022,Hungarian,R,ALO,40,84.836,HARD,0,Ritmo de carrera
2022,Hungarian,R,ALO,41,84.335,HARD,3,Vuelta de ataque
2022,Hungarian,R,ALO,42,84.636,HARD,3,Vuelta de ataque
2022,Hungarian,R,ALO,43,85.111,HARD,3,Vuelta de ataque
2022,Hungarian,R,ALO,44,85.351,HARD,0,Ritmo de carrera
2022,Hungarian,R,ALO,45,85.105,HARD,0,Ritmo de carrera
2022,Hungarian,R,ALO,46,85.329,HARD,0,Ritmo de carrera
2022,Hungarian,R,ALO,47,83.979,HARD,3,Vuelta de ataque
2022,Hungarian,R,ALO,48,84.533,HARD,3,Vuelta de ataque
2022,Hungarian,R,ALO,49,84.209,HARD,3,Vuelta de ataque
2022,Hungarian,R,ALO,50,84.627,HARD,3,Vuelta de ataque
2022,Hungarian,R,ALO,51,84.26,HARD,3,Vuelta de ataque
2022,Hungarian,R,ALO,52,84.014,HARD,3,Vuelta de ataque
2022,Hungarian,R,ALO,53,84.649,HARD,3,Vuelta de ataque
2022,Hungarian,R,ALO,54,84.4,HARD,3,Vuelta de ataque
2022,Hungarian,R,ALO,55,84.432,HARD,3,Vuelta de ataque
2022,Hungarian,R,ALO,56,84.322,HARD,3,Vuelta de ataque
2022,Hungarian,R,ALO,57,84.898,HARD,3,Vuelta de ataque
2022,Hungarian,R,ALO,58,84.833,HARD,3,Vuelta de ataque
2022,Hungarian,R,ALO,59,84.377,HARD,3,Vuelta de ataque
2022,Hungarian,R,ALO,60,84.386,HARD,3,Vuelta de ataque
2022,Hungarian,R,ALO,61,85.093,HARD,0,Ritmo de carrera
2022,Hungarian,R,ALO,62,84.726,HARD,3,Vuelta de ataque
2022,Hungarian,R,ALO,63,84.357,HARD,3,Vuelta de ataque
2022,Hungarian,R,ALO,64,84.207,HARD,3,Vuelta de ataque
2022,Hungarian,R,ALO,65,86.242,HARD,1,Lift and Coast
2022,Hungarian,R,ALO,66,84.328,HARD,1,Lift and Coast
2022,Hungarian,R,LEC,4,83.573,MEDIUM,2,Tracción Comprometida
2022,Hungarian,R,LEC,5,84.315,MEDIUM,2,Tracción Comprometida
2022,Hungarian,R,LEC,6,84.187,MEDIUM,2,Tracción Comprometida
2022,Hungarian,R,LEC,7,84.103,MEDIUM,2,Tracción Comprometida
2022,Hungarian,R,LEC,8,84.141,MEDIUM,2,Tracción Comprometida
2022,Hungarian,R,LEC,10,84.124,MEDIUM,2,Tracción Comprometida
2022,Hungarian,R,LEC,12,84.077,MEDIUM,2,Tracción Comprometida
2022,Hungarian,R,LEC,13,84.105,MEDIUM,2,Tracción Comprometida
2022,Hungarian,R,LEC,16,85.005,MEDIUM,2,Tracción Comprometida
2022,Hungarian,R,LEC,18,83.792,MEDIUM,2,Tracción Comprometida
2022,Hungarian,R,LEC,20,84.262,MEDIUM,2,Tracción Comprometida
2022,Hungarian,R,LEC,23,82.995,MEDIUM,2,Tracción Comprometida
2022,Hungarian,R,LEC,25,83.447,MEDIUM,2,Tracción Comprometida
2022,Hungarian,R,LEC,32,84.278,MEDIUM,2,Tracción Comprometida
2022,Hungarian,R,LEC,33,83.365,MEDIUM,2,Tracción Comprometida
2022,Hungarian,R,LEC,34,83.388,MEDIUM,2,Tracción Comprometida
2022,Hungarian,R,LEC,35,83.498,MEDIUM,2,Tracción Comprometida
2022,Hungarian,R,LEC,37,83.453,MEDIUM,2,Tracción Comprometida
2022,Hungarian,R,LEC,41,85.755,HARD,2,Tracción Comprometida
2022,Hungarian,R,LEC,42,83.462,HARD,2,Tracción Comprometida
2022,Hungarian,R,LEC,43,82.456,HARD,2,Tracción Comprometida
2022,Hungarian,R,LEC,44,82.839,HARD,2,Tracción Comprometida
2022,Hungarian,R,LEC,45,84.3,HARD,2,Tracción Comprometida
2022,Hungarian,R,LEC,46,83.335,HARD,2,Tracción Comprometida
2022,Hungarian,R,LEC,47,83.158,HARD,2,Tracción Comprometida
2022,Hungarian,R,LEC,48,83.163,HARD,2,Tracción Comprometida
2022,Hungarian,R,LEC,49,83.509,HARD,2,Tracción Comprometida
2022,Hungarian,R,LEC,50,84.334,HARD,2,Tracción Comprometida
2022,Hungarian,R,LEC,52,83.544,HARD,2,Tracción Comprometida
2022,Hungarian,R,LEC,53,84.154,HARD,2,Tracción Comprometida
2022,Hungarian,R,LEC,56,82.687,SOFT,2,Tracción Comprometida
2022,Hungarian,R,LEC,57,81.622,SOFT,2,Tracción Comprometida
2022,Hungarian,R,LEC,58,81.988,SOFT,2,Tracción Comprometida
2022,Hungarian,R,LEC,59,81.762,SOFT,2,Tracción Comprometida
2022,Hungarian,R,LEC,60,81.89,SOFT,2,Tracción Comprometida
2022,Hungarian,R,LEC,61,82.09,SOFT,2,Tracción Comprometida
2022,Hungarian,R,LEC,62,81.897,SOFT,2,Tracción Comprometida
2022,Hungarian,R,LEC,63,82.392,SOFT,2,Tracción Comprometida
2022,Hungarian,R,LEC,64,81.981,SOFT,2,Tracción Comprometida
2022,Hungarian,R,LEC,65,82.325,SOFT,2,Tracción Comprometida
2022,Hungarian,R,LEC,66,82.23,SOFT,2,Tracción Comprometida
2022,Hungarian,R,LEC,67,82.836,SOFT,2,Tracción Comprometida
2022,Hungarian,R,STR,4,85.178,SOFT,2,Tracción Comprometida
2022,Hungarian,R,STR,5,85.149,SOFT,2,Tracción Comprometida
2022,Hungarian,R,STR,6,85.764,SOFT,0,Ritmo de carrera
2022,Hungarian,R,STR,7,85.418,SOFT,0,Ritmo de carrera
2022,Hungarian,R,STR,8,86.135,SOFT,0,Ritmo de carrera
2022,Hungarian,R,STR,9,85.576,SOFT,0,Ritmo de carrera
2022,Hungarian,R,STR,10,86.055,SOFT,0,Ritmo de carrera
2022,Hungarian,R,STR,11,85.89,SOFT,0,Ritmo de carrera
2022,Hungarian,R,STR,12,86.322,SOFT,0,Ritmo de carrera
2022,Hungarian,R,STR,13,86.594,SOFT,0,Ritmo de carrera
2022,Hungarian,R,STR,16,85.041,MEDIUM,2,Tracción Comprometida
2022,Hungarian,R,STR,17,85.839,MEDIUM,2,Tracción Comprometida
2022,Hungarian,R,STR,18,84.503,MEDIUM,0,Ritmo de carrera
2022,Hungarian,R,STR,19,84.817,MEDIUM,0,Ritmo de carrera
2022,Hungarian,R,STR,20,84.76,MEDIUM,0,Ritmo de carrera
2022,Hungarian,R,STR,21,84.38,MEDIUM,2,Tracción Comprometida
2022,Hungarian,R,STR,22,84.638,MEDIUM,2,Tracción Comprometida
2022,Hungarian,R,STR,23,84.349,MEDIUM,2,Tracción Comprometida
2022,Hungarian,R,STR,24,85.454,MEDIUM,2,Tracción Comprometida
2022,Hungarian,R,STR,25,85.523,MEDIUM,2,Tracción Comprometida
2022,Hungarian,R,STR,26,85.583,MEDIUM,2,Tracción Comprometida
2022,Hungarian,R,STR,27,84.708,MEDIUM,2,Tracción Comprometida
2022,Hungarian,R,STR,28,84.749,MEDIUM,2,Tracción Comprometida
2022,Hungarian,R,STR,29,84.061,MEDIUM,2,Tracción Comprometida
2022,Hungarian,R,STR,30,85.099,MEDIUM,0,Ritmo de carrera
2022,Hungarian,R,STR,31,84.641,MEDIUM,2,Tracción Comprometida
2022,Hungarian,R,STR,32,85.23,MEDIUM,0,Ritmo de carrera
2022,Hungarian,R,STR,33,84.698,MEDIUM,0,Ritmo de carrera
2022,Hungarian,R,STR,34,84.538,MEDIUM,2,Tracción Comprometida
2022,Hungarian,R,STR,35,84.619,MEDIUM,2,Tracción Comprometida
2022,Hungarian,R,STR,36,84.824,MEDIUM,2,Tracción Comprometida
2022,Hungarian,R,STR,37,84.66,MEDIUM,2,Tracción Comprometida
2022,Hungarian,R,STR,38,85.426,MEDIUM,2,Tracción Comprometida
2022,Hungarian,R,STR,39,85.527,MEDIUM,2,Tracción Comprometida
2022,Hungarian,R,STR,40,85.681,MEDIUM,2,Tracción Comprometida
2022,Hungarian,R,STR,41,85.019,MEDIUM,0,Ritmo de carrera
2022,Hungarian,R,STR,42,85.069,MEDIUM,0,Ritmo de carrera
2022,Hungarian,R,STR,43,85.214,MEDIUM,0,Ritmo de carrera
2022,Hungarian,R,STR,44,85.159,MEDIUM,0,Ritmo de carrera
2022,Hungarian,R,STR,45,85.051,MEDIUM,0,Ritmo de carrera
2022,Hungarian,R,STR,48,85.935,SOFT,2,Tracción Comprometida
2022,Hungarian,R,STR,49,83.017,SOFT,0,Ritmo de carrera
2022,Hungarian,R,STR,50,83.699,SOFT,2,Tracción Comprometida
2022,Hungarian,R,STR,51,82.437,SOFT,2,Tracción Comprometida
2022,Hungarian,R,STR,52,82.767,SOFT,0,Ritmo de carrera
2022,Hungarian,R,STR,53,82.84,SOFT,0,Ritmo de carrera
2022,Hungarian,R,STR,54,82.904,SOFT,2,Tracción Comprometida
2022,Hungarian,R,STR,55,83.122,SOFT,2,Tracción Comprometida
2022,Hungarian,R,STR,56,85.528,SOFT,2,Tracción Comprometida
2022,Hungarian,R,STR,57,83.919,SOFT,0,Ritmo de carrera
2022,Hungarian,R,STR,58,84.305,SOFT,0,Ritmo de carrera
2022,Hungarian,R,STR,59,83.328,SOFT,2,Tracción Comprometida
2022,Hungarian,R,STR,60,83.705,SOFT,0,Ritmo de carrera
2022,Hungarian,R,STR,61,84.714,SOFT,0,Ritmo de carrera
2022,Hungarian,R,STR,62,83.284,SOFT,2,Tracción Comprometida
2022,Hungarian,R,STR,63,85.16,SOFT,2,Tracción Comprometida
2022,Hungarian,R,STR,64,83.463,SOFT,3,Vuelta de ataque
2022,Hungarian,R,MAG,4,85.178,MEDIUM,0,Ritmo de carrera
2022,Hungarian,R,MAG,5,85.411,MEDIUM,3,Vuelta de ataque
2022,Hungarian,R,MAG,8,85.84,HARD,3,Vuelta de ataque
2022,Hungarian,R,MAG,9,85.685,HARD,3,Vuelta de ataque
2022,Hungarian,R,MAG,10,85.621,HARD,0,Ritmo de carrera
2022,Hungarian,R,MAG,11,85.369,HARD,3,Vuelta de ataque
2022,Hungarian,R,MAG,12,85.349,HARD,0,Ritmo de carrera
2022,Hungarian,R,MAG,13,85.661,HARD,3,Vuelta de ataque
2022,Hungarian,R,MAG,14,86.651,HARD,0,Ritmo de carrera
2022,Hungarian,R,MAG,16,86.176,HARD,0,Ritmo de carrera
2022,Hungarian,R,MAG,17,86.207,HARD,0,Ritmo de carrera
2022,Hungarian,R,MAG,18,86.015,HARD,3,Vuelta de ataque
2022,Hungarian,R,MAG,19,86.158,HARD,3,Vuelta de ataque
2022,Hungarian,R,MAG,21,86.603,HARD,0,Ritmo de carrera
2022,Hungarian,R,MAG,22,86.156,HARD,0,Ritmo de carrera
2022,Hungarian,R,MAG,23,86.071,HARD,0,Ritmo de carrera
2022,Hungarian,R,MAG,24,85.836,HARD,3,Vuelta de ataque
2022,Hungarian,R,MAG,25,86.073,HARD,3,Vuelta de ataque
2022,Hungarian,R,MAG,26,85.877,HARD,3,Vuelta de ataque
2022,Hungarian,R,MAG,27,85.77,HARD,0,Ritmo de carrera
2022,Hungarian,R,MAG,29,86.56,HARD,0,Ritmo de carrera
2022,Hungarian,R,MAG,30,85.974,HARD,0,Ritmo de carrera
2022,Hungarian,R,MAG,31,85.913,HARD,3,Vuelta de ataque
2022,Hungarian,R,MAG,32,85.817,HARD,1,Lift and Coast
2022,Hungarian,R,MAG,33,85.702,HARD,3,Vuelta de ataque
2022,Hungarian,R,MAG,34,85.75,HARD,0,Ritmo de carrera
2022,Hungarian,R,MAG,37,83.511,MEDIUM,3,Vuelta de ataque
2022,Hungarian,R,MAG,38,84.592,MEDIUM,0,Ritmo de carrera
2022,Hungarian,R,MAG,39,83.854,MEDIUM,3,Vuelta de ataque
2022,Hungarian,R,MAG,40,84.592,MEDIUM,3,Vuelta de ataque
2022,Hungarian,R,MAG,41,85.884,MEDIUM,0,Ritmo de carrera
2022,Hungarian,R,MAG,42,85.186,MEDIUM,0,Ritmo de carrera
2022,Hungarian,R,MAG,43,83.888,MEDIUM,0,Ritmo de carrera
2022,Hungarian,R,MAG,44,83.858,MEDIUM,0,Ritmo de carrera
2022,Hungarian,R,MAG,45,83.628,MEDIUM,3,Vuelta de ataque
2022,Hungarian,R,MAG,46,83.574,MEDIUM,3,Vuelta de ataque
2022,Hungarian,R,MAG,47,85.375,MEDIUM,3,Vuelta de ataque
2022,Hungarian,R,MAG,48,83.841,MEDIUM,3,Vuelta de ataque
2022,Hungarian,R,MAG,49,84.009,MEDIUM,0,Ritmo de carrera
2022,Hungarian,R,MAG,50,83.726,MEDIUM,3,Vuelta de ataque
2022,Hungarian,R,MAG,51,83.845,MEDIUM,3,Vuelta de ataque
2022,Hungarian,R,MAG,53,84.186,MEDIUM,3,Vuelta de ataque
2022,Hungarian,R,MAG,54,86.403,MEDIUM,1,Lift and Coast
2022,Hungarian,R,MAG,55,84.38,MEDIUM,3,Vuelta de ataque
2022,Hungarian,R,MAG,56,84.066,MEDIUM,3,Vuelta de ataque
2022,Hungarian,R,MAG,57,85.9,MEDIUM,1,Lift and Coast
2022,Hungarian,R,MAG,58,84.426,MEDIUM,3,Vuelta de ataque
2022,Hungarian,R,MAG,59,84.276,MEDIUM,3,Vuelta de ataque
2022,Hungarian,R,MAG,60,84.346,MEDIUM,3,Vuelta de ataque
2022,Hungarian,R,MAG,61,84.932,MEDIUM,3,Vuelta de ataque
2022,Hungarian,R,MAG,62,85.916,MEDIUM,1,Lift and Coast
2022,Hungarian,R,MAG,63,84.797,MEDIUM,3,Vuelta de ataque
2022,Hungarian,R,MAG,64,84.318,MEDIUM,1,Lift and Coast
2022,Hungarian,R,MAG,65,85.047,MEDIUM,3,Vuelta de ataque
2022,Hungarian,R,MAG,69,86.554,SOFT,0,Ritmo de carrera
2022,Hungarian,R,TSU,4,85.369,SOFT,3,Vuelta de ataque
2022,Hungarian,R,TSU,5,85.159,SOFT,1,Lift and Coast
2022,Hungarian,R,TSU,6,85.195,SOFT,3,Vuelta de ataque
2022,Hungarian,R,TSU,7,85.434,SOFT,1,Lift and Coast
2022,Hungarian,R,TSU,8,85.788,SOFT,1,Lift and Coast
2022,Hungarian,R,TSU,9,85.513,SOFT,3,Vuelta de ataque
2022,Hungarian,R,TSU,10,86.993,SOFT,3,Vuelta de ataque
2022,Hungarian,R,TSU,11,85.997,SOFT,1,Lift and Coast
2022,Hungarian,R,TSU,12,86.629,SOFT,1,Lift and Coast
2022,Hungarian,R,TSU,15,85.8,MEDIUM,1,Lift and Coast
2022,Hungarian,R,TSU,16,85.066,MEDIUM,3,Vuelta de ataque
2022,Hungarian,R,TSU,17,85.144,MEDIUM,1,Lift and Coast
2022,Hungarian,R,TSU,18,85.687,MEDIUM,3,Vuelta de ataque
2022,Hungarian,R,TSU,19,85.501,MEDIUM,1,Lift and Coast
2022,Hungarian,R,TSU,20,86.613,MEDIUM,1,Lift and Coast
2022,Hungarian,R,TSU,21,85.493,MEDIUM,3,Vuelta de ataque
2022,Hungarian,R,TSU,22,86.502,MEDIUM,3,Vuelta de ataque
2022,Hungarian,R,TSU,23,85.415,MEDIUM,3,Vuelta de ataque
2022,Hungarian,R,TSU,24,85.33,MEDIUM,3,Vuelta de ataque
2022,Hungarian,R,TSU,25,85.118,MEDIUM,3,Vuelta de ataque
2022,Hungarian,R,TSU,27,86.149,MEDIUM,3,Vuelta de ataque
2022,Hungarian,R,TSU,28,85.809,MEDIUM,1,Lift and Coast
2022,Hungarian,R,TSU,29,85.582,MEDIUM,1,Lift and Coast
2022,Hungarian,R,TSU,30,85.474,MEDIUM,3,Vuelta de ataque
2022,Hungarian,R,TSU,31,85.651,MEDIUM,3,Vuelta de ataque
2022,Hungarian,R,TSU,32,85.599,MEDIUM,3,Vuelta de ataque
2022,Hungarian,R,TSU,35,84.949,SOFT,3,Vuelta de ataque
2022,Hungarian,R,TSU,36,86.379,SOFT,3,Vuelta de ataque
2022,Hungarian,R,TSU,37,84.465,SOFT,3,Vuelta de ataque
2022,Hungarian,R,TSU,38,84.429,SOFT,3,Vuelta de ataque
2022,Hungarian,R,TSU,39,84.422,SOFT,1,Lift and Coast
2022,Hungarian,R,TSU,40,85.525,SOFT,1,Lift and Coast
2022,Hungarian,R,TSU,41,85.077,SOFT,1,Lift and Coast
2022,Hungarian,R,TSU,42,84.774,SOFT,3,Vuelta de ataque
2022,Hungarian,R,TSU,43,84.54,SOFT,1,Lift and Coast
2022,Hungarian,R,TSU,44,84.549,SOFT,1,Lift and Coast
2022,Hungarian,R,TSU,45,86.246,SOFT,1,Lift and Coast
2022,Hungarian,R,TSU,46,84.903,SOFT,1,Lift and Coast
2022,Hungarian,R,TSU,47,86.524,SOFT,1,Lift and Coast
2022,Hungarian,R,TSU,48,85.138,SOFT,3,Vuelta de ataque
2022,Hungarian,R,TSU,49,85.714,SOFT,1,Lift and Coast
2022,Hungarian,R,TSU,50,85.585,SOFT,1,Lift and Coast
2022,Hungarian,R,TSU,53,85.956,SOFT,1,Lift and Coast
2022,Hungarian,R,TSU,54,84.725,SOFT,3,Vuelta de ataque
2022,Hungarian,R,TSU,57,84.68,SOFT,3,Vuelta de ataque
2022,Hungarian,R,TSU,58,83.538,SOFT,3,Vuelta de ataque
2022,Hungarian,R,TSU,59,83.675,SOFT,3,Vuelta de ataque
2022,Hungarian,R,TSU,61,84.609,SOFT,3,Vuelta de ataque
2022,Hungarian,R,TSU,62,84.177,SOFT,1,Lift and Coast
2022,Hungarian,R,TSU,63,85.012,SOFT,0,Ritmo de carrera
2022,Hungarian,R,TSU,64,86.547,SOFT,1,Lift and Coast
2022,Hungarian,R,ALB,4,85.048,MEDIUM,1,Lift and Coast
2022,Hungarian,R,ALB,5,84.719,MEDIUM,1,Lift and Coast
2022,Hungarian,R,ALB,6,84.924,MEDIUM,1,Lift and Coast
2022,Hungarian,R,ALB,7,85.177,MEDIUM,1,Lift and Coast
2022,Hungarian,R,ALB,8,85.329,MEDIUM,1,Lift and Coast
2022,Hungarian,R,ALB,9,85.36,MEDIUM,1,Lift and Coast
2022,Hungarian,R,ALB,10,85.585,MEDIUM,1,Lift and Coast
2022,Hungarian,R,ALB,11,85.713,MEDIUM,1,Lift and Coast
2022,Hungarian,R,ALB,12,85.3,MEDIUM,1,Lift and Coast
2022,Hungarian,R,ALB,13,85.51,MEDIUM,1,Lift and Coast
2022,Hungarian,R,ALB,14,85.679,MEDIUM,1,Lift and Coast
2022,Hungarian,R,ALB,15,85.862,MEDIUM,1,Lift and Coast
2022,Hungarian,R,ALB,16,85.86,MEDIUM,0,Ritmo de carrera
2022,Hungarian,R,ALB,17,86.941,MEDIUM,1,Lift and Coast
2022,Hungarian,R,ALB,20,86.663,MEDIUM,0,Ritmo de carrera
2022,Hungarian,R,ALB,23,85.202,MEDIUM,0,Ritmo de carrera
2022,Hungarian,R,ALB,24,84.805,MEDIUM,1,Lift and Coast
2022,Hungarian,R,ALB,25,84.778,MEDIUM,0,Ritmo de carrera
2022,Hungarian,R,ALB,26,84.677,MEDIUM,1,Lift and Coast
2022,Hungarian,R,ALB,27,85.259,MEDIUM,0,Ritmo de carrera
2022,Hungarian,R,ALB,28,85.113,MEDIUM,1,Lift and Coast
2022,Hungarian,R,ALB,29,84.75,MEDIUM,1,Lift and Coast
2022,Hungarian,R,ALB,30,85.0,MEDIUM,1,Lift and Coast
2022,Hungarian,R,ALB,31,85.29,MEDIUM,1,Lift and Coast
2022,Hungarian,R,ALB,32,84.491,MEDIUM,1,Lift and Coast
2022,Hungarian,R,ALB,34,86.887,MEDIUM,0,Ritmo de carrera
2022,Hungarian,R,ALB,35,86.963,MEDIUM,1,Lift and Coast
2022,Hungarian,R,ALB,36,85.93,MEDIUM,1,Lift and Coast
2022,Hungarian,R,ALB,37,85.408,MEDIUM,1,Lift and Coast
2022,Hungarian,R,ALB,38,85.095,MEDIUM,1,Lift and Coast
2022,Hungarian,R,ALB,39,84.92,MEDIUM,0,Ritmo de carrera
2022,Hungarian,R,ALB,42,83.357,SOFT,1,Lift and Coast
2022,Hungarian,R,ALB,43,83.047,SOFT,1,Lift and Coast
2022,Hungarian,R,ALB,44,83.43,SOFT,1,Lift and Coast
2022,Hungarian,R,ALB,45,83.591,SOFT,0,Ritmo de carrera
2022,Hungarian,R,ALB,46,83.866,SOFT,1,Lift and Coast
2022,Hungarian,R,ALB,47,83.891,SOFT,1,Lift and Coast
2022,Hungarian,R,ALB,48,83.857,SOFT,1,Lift and Coast
2022,Hungarian,R,ALB,49,83.992,SOFT,1,Lift and Coast
2022,Hungarian,R,ALB,50,83.637,SOFT,1,Lift and Coast
2022,Hungarian,R,ALB,51,86.056,SOFT,0,Ritmo de carrera
2022,Hungarian,R,ALB,52,84.083,SOFT,1,Lift and Coast
2022,Hungarian,R,ALB,53,84.621,SOFT,0,Ritmo de carrera
2022,Hungarian,R,ALB,54,85.927,SOFT,0,Ritmo de carrera
2022,Hungarian,R,ALB,55,85.544,SOFT,0,Ritmo de carrera
2022,Hungarian,R,ALB,56,84.514,SOFT,0,Ritmo de carrera
2022,Hungarian,R,ALB,57,85.166,SOFT,0,Ritmo de carrera
2022,Hungarian,R,ALB,58,85.248,SOFT,1,Lift and Coast
2022,Hungarian,R,ALB,59,85.137,SOFT,1,Lift and Coast
2022,Hungarian,R,ALB,60,85.062,SOFT,1,Lift and Coast
2022,Hungarian,R,ALB,61,85.086,SOFT,0,Ritmo de carrera
2022,Hungarian,R,ALB,62,85.34,SOFT,1,Lift and Coast
2022,Hungarian,R,ALB,63,85.46,SOFT,1,Lift and Coast
2022,Hungarian,R,ALB,64,85.785,SOFT,1,Lift and Coast
2022,Hungarian,R,ALB,65,86.377,SOFT,0,Ritmo de carrera
2022,Hungarian,R,ZHO,4,85.405,MEDIUM,0,Ritmo de carrera
2022,Hungarian,R,ZHO,5,85.331,MEDIUM,0,Ritmo de carrera
2022,Hungarian,R,ZHO,6,85.4,MEDIUM,0,Ritmo de carrera
2022,Hungarian,R,ZHO,7,85.417,MEDIUM,0,Ritmo de carrera
2022,Hungarian,R,ZHO,8,85.721,MEDIUM,0,Ritmo de carrera
2022,Hungarian,R,ZHO,9,85.78,MEDIUM,0,Ritmo de carrera
2022,Hungarian,R,ZHO,10,85.699,MEDIUM,3,Vuelta de ataque
2022,Hungarian,R,ZHO,11,85.822,MEDIUM,0,Ritmo de carrera
2022,Hungarian,R,ZHO,12,86.533,MEDIUM,0,Ritmo de carrera
2022,Hungarian,R,ZHO,13,85.911,MEDIUM,1,Lift and Coast
2022,Hungarian,R,ZHO,14,85.933,MEDIUM,3,Vuelta de ataque
2022,Hungarian,R,ZHO,15,85.662,MEDIUM,1,Lift and Coast
2022,Hungarian,R,ZHO,16,85.245,MEDIUM,3,Vuelta de ataque
2022,Hungarian,R,ZHO,17,85.457,MEDIUM,3,Vuelta de ataque
2022,Hungarian,R,ZHO,18,85.925,MEDIUM,1,Lift and Coast
2022,Hungarian,R,ZHO,19,86.704,MEDIUM,1,Lift and Coast
2022,Hungarian,R,ZHO,20,86.72,MEDIUM,0,Ritmo de carrera
2022,Hungarian,R,ZHO,21,86.73,MEDIUM,3,Vuelta de ataque
2022,Hungarian,R,ZHO,22,85.838,MEDIUM,0,Ritmo de carrera
2022,Hungarian,R,ZHO,23,85.612,MEDIUM,1,Lift and Coast
2022,Hungarian,R,ZHO,24,85.966,MEDIUM,3,Vuelta de ataque
2022,Hungarian,R,ZHO,25,86.084,MEDIUM,3,Vuelta de ataque
2022,Hungarian,R,ZHO,26,86.261,MEDIUM,3,Vuelta de ataque
2022,Hungarian,R,ZHO,29,85.585,HARD,3,Vuelta de ataque
2022,Hungarian,R,ZHO,30,84.883,HARD,3,Vuelta de ataque
2022,Hungarian,R,ZHO,31,85.187,HARD,3,Vuelta de ataque
2022,Hungarian,R,ZHO,32,85.003,HARD,3,Vuelta de ataque
2022,Hungarian,R,ZHO,33,85.48,HARD,0,Ritmo de carrera
2022,Hungarian,R,ZHO,34,85.522,HARD,0,Ritmo de carrera
2022,Hungarian,R,ZHO,35,85.628,HARD,1,Lift and Coast
2022,Hungarian,R,ZHO,36,85.113,HARD,3,Vuelta de ataque
2022,Hungarian,R,ZHO,37,85.494,HARD,0,Ritmo de carrera
2022,Hungarian,R,ZHO,38,85.326,HARD,1,Lift and Coast
2022,Hungarian,R,ZHO,39,85.001,HARD,1,Lift and Coast
2022,Hungarian,R,ZHO,40,84.81,HARD,3,Vuelta de ataque
2022,Hungarian,R,ZHO,41,85.091,HARD,1,Lift and Coast
2022,Hungarian,R,ZHO,42,85.126,HARD,3,Vuelta de ataque
2022,Hungarian,R,ZHO,43,85.053,HARD,1,Lift and Coast
2022,Hungarian,R,ZHO,44,85.149,HARD,1,Lift and Coast
2022,Hungarian,R,ZHO,45,85.277,HARD,3,Vuelta de ataque
2022,Hungarian,R,ZHO,46,85.267,HARD,3,Vuelta de ataque
2022,Hungarian,R,ZHO,53,82.951,SOFT,3,Vuelta de ataque
2022,Hungarian,R,ZHO,54,82.869,SOFT,3,Vuelta de ataque
2022,Hungarian,R,ZHO,55,82.278,SOFT,3,Vuelta de ataque
2022,Hungarian,R,ZHO,56,82.491,SOFT,3,Vuelta de ataque
2022,Hungarian,R,ZHO,57,82.358,SOFT,3,Vuelta de ataque
2022,Hungarian,R,ZHO,58,82.029,SOFT,3,Vuelta de ataque
2022,Hungarian,R,ZHO,59,82.466,SOFT,3,Vuelta de ataque
2022,Hungarian,R,ZHO,60,82.577,SOFT,3,Vuelta de ataque
2022,Hungarian,R,ZHO,61,83.29,SOFT,3,Vuelta de ataque
2022,Hungarian,R,ZHO,62,82.199,SOFT,3,Vuelta de ataque
2022,Hungarian,R,ZHO,63,82.465,SOFT,3,Vuelta de ataque
2022,Hungarian,R,ZHO,64,82.271,SOFT,3,Vuelta de ataque
2022,Hungarian,R,ZHO,65,82.832,SOFT,3,Vuelta de ataque
2022,Hungarian,R,ZHO,66,83.64,SOFT,3,Vuelta de ataque
2022,Hungarian,R,RIC,4,84.91,SOFT,0,Ritmo de carrera
2022,Hungarian,R,RIC,5,85.227,SOFT,1,Lift and Coast
2022,Hungarian,R,RIC,6,85.614,SOFT,0,Ritmo de carrera
2022,Hungarian,R,RIC,7,85.052,SOFT,1,Lift and Coast
2022,Hungarian,R,RIC,8,85.521,SOFT,1,Lift and Coast
2022,Hungarian,R,RIC,9,85.516,SOFT,1,Lift and Coast
2022,Hungarian,R,RIC,10,85.674,SOFT,1,Lift and Coast
2022,Hungarian,R,RIC,11,85.806,SOFT,1,Lift and Coast
2022,Hungarian,R,RIC,12,85.825,SOFT,0,Ritmo de carrera
2022,Hungarian,R,RIC,13,86.436,SOFT,1,Lift and Coast
2022,Hungarian,R,RIC,17,84.437,MEDIUM,1,Lift and Coast
2022,Hungarian,R,RIC,18,84.529,MEDIUM,1,Lift and Coast
2022,Hungarian,R,RIC,19,84.53,MEDIUM,3,Vuelta de ataque
2022,Hungarian,R,RIC,20,84.633,MEDIUM,1,Lift and Coast
2022,Hungarian,R,RIC,21,84.45,MEDIUM,1,Lift and Coast
2022,Hungarian,R,RIC,22,84.742,MEDIUM,0,Ritmo de carrera
2022,Hungarian,R,RIC,23,84.62,MEDIUM,0,Ritmo de carrera
2022,Hungarian,R,RIC,24,84.748,MEDIUM,0,Ritmo de carrera
2022,Hungarian,R,RIC,25,84.783,MEDIUM,1,Lift and Coast
2022,Hungarian,R,RIC,26,84.713,MEDIUM,1,Lift and Coast
2022,Hungarian,R,RIC,27,84.824,MEDIUM,0,Ritmo de carrera
2022,Hungarian,R,RIC,28,84.741,MEDIUM,1,Lift and Coast
2022,Hungarian,R,RIC,29,84.594,MEDIUM,1,Lift and Coast
2022,Hungarian,R,RIC,30,85.07,MEDIUM,1,Lift and Coast
2022,Hungarian,R,RIC,31,85.105,MEDIUM,1,Lift and Coast
2022,Hungarian,R,RIC,32,85.528,MEDIUM,1,Lift and Coast
2022,Hungarian,R,RIC,33,85.111,MEDIUM,1,Lift and Coast
2022,Hungarian,R,RIC,34,85.032,MEDIUM,1,Lift and Coast
2022,Hungarian,R,RIC,35,85.113,MEDIUM,1,Lift and Coast
2022,Hungarian,R,RIC,36,85.062,MEDIUM,1,Lift and Coast
2022,Hungarian,R,RIC,37,85.569,MEDIUM,1,Lift and Coast
2022,Hungarian,R,RIC,38,85.593,MEDIUM,1,Lift and Coast
2022,Hungarian,R,RIC,39,85.624,MEDIUM,1,Lift and Coast
2022,Hungarian,R,RIC,40,85.29,MEDIUM,1,Lift and Coast
2022,Hungarian,R,RIC,41,85.129,MEDIUM,1,Lift and Coast
2022,Hungarian,R,RIC,42,85.079,MEDIUM,1,Lift and Coast
2022,Hungarian,R,RIC,43,85.161,MEDIUM,1,Lift and Coast
2022,Hungarian,R,RIC,44,84.924,MEDIUM,1,Lift and Coast
2022,Hungarian,R,RIC,45,85.042,MEDIUM,1,Lift and Coast
2022,Hungarian,R,RIC,49,86.411,HARD,1,Lift and Coast
2022,Hungarian,R,RIC,50,84.419,HARD,1,Lift and Coast
2022,Hungarian,R,RIC,51,84.823,HARD,1,Lift and Coast
2022,Hungarian,R,RIC,52,84.263,HARD,1,Lift and Coast
2022,Hungarian,R,RIC,53,85.762,HARD,1,Lift and Coast
2022,Hungarian,R,RIC,54,86.589,HARD,1,Lift and Coast
2022,Hungarian,R,RIC,55,85.478,HARD,1,Lift and Coast
2022,Hungarian,R,RIC,56,85.643,HARD,1,Lift and Coast
2022,Hungarian,R,RIC,57,84.251,HARD,0,Ritmo de carrera
2022,Hungarian,R,RIC,58,83.745,HARD,1,Lift and Coast
2022,Hungarian,R,RIC,59,84.177,HARD,1,Lift and Coast
2022,Hungarian,R,RIC,60,83.809,HARD,1,Lift and Coast
2022,Hungarian,R,RIC,61,86.112,HARD,1,Lift and Coast
2022,Hungarian,R,RIC,62,85.816,HARD,1,Lift and Coast
2022,Hungarian,R,RIC,63,83.654,HARD,0,Ritmo de carrera
2022,Hungarian,R,RIC,64,83.59,HARD,0,Ritmo de carrera
2022,Hungarian,R,RIC,65,83.92,HARD,1,Lift and Coast
2022,Hungarian,R,RIC,66,84.896,HARD,1,Lift and Coast
2022,Hungarian,R,OCO,4,84.583,MEDIUM,2,Tracción Comprometida
2022,Hungarian,R,OCO,5,84.991,MEDIUM,2,Tracción Comprometida
2022,Hungarian,R,OCO,6,85.0,MEDIUM,3,Vuelta de ataque
2022,Hungarian,R,OCO,7,86.285,MEDIUM,2,Tracción Comprometida
2022,Hungarian,R,OCO,8,85.336,MEDIUM,2,Tracción Comprometida
2022,Hungarian,R,OCO,9,86.048,MEDIUM,2,Tracción Comprometida
2022,Hungarian,R,OCO,10,85.396,MEDIUM,2,Tracción Comprometida
2022,Hungarian,R,OCO,11,85.266,MEDIUM,2,Tracción Comprometida
2022,Hungarian,R,OCO,12,85.335,MEDIUM,1,Lift and Coast
2022,Hungarian,R,OCO,13,85.225,MEDIUM,2,Tracción Comprometida
2022,Hungarian,R,OCO,14,85.774,MEDIUM,0,Ritmo de carrera
2022,Hungarian,R,OCO,15,84.704,MEDIUM,3,Vuelta de ataque
2022,Hungarian,R,OCO,16,85.225,MEDIUM,2,Tracción Comprometida
2022,Hungarian,R,OCO,17,85.746,MEDIUM,2,Tracción Comprometida
2022,Hungarian,R,OCO,18,86.403,MEDIUM,0,Ritmo de carrera
2022,Hungarian,R,OCO,19,86.503,MEDIUM,0,Ritmo de carrera
2022,Hungarian,R,OCO,20,85.746,MEDIUM,2,Tracción Comprometida
2022,Hungarian,R,OCO,21,86.191,MEDIUM,2,Tracción Comprometida
2022,Hungarian,R,OCO,22,85.479,MEDIUM,2,Tracción Comprometida
2022,Hungarian,R,OCO,25,85.287,HARD,2,Tracción Comprometida
2022,Hungarian,R,OCO,26,85.33,HARD,2,Tracción Comprometida
2022,Hungarian,R,OCO,27,85.642,HARD,2,Tracción Comprometida
2022,Hungarian,R,OCO,28,85.205,HARD,2,Tracción Comprometida
2022,Hungarian,R,OCO,29,86.402,HARD,0,Ritmo de carrera
2022,Hungarian,R,OCO,30,85.58,HARD,2,Tracción Comprometida
2022,Hungarian,R,OCO,31,85.47,HARD,2,Tracción Comprometida
2022,Hungarian,R,OCO,32,85.759,HARD,2,Tracción Comprometida
2022,Hungarian,R,OCO,33,85.215,HARD,1,Lift and Coast
2022,Hungarian,R,OCO,34,85.326,HARD,1,Lift and Coast
2022,Hungarian,R,OCO,35,85.255,HARD,1,Lift and Coast
2022,Hungarian,R,OCO,36,85.06,HARD,2,Tracción Comprometida
2022,Hungarian,R,OCO,37,84.798,HARD,1,Lift and Coast
2022,Hungarian,R,OCO,38,86.852,HARD,2,Tracción Comprometida
2022,Hungarian,R,OCO,39,85.466,HARD,0,Ritmo de carrera
2022,Hungarian,R,OCO,40,85.027,HARD,2,Tracción Comprometida
2022,Hungarian,R,OCO,41,86.308,HARD,2,Tracción Comprometida
2022,Hungarian,R,OCO,42,85.196,HARD,2,Tracción Comprometida
2022,Hungarian,R,OCO,43,84.991,HARD,2,Tracción Comprometida
2022,Hungarian,R,OCO,44,85.084,HARD,1,Lift and Coast
2022,Hungarian,R,OCO,45,85.053,HARD,2,Tracción Comprometida
2022,Hungarian,R,OCO,46,85.3,HARD,2,Tracción Comprometida
2022,Hungarian,R,OCO,47,84.758,HARD,2,Tracción Comprometida
2022,Hungarian,R,OCO,48,84.718,HARD,1,Lift and Coast
2022,Hungarian,R,OCO,49,84.719,HARD,1,Lift and Coast
2022,Hungarian,R,OCO,50,84.661,HARD,0,Ritmo de carrera
2022,Hungarian,R,OCO,51,84.553,HARD,1,Lift and Coast
2022,Hungarian,R,OCO,52,84.667,HARD,1,Lift and Coast
2022,Hungarian,R,OCO,53,85.096,HARD,2,Tracción Comprometida
2022,Hungarian,R,OCO,54,84.612,HARD,3,Vuelta de ataque
2022,Hungarian,R,OCO,55,84.931,HARD,1,Lift and Coast
2022,Hungarian,R,OCO,56,84.492,HARD,0,Ritmo de carrera
2022,Hungarian,R,OCO,57,84.78,HARD,2,Tracción Comprometida
2022,Hungarian,R,OCO,58,84.726,HARD,1,Lift and Coast
2022,Hungarian,R,OCO,59,84.484,HARD,1,Lift and Coast
2022,Hungarian,R,OCO,60,84.149,HARD,0,Ritmo de carrera
2022,Hungarian,R,OCO,61,84.55,HARD,2,Tracción Comprometida
2022,Hungarian,R,OCO,62,85.965,HARD,2,Tracción Comprometida
2022,Hungarian,R,OCO,63,84.413,HARD,0,Ritmo de carrera
2022,Hungarian,R,OCO,64,84.508,HARD,1,Lift and Coast
2022,Hungarian,R,OCO,65,84.568,HARD,0,Ritmo de carrera
2022,Hungarian,R,OCO,66,84.655,HARD,0,Ritmo de carrera
2022,Hungarian,R,NOR,4,84.09,SOFT,3,Vuelta de ataque
2022,Hungarian,R,NOR,5,84.182,SOFT,1,Lift and Coast
2022,Hungarian,R,NOR,6,84.512,SOFT,1,Lift and Coast
2022,Hungarian,R,NOR,7,84.533,SOFT,1,Lift and Coast
2022,Hungarian,R,NOR,8,84.857,SOFT,1,Lift and Coast
2022,Hungarian,R,NOR,9,84.832,SOFT,1,Lift and Coast
2022,Hungarian,R,NOR,10,85.461,SOFT,3,Vuelta de ataque
2022,Hungarian,R,NOR,11,85.801,SOFT,3,Vuelta de ataque
2022,Hungarian,R,NOR,16,83.914,MEDIUM,1,Lift and Coast
2022,Hungarian,R,NOR,17,83.686,MEDIUM,1,Lift and Coast
2022,Hungarian,R,NOR,18,84.141,MEDIUM,1,Lift and Coast
2022,Hungarian,R,NOR,19,84.78,MEDIUM,0,Ritmo de carrera
2022,Hungarian,R,NOR,20,85.566,MEDIUM,2,Tracción Comprometida
2022,Hungarian,R,NOR,21,85.448,MEDIUM,0,Ritmo de carrera
2022,Hungarian,R,NOR,22,83.568,MEDIUM,1,Lift and Coast
2022,Hungarian,R,NOR,23,83.879,MEDIUM,1,Lift and Coast
2022,Hungarian,R,NOR,24,84.012,MEDIUM,1,Lift and Coast
2022,Hungarian,R,NOR,25,84.225,MEDIUM,1,Lift and Coast
2022,Hungarian,R,NOR,26,84.436,MEDIUM,1,Lift and Coast
2022,Hungarian,R,NOR,27,84.403,MEDIUM,1,Lift and Coast
2022,Hungarian,R,NOR,28,84.451,MEDIUM,1,Lift and Coast
2022,Hungarian,R,NOR,29,84.486,MEDIUM,1,Lift and Coast
2022,Hungarian,R,NOR,30,85.016,MEDIUM,1,Lift and Coast
2022,Hungarian,R,NOR,31,84.645,MEDIUM,1,Lift and Coast
2022,Hungarian,R,NOR,32,84.949,MEDIUM,1,Lift and Coast
2022,Hungarian,R,NOR,33,84.77,MEDIUM,1,Lift and Coast
2022,Hungarian,R,NOR,34,84.692,MEDIUM,1,Lift and Coast
2022,Hungarian,R,NOR,35,85.472,MEDIUM,1,Lift and Coast
2022,Hungarian,R,NOR,36,85.547,MEDIUM,1,Lift and Coast
2022,Hungarian,R,NOR,37,84.924,MEDIUM,1,Lift and Coast
2022,Hungarian,R,NOR,38,85.131,MEDIUM,1,Lift and Coast
2022,Hungarian,R,NOR,39,85.474,MEDIUM,0,Ritmo de carrera
2022,Hungarian,R,NOR,40,85.065,MEDIUM,0,Ritmo de carrera
2022,Hungarian,R,NOR,41,85.304,MEDIUM,1,Lift and Coast
2022,Hungarian,R,NOR,44,84.265,HARD,1,Lift and Coast
2022,Hungarian,R,NOR,45,83.713,HARD,2,Tracción Comprometida
2022,Hungarian,R,NOR,46,84.271,HARD,2,Tracción Comprometida
2022,Hungarian,R,NOR,47,83.043,HARD,2,Tracción Comprometida
2022,Hungarian,R,NOR,48,83.31,HARD,3,Vuelta de ataque
2022,Hungarian,R,NOR,49,83.626,HARD,1,Lift and Coast
2022,Hungarian,R,NOR,50,83.672,HARD,2,Tracción Comprometida
2022,Hungarian,R,NOR,51,83.397,HARD,2,Tracción Comprometida
2022,Hungarian,R,NOR,52,83.798,HARD,1,Lift and Coast
2022,Hungarian,R,NOR,53,83.922,HARD,1,Lift and Coast
2022,Hungarian,R,NOR,54,83.866,HARD,2,Tracción Comprometida
2022,Hungarian,R,NOR,55,84.129,HARD,2,Tracción Comprometida
2022,Hungarian,R,NOR,56,84.038,HARD,2,Tracción Comprometida
2022,Hungarian,R,NOR,57,84.008,HARD,2,Tracción Comprometida
2022,Hungarian,R,NOR,58,84.268,HARD,2,Tracción Comprometida
2022,Hungarian,R,NOR,59,83.656,HARD,2,Tracción Comprometida
2022,Hungarian,R,NOR,60,83.593,HARD,2,Tracción Comprometida
2022,Hungarian,R,NOR,61,83.314,HARD,1,Lift and Coast
2022,Hungarian,R,NOR,62,83.66,HARD,2,Tracción Comprometida
2022,Hungarian,R,NOR,63,84.412,HARD,2,Tracción Comprometida
2022,Hungarian,R,NOR,64,83.901,HARD,2,Tracción Comprometida
2022,Hungarian,R,NOR,65,83.759,HARD,2,Tracción Comprometida
2022,Hungarian,R,NOR,66,84.274,HARD,2,Tracción Comprometida
2022,Hungarian,R,HAM,4,84.265,MEDIUM,2,Tracción Comprometida
2022,Hungarian,R,HAM,5,84.348,MEDIUM,0,Ritmo de carrera
2022,Hungarian,R,HAM,6,84.628,MEDIUM,1,Lift and Coast
2022,Hungarian,R,HAM,7,84.392,MEDIUM,0,Ritmo de carrera
2022,Hungarian,R,HAM,8,84.78,MEDIUM,0,Ritmo de carrera
2022,Hungarian,R,HAM,9,84.627,MEDIUM,2,Tracción Comprometida
2022,Hungarian,R,HAM,12,83.827,MEDIUM,2,Tracción Comprometida
2022,Hungarian,R,HAM,13,84.29,MEDIUM,2,Tracción Comprometida
2022,Hungarian,R,HAM,14,84.666,MEDIUM,1,Lift and Coast
2022,Hungarian,R,HAM,15,85.186,MEDIUM,2,Tracción Comprometida
2022,Hungarian,R,HAM,16,84.825,MEDIUM,2,Tracción Comprometida
2022,Hungarian,R,HAM,17,84.972,MEDIUM,2,Tracción Comprometida
2022,Hungarian,R,HAM,18,85.201,MEDIUM,2,Tracción Comprometida
2022,Hungarian,R,HAM,21,83.495,MEDIUM,3,Vuelta de ataque
2022,Hungarian,R,HAM,22,83.364,MEDIUM,3,Vuelta de ataque
2022,Hungarian,R,HAM,23,83.482,MEDIUM,3,Vuelta de ataque
2022,Hungarian,R,HAM,24,83.831,MEDIUM,2,Tracción Comprometida
2022,Hungarian,R,HAM,25,84.02,MEDIUM,2,Tracción Comprometida
2022,Hungarian,R,HAM,26,83.485,MEDIUM,2,Tracción Comprometida
2022,Hungarian,R,HAM,27,83.593,MEDIUM,3,Vuelta de ataque
2022,Hungarian,R,HAM,28,83.239,MEDIUM,2,Tracción Comprometida
2022,Hungarian,R,HAM,29,83.697,MEDIUM,3,Vuelta de ataque
2022,Hungarian,R,HAM,30,83.592,MEDIUM,3,Vuelta de ataque
2022,Hungarian,R,HAM,31,83.611,MEDIUM,0,Ritmo de carrera
2022,Hungarian,R,HAM,32,83.459,MEDIUM,3,Vuelta de ataque
2022,Hungarian,R,HAM,33,83.376,MEDIUM,2,Tracción Comprometida
2022,Hungarian,R,HAM,34,83.446,MEDIUM,2,Tracción Comprometida
2022,Hungarian,R,HAM,35,83.76,MEDIUM,2,Tracción Comprometida
2022,Hungarian,R,HAM,36,83.909,MEDIUM,2,Tracción Comprometida
2022,Hungarian,R,HAM,37,84.36,MEDIUM,2,Tracción Comprometida
2022,Hungarian,R,HAM,38,83.879,MEDIUM,2,Tracción Comprometida
2022,Hungarian,R,HAM,39,83.994,MEDIUM,2,Tracción Comprometida
2022,Hungarian,R,HAM,40,83.732,MEDIUM,2,Tracción Comprometida
2022,Hungarian,R,HAM,41,83.669,MEDIUM,2,Tracción Comprometida
2022,Hungarian,R,HAM,42,83.814,MEDIUM,2,Tracción Comprometida
2022,Hungarian,R,HAM,43,83.525,MEDIUM,2,Tracción Comprometida
2022,Hungarian,R,HAM,44,83.508,MEDIUM,2,Tracción Comprometida
2022,Hungarian,R,HAM,45,83.602,MEDIUM,2,Tracción Comprometida
2022,Hungarian,R,HAM,46,83.874,MEDIUM,2,Tracción Comprometida
2022,Hungarian,R,HAM,47,83.759,MEDIUM,2,Tracción Comprometida
2022,Hungarian,R,HAM,49,84.581,MEDIUM,2,Tracción Comprometida
2022,Hungarian,R,HAM,50,84.766,MEDIUM,2,Tracción Comprometida
2022,Hungarian,R,HAM,51,86.795,MEDIUM,2,Tracción Comprometida
2022,Hungarian,R,HAM,53,82.507,SOFT,0,Ritmo de carrera
2022,Hungarian,R,HAM,54,81.685,SOFT,3,Vuelta de ataque
2022,Hungarian,R,HAM,55,81.848,SOFT,2,Tracción Comprometida
2022,Hungarian,R,HAM,56,81.56,SOFT,3,Vuelta de ataque
2022,Hungarian,R,HAM,57,81.386,SOFT,2,Tracción Comprometida
2022,Hungarian,R,HAM,58,81.942,SOFT,2,Tracción Comprometida
2022,Hungarian,R,HAM,59,81.831,SOFT,3,Vuelta de ataque
2022,Hungarian,R,HAM,60,81.805,SOFT,3,Vuelta de ataque
2022,Hungarian,R,HAM,61,82.44,SOFT,0,Ritmo de carrera
2022,Hungarian,R,HAM,63,81.79,SOFT,2,Tracción Comprometida
2022,Hungarian,R,HAM,64,83.394,SOFT,2,Tracción Comprometida
2022,Hungarian,R,HAM,65,82.438,SOFT,2,Tracción Comprometida
2022,Hungarian,R,HAM,66,82.73,SOFT,2,Tracción Comprometida
2022,Hungarian,R,HAM,67,83.059,SOFT,0,Ritmo de carrera
2022,Hungarian,R,MSC,4,85.073,MEDIUM,0,Ritmo de carrera
2022,Hungarian,R,MSC,5,85.108,MEDIUM,0,Ritmo de carrera
2022,Hungarian,R,MSC,6,85.891,MEDIUM,0,Ritmo de carrera
2022,Hungarian,R,MSC,7,85.547,MEDIUM,3,Vuelta de ataque
2022,Hungarian,R,MSC,8,85.973,MEDIUM,3,Vuelta de ataque
2022,Hungarian,R,MSC,9,85.757,MEDIUM,0,Ritmo de carrera
2022,Hungarian,R,MSC,10,86.007,MEDIUM,0,Ritmo de carrera
2022,Hungarian,R,MSC,11,85.841,MEDIUM,3,Vuelta de ataque
2022,Hungarian,R,MSC,12,86.237,MEDIUM,0,Ritmo de carrera
2022,Hungarian,R,MSC,13,86.414,MEDIUM,0,Ritmo de carrera
2022,Hungarian,R,MSC,14,86.085,MEDIUM,3,Vuelta de ataque
2022,Hungarian,R,MSC,15,86.495,MEDIUM,0,Ritmo de carrera
2022,Hungarian,R,MSC,16,85.617,MEDIUM,3,Vuelta de ataque
2022,Hungarian,R,MSC,17,85.779,MEDIUM,3,Vuelta de ataque
2022,Hungarian,R,MSC,18,86.433,MEDIUM,0,Ritmo de carrera
2022,Hungarian,R,MSC,19,86.21,MEDIUM,0,Ritmo de carrera
2022,Hungarian,R,MSC,20,86.435,MEDIUM,0,Ritmo de carrera
2022,Hungarian,R,MSC,24,87.033,HARD,0,Ritmo de carrera
2022,Hungarian,R,MSC,25,85.712,HARD,1,Lift and Coast
2022,Hungarian,R,MSC,26,85.501,HARD,0,Ritmo de carrera
2022,Hungarian,R,MSC,27,85.368,HARD,0,Ritmo de carrera
2022,Hungarian,R,MSC,28,85.715,HARD,0,Ritmo de carrera
2022,Hungarian,R,MSC,29,86.103,HARD,0,Ritmo de carrera
2022,Hungarian,R,MSC,30,85.953,HARD,0,Ritmo de carrera
2022,Hungarian,R,MSC,31,85.727,HARD,0,Ritmo de carrera
2022,Hungarian,R,MSC,32,85.183,HARD,0,Ritmo de carrera
2022,Hungarian,R,MSC,33,85.614,HARD,1,Lift and Coast
2022,Hungarian,R,MSC,34,85.303,HARD,1,Lift and Coast
2022,Hungarian,R,MSC,35,85.626,HARD,2,Tracción Comprometida
2022,Hungarian,R,MSC,36,85.306,HARD,0,Ritmo de carrera
2022,Hungarian,R,MSC,37,85.773,HARD,3,Vuelta de ataque
2022,Hungarian,R,MSC,39,85.545,HARD,0,Ritmo de carrera
2022,Hungarian,R,MSC,40,85.667,HARD,0,Ritmo de carrera
2022,Hungarian,R,MSC,43,83.643,MEDIUM,3,Vuelta de ataque
2022,Hungarian,R,MSC,44,83.688,MEDIUM,0,Ritmo de carrera
2022,Hungarian,R,MSC,45,83.532,MEDIUM,3,Vuelta de ataque
2022,Hungarian,R,MSC,46,83.363,MEDIUM,3,Vuelta de ataque
2022,Hungarian,R,MSC,47,83.817,MEDIUM,3,Vuelta de ataque
2022,Hungarian,R,MSC,48,86.087,MEDIUM,0,Ritmo de carrera
2022,Hungarian,R,MSC,49,83.565,MEDIUM,3,Vuelta de ataque
2022,Hungarian,R,MSC,50,83.151,MEDIUM,3,Vuelta de ataque
2022,Hungarian,R,MSC,51,83.554,MEDIUM,3,Vuelta de ataque
2022,Hungarian,R,MSC,52,83.35,MEDIUM,3,Vuelta de ataque
2022,Hungarian,R,MSC,53,83.665,MEDIUM,3,Vuelta de ataque
2022,Hungarian,R,MSC,54,85.433,MEDIUM,0,Ritmo de carrera
2022,Hungarian,R,MSC,55,83.809,MEDIUM,0,Ritmo de carrera
2022,Hungarian,R,MSC,56,83.547,MEDIUM,0,Ritmo de carrera
2022,Hungarian,R,MSC,57,83.806,MEDIUM,0,Ritmo de carrera
2022,Hungarian,R,MSC,58,83.637,MEDIUM,3,Vuelta de ataque
2022,Hungarian,R,MSC,59,86.289,MEDIUM,0,Ritmo de carrera
2022,Hungarian,R,MSC,60,85.246,MEDIUM,0,Ritmo de carrera
2022,Hungarian,R,MSC,61,84.535,MEDIUM,0,Ritmo de carrera
2022,Hungarian,R,MSC,62,83.989,MEDIUM,3,Vuelta de ataque
2022,Hungarian,R,MSC,63,84.166,MEDIUM,0,Ritmo de carrera
2022,Hungarian,R,MSC,64,83.798,MEDIUM,0,Ritmo de carrera
2022,Hungarian,R,MSC,65,84.375,MEDIUM,0,Ritmo de carrera
2022,Hungarian,R,MSC,66,85.12,MEDIUM,0,Ritmo de carrera
2022,Hungarian,R,VET,13,86.066,SOFT,2,Tracción Comprometida
2022,Hungarian,R,VET,21,85.233,MEDIUM,2,Tracción Comprometida
2022,Hungarian,R,VET,22,84.969,MEDIUM,2,Tracción Comprometida
2022,Hungarian,R,VET,23,84.76,MEDIUM,2,Tracción Comprometida
2022,Hungarian,R,VET,24,84.683,MEDIUM,2,Tracción Comprometida
2022,Hungarian,R,VET,25,85.2,MEDIUM,2,Tracción Comprometida
2022,Hungarian,R,VET,26,84.905,MEDIUM,2,Tracción Comprometida
2022,Hungarian,R,VET,27,84.754,MEDIUM,2,Tracción Comprometida
2022,Hungarian,R,VET,28,85.097,MEDIUM,2,Tracción Comprometida
2022,Hungarian,R,VET,29,84.911,MEDIUM,2,Tracción Comprometida
2022,Hungarian,R,VET,31,84.867,MEDIUM,2,Tracción Comprometida
2022,Hungarian,R,VET,32,85.269,MEDIUM,2,Tracción Comprometida
2022,Hungarian,R,VET,33,85.061,MEDIUM,2,Tracción Comprometida
2022,Hungarian,R,VET,34,84.914,MEDIUM,2,Tracción Comprometida
2022,Hungarian,R,VET,39,84.713,MEDIUM,2,Tracción Comprometida
2022,Hungarian,R,VET,40,84.94,MEDIUM,2,Tracción Comprometida
2022,Hungarian,R,VET,41,85.493,MEDIUM,2,Tracción Comprometida
2022,Hungarian,R,VET,42,85.259,MEDIUM,2,Tracción Comprometida
2022,Hungarian,R,VET,43,85.537,MEDIUM,2,Tracción Comprometida
2022,Hungarian,R,VET,44,85.202,MEDIUM,2,Tracción Comprometida
2022,Hungarian,R,VET,45,85.424,MEDIUM,2,Tracción Comprometida
2022,Hungarian,R,VET,51,82.824,MEDIUM,2,Tracción Comprometida
2022,Hungarian,R,VET,52,83.246,MEDIUM,2,Tracción Comprometida
2022,Hungarian,R,VET,54,82.989,MEDIUM,2,Tracción Comprometida
2022,Hungarian,R,VET,56,82.878,MEDIUM,2,Tracción Comprometida
2022,Hungarian,R,VET,57,83.37,MEDIUM,2,Tracción Comprometida
2022,Hungarian,R,VET,66,83.182,MEDIUM,2,Tracción Comprometida
2022,Hungarian,R,SAI,4,83.354,MEDIUM,2,Tracción Comprometida
2022,Hungarian,R,SAI,5,83.932,MEDIUM,2,Tracción Comprometida
2022,Hungarian,R,SAI,6,83.938,MEDIUM,2,Tracción Comprometida
2022,Hungarian,R,SAI,7,84.065,MEDIUM,2,Tracción Comprometida
2022,Hungarian,R,SAI,8,84.439,MEDIUM,2,Tracción Comprometida
2022,Hungarian,R,SAI,9,83.86,MEDIUM,2,Tracción Comprometida
2022,Hungarian,R,SAI,10,84.648,MEDIUM,2,Tracción Comprometida
2022,Hungarian,R,SAI,12,84.31,MEDIUM,2,Tracción Comprometida
2022,Hungarian,R,SAI,13,84.107,MEDIUM,2,Tracción Comprometida
2022,Hungarian,R,SAI,14,84.454,MEDIUM,2,Tracción Comprometida
2022,Hungarian,R,SAI,17,86.969,MEDIUM,2,Tracción Comprometida
2022,Hungarian,R,SAI,19,83.482,MEDIUM,2,Tracción Comprometida
2022,Hungarian,R,SAI,20,83.73,MEDIUM,2,Tracción Comprometida
2022,Hungarian,R,SAI,21,83.589,MEDIUM,2,Tracción Comprometida
2022,Hungarian,R,SAI,22,84.521,MEDIUM,2,Tracción Comprometida
2022,Hungarian,R,SAI,23,83.918,MEDIUM,2,Tracción Comprometida
2022,Hungarian,R,SAI,24,83.741,MEDIUM,2,Tracción Comprometida
2022,Hungarian,R,SAI,25,83.577,MEDIUM,2,Tracción Comprometida
2022,Hungarian,R,SAI,26,83.804,MEDIUM,2,Tracción Comprometida
2022,Hungarian,R,SAI,27,83.731,MEDIUM,2,Tracción Comprometida
2022,Hungarian,R,SAI,28,83.648,MEDIUM,2,Tracción Comprometida
2022,Hungarian,R,SAI,29,84.172,MEDIUM,2,Tracción Comprometida
2022,Hungarian,R,SAI,30,83.78,MEDIUM,2,Tracción Comprometida
2022,Hungarian,R,SAI,31,84.042,MEDIUM,2,Tracción Comprometida
2022,Hungarian,R,SAI,32,84.27,MEDIUM,2,Tracción Comprometida
2022,Hungarian,R,SAI,33,83.796,MEDIUM,2,Tracción Comprometida
2022,Hungarian,R,SAI,35,84.203,MEDIUM,2,Tracción Comprometida
2022,Hungarian,R,SAI,36,84.096,MEDIUM,2,Tracción Comprometida
2022,Hungarian,R,SAI,38,84.354,MEDIUM,2,Tracción Comprometida
2022,Hungarian,R,SAI,39,84.623,MEDIUM,2,Tracción Comprometida
2022,Hungarian,R,SAI,40,84.09,MEDIUM,2,Tracción Comprometida
2022,Hungarian,R,SAI,41,83.895,MEDIUM,2,Tracción Comprometida
2022,Hungarian,R,SAI,42,84.492,MEDIUM,2,Tracción Comprometida
2022,Hungarian,R,SAI,43,83.621,MEDIUM,2,Tracción Comprometida
2022,Hungarian,R,SAI,44,84.184,MEDIUM,2,Tracción Comprometida
2022,Hungarian,R,SAI,45,84.244,MEDIUM,0,Ritmo de carrera
2022,Hungarian,R,SAI,46,84.289,MEDIUM,2,Tracción Comprometida
2022,Hungarian,R,SAI,47,86.632,MEDIUM,0,Ritmo de carrera
2022,Hungarian,R,SAI,49,82.944,SOFT,2,Tracción Comprometida
2022,Hungarian,R,SAI,50,82.389,SOFT,3,Vuelta de ataque
2022,Hungarian,R,SAI,51,82.0,SOFT,3,Vuelta de ataque
2022,Hungarian,R,SAI,52,82.491,SOFT,0,Ritmo de carrera
2022,Hungarian,R,SAI,53,82.888,SOFT,2,Tracción Comprometida
2022,Hungarian,R,SAI,54,82.984,SOFT,0,Ritmo de carrera
2022,Hungarian,R,SAI,55,82.866,SOFT,0,Ritmo de carrera
2022,Hungarian,R,SAI,56,82.983,SOFT,3,Vuelta de ataque
2022,Hungarian,R,SAI,57,82.673,SOFT,3,Vuelta de ataque
2022,Hungarian,R,SAI,58,82.926,SOFT,2,Tracción Comprometida
2022,Hungarian,R,SAI,59,82.893,SOFT,3,Vuelta de ataque
2022,Hungarian,R,SAI,60,83.237,SOFT,2,Tracción Comprometida
2022,Hungarian,R,SAI,61,83.124,SOFT,2,Tracción Comprometida
2022,Hungarian,R,SAI,62,84.15,SOFT,2,Tracción Comprometida
2022,Hungarian,R,SAI,64,83.638,SOFT,0,Ritmo de carrera
2022,Hungarian,R,SAI,65,83.546,SOFT,0,Ritmo de carrera
2022,Hungarian,R,SAI,66,83.988,SOFT,2,Tracción Comprometida
2022,Hungarian,R,SAI,67,84.6,SOFT,2,Tracción Comprometida
2022,Hungarian,R,SAI,70,86.862,SOFT,2,Tracción Comprometida
2022,Hungarian,R,LAT,4,86.007,MEDIUM,0,Ritmo de carrera
2022,Hungarian,R,LAT,5,85.935,MEDIUM,0,Ritmo de carrera
2022,Hungarian,R,LAT,6,85.567,MEDIUM,0,Ritmo de carrera
2022,Hungarian,R,LAT,7,85.677,MEDIUM,0,Ritmo de carrera
2022,Hungarian,R,LAT,8,85.772,MEDIUM,0,Ritmo de carrera
2022,Hungarian,R,LAT,9,86.738,MEDIUM,0,Ritmo de carrera
2022,Hungarian,R,LAT,10,86.406,MEDIUM,0,Ritmo de carrera
2022,Hungarian,R,LAT,11,86.298,MEDIUM,0,Ritmo de carrera
2022,Hungarian,R,LAT,12,86.321,MEDIUM,0,Ritmo de carrera
2022,Hungarian,R,LAT,13,86.706,MEDIUM,0,Ritmo de carrera
2022,Hungarian,R,LAT,14,86.582,MEDIUM,2,Tracción Comprometida
2022,Hungarian,R,LAT,15,86.674,MEDIUM,1,Lift and Coast
2022,Hungarian,R,LAT,16,86.983,MEDIUM,0,Ritmo de carrera
2022,Hungarian,R,LAT,17,86.801,MEDIUM,0,Ritmo de carrera
2022,Hungarian,R,LAT,20,85.384,MEDIUM,2,Tracción Comprometida
2022,Hungarian,R,LAT,21,85.761,MEDIUM,0,Ritmo de carrera
2022,Hungarian,R,LAT,22,85.537,MEDIUM,0,Ritmo de carrera
2022,Hungarian,R,LAT,23,85.494,MEDIUM,0,Ritmo de carrera
2022,Hungarian,R,LAT,24,85.648,MEDIUM,0,Ritmo de carrera
2022,Hungarian,R,LAT,25,85.454,MEDIUM,0,Ritmo de carrera
2022,Hungarian,R,LAT,26,85.457,MEDIUM,0,Ritmo de carrera
2022,Hungarian,R,LAT,27,85.49,MEDIUM,0,Ritmo de carrera
2022,Hungarian,R,LAT,28,86.427,MEDIUM,0,Ritmo de carrera
2022,Hungarian,R,LAT,29,85.989,MEDIUM,0,Ritmo de carrera
2022,Hungarian,R,LAT,30,85.608,MEDIUM,0,Ritmo de carrera
2022,Hungarian,R,LAT,31,85.476,MEDIUM,0,Ritmo de carrera
2022,Hungarian,R,LAT,32,85.18,MEDIUM,0,Ritmo de carrera
2022,Hungarian,R,LAT,33,84.929,MEDIUM,0,Ritmo de carrera
2022,Hungarian,R,LAT,34,85.013,MEDIUM,0,Ritmo de carrera
2022,Hungarian,R,LAT,35,85.202,MEDIUM,2,Tracción Comprometida
2022,Hungarian,R,LAT,36,85.589,MEDIUM,2,Tracción Comprometida
2022,Hungarian,R,LAT,38,86.027,MEDIUM,2,Tracción Comprometida
2022,Hungarian,R,LAT,41,85.41,SOFT,0,Ritmo de carrera
2022,Hungarian,R,LAT,42,84.015,SOFT,0,Ritmo de carrera
2022,Hungarian,R,LAT,43,84.633,SOFT,0,Ritmo de carrera
2022,Hungarian,R,LAT,44,84.964,SOFT,0,Ritmo de carrera
2022,Hungarian,R,LAT,45,84.723,SOFT,0,Ritmo de carrera
2022,Hungarian,R,LAT,46,83.884,SOFT,0,Ritmo de carrera
2022,Hungarian,R,LAT,47,84.505,SOFT,0,Ritmo de carrera
2022,Hungarian,R,LAT,48,84.641,SOFT,1,Lift and Coast
2022,Hungarian,R,LAT,49,84.319,SOFT,0,Ritmo de carrera
2022,Hungarian,R,LAT,50,84.405,SOFT,1,Lift and Coast
2022,Hungarian,R,LAT,51,84.856,SOFT,0,Ritmo de carrera
2022,Hungarian,R,LAT,52,86.786,SOFT,0,Ritmo de carrera
2022,Hungarian,R,LAT,53,85.215,SOFT,0,Ritmo de carrera
2022,Hungarian,R,LAT,55,85.643,SOFT,0,Ritmo de carrera
2022,Hungarian,R,LAT,58,84.33,SOFT,0,Ritmo de carrera
2022,Hungarian,R,LAT,59,83.37,SOFT,0,Ritmo de carrera
2022,Hungarian,R,LAT,60,82.478,SOFT,0,Ritmo de carrera
2022,Hungarian,R,LAT,61,82.977,SOFT,3,Vuelta de ataque
2022,Hungarian,R,LAT,62,84.048,SOFT,0,Ritmo de carrera
2022,Hungarian,R,LAT,63,82.913,SOFT,0,Ritmo de carrera
2022,Hungarian,R,LAT,64,82.802,SOFT,0,Ritmo de carrera
2022,Hungarian,R,LAT,65,83.799,SOFT,0,Ritmo de carrera
2022,Hungarian,R,LAT,69,87.073,SOFT,2,Tracción Comprometida
2022,Hungarian,R,RUS,4,83.722,SOFT,3,Vuelta de ataque
2022,Hungarian,R,RUS,5,83.954,SOFT,3,Vuelta de ataque
2022,Hungarian,R,RUS,6,83.999,SOFT,3,Vuelta de ataque
2022,Hungarian,R,RUS,7,84.069,SOFT,3,Vuelta de ataque
2022,Hungarian,R,RUS,8,84.073,SOFT,1,Lift and Coast
2022,Hungarian,R,RUS,9,83.714,SOFT,3,Vuelta de ataque
2022,Hungarian,R,RUS,10,84.514,SOFT,3,Vuelta de ataque
2022,Hungarian,R,RUS,11,84.31,SOFT,3,Vuelta de ataque
2022,Hungarian,R,RUS,12,84.199,SOFT,3,Vuelta de ataque
2022,Hungarian,R,RUS,13,84.535,SOFT,1,Lift and Coast
2022,Hungarian,R,RUS,14,85.013,SOFT,1,Lift and Coast
2022,Hungarian,R,RUS,15,84.873,SOFT,1,Lift and Coast
2022,Hungarian,R,RUS,18,83.272,MEDIUM,3,Vuelta de ataque
2022,Hungarian,R,RUS,19,83.466,MEDIUM,3,Vuelta de ataque
2022,Hungarian,R,RUS,20,83.636,MEDIUM,3,Vuelta de ataque
2022,Hungarian,R,RUS,21,83.923,MEDIUM,1,Lift and Coast
2022,Hungarian,R,RUS,22,83.656,MEDIUM,3,Vuelta de ataque
2022,Hungarian,R,RUS,23,83.566,MEDIUM,1,Lift and Coast
2022,Hungarian,R,RUS,24,83.901,MEDIUM,3,Vuelta de ataque
2022,Hungarian,R,RUS,25,83.654,MEDIUM,1,Lift and Coast
2022,Hungarian,R,RUS,26,83.763,MEDIUM,3,Vuelta de ataque
2022,Hungarian,R,RUS,27,83.878,MEDIUM,1,Lift and Coast
2022,Hungarian,R,RUS,28,84.566,MEDIUM,3,Vuelta de ataque
2022,Hungarian,R,RUS,29,84.266,MEDIUM,3,Vuelta de ataque
2022,Hungarian,R,RUS,30,84.196,MEDIUM,3,Vuelta de ataque
2022,Hungarian,R,RUS,31,85.123,MEDIUM,3,Vuelta de ataque
2022,Hungarian,R,RUS,32,84.588,MEDIUM,3,Vuelta de ataque
2022,Hungarian,R,RUS,33,83.939,MEDIUM,3,Vuelta de ataque
2022,Hungarian,R,RUS,34,83.997,MEDIUM,3,Vuelta de ataque
2022,Hungarian,R,RUS,35,83.862,MEDIUM,3,Vuelta de ataque
2022,Hungarian,R,RUS,36,84.16,MEDIUM,3,Vuelta de ataque
2022,Hungarian,R,RUS,37,83.9,MEDIUM,3,Vuelta de ataque
2022,Hungarian,R,RUS,38,84.267,MEDIUM,1,Lift and Coast
2022,Hungarian,R,RUS,39,86.637,MEDIUM,0,Ritmo de carrera
2022,Hungarian,R,RUS,41,85.108,MEDIUM,0,Ritmo de carrera
2022,Hungarian,R,RUS,42,83.931,MEDIUM,0,Ritmo de carrera
2022,Hungarian,R,RUS,43,82.967,MEDIUM,0,Ritmo de carrera
2022,Hungarian,R,RUS,44,82.907,MEDIUM,1,Lift and Coast
2022,Hungarian,R,RUS,45,83.04,MEDIUM,3,Vuelta de ataque
2022,Hungarian,R,RUS,46,83.027,MEDIUM,1,Lift and Coast
2022,Hungarian,R,RUS,47,83.223,MEDIUM,3,Vuelta de ataque
2022,Hungarian,R,RUS,48,83.128,MEDIUM,3,Vuelta de ataque
2022,Hungarian,R,RUS,49,83.394,MEDIUM,3,Vuelta de ataque
2022,Hungarian,R,RUS,50,83.508,MEDIUM,0,Ritmo de carrera
2022,Hungarian,R,RUS,52,83.533,MEDIUM,0,Ritmo de carrera
2022,Hungarian,R,RUS,53,83.854,MEDIUM,0,Ritmo de carrera
2022,Hungarian,R,RUS,54,83.007,MEDIUM,3,Vuelta de ataque
2022,Hungarian,R,RUS,55,83.33,MEDIUM,3,Vuelta de ataque
2022,Hungarian,R,RUS,56,82.791,MEDIUM,3,Vuelta de ataque
2022,Hungarian,R,RUS,57,82.766,MEDIUM,3,Vuelta de ataque
2022,Hungarian,R,RUS,58,83.057,MEDIUM,3,Vuelta de ataque
2022,Hungarian,R,RUS,59,83.154,MEDIUM,3,Vuelta de ataque
2022,Hungarian,R,RUS,60,83.576,MEDIUM,1,Lift and Coast
2022,Hungarian,R,RUS,61,82.953,MEDIUM,3,Vuelta de ataque
2022,Hungarian,R,RUS,62,83.742,MEDIUM,1,Lift and Coast
2022,Hungarian,R,RUS,63,83.235,MEDIUM,1,Lift and Coast
2022,Hungarian,R,RUS,64,83.631,MEDIUM,3,Vuelta de ataque
2022,Hungarian,R,RUS,65,84.431,MEDIUM,0,Ritmo de carrera
2022,Hungarian,R,RUS,66,84.387,MEDIUM,0,Ritmo de carrera
2022,Hungarian,R,RUS,67,83.675,MEDIUM,3,Vuelta de ataque
2022,Hungarian,R,BOT,4,85.128,MEDIUM,0,Ritmo de carrera
2022,Hungarian,R,BOT,5,85.352,MEDIUM,0,Ritmo de carrera
2022,Hungarian,R,BOT,6,85.824,MEDIUM,0,Ritmo de carrera
2022,Hungarian,R,BOT,7,85.431,MEDIUM,3,Vuelta de ataque
2022,Hungarian,R,BOT,8,85.732,MEDIUM,0,Ritmo de carrera
2022,Hungarian,R,BOT,9,85.684,MEDIUM,0,Ritmo de carrera
2022,Hungarian,R,BOT,10,86.11,MEDIUM,0,Ritmo de carrera
2022,Hungarian,R,BOT,11,85.588,MEDIUM,0,Ritmo de carrera
2022,Hungarian,R,BOT,13,86.561,MEDIUM,0,Ritmo de carrera
2022,Hungarian,R,BOT,14,86.046,MEDIUM,0,Ritmo de carrera
2022,Hungarian,R,BOT,15,86.964,MEDIUM,0,Ritmo de carrera
2022,Hungarian,R,BOT,16,85.943,MEDIUM,0,Ritmo de carrera
2022,Hungarian,R,BOT,17,85.653,MEDIUM,0,Ritmo de carrera
2022,Hungarian,R,BOT,18,85.949,MEDIUM,0,Ritmo de carrera
2022,Hungarian,R,BOT,19,86.347,MEDIUM,0,Ritmo de carrera
2022,Hungarian,R,BOT,22,85.424,MEDIUM,3,Vuelta de ataque
2022,Hungarian,R,BOT,23,85.473,MEDIUM,3,Vuelta de ataque
2022,Hungarian,R,BOT,24,85.649,MEDIUM,3,Vuelta de ataque
2022,Hungarian,R,BOT,25,86.023,MEDIUM,2,Tracción Comprometida
2022,Hungarian,R,BOT,28,85.374,HARD,3,Vuelta de ataque
2022,Hungarian,R,BOT,29,85.149,HARD,0,Ritmo de carrera
2022,Hungarian,R,BOT,30,85.134,HARD,3,Vuelta de ataque
2022,Hungarian,R,BOT,31,85.161,HARD,0,Ritmo de carrera
2022,Hungarian,R,BOT,32,85.047,HARD,0,Ritmo de carrera
2022,Hungarian,R,BOT,33,85.226,HARD,3,Vuelta de ataque
2022,Hungarian,R,BOT,34,84.955,HARD,3,Vuelta de ataque
2022,Hungarian,R,BOT,35,84.639,HARD,3,Vuelta de ataque
2022,Hungarian,R,BOT,36,84.693,HARD,3,Vuelta de ataque
2022,Hungarian,R,BOT,37,84.599,HARD,3,Vuelta de ataque
2022,Hungarian,R,BOT,38,85.026,HARD,0,Ritmo de carrera
2022,Hungarian,R,BOT,39,84.813,HARD,0,Ritmo de carrera
2022,Hungarian,R,BOT,40,84.74,HARD,0,Ritmo de carrera
2022,Hungarian,R,BOT,41,85.007,HARD,0,Ritmo de carrera
2022,Hungarian,R,BOT,42,84.956,HARD,3,Vuelta de ataque
2022,Hungarian,R,BOT,43,84.731,HARD,0,Ritmo de carrera
2022,Hungarian,R,BOT,44,85.124,HARD,0,Ritmo de carrera
2022,Hungarian,R,BOT,45,84.841,HARD,3,Vuelta de ataque
2022,Hungarian,R,BOT,46,84.95,HARD,0,Ritmo de carrera
2022,Hungarian,R,BOT,47,84.813,HARD,3,Vuelta de ataque
2022,Hungarian,R,BOT,48,84.958,HARD,0,Ritmo de carrera
2022,Hungarian,R,BOT,49,84.62,HARD,3,Vuelta de ataque
2022,Hungarian,R,BOT,50,84.734,HARD,3,Vuelta de ataque
2022,Hungarian,R,BOT,51,84.74,HARD,3,Vuelta de ataque
2022,Hungarian,R,BOT,52,84.719,HARD,0,Ritmo de carrera
2022,Hungarian,R,BOT,53,84.8,HARD,3,Vuelta de ataque
2022,Hungarian,R,BOT,54,84.823,HARD,3,Vuelta de ataque
2022,Hungarian,R,BOT,55,84.895,HARD,0,Ritmo de carrera
2022,Hungarian,R,BOT,56,84.884,HARD,0,Ritmo de carrera
2022,Hungarian,R,BOT,57,84.76,HARD,3,Vuelta de ataque
2022,Hungarian,R,BOT,58,86.284,HARD,0,Ritmo de carrera
2022,Hungarian,R,BOT,59,84.187,HARD,0,Ritmo de carrera
2022,Hungarian,R,BOT,60,84.002,HARD,0,Ritmo de carrera
2022,Hungarian,R,BOT,61,84.991,HARD,0,Ritmo de carrera
2022,Hungarian,R,BOT,62,86.579,HARD,0,Ritmo de carrera
2022,Hungarian,R,BOT,64,84.775,HARD,0,Ritmo de carrera
2022,Hungarian,R,BOT,65,85.179,HARD,0,Ritmo de carrera
2022,Belgian,FP3,VER,2,110.435,SOFT,1,Lift and Coast
2022,Belgian,FP3,VER,4,111.333,SOFT,1,Lift and Coast
2022,Belgian,FP3,VER,5,111.207,SOFT,1,Lift and Coast
2022,Belgian,FP3,VER,6,111.449,SOFT,1,Lift and Coast
2022,Belgian,FP3,VER,7,111.656,SOFT,1,Lift and Coast
2022,Belgian,FP3,VER,8,111.477,SOFT,1,Lift and Coast
2022,Belgian,FP3,VER,11,108.23,SOFT,3,Vuelta de ataque
2022,Belgian,FP3,VER,13,105.48,SOFT,3,Vuelta de ataque
2022,Belgian,FP3,VER,17,105.184,SOFT,3,Vuelta de ataque
2022,Belgian,FP3,RIC,2,110.089,SOFT,3,Vuelta de ataque
2022,Belgian,FP3,RIC,3,111.103,SOFT,3,Vuelta de ataque
2022,Belgian,FP3,RIC,4,110.774,SOFT,1,Lift and Coast
2022,Belgian,FP3,RIC,7,111.434,HARD,1,Lift and Coast
2022,Belgian,FP3,RIC,8,111.466,HARD,3,Vuelta de ataque
2022,Belgian,FP3,RIC,9,111.218,HARD,1,Lift and Coast
2022,Belgian,FP3,RIC,10,111.135,HARD,1,Lift and Coast
2022,Belgian,FP3,RIC,13,106.646,SOFT,3,Vuelta de ataque
2022,Belgian,FP3,NOR,3,112.293,HARD,3,Vuelta de ataque
2022,Belgian,FP3,NOR,4,112.209,HARD,3,Vuelta de ataque
2022,Belgian,FP3,NOR,7,112.371,MEDIUM,3,Vuelta de ataque
2022,Belgian,FP3,NOR,12,109.813,MEDIUM,1,Lift and Coast
2022,Belgian,FP3,NOR,15,105.965,SOFT,3,Vuelta de ataque
2022,Belgian,FP3,VET,4,109.268,SOFT,3,Vuelta de ataque
2022,Belgian,FP3,VET,6,109.365,SOFT,3,Vuelta de ataque
2022,Belgian,FP3,VET,8,109.103,SOFT,2,Tracción Comprometida
2022,Belgian,FP3,VET,11,107.31,SOFT,3,Vuelta de ataque
2022,Belgian,FP3,VET,13,107.852,SOFT,3,Vuelta de ataque
2022,Belgian,FP3,VET,16,106.166,SOFT,3,Vuelta de ataque
2022,Belgian,FP3,LAT,2,110.618,SOFT,1,Lift and Coast
2022,Belgian,FP3,LAT,4,110.195,SOFT,3,Vuelta de ataque
2022,Belgian,FP3,LAT,6,112.133,SOFT,0,Ritmo de carrera
2022,Belgian,FP3,LAT,11,107.239,SOFT,3,Vuelta de ataque
2022,Belgian,FP3,LAT,13,108.028,SOFT,3,Vuelta de ataque
2022,Belgian,FP3,LAT,16,106.811,SOFT,3,Vuelta de ataque
2022,Belgian,FP3,GAS,5,112.246,MEDIUM,1,Lift and Coast
2022,Belgian,FP3,GAS,7,112.303,MEDIUM,3,Vuelta de ataque
2022,Belgian,FP3,GAS,11,107.222,SOFT,3,Vuelta de ataque
2022,Belgian,FP3,GAS,13,107.081,SOFT,3,Vuelta de ataque
2022,Belgian,FP3,GAS,17,106.604,SOFT,3,Vuelta de ataque
2022,Belgian,FP3,PER,2,110.96,SOFT,3,Vuelta de ataque
2022,Belgian,FP3,PER,3,111.392,SOFT,3,Vuelta de ataque
2022,Belgian,FP3,PER,4,111.613,SOFT,3,Vuelta de ataque
2022,Belgian,FP3,PER,5,112.19,SOFT,3,Vuelta de ataque
2022,Belgian,FP3,PER,11,105.972,SOFT,3,Vuelta de ataque
2022,Belgian,FP3,PER,13,106.213,SOFT,3,Vuelta de ataque
2022,Belgian,FP3,PER,17,105.047,SOFT,3,Vuelta de ataque
2022,Belgian,FP3,ALO,2,111.553,HARD,3,Vuelta de ataque
2022,Belgian,FP3,ALO,3,110.403,HARD,3,Vuelta de ataque
2022,Belgian,FP3,ALO,4,111.04,HARD,3,Vuelta de ataque
2022,Belgian,FP3,ALO,6,110.695,HARD,3,Vuelta de ataque
2022,Belgian,FP3,ALO,9,108.514,SOFT,3,Vuelta de ataque
2022,Belgian,FP3,ALO,11,108.159,SOFT,3,Vuelta de ataque
2022,Belgian,FP3,ALO,14,106.061,SOFT,3,Vuelta de ataque
2022,Belgian,FP3,LEC,2,106.89,SOFT,3,Vuelta de ataque
2022,Belgian,FP3,LEC,4,106.586,SOFT,3,Vuelta de ataque
2022,Belgian,FP3,LEC,7,106.12,SOFT,3,Vuelta de ataque
2022,Belgian,FP3,STR,4,108.959,SOFT,3,Vuelta de ataque
2022,Belgian,FP3,STR,6,108.746,SOFT,3,Vuelta de ataque
2022,Belgian,FP3,STR,9,107.034,SOFT,3,Vuelta de ataque
2022,Belgian,FP3,STR,14,106.975,SOFT,3,Vuelta de ataque
2022,Belgian,FP3,MAG,2,108.004,SOFT,3,Vuelta de ataque
2022,Belgian,FP3,MAG,4,107.697,SOFT,3,Vuelta de ataque
2022,Belgian,FP3,MAG,11,106.982,SOFT,3,Vuelta de ataque
2022,Belgian,FP3,TSU,3,112.148,SOFT,3,Vuelta de ataque
2022,Belgian,FP3,TSU,4,111.645,SOFT,3,Vuelta de ataque
2022,Belgian,FP3,TSU,5,111.779,SOFT,3,Vuelta de ataque
2022,Belgian,FP3,TSU,6,111.986,SOFT,1,Lift and Coast
2022,Belgian,FP3,TSU,7,111.959,SOFT,1,Lift and Coast
2022,Belgian,FP3,TSU,9,111.882,SOFT,3,Vuelta de ataque
2022,Belgian,FP3,TSU,10,112.053,SOFT,1,Lift and Coast
2022,Belgian,FP3,TSU,14,107.418,SOFT,3,Vuelta de ataque
2022,Belgian,FP3,TSU,16,108.545,SOFT,1,Lift and Coast
2022,Belgian,FP3,TSU,18,107.712,SOFT,3,Vuelta de ataque
2022,Belgian,FP3,TSU,21,107.035,SOFT,3,Vuelta de ataque
2022,Belgian,FP3,ALB,2,110.05,SOFT,3,Vuelta de ataque
2022,Belgian,FP3,ALB,3,112.015,SOFT,1,Lift and Coast
2022,Belgian,FP3,ALB,4,111.242,SOFT,1,Lift and Coast
2022,Belgian,FP3,ALB,5,111.791,SOFT,1,Lift and Coast
2022,Belgian,FP3,ALB,6,112.207,SOFT,1,Lift and Coast
2022,Belgian,FP3,ALB,10,106.836,SOFT,3,Vuelta de ataque
2022,Belgian,FP3,ALB,12,107.813,SOFT,3,Vuelta de ataque
2022,Belgian,FP3,ALB,15,107.216,SOFT,3,Vuelta de ataque
2022,Belgian,FP3,ZHO,2,107.795,SOFT,3,Vuelta de ataque
2022,Belgian,FP3,ZHO,4,108.67,SOFT,3,Vuelta de ataque
2022,Belgian,FP3,ZHO,6,108.841,SOFT,3,Vuelta de ataque
2022,Belgian,FP3,ZHO,12,107.089,SOFT,3,Vuelta de ataque
2022,Belgian,FP3,ZHO,17,111.516,SOFT,3,Vuelta de ataque
2022,Belgian,FP3,ZHO,18,111.88,SOFT,3,Vuelta de ataque
2022,Belgian,FP3,OCO,2,111.837,HARD,1,Lift and Coast
2022,Belgian,FP3,OCO,3,111.36,HARD,3,Vuelta de ataque
2022,Belgian,FP3,OCO,4,111.201,HARD,3,Vuelta de ataque
2022,Belgian,FP3,OCO,5,111.873,HARD,3,Vuelta de ataque
2022,Belgian,FP3,OCO,6,112.003,HARD,1,Lift and Coast
2022,Belgian,FP3,OCO,7,111.872,HARD,1,Lift and Coast
2022,Belgian,FP3,OCO,8,112.147,HARD,2,Tracción Comprometida
2022,Belgian,FP3,OCO,10,112.151,HARD,3,Vuelta de ataque
2022,Belgian,FP3,OCO,13,111.378,SOFT,1,Lift and Coast
2022,Belgian,FP3,OCO,14,111.619,SOFT,3,Vuelta de ataque
2022,Belgian,FP3,OCO,15,112.129,SOFT,1,Lift and Coast
2022,Belgian,FP3,OCO,16,112.003,SOFT,3,Vuelta de ataque
2022,Belgian,FP3,OCO,17,112.346,SOFT,1,Lift and Coast
2022,Belgian,FP3,OCO,18,112.371,SOFT,3,Vuelta de ataque
2022,Belgian,FP3,OCO,21,106.601,SOFT,3,Vuelta de ataque
2022,Belgian,FP3,HAM,2,111.794,SOFT,2,Tracción Comprometida
2022,Belgian,FP3,HAM,3,111.58,SOFT,3,Vuelta de ataque
2022,Belgian,FP3,HAM,4,111.978,SOFT,3,Vuelta de ataque
2022,Belgian,FP3,HAM,5,111.864,SOFT,3,Vuelta de ataque
2022,Belgian,FP3,HAM,10,107.366,SOFT,3,Vuelta de ataque
2022,Belgian,FP3,HAM,12,107.403,SOFT,3,Vuelta de ataque
2022,Belgian,FP3,HAM,15,106.769,SOFT,3,Vuelta de ataque
2022,Belgian,FP3,HAM,18,111.159,SOFT,2,Tracción Comprometida
2022,Belgian,FP3,SAI,2,106.461,SOFT,3,Vuelta de ataque
2022,Belgian,FP3,SAI,4,106.786,SOFT,3,Vuelta de ataque
2022,Belgian,FP3,SAI,7,105.824,SOFT,3,Vuelta de ataque
2022,Belgian,FP3,SAI,10,110.43,SOFT,3,Vuelta de ataque
2022,Belgian,FP3,SAI,11,110.641,SOFT,3,Vuelta de ataque
2022,Belgian,FP3,RUS,2,112.315,SOFT,3,Vuelta de ataque
2022,Belgian,FP3,RUS,8,108.11,SOFT,3,Vuelta de ataque
2022,Belgian,FP3,RUS,10,107.532,SOFT,3,Vuelta de ataque
2022,Belgian,FP3,RUS,12,107.089,SOFT,3,Vuelta de ataque
2022,Belgian,FP3,RUS,15,106.071,SOFT,3,Vuelta de ataque
2022,Belgian,FP3,BOT,2,107.922,SOFT,3,Vuelta de ataque
2022,Belgian,FP3,BOT,4,108.275,SOFT,3,Vuelta de ataque
2022,Belgian,FP3,BOT,6,108.849,SOFT,3,Vuelta de ataque
2022,Belgian,FP3,BOT,10,106.881,SOFT,3,Vuelta de ataque
2022,Belgian,FP3,BOT,12,108.339,SOFT,3,Vuelta de ataque
2022,Belgian,FP3,BOT,15,111.746,SOFT,3,Vuelta de ataque
2022,Belgian,FP3,BOT,18,111.574,SOFT,3,Vuelta de ataque
2022,Belgian,Q,VER,2,104.581,SOFT,3,Vuelta de ataque
2022,Belgian,Q,VER,5,104.723,SOFT,3,Vuelta de ataque
2022,Belgian,Q,VER,8,103.665,SOFT,3,Vuelta de ataque
2022,Belgian,Q,SAI,2,105.05,SOFT,3,Vuelta de ataque
2022,Belgian,Q,SAI,5,105.418,SOFT,3,Vuelta de ataque
2022,Belgian,Q,SAI,10,104.297,SOFT,3,Vuelta de ataque
2022,Belgian,Q,SAI,13,104.714,SOFT,3,Vuelta de ataque
2022,Belgian,Q,PER,2,105.377,SOFT,3,Vuelta de ataque
2022,Belgian,Q,PER,5,104.794,SOFT,3,Vuelta de ataque
2022,Belgian,Q,PER,8,104.462,SOFT,3,Vuelta de ataque
2022,Belgian,Q,PER,11,104.992,SOFT,3,Vuelta de ataque
2022,Belgian,Q,LEC,2,105.572,SOFT,3,Vuelta de ataque
2022,Belgian,Q,LEC,6,105.637,SOFT,3,Vuelta de ataque
2022,Belgian,Q,LEC,9,104.551,SOFT,3,Vuelta de ataque
2022,Belgian,Q,LEC,12,104.553,SOFT,3,Vuelta de ataque
2022,Belgian,Q,OCO,2,106.039,SOFT,3,Vuelta de ataque
2022,Belgian,Q,OCO,7,105.475,SOFT,3,Vuelta de ataque
2022,Belgian,Q,OCO,12,105.18,SOFT,3,Vuelta de ataque
2022,Belgian,Q,ALO,2,106.075,SOFT,3,Vuelta de ataque
2022,Belgian,Q,ALO,7,105.656,SOFT,3,Vuelta de ataque
2022,Belgian,Q,ALO,10,105.552,SOFT,3,Vuelta de ataque
2022,Belgian,Q,ALO,15,105.368,SOFT,3,Vuelta de ataque
2022,Belgian,Q,HAM,2,106.703,SOFT,3,Vuelta de ataque
2022,Belgian,Q,HAM,4,106.308,SOFT,3,Vuelta de ataque
2022,Belgian,Q,HAM,7,105.736,SOFT,3,Vuelta de ataque
2022,Belgian,Q,HAM,10,106.622,SOFT,3,Vuelta de ataque
2022,Belgian,Q,HAM,13,105.42,SOFT,3,Vuelta de ataque
2022,Belgian,Q,HAM,16,106.53,SOFT,3,Vuelta de ataque
2022,Belgian,Q,HAM,19,105.503,SOFT,3,Vuelta de ataque
2022,Belgian,Q,RUS,2,106.269,SOFT,3,Vuelta de ataque
2022,Belgian,Q,RUS,4,106.534,SOFT,3,Vuelta de ataque
2022,Belgian,Q,RUS,7,105.65,SOFT,3,Vuelta de ataque
2022,Belgian,Q,RUS,10,106.284,SOFT,3,Vuelta de ataque
2022,Belgian,Q,RUS,13,105.461,SOFT,3,Vuelta de ataque
2022,Belgian,Q,RUS,16,106.204,SOFT,3,Vuelta de ataque
2022,Belgian,Q,RUS,19,105.776,SOFT,3,Vuelta de ataque
2022,Belgian,Q,ALB,2,106.389,SOFT,3,Vuelta de ataque
2022,Belgian,Q,ALB,5,105.672,SOFT,3,Vuelta de ataque
2022,Belgian,Q,ALB,8,106.806,SOFT,3,Vuelta de ataque
2022,Belgian,Q,ALB,11,105.675,SOFT,3,Vuelta de ataque
2022,Belgian,Q,ALB,14,106.369,SOFT,3,Vuelta de ataque
2022,Belgian,Q,ALB,17,105.837,SOFT,3,Vuelta de ataque
2022,Belgian,Q,NOR,2,106.23,SOFT,3,Vuelta de ataque
2022,Belgian,Q,NOR,5,105.745,SOFT,3,Vuelta de ataque
2022,Belgian,Q,NOR,8,105.603,SOFT,3,Vuelta de ataque
2022,Belgian,Q,NOR,13,106.178,SOFT,3,Vuelta de ataque
2022,Belgian,Q,RIC,2,106.212,SOFT,3,Vuelta de ataque
2022,Belgian,Q,RIC,5,106.033,SOFT,3,Vuelta de ataque
2022,Belgian,Q,RIC,8,105.767,SOFT,3,Vuelta de ataque
2022,Belgian,Q,GAS,2,106.196,SOFT,3,Vuelta de ataque
2022,Belgian,Q,GAS,5,106.183,SOFT,3,Vuelta de ataque
2022,Belgian,Q,GAS,8,106.293,SOFT,3,Vuelta de ataque
2022,Belgian,Q,GAS,11,105.827,SOFT,3,Vuelta de ataque
2022,Belgian,Q,ZHO,2,107.616,SOFT,3,Vuelta de ataque
2022,Belgian,Q,ZHO,5,106.178,SOFT,3,Vuelta de ataque
2022,Belgian,Q,ZHO,8,106.934,SOFT,3,Vuelta de ataque
2022,Belgian,Q,ZHO,11,106.085,SOFT,3,Vuelta de ataque
2022,Belgian,Q,STR,2,106.719,SOFT,3,Vuelta de ataque
2022,Belgian,Q,STR,5,106.256,SOFT,3,Vuelta de ataque
2022,Belgian,Q,STR,8,107.111,SOFT,3,Vuelta de ataque
2022,Belgian,Q,STR,11,106.611,SOFT,3,Vuelta de ataque
2022,Belgian,Q,MSC,2,107.929,SOFT,3,Vuelta de ataque
2022,Belgian,Q,MSC,4,107.216,SOFT,3,Vuelta de ataque
2022,Belgian,Q,MSC,7,106.342,SOFT,3,Vuelta de ataque
2022,Belgian,Q,MSC,10,107.718,SOFT,3,Vuelta de ataque
2022,Belgian,Q,VET,2,106.543,SOFT,3,Vuelta de ataque
2022,Belgian,Q,VET,5,106.344,SOFT,3,Vuelta de ataque
2022,Belgian,Q,LAT,3,106.791,SOFT,3,Vuelta de ataque
2022,Belgian,Q,LAT,6,106.401,SOFT,3,Vuelta de ataque
2022,Belgian,Q,MAG,2,106.648,SOFT,3,Vuelta de ataque
2022,Belgian,Q,MAG,5,106.557,SOFT,3,Vuelta de ataque
2022,Belgian,Q,TSU,2,106.692,SOFT,3,Vuelta de ataque
2022,Belgian,Q,TSU,5,108.0,SOFT,3,Vuelta de ataque
2022,Belgian,Q,BOT,2,107.866,SOFT,3,Vuelta de ataque
2022,Belgian,R,VER,5,113.951,SOFT,0,Ritmo de carrera
2022,Belgian,R,VER,6,113.748,SOFT,1,Lift and Coast
2022,Belgian,R,VER,7,111.954,SOFT,0,Ritmo de carrera
2022,Belgian,R,VER,8,112.641,SOFT,0,Ritmo de carrera
2022,Belgian,R,VER,9,113.532,SOFT,1,Lift and Coast
2022,Belgian,R,VER,10,113.969,SOFT,1,Lift and Coast
2022,Belgian,R,VER,11,114.634,SOFT,0,Ritmo de carrera
2022,Belgian,R,VER,12,113.158,SOFT,1,Lift and Coast
2022,Belgian,R,VER,13,113.728,SOFT,1,Lift and Coast
2022,Belgian,R,VER,14,113.898,SOFT,1,Lift and Coast
2022,Belgian,R,VER,17,110.747,MEDIUM,1,Lift and Coast
2022,Belgian,R,VER,18,111.048,MEDIUM,1,Lift and Coast
2022,Belgian,R,VER,19,111.913,MEDIUM,1,Lift and Coast
2022,Belgian,R,VER,20,112.208,MEDIUM,1,Lift and Coast
2022,Belgian,R,VER,21,112.175,MEDIUM,1,Lift and Coast
2022,Belgian,R,VER,22,112.382,MEDIUM,1,Lift and Coast
2022,Belgian,R,VER,23,112.273,MEDIUM,1,Lift and Coast
2022,Belgian,R,VER,24,112.467,MEDIUM,1,Lift and Coast
2022,Belgian,R,VER,25,112.555,MEDIUM,1,Lift and Coast
2022,Belgian,R,VER,26,112.526,MEDIUM,1,Lift and Coast
2022,Belgian,R,VER,27,112.869,MEDIUM,1,Lift and Coast
2022,Belgian,R,VER,28,112.71,MEDIUM,1,Lift and Coast
2022,Belgian,R,VER,29,112.762,MEDIUM,1,Lift and Coast
2022,Belgian,R,VER,32,109.354,MEDIUM,1,Lift and Coast
2022,Belgian,R,VER,33,111.144,MEDIUM,1,Lift and Coast
2022,Belgian,R,VER,34,111.034,MEDIUM,1,Lift and Coast
2022,Belgian,R,VER,35,111.469,MEDIUM,1,Lift and Coast
2022,Belgian,R,VER,36,111.551,MEDIUM,0,Ritmo de carrera
2022,Belgian,R,VER,37,111.587,MEDIUM,1,Lift and Coast
2022,Belgian,R,VER,38,111.513,MEDIUM,0,Ritmo de carrera
2022,Belgian,R,VER,39,112.26,MEDIUM,1,Lift and Coast
2022,Belgian,R,VER,40,111.889,MEDIUM,1,Lift and Coast
2022,Belgian,R,VER,41,112.165,MEDIUM,0,Ritmo de carrera
2022,Belgian,R,VER,42,112.157,MEDIUM,1,Lift and Coast
2022,Belgian,R,VER,43,112.731,MEDIUM,0,Ritmo de carrera
2022,Belgian,R,VER,44,113.149,MEDIUM,1,Lift and Coast
2022,Belgian,R,GAS,5,115.353,MEDIUM,0,Ritmo de carrera
2022,Belgian,R,GAS,6,115.433,MEDIUM,1,Lift and Coast
2022,Belgian,R,GAS,7,115.716,MEDIUM,1,Lift and Coast
2022,Belgian,R,GAS,12,113.638,HARD,1,Lift and Coast
2022,Belgian,R,GAS,13,114.569,HARD,1,Lift and Coast
2022,Belgian,R,GAS,14,114.546,HARD,1,Lift and Coast
2022,Belgian,R,GAS,15,114.735,HARD,1,Lift and Coast
2022,Belgian,R,GAS,16,114.94,HARD,1,Lift and Coast
2022,Belgian,R,GAS,17,114.254,HARD,1,Lift and Coast
2022,Belgian,R,GAS,18,114.821,HARD,1,Lift and Coast
2022,Belgian,R,GAS,19,115.471,HARD,1,Lift and Coast
2022,Belgian,R,GAS,20,115.432,HARD,0,Ritmo de carrera
2022,Belgian,R,GAS,21,116.081,HARD,0,Ritmo de carrera
2022,Belgian,R,GAS,24,113.002,SOFT,0,Ritmo de carrera
2022,Belgian,R,GAS,25,113.468,SOFT,1,Lift and Coast
2022,Belgian,R,GAS,26,114.261,SOFT,0,Ritmo de carrera
2022,Belgian,R,GAS,27,113.863,SOFT,0,Ritmo de carrera
2022,Belgian,R,GAS,28,113.56,SOFT,1,Lift and Coast
2022,Belgian,R,GAS,29,113.509,SOFT,1,Lift and Coast
2022,Belgian,R,GAS,30,113.426,SOFT,1,Lift and Coast
2022,Belgian,R,GAS,31,113.578,SOFT,0,Ritmo de carrera
2022,Belgian,R,GAS,32,113.584,SOFT,1,Lift and Coast
2022,Belgian,R,GAS,33,113.758,SOFT,1,Lift and Coast
2022,Belgian,R,GAS,34,114.385,SOFT,1,Lift and Coast
2022,Belgian,R,GAS,35,116.174,SOFT,0,Ritmo de carrera
2022,Belgian,R,GAS,36,114.009,SOFT,1,Lift and Coast
2022,Belgian,R,GAS,37,114.085,SOFT,1,Lift and Coast
2022,Belgian,R,GAS,38,114.452,SOFT,1,Lift and Coast
2022,Belgian,R,GAS,39,113.873,SOFT,1,Lift and Coast
2022,Belgian,R,GAS,40,113.993,SOFT,1,Lift and Coast
2022,Belgian,R,GAS,41,114.088,SOFT,1,Lift and Coast
2022,Belgian,R,GAS,42,114.206,SOFT,1,Lift and Coast
2022,Belgian,R,GAS,43,113.992,SOFT,1,Lift and Coast
2022,Belgian,R,GAS,44,114.272,SOFT,1,Lift and Coast
2022,Belgian,R,PER,1,116.093,MEDIUM,0,Ritmo de carrera
2022,Belgian,R,PER,5,112.872,MEDIUM,0,Ritmo de carrera
2022,Belgian,R,PER,6,112.708,MEDIUM,1,Lift and Coast
2022,Belgian,R,PER,7,113.008,MEDIUM,1,Lift and Coast
2022,Belgian,R,PER,8,113.535,MEDIUM,1,Lift and Coast
2022,Belgian,R,PER,9,114.803,MEDIUM,1,Lift and Coast
2022,Belgian,R,PER,10,114.571,MEDIUM,2,Tracción Comprometida
2022,Belgian,R,PER,11,114.843,MEDIUM,0,Ritmo de carrera
2022,Belgian,R,PER,12,115.163,MEDIUM,0,Ritmo de carrera
2022,Belgian,R,PER,13,115.277,MEDIUM,0,Ritmo de carrera
2022,Belgian,R,PER,16,111.556,MEDIUM,0,Ritmo de carrera
2022,Belgian,R,PER,17,111.689,MEDIUM,0,Ritmo de carrera
2022,Belgian,R,PER,18,112.249,MEDIUM,0,Ritmo de carrera
2022,Belgian,R,PER,19,112.557,MEDIUM,0,Ritmo de carrera
2022,Belgian,R,PER,20,113.665,MEDIUM,0,Ritmo de carrera
2022,Belgian,R,PER,21,112.805,MEDIUM,0,Ritmo de carrera
2022,Belgian,R,PER,22,113.123,MEDIUM,1,Lift and Coast
2022,Belgian,R,PER,23,113.383,MEDIUM,1,Lift and Coast
2022,Belgian,R,PER,24,113.474,MEDIUM,0,Ritmo de carrera
2022,Belgian,R,PER,25,113.351,MEDIUM,1,Lift and Coast
2022,Belgian,R,PER,26,113.73,MEDIUM,0,Ritmo de carrera
2022,Belgian,R,PER,29,110.764,HARD,3,Vuelta de ataque
2022,Belgian,R,PER,30,111.225,HARD,1,Lift and Coast
2022,Belgian,R,PER,31,111.285,HARD,1,Lift and Coast
2022,Belgian,R,PER,32,111.66,HARD,0,Ritmo de carrera
2022,Belgian,R,PER,33,111.885,HARD,1,Lift and Coast
2022,Belgian,R,PER,34,112.147,HARD,0,Ritmo de carrera
2022,Belgian,R,PER,35,111.953,HARD,1,Lift and Coast
2022,Belgian,R,PER,36,112.531,HARD,1,Lift and Coast
2022,Belgian,R,PER,37,112.35,HARD,0,Ritmo de carrera
2022,Belgian,R,PER,38,112.412,HARD,1,Lift and Coast
2022,Belgian,R,PER,39,112.549,HARD,1,Lift and Coast
2022,Belgian,R,PER,40,112.271,HARD,1,Lift and Coast
2022,Belgian,R,PER,41,112.452,HARD,1,Lift and Coast
2022,Belgian,R,PER,42,113.04,HARD,0,Ritmo de carrera
2022,Belgian,R,PER,43,112.671,HARD,0,Ritmo de carrera
2022,Belgian,R,PER,44,112.843,HARD,1,Lift and Coast
2022,Belgian,R,ALO,5,114.347,MEDIUM,3,Vuelta de ataque
2022,Belgian,R,ALO,6,114.275,MEDIUM,1,Lift and Coast
2022,Belgian,R,ALO,7,114.691,MEDIUM,0,Ritmo de carrera
2022,Belgian,R,ALO,8,115.01,MEDIUM,3,Vuelta de ataque
2022,Belgian,R,ALO,9,115.459,MEDIUM,2,Tracción Comprometida
2022,Belgian,R,ALO,10,115.356,MEDIUM,3,Vuelta de ataque
2022,Belgian,R,ALO,13,114.587,MEDIUM,1,Lift and Coast
2022,Belgian,R,ALO,14,115.838,MEDIUM,0,Ritmo de carrera
2022,Belgian,R,ALO,15,115.183,MEDIUM,0,Ritmo de carrera
2022,Belgian,R,ALO,16,113.954,MEDIUM,0,Ritmo de carrera
2022,Belgian,R,ALO,17,114.954,MEDIUM,3,Vuelta de ataque
2022,Belgian,R,ALO,18,114.636,MEDIUM,3,Vuelta de ataque
2022,Belgian,R,ALO,19,114.922,MEDIUM,3,Vuelta de ataque
2022,Belgian,R,ALO,20,115.269,MEDIUM,3,Vuelta de ataque
2022,Belgian,R,ALO,21,115.207,MEDIUM,3,Vuelta de ataque
2022,Belgian,R,ALO,22,115.197,MEDIUM,3,Vuelta de ataque
2022,Belgian,R,ALO,23,114.856,MEDIUM,1,Lift and Coast
2022,Belgian,R,ALO,24,115.169,MEDIUM,1,Lift and Coast
2022,Belgian,R,ALO,27,113.34,HARD,2,Tracción Comprometida
2022,Belgian,R,ALO,28,112.981,HARD,3,Vuelta de ataque
2022,Belgian,R,ALO,29,113.676,HARD,1,Lift and Coast
2022,Belgian,R,ALO,30,114.155,HARD,1,Lift and Coast
2022,Belgian,R,ALO,31,113.735,HARD,0,Ritmo de carrera
2022,Belgian,R,ALO,32,113.372,HARD,3,Vuelta de ataque
2022,Belgian,R,ALO,33,113.087,HARD,3,Vuelta de ataque
2022,Belgian,R,ALO,34,113.201,HARD,3,Vuelta de ataque
2022,Belgian,R,ALO,35,112.868,HARD,3,Vuelta de ataque
2022,Belgian,R,ALO,36,113.03,HARD,3,Vuelta de ataque
2022,Belgian,R,ALO,37,113.215,HARD,3,Vuelta de ataque
2022,Belgian,R,ALO,38,113.357,HARD,3,Vuelta de ataque
2022,Belgian,R,ALO,39,113.376,HARD,3,Vuelta de ataque
2022,Belgian,R,ALO,40,113.118,HARD,3,Vuelta de ataque
2022,Belgian,R,ALO,41,113.078,HARD,3,Vuelta de ataque
2022,Belgian,R,ALO,42,113.313,HARD,3,Vuelta de ataque
2022,Belgian,R,ALO,43,113.793,HARD,3,Vuelta de ataque
2022,Belgian,R,ALO,44,113.76,HARD,1,Lift and Coast
2022,Belgian,R,LEC,5,115.169,MEDIUM,0,Ritmo de carrera
2022,Belgian,R,LEC,6,115.276,MEDIUM,2,Tracción Comprometida
2022,Belgian,R,LEC,7,115.579,MEDIUM,2,Tracción Comprometida
2022,Belgian,R,LEC,8,115.857,MEDIUM,2,Tracción Comprometida
2022,Belgian,R,LEC,9,116.322,MEDIUM,2,Tracción Comprometida
2022,Belgian,R,LEC,10,114.888,MEDIUM,2,Tracción Comprometida
2022,Belgian,R,LEC,11,115.601,MEDIUM,0,Ritmo de carrera
2022,Belgian,R,LEC,12,114.671,MEDIUM,0,Ritmo de carrera
2022,Belgian,R,LEC,13,115.029,MEDIUM,2,Tracción Comprometida
2022,Belgian,R,LEC,14,114.132,MEDIUM,2,Tracción Comprometida
2022,Belgian,R,LEC,15,114.724,MEDIUM,2,Tracción Comprometida
2022,Belgian,R,LEC,16,115.66,MEDIUM,2,Tracción Comprometida
2022,Belgian,R,LEC,17,114.271,MEDIUM,2,Tracción Comprometida
2022,Belgian,R,LEC,18,114.575,MEDIUM,2,Tracción Comprometida
2022,Belgian,R,LEC,19,115.149,MEDIUM,2,Tracción Comprometida
2022,Belgian,R,LEC,20,114.615,MEDIUM,2,Tracción Comprometida
2022,Belgian,R,LEC,21,115.082,MEDIUM,2,Tracción Comprometida
2022,Belgian,R,LEC,22,115.001,MEDIUM,2,Tracción Comprometida
2022,Belgian,R,LEC,23,114.64,MEDIUM,2,Tracción Comprometida
2022,Belgian,R,LEC,24,115.158,MEDIUM,2,Tracción Comprometida
2022,Belgian,R,LEC,27,112.515,MEDIUM,2,Tracción Comprometida
2022,Belgian,R,LEC,28,112.46,MEDIUM,0,Ritmo de carrera
2022,Belgian,R,LEC,29,112.51,MEDIUM,2,Tracción Comprometida
2022,Belgian,R,LEC,30,112.663,MEDIUM,2,Tracción Comprometida
2022,Belgian,R,LEC,31,111.677,MEDIUM,2,Tracción Comprometida
2022,Belgian,R,LEC,32,111.872,MEDIUM,2,Tracción Comprometida
2022,Belgian,R,LEC,33,112.014,MEDIUM,2,Tracción Comprometida
2022,Belgian,R,LEC,34,112.683,MEDIUM,2,Tracción Comprometida
2022,Belgian,R,LEC,35,112.492,MEDIUM,2,Tracción Comprometida
2022,Belgian,R,LEC,36,113.507,MEDIUM,2,Tracción Comprometida
2022,Belgian,R,LEC,37,113.284,MEDIUM,2,Tracción Comprometida
2022,Belgian,R,LEC,38,113.296,MEDIUM,2,Tracción Comprometida
2022,Belgian,R,LEC,39,112.735,MEDIUM,2,Tracción Comprometida
2022,Belgian,R,LEC,40,112.545,MEDIUM,2,Tracción Comprometida
2022,Belgian,R,LEC,41,113.248,MEDIUM,2,Tracción Comprometida
2022,Belgian,R,LEC,44,109.984,SOFT,0,Ritmo de carrera
2022,Belgian,R,STR,5,114.921,MEDIUM,0,Ritmo de carrera
2022,Belgian,R,STR,6,115.579,MEDIUM,0,Ritmo de carrera
2022,Belgian,R,STR,7,114.698,MEDIUM,0,Ritmo de carrera
2022,Belgian,R,STR,8,115.305,MEDIUM,0,Ritmo de carrera
2022,Belgian,R,STR,9,116.013,MEDIUM,0,Ritmo de carrera
2022,Belgian,R,STR,10,116.802,MEDIUM,0,Ritmo de carrera
2022,Belgian,R,STR,11,115.941,MEDIUM,0,Ritmo de carrera
2022,Belgian,R,STR,12,116.688,MEDIUM,2,Tracción Comprometida
2022,Belgian,R,STR,13,115.892,MEDIUM,2,Tracción Comprometida
2022,Belgian,R,STR,14,116.948,MEDIUM,2,Tracción Comprometida
2022,Belgian,R,STR,17,113.961,MEDIUM,0,Ritmo de carrera
2022,Belgian,R,STR,18,114.071,MEDIUM,0,Ritmo de carrera
2022,Belgian,R,STR,19,114.744,MEDIUM,0,Ritmo de carrera
2022,Belgian,R,STR,20,115.696,MEDIUM,0,Ritmo de carrera
2022,Belgian,R,STR,21,114.58,MEDIUM,0,Ritmo de carrera
2022,Belgian,R,STR,22,114.852,MEDIUM,0,Ritmo de carrera
2022,Belgian,R,STR,23,115.291,MEDIUM,0,Ritmo de carrera
2022,Belgian,R,STR,24,116.263,MEDIUM,0,Ritmo de carrera
2022,Belgian,R,STR,25,116.232,MEDIUM,0,Ritmo de carrera
2022,Belgian,R,STR,28,113.008,HARD,0,Ritmo de carrera
2022,Belgian,R,STR,29,112.88,HARD,0,Ritmo de carrera
2022,Belgian,R,STR,30,113.083,HARD,0,Ritmo de carrera
2022,Belgian,R,STR,31,114.181,HARD,0,Ritmo de carrera
2022,Belgian,R,STR,32,114.026,HARD,0,Ritmo de carrera
2022,Belgian,R,STR,33,114.026,HARD,0,Ritmo de carrera
2022,Belgian,R,STR,34,113.939,HARD,0,Ritmo de carrera
2022,Belgian,R,STR,35,114.109,HARD,0,Ritmo de carrera
2022,Belgian,R,STR,36,114.27,HARD,2,Tracción Comprometida
2022,Belgian,R,STR,37,114.122,HARD,0,Ritmo de carrera
2022,Belgian,R,STR,38,114.431,HARD,0,Ritmo de carrera
2022,Belgian,R,STR,39,114.13,HARD,2,Tracción Comprometida
2022,Belgian,R,STR,40,114.142,HARD,0,Ritmo de carrera
2022,Belgian,R,STR,41,114.465,HARD,0,Ritmo de carrera
2022,Belgian,R,STR,42,114.868,HARD,2,Tracción Comprometida
2022,Belgian,R,STR,43,114.223,HARD,0,Ritmo de carrera
2022,Belgian,R,STR,44,114.76,HARD,0,Ritmo de carrera
2022,Belgian,R,MAG,5,115.521,MEDIUM,1,Lift and Coast
2022,Belgian,R,MAG,6,115.439,MEDIUM,1,Lift and Coast
2022,Belgian,R,MAG,7,116.214,MEDIUM,1,Lift and Coast
2022,Belgian,R,MAG,8,116.73,MEDIUM,1,Lift and Coast
2022,Belgian,R,MAG,13,114.773,HARD,3,Vuelta de ataque
2022,Belgian,R,MAG,14,114.434,HARD,3,Vuelta de ataque
2022,Belgian,R,MAG,15,114.5,HARD,1,Lift and Coast
2022,Belgian,R,MAG,16,115.273,HARD,1,Lift and Coast
2022,Belgian,R,MAG,17,114.454,HARD,0,Ritmo de carrera
2022,Belgian,R,MAG,18,115.134,HARD,1,Lift and Coast
2022,Belgian,R,MAG,19,115.386,HARD,1,Lift and Coast
2022,Belgian,R,MAG,20,115.496,HARD,1,Lift and Coast
2022,Belgian,R,MAG,21,115.584,HARD,0,Ritmo de carrera
2022,Belgian,R,MAG,22,116.301,HARD,1,Lift and Coast
2022,Belgian,R,MAG,23,115.601,HARD,1,Lift and Coast
2022,Belgian,R,MAG,24,115.714,HARD,1,Lift and Coast
2022,Belgian,R,MAG,25,115.919,HARD,1,Lift and Coast
2022,Belgian,R,MAG,26,116.732,HARD,1,Lift and Coast
2022,Belgian,R,MAG,29,113.332,MEDIUM,1,Lift and Coast
2022,Belgian,R,MAG,30,114.041,MEDIUM,3,Vuelta de ataque
2022,Belgian,R,MAG,31,113.636,MEDIUM,2,Tracción Comprometida
2022,Belgian,R,MAG,32,114.235,MEDIUM,1,Lift and Coast
2022,Belgian,R,MAG,33,114.262,MEDIUM,0,Ritmo de carrera
2022,Belgian,R,MAG,34,114.369,MEDIUM,1,Lift and Coast
2022,Belgian,R,MAG,35,113.974,MEDIUM,1,Lift and Coast
2022,Belgian,R,MAG,36,114.147,MEDIUM,1,Lift and Coast
2022,Belgian,R,MAG,37,114.187,MEDIUM,1,Lift and Coast
2022,Belgian,R,MAG,38,114.132,MEDIUM,1,Lift and Coast
2022,Belgian,R,MAG,39,114.069,MEDIUM,2,Tracción Comprometida
2022,Belgian,R,MAG,40,114.031,MEDIUM,3,Vuelta de ataque
2022,Belgian,R,MAG,41,114.316,MEDIUM,1,Lift and Coast
2022,Belgian,R,MAG,42,114.628,MEDIUM,1,Lift and Coast
2022,Belgian,R,MAG,43,116.391,MEDIUM,2,Tracción Comprometida
2022,Belgian,R,TSU,5,114.967,HARD,1,Lift and Coast
2022,Belgian,R,TSU,6,115.724,HARD,0,Ritmo de carrera
2022,Belgian,R,TSU,7,115.771,HARD,0,Ritmo de carrera
2022,Belgian,R,TSU,8,116.983,HARD,0,Ritmo de carrera
2022,Belgian,R,TSU,9,116.9,HARD,0,Ritmo de carrera
2022,Belgian,R,TSU,11,116.56,HARD,0,Ritmo de carrera
2022,Belgian,R,TSU,12,115.75,HARD,1,Lift and Coast
2022,Belgian,R,TSU,13,116.064,HARD,0,Ritmo de carrera
2022,Belgian,R,TSU,14,115.584,HARD,0,Ritmo de carrera
2022,Belgian,R,TSU,15,115.127,HARD,1,Lift and Coast
2022,Belgian,R,TSU,16,116.671,HARD,1,Lift and Coast
2022,Belgian,R,TSU,17,115.621,HARD,1,Lift and Coast
2022,Belgian,R,TSU,20,113.929,MEDIUM,1,Lift and Coast
2022,Belgian,R,TSU,21,114.302,MEDIUM,1,Lift and Coast
2022,Belgian,R,TSU,22,114.179,MEDIUM,1,Lift and Coast
2022,Belgian,R,TSU,23,113.793,MEDIUM,1,Lift and Coast
2022,Belgian,R,TSU,24,113.82,MEDIUM,1,Lift and Coast
2022,Belgian,R,TSU,25,114.55,MEDIUM,1,Lift and Coast
2022,Belgian,R,TSU,26,114.252,MEDIUM,0,Ritmo de carrera
2022,Belgian,R,TSU,27,113.928,MEDIUM,0,Ritmo de carrera
2022,Belgian,R,TSU,28,113.944,MEDIUM,1,Lift and Coast
2022,Belgian,R,TSU,29,114.059,MEDIUM,0,Ritmo de carrera
2022,Belgian,R,TSU,32,112.436,SOFT,1,Lift and Coast
2022,Belgian,R,TSU,33,112.677,SOFT,1,Lift and Coast
2022,Belgian,R,TSU,34,112.593,SOFT,1,Lift and Coast
2022,Belgian,R,TSU,35,113.291,SOFT,1,Lift and Coast
2022,Belgian,R,TSU,36,113.699,SOFT,1,Lift and Coast
2022,Belgian,R,TSU,37,114.075,SOFT,0,Ritmo de carrera
2022,Belgian,R,TSU,38,114.483,SOFT,0,Ritmo de carrera
2022,Belgian,R,TSU,39,114.362,SOFT,1,Lift and Coast
2022,Belgian,R,TSU,40,114.333,SOFT,1,Lift and Coast
2022,Belgian,R,TSU,41,113.988,SOFT,0,Ritmo de carrera
2022,Belgian,R,TSU,42,115.42,SOFT,1,Lift and Coast
2022,Belgian,R,TSU,43,114.684,SOFT,0,Ritmo de carrera
2022,Belgian,R,TSU,44,113.864,SOFT,1,Lift and Coast
2022,Belgian,R,ALB,5,115.429,MEDIUM,0,Ritmo de carrera
2022,Belgian,R,ALB,6,114.61,MEDIUM,0,Ritmo de carrera
2022,Belgian,R,ALB,7,114.705,MEDIUM,0,Ritmo de carrera
2022,Belgian,R,ALB,8,115.328,MEDIUM,1,Lift and Coast
2022,Belgian,R,ALB,9,116.42,MEDIUM,1,Lift and Coast
2022,Belgian,R,ALB,12,113.956,HARD,0,Ritmo de carrera
2022,Belgian,R,ALB,13,115.027,HARD,1,Lift and Coast
2022,Belgian,R,ALB,14,115.335,HARD,0,Ritmo de carrera
2022,Belgian,R,ALB,15,114.516,HARD,0,Ritmo de carrera
2022,Belgian,R,ALB,16,114.63,HARD,0,Ritmo de carrera
2022,Belgian,R,ALB,17,115.459,HARD,0,Ritmo de carrera
2022,Belgian,R,ALB,18,115.06,HARD,1,Lift and Coast
2022,Belgian,R,ALB,19,115.534,HARD,0,Ritmo de carrera
2022,Belgian,R,ALB,20,116.255,HARD,2,Tracción Comprometida
2022,Belgian,R,ALB,21,115.742,HARD,1,Lift and Coast
2022,Belgian,R,ALB,22,115.649,HARD,1,Lift and Coast
2022,Belgian,R,ALB,23,115.912,HARD,2,Tracción Comprometida
2022,Belgian,R,ALB,24,116.102,HARD,1,Lift and Coast
2022,Belgian,R,ALB,25,116.118,HARD,1,Lift and Coast
2022,Belgian,R,ALB,28,113.055,MEDIUM,0,Ritmo de carrera
2022,Belgian,R,ALB,29,114.027,MEDIUM,0,Ritmo de carrera
2022,Belgian,R,ALB,30,114.426,MEDIUM,1,Lift and Coast
2022,Belgian,R,ALB,31,114.667,MEDIUM,2,Tracción Comprometida
2022,Belgian,R,ALB,32,113.935,MEDIUM,1,Lift and Coast
2022,Belgian,R,ALB,33,113.955,MEDIUM,2,Tracción Comprometida
2022,Belgian,R,ALB,34,113.989,MEDIUM,1,Lift and Coast
2022,Belgian,R,ALB,35,114.044,MEDIUM,1,Lift and Coast
2022,Belgian,R,ALB,36,114.348,MEDIUM,1,Lift and Coast
2022,Belgian,R,ALB,37,114.253,MEDIUM,0,Ritmo de carrera
2022,Belgian,R,ALB,38,114.234,MEDIUM,1,Lift and Coast
2022,Belgian,R,ALB,39,114.189,MEDIUM,1,Lift and Coast
2022,Belgian,R,ALB,40,114.091,MEDIUM,2,Tracción Comprometida
2022,Belgian,R,ALB,41,114.512,MEDIUM,2,Tracción Comprometida
2022,Belgian,R,ALB,42,114.711,MEDIUM,0,Ritmo de carrera
2022,Belgian,R,ALB,43,114.46,MEDIUM,2,Tracción Comprometida
2022,Belgian,R,ALB,44,114.256,MEDIUM,0,Ritmo de carrera
2022,Belgian,R,ZHO,5,115.321,MEDIUM,0,Ritmo de carrera
2022,Belgian,R,ZHO,6,115.707,MEDIUM,0,Ritmo de carrera
2022,Belgian,R,ZHO,7,115.884,MEDIUM,0,Ritmo de carrera
2022,Belgian,R,ZHO,8,116.44,MEDIUM,0,Ritmo de carrera
2022,Belgian,R,ZHO,10,116.977,MEDIUM,0,Ritmo de carrera
2022,Belgian,R,ZHO,11,115.378,MEDIUM,0,Ritmo de carrera
2022,Belgian,R,ZHO,12,116.36,MEDIUM,0,Ritmo de carrera
2022,Belgian,R,ZHO,13,115.991,MEDIUM,0,Ritmo de carrera
2022,Belgian,R,ZHO,16,112.748,MEDIUM,0,Ritmo de carrera
2022,Belgian,R,ZHO,17,112.917,MEDIUM,3,Vuelta de ataque
2022,Belgian,R,ZHO,18,114.301,MEDIUM,0,Ritmo de carrera
2022,Belgian,R,ZHO,19,114.712,MEDIUM,0,Ritmo de carrera
2022,Belgian,R,ZHO,20,115.454,MEDIUM,0,Ritmo de carrera
2022,Belgian,R,ZHO,21,115.964,MEDIUM,0,Ritmo de carrera
2022,Belgian,R,ZHO,22,115.375,MEDIUM,0,Ritmo de carrera
2022,Belgian,R,ZHO,23,114.831,MEDIUM,0,Ritmo de carrera
2022,Belgian,R,ZHO,24,115.243,MEDIUM,0,Ritmo de carrera
2022,Belgian,R,ZHO,25,116.121,MEDIUM,0,Ritmo de carrera
2022,Belgian,R,ZHO,26,116.283,MEDIUM,0,Ritmo de carrera
2022,Belgian,R,ZHO,27,116.725,MEDIUM,0,Ritmo de carrera
2022,Belgian,R,ZHO,30,112.317,SOFT,0,Ritmo de carrera
2022,Belgian,R,ZHO,31,113.345,SOFT,0,Ritmo de carrera
2022,Belgian,R,ZHO,32,112.375,SOFT,0,Ritmo de carrera
2022,Belgian,R,ZHO,33,112.937,SOFT,0,Ritmo de carrera
2022,Belgian,R,ZHO,34,113.614,SOFT,0,Ritmo de carrera
2022,Belgian,R,ZHO,35,114.219,SOFT,0,Ritmo de carrera
2022,Belgian,R,ZHO,36,114.37,SOFT,0,Ritmo de carrera
2022,Belgian,R,ZHO,37,114.44,SOFT,0,Ritmo de carrera
2022,Belgian,R,ZHO,38,114.485,SOFT,0,Ritmo de carrera
2022,Belgian,R,ZHO,39,114.321,SOFT,0,Ritmo de carrera
2022,Belgian,R,ZHO,40,114.164,SOFT,0,Ritmo de carrera
2022,Belgian,R,ZHO,41,114.997,SOFT,0,Ritmo de carrera
2022,Belgian,R,ZHO,42,114.554,SOFT,0,Ritmo de carrera
2022,Belgian,R,ZHO,43,114.843,SOFT,0,Ritmo de carrera
2022,Belgian,R,ZHO,44,115.387,SOFT,0,Ritmo de carrera
2022,Belgian,R,RIC,5,115.095,MEDIUM,0,Ritmo de carrera
2022,Belgian,R,RIC,6,116.283,MEDIUM,1,Lift and Coast
2022,Belgian,R,RIC,7,114.4,MEDIUM,1,Lift and Coast
2022,Belgian,R,RIC,8,115.551,MEDIUM,1,Lift and Coast
2022,Belgian,R,RIC,9,115.868,MEDIUM,1,Lift and Coast
2022,Belgian,R,RIC,10,116.847,MEDIUM,0,Ritmo de carrera
2022,Belgian,R,RIC,11,115.718,MEDIUM,1,Lift and Coast
2022,Belgian,R,RIC,14,115.509,HARD,1,Lift and Coast
2022,Belgian,R,RIC,15,116.459,HARD,0,Ritmo de carrera
2022,Belgian,R,RIC,16,114.234,HARD,1,Lift and Coast
2022,Belgian,R,RIC,17,114.129,HARD,1,Lift and Coast
2022,Belgian,R,RIC,18,114.571,HARD,1,Lift and Coast
2022,Belgian,R,RIC,19,115.316,HARD,1,Lift and Coast
2022,Belgian,R,RIC,20,115.541,HARD,1,Lift and Coast
2022,Belgian,R,RIC,21,115.879,HARD,1,Lift and Coast
2022,Belgian,R,RIC,22,115.6,HARD,1,Lift and Coast
2022,Belgian,R,RIC,23,115.906,HARD,1,Lift and Coast
2022,Belgian,R,RIC,24,116.214,HARD,0,Ritmo de carrera
2022,Belgian,R,RIC,25,116.056,HARD,1,Lift and Coast
2022,Belgian,R,RIC,26,116.162,HARD,1,Lift and Coast
2022,Belgian,R,RIC,27,114.526,HARD,0,Ritmo de carrera
2022,Belgian,R,RIC,28,114.583,HARD,1,Lift and Coast
2022,Belgian,R,RIC,29,115.575,HARD,1,Lift and Coast
2022,Belgian,R,RIC,30,115.04,HARD,1,Lift and Coast
2022,Belgian,R,RIC,31,115.07,HARD,1,Lift and Coast
2022,Belgian,R,RIC,34,113.08,MEDIUM,1,Lift and Coast
2022,Belgian,R,RIC,35,113.528,MEDIUM,0,Ritmo de carrera
2022,Belgian,R,RIC,36,113.688,MEDIUM,1,Lift and Coast
2022,Belgian,R,RIC,37,113.878,MEDIUM,1,Lift and Coast
2022,Belgian,R,RIC,38,114.036,MEDIUM,1,Lift and Coast
2022,Belgian,R,RIC,39,114.013,MEDIUM,0,Ritmo de carrera
2022,Belgian,R,RIC,40,114.337,MEDIUM,0,Ritmo de carrera
2022,Belgian,R,RIC,41,114.405,MEDIUM,0,Ritmo de carrera
2022,Belgian,R,RIC,42,115.078,MEDIUM,0,Ritmo de carrera
2022,Belgian,R,RIC,43,114.828,MEDIUM,0,Ritmo de carrera
2022,Belgian,R,RIC,44,115.095,MEDIUM,0,Ritmo de carrera
2022,Belgian,R,OCO,5,115.451,MEDIUM,2,Tracción Comprometida
2022,Belgian,R,OCO,6,115.402,MEDIUM,2,Tracción Comprometida
2022,Belgian,R,OCO,7,114.506,MEDIUM,0,Ritmo de carrera
2022,Belgian,R,OCO,8,115.347,MEDIUM,0,Ritmo de carrera
2022,Belgian,R,OCO,9,115.826,MEDIUM,0,Ritmo de carrera
2022,Belgian,R,OCO,10,116.416,MEDIUM,0,Ritmo de carrera
2022,Belgian,R,OCO,11,116.218,MEDIUM,2,Tracción Comprometida
2022,Belgian,R,OCO,14,114.927,HARD,0,Ritmo de carrera
2022,Belgian,R,OCO,15,115.408,HARD,0,Ritmo de carrera
2022,Belgian,R,OCO,16,113.488,HARD,0,Ritmo de carrera
2022,Belgian,R,OCO,17,113.963,HARD,1,Lift and Coast
2022,Belgian,R,OCO,18,114.841,HARD,2,Tracción Comprometida
2022,Belgian,R,OCO,19,115.468,HARD,0,Ritmo de carrera
2022,Belgian,R,OCO,20,114.143,HARD,2,Tracción Comprometida
2022,Belgian,R,OCO,21,114.598,HARD,1,Lift and Coast
2022,Belgian,R,OCO,22,114.576,HARD,2,Tracción Comprometida
2022,Belgian,R,OCO,23,114.638,HARD,1,Lift and Coast
2022,Belgian,R,OCO,24,114.666,HARD,1,Lift and Coast
2022,Belgian,R,OCO,25,114.651,HARD,2,Tracción Comprometida
2022,Belgian,R,OCO,26,114.76,HARD,2,Tracción Comprometida
2022,Belgian,R,OCO,27,114.593,HARD,2,Tracción Comprometida
2022,Belgian,R,OCO,28,114.343,HARD,2,Tracción Comprometida
2022,Belgian,R,OCO,29,115.208,HARD,0,Ritmo de carrera
2022,Belgian,R,OCO,30,114.449,HARD,2,Tracción Comprometida
2022,Belgian,R,OCO,31,114.483,HARD,0,Ritmo de carrera
2022,Belgian,R,OCO,34,112.375,MEDIUM,2,Tracción Comprometida
2022,Belgian,R,OCO,35,111.91,MEDIUM,2,Tracción Comprometida
2022,Belgian,R,OCO,36,111.717,MEDIUM,3,Vuelta de ataque
2022,Belgian,R,OCO,37,112.149,MEDIUM,2,Tracción Comprometida
2022,Belgian,R,OCO,38,112.377,MEDIUM,3,Vuelta de ataque
2022,Belgian,R,OCO,39,112.608,MEDIUM,1,Lift and Coast
2022,Belgian,R,OCO,40,112.766,MEDIUM,2,Tracción Comprometida
2022,Belgian,R,OCO,41,112.762,MEDIUM,2,Tracción Comprometida
2022,Belgian,R,OCO,42,113.258,MEDIUM,2,Tracción Comprometida
2022,Belgian,R,OCO,43,113.229,MEDIUM,1,Lift and Coast
2022,Belgian,R,OCO,44,113.045,MEDIUM,1,Lift and Coast
2022,Belgian,R,NOR,5,115.401,MEDIUM,0,Ritmo de carrera
2022,Belgian,R,NOR,6,115.662,MEDIUM,0,Ritmo de carrera
2022,Belgian,R,NOR,7,115.792,MEDIUM,0,Ritmo de carrera
2022,Belgian,R,NOR,8,116.433,MEDIUM,0,Ritmo de carrera
2022,Belgian,R,NOR,9,115.516,MEDIUM,0,Ritmo de carrera
2022,Belgian,R,NOR,10,116.133,MEDIUM,0,Ritmo de carrera
2022,Belgian,R,NOR,11,116.091,MEDIUM,1,Lift and Coast
2022,Belgian,R,NOR,12,116.673,MEDIUM,0,Ritmo de carrera
2022,Belgian,R,NOR,15,114.171,HARD,1,Lift and Coast
2022,Belgian,R,NOR,16,113.387,HARD,0,Ritmo de carrera
2022,Belgian,R,NOR,17,113.921,HARD,0,Ritmo de carrera
2022,Belgian,R,NOR,18,115.419,HARD,0,Ritmo de carrera
2022,Belgian,R,NOR,19,114.591,HARD,2,Tracción Comprometida
2022,Belgian,R,NOR,20,115.725,HARD,0,Ritmo de carrera
2022,Belgian,R,NOR,21,115.752,HARD,0,Ritmo de carrera
2022,Belgian,R,NOR,22,115.251,HARD,0,Ritmo de carrera
2022,Belgian,R,NOR,23,114.742,HARD,0,Ritmo de carrera
2022,Belgian,R,NOR,24,115.43,HARD,0,Ritmo de carrera
2022,Belgian,R,NOR,25,116.143,HARD,0,Ritmo de carrera
2022,Belgian,R,NOR,26,115.731,HARD,0,Ritmo de carrera
2022,Belgian,R,NOR,27,114.98,HARD,0,Ritmo de carrera
2022,Belgian,R,NOR,28,115.916,HARD,0,Ritmo de carrera
2022,Belgian,R,NOR,31,111.678,MEDIUM,0,Ritmo de carrera
2022,Belgian,R,NOR,32,112.418,MEDIUM,0,Ritmo de carrera
2022,Belgian,R,NOR,33,113.432,MEDIUM,0,Ritmo de carrera
2022,Belgian,R,NOR,34,113.989,MEDIUM,0,Ritmo de carrera
2022,Belgian,R,NOR,35,114.165,MEDIUM,0,Ritmo de carrera
2022,Belgian,R,NOR,36,114.184,MEDIUM,0,Ritmo de carrera
2022,Belgian,R,NOR,37,114.369,MEDIUM,0,Ritmo de carrera
2022,Belgian,R,NOR,38,114.327,MEDIUM,0,Ritmo de carrera
2022,Belgian,R,NOR,39,114.26,MEDIUM,2,Tracción Comprometida
2022,Belgian,R,NOR,40,114.318,MEDIUM,2,Tracción Comprometida
2022,Belgian,R,NOR,41,114.497,MEDIUM,0,Ritmo de carrera
2022,Belgian,R,NOR,42,114.749,MEDIUM,2,Tracción Comprometida
2022,Belgian,R,NOR,43,115.015,MEDIUM,0,Ritmo de carrera
2022,Belgian,R,NOR,44,114.757,MEDIUM,2,Tracción Comprometida
2022,Belgian,R,MSC,5,116.895,MEDIUM,0,Ritmo de carrera
2022,Belgian,R,MSC,7,115.507,MEDIUM,0,Ritmo de carrera
2022,Belgian,R,MSC,8,116.686,MEDIUM,1,Lift and Coast
2022,Belgian,R,MSC,11,116.932,MEDIUM,0,Ritmo de carrera
2022,Belgian,R,MSC,16,114.167,HARD,1,Lift and Coast
2022,Belgian,R,MSC,17,113.911,HARD,1,Lift and Coast
2022,Belgian,R,MSC,18,115.217,HARD,1,Lift and Coast
2022,Belgian,R,MSC,19,115.443,HARD,1,Lift and Coast
2022,Belgian,R,MSC,20,116.057,HARD,0,Ritmo de carrera
2022,Belgian,R,MSC,21,114.706,HARD,1,Lift and Coast
2022,Belgian,R,MSC,22,114.809,HARD,1,Lift and Coast
2022,Belgian,R,MSC,23,114.906,HARD,1,Lift and Coast
2022,Belgian,R,MSC,24,115.862,HARD,1,Lift and Coast
2022,Belgian,R,MSC,25,115.36,HARD,1,Lift and Coast
2022,Belgian,R,MSC,26,115.521,HARD,1,Lift and Coast
2022,Belgian,R,MSC,27,115.06,HARD,1,Lift and Coast
2022,Belgian,R,MSC,28,116.598,HARD,1,Lift and Coast
2022,Belgian,R,MSC,29,116.333,HARD,1,Lift and Coast
2022,Belgian,R,MSC,32,112.212,MEDIUM,1,Lift and Coast
2022,Belgian,R,MSC,33,112.922,MEDIUM,0,Ritmo de carrera
2022,Belgian,R,MSC,34,113.468,MEDIUM,1,Lift and Coast
2022,Belgian,R,MSC,35,112.646,MEDIUM,1,Lift and Coast
2022,Belgian,R,MSC,36,113.28,MEDIUM,0,Ritmo de carrera
2022,Belgian,R,MSC,37,112.913,MEDIUM,0,Ritmo de carrera
2022,Belgian,R,MSC,38,113.302,MEDIUM,1,Lift and Coast
2022,Belgian,R,MSC,39,112.851,MEDIUM,1,Lift and Coast
2022,Belgian,R,MSC,40,113.291,MEDIUM,1,Lift and Coast
2022,Belgian,R,MSC,41,113.37,MEDIUM,1,Lift and Coast
2022,Belgian,R,MSC,42,115.762,MEDIUM,0,Ritmo de carrera
2022,Belgian,R,MSC,43,115.558,MEDIUM,0,Ritmo de carrera
2022,Belgian,R,VET,6,114.854,MEDIUM,2,Tracción Comprometida
2022,Belgian,R,VET,8,114.967,MEDIUM,2,Tracción Comprometida
2022,Belgian,R,VET,10,115.521,MEDIUM,2,Tracción Comprometida
2022,Belgian,R,VET,11,115.82,MEDIUM,2,Tracción Comprometida
2022,Belgian,R,VET,12,115.533,MEDIUM,2,Tracción Comprometida
2022,Belgian,R,VET,13,116.516,MEDIUM,2,Tracción Comprometida
2022,Belgian,R,VET,16,114.685,HARD,2,Tracción Comprometida
2022,Belgian,R,VET,17,113.525,HARD,2,Tracción Comprometida
2022,Belgian,R,VET,18,114.183,HARD,2,Tracción Comprometida
2022,Belgian,R,VET,19,114.498,HARD,2,Tracción Comprometida
2022,Belgian,R,VET,20,114.522,HARD,2,Tracción Comprometida
2022,Belgian,R,VET,21,114.454,HARD,2,Tracción Comprometida
2022,Belgian,R,VET,22,114.604,HARD,2,Tracción Comprometida
2022,Belgian,R,VET,23,114.697,HARD,2,Tracción Comprometida
2022,Belgian,R,VET,24,114.657,HARD,2,Tracción Comprometida
2022,Belgian,R,VET,25,114.689,HARD,2,Tracción Comprometida
2022,Belgian,R,VET,26,114.461,HARD,2,Tracción Comprometida
2022,Belgian,R,VET,27,113.997,HARD,2,Tracción Comprometida
2022,Belgian,R,VET,28,114.298,HARD,2,Tracción Comprometida
2022,Belgian,R,VET,29,114.867,HARD,2,Tracción Comprometida
2022,Belgian,R,VET,30,114.658,HARD,2,Tracción Comprometida
2022,Belgian,R,VET,31,114.856,HARD,2,Tracción Comprometida
2022,Belgian,R,VET,32,114.518,HARD,2,Tracción Comprometida
2022,Belgian,R,VET,35,113.675,MEDIUM,2,Tracción Comprometida
2022,Belgian,R,VET,36,112.643,MEDIUM,2,Tracción Comprometida
2022,Belgian,R,VET,37,112.825,MEDIUM,2,Tracción Comprometida
2022,Belgian,R,VET,38,112.739,MEDIUM,2,Tracción Comprometida
2022,Belgian,R,VET,39,112.773,MEDIUM,2,Tracción Comprometida
2022,Belgian,R,VET,40,112.515,MEDIUM,2,Tracción Comprometida
2022,Belgian,R,VET,41,112.765,MEDIUM,2,Tracción Comprometida
2022,Belgian,R,VET,42,113.084,MEDIUM,2,Tracción Comprometida
2022,Belgian,R,VET,43,112.988,MEDIUM,2,Tracción Comprometida
2022,Belgian,R,VET,44,112.999,MEDIUM,2,Tracción Comprometida
2022,Belgian,R,SAI,1,113.943,SOFT,1,Lift and Coast
2022,Belgian,R,SAI,5,112.198,SOFT,3,Vuelta de ataque
2022,Belgian,R,SAI,6,112.322,SOFT,3,Vuelta de ataque
2022,Belgian,R,SAI,7,112.759,SOFT,3,Vuelta de ataque
2022,Belgian,R,SAI,8,114.08,SOFT,1,Lift and Coast
2022,Belgian,R,SAI,9,114.625,SOFT,2,Tracción Comprometida
2022,Belgian,R,SAI,10,114.625,SOFT,2,Tracción Comprometida
2022,Belgian,R,SAI,13,113.107,MEDIUM,1,Lift and Coast
2022,Belgian,R,SAI,14,113.271,MEDIUM,1,Lift and Coast
2022,Belgian,R,SAI,15,112.725,MEDIUM,1,Lift and Coast
2022,Belgian,R,SAI,16,113.242,MEDIUM,1,Lift and Coast
2022,Belgian,R,SAI,17,113.123,MEDIUM,1,Lift and Coast
2022,Belgian,R,SAI,18,113.802,MEDIUM,2,Tracción Comprometida
2022,Belgian,R,SAI,19,113.594,MEDIUM,1,Lift and Coast
2022,Belgian,R,SAI,20,114.015,MEDIUM,1,Lift and Coast
2022,Belgian,R,SAI,21,114.941,MEDIUM,2,Tracción Comprometida
2022,Belgian,R,SAI,22,114.547,MEDIUM,2,Tracción Comprometida
2022,Belgian,R,SAI,23,114.168,MEDIUM,2,Tracción Comprometida
2022,Belgian,R,SAI,24,114.259,MEDIUM,2,Tracción Comprometida
2022,Belgian,R,SAI,27,112.398,HARD,1,Lift and Coast
2022,Belgian,R,SAI,28,112.235,HARD,1,Lift and Coast
2022,Belgian,R,SAI,29,112.878,HARD,1,Lift and Coast
2022,Belgian,R,SAI,30,112.423,HARD,1,Lift and Coast
2022,Belgian,R,SAI,31,112.158,HARD,2,Tracción Comprometida
2022,Belgian,R,SAI,32,111.977,HARD,1,Lift and Coast
2022,Belgian,R,SAI,33,112.257,HARD,2,Tracción Comprometida
2022,Belgian,R,SAI,34,112.213,HARD,2,Tracción Comprometida
2022,Belgian,R,SAI,35,112.468,HARD,3,Vuelta de ataque
2022,Belgian,R,SAI,36,112.645,HARD,1,Lift and Coast
2022,Belgian,R,SAI,37,112.338,HARD,1,Lift and Coast
2022,Belgian,R,SAI,38,112.378,HARD,2,Tracción Comprometida
2022,Belgian,R,SAI,39,112.454,HARD,1,Lift and Coast
2022,Belgian,R,SAI,40,112.447,HARD,1,Lift and Coast
2022,Belgian,R,SAI,41,112.605,HARD,1,Lift and Coast
2022,Belgian,R,SAI,42,112.71,HARD,1,Lift and Coast
2022,Belgian,R,SAI,43,112.501,HARD,2,Tracción Comprometida
2022,Belgian,R,SAI,44,112.605,HARD,2,Tracción Comprometida
2022,Belgian,R,LAT,5,115.344,MEDIUM,0,Ritmo de carrera
2022,Belgian,R,LAT,6,115.363,MEDIUM,0,Ritmo de carrera
2022,Belgian,R,LAT,7,115.404,MEDIUM,0,Ritmo de carrera
2022,Belgian,R,LAT,8,116.572,MEDIUM,2,Tracción Comprometida
2022,Belgian,R,LAT,11,116.703,MEDIUM,2,Tracción Comprometida
2022,Belgian,R,LAT,12,116.711,MEDIUM,0,Ritmo de carrera
2022,Belgian,R,LAT,17,114.924,HARD,0,Ritmo de carrera
2022,Belgian,R,LAT,18,114.803,HARD,2,Tracción Comprometida
2022,Belgian,R,LAT,19,115.567,HARD,2,Tracción Comprometida
2022,Belgian,R,LAT,20,115.143,HARD,0,Ritmo de carrera
2022,Belgian,R,LAT,21,114.884,HARD,2,Tracción Comprometida
2022,Belgian,R,LAT,22,115.256,HARD,0,Ritmo de carrera
2022,Belgian,R,LAT,23,115.868,HARD,0,Ritmo de carrera
2022,Belgian,R,LAT,24,115.18,HARD,0,Ritmo de carrera
2022,Belgian,R,LAT,25,115.717,HARD,2,Tracción Comprometida
2022,Belgian,R,LAT,26,116.515,HARD,2,Tracción Comprometida
2022,Belgian,R,LAT,27,116.356,HARD,0,Ritmo de carrera
2022,Belgian,R,LAT,28,115.469,HARD,0,Ritmo de carrera
2022,Belgian,R,LAT,30,116.051,HARD,1,Lift and Coast
2022,Belgian,R,LAT,31,116.951,HARD,2,Tracción Comprometida
2022,Belgian,R,LAT,32,116.002,HARD,0,Ritmo de carrera
2022,Belgian,R,LAT,33,115.914,HARD,2,Tracción Comprometida
2022,Belgian,R,LAT,36,112.375,SOFT,2,Tracción Comprometida
2022,Belgian,R,LAT,37,112.358,SOFT,0,Ritmo de carrera
2022,Belgian,R,LAT,38,112.256,SOFT,0,Ritmo de carrera
2022,Belgian,R,LAT,39,112.334,SOFT,1,Lift and Coast
2022,Belgian,R,LAT,40,112.772,SOFT,2,Tracción Comprometida
2022,Belgian,R,LAT,41,113.083,SOFT,0,Ritmo de carrera
2022,Belgian,R,LAT,42,113.023,SOFT,0,Ritmo de carrera
2022,Belgian,R,LAT,43,112.954,SOFT,1,Lift and Coast
2022,Belgian,R,RUS,5,113.854,MEDIUM,0,Ritmo de carrera
2022,Belgian,R,RUS,6,113.586,MEDIUM,0,Ritmo de carrera
2022,Belgian,R,RUS,7,113.447,MEDIUM,0,Ritmo de carrera
2022,Belgian,R,RUS,8,114.854,MEDIUM,0,Ritmo de carrera
2022,Belgian,R,RUS,9,114.706,MEDIUM,1,Lift and Coast
2022,Belgian,R,RUS,10,114.975,MEDIUM,1,Lift and Coast
2022,Belgian,R,RUS,11,114.677,MEDIUM,0,Ritmo de carrera
2022,Belgian,R,RUS,12,114.835,MEDIUM,1,Lift and Coast
2022,Belgian,R,RUS,15,113.204,MEDIUM,1,Lift and Coast
2022,Belgian,R,RUS,16,112.979,MEDIUM,0,Ritmo de carrera
2022,Belgian,R,RUS,17,113.07,MEDIUM,1,Lift and Coast
2022,Belgian,R,RUS,18,113.171,MEDIUM,1,Lift and Coast
2022,Belgian,R,RUS,19,113.53,MEDIUM,1,Lift and Coast
2022,Belgian,R,RUS,20,113.587,MEDIUM,1,Lift and Coast
2022,Belgian,R,RUS,21,113.302,MEDIUM,1,Lift and Coast
2022,Belgian,R,RUS,22,113.372,MEDIUM,1,Lift and Coast
2022,Belgian,R,RUS,23,113.572,MEDIUM,1,Lift and Coast
2022,Belgian,R,RUS,24,113.375,MEDIUM,1,Lift and Coast
2022,Belgian,R,RUS,25,113.552,MEDIUM,1,Lift and Coast
2022,Belgian,R,RUS,26,113.887,MEDIUM,1,Lift and Coast
2022,Belgian,R,RUS,27,113.864,MEDIUM,1,Lift and Coast
2022,Belgian,R,RUS,28,113.459,MEDIUM,1,Lift and Coast
2022,Belgian,R,RUS,31,110.793,HARD,3,Vuelta de ataque
2022,Belgian,R,RUS,32,111.098,HARD,3,Vuelta de ataque
2022,Belgian,R,RUS,33,111.119,HARD,3,Vuelta de ataque
2022,Belgian,R,RUS,34,112.067,HARD,3,Vuelta de ataque
2022,Belgian,R,RUS,35,111.744,HARD,1,Lift and Coast
2022,Belgian,R,RUS,36,111.627,HARD,1,Lift and Coast
2022,Belgian,R,RUS,37,112.205,HARD,1,Lift and Coast
2022,Belgian,R,RUS,38,112.175,HARD,1,Lift and Coast
2022,Belgian,R,RUS,39,113.197,HARD,1,Lift and Coast
2022,Belgian,R,RUS,40,112.159,HARD,1,Lift and Coast
2022,Belgian,R,RUS,41,112.391,HARD,1,Lift and Coast
2022,Belgian,R,RUS,42,112.79,HARD,1,Lift and Coast
2022,Belgian,R,RUS,43,112.593,HARD,1,Lift and Coast
2022,Belgian,R,RUS,44,112.637,HARD,1,Lift and Coast
2022,Singapore,FP3,VER,3,123.272,INTERMEDIATE,2,Tracción Comprometida
2022,Singapore,FP3,VER,4,122.098,INTERMEDIATE,2,Tracción Comprometida
2022,Singapore,FP3,VER,6,119.456,INTERMEDIATE,2,Tracción Comprometida
2022,Singapore,FP3,VER,7,118.919,INTERMEDIATE,2,Tracción Comprometida
2022,Singapore,FP3,VER,9,118.308,INTERMEDIATE,0,Ritmo de carrera
2022,Singapore,FP3,RIC,6,123.819,INTERMEDIATE,2,Tracción Comprometida
2022,Singapore,FP3,RIC,10,122.097,INTERMEDIATE,2,Tracción Comprometida
2022,Singapore,FP3,RIC,11,121.036,INTERMEDIATE,2,Tracción Comprometida
2022,Singapore,FP3,NOR,9,122.707,INTERMEDIATE,2,Tracción Comprometida
2022,Singapore,FP3,NOR,10,121.791,INTERMEDIATE,1,Lift and Coast
2022,Singapore,FP3,GAS,7,122.982,INTERMEDIATE,2,Tracción Comprometida
2022,Singapore,FP3,GAS,9,121.346,INTERMEDIATE,1,Lift and Coast
2022,Singapore,FP3,GAS,10,121.245,INTERMEDIATE,1,Lift and Coast
2022,Singapore,FP3,GAS,12,124.398,INTERMEDIATE,2,Tracción Comprometida
2022,Singapore,FP3,PER,5,121.104,INTERMEDIATE,2,Tracción Comprometida
2022,Singapore,FP3,PER,7,119.526,INTERMEDIATE,2,Tracción Comprometida
2022,Singapore,FP3,ALO,7,119.429,INTERMEDIATE,0,Ritmo de carrera
2022,Singapore,FP3,LEC,5,118.899,INTERMEDIATE,2,Tracción Comprometida
2022,Singapore,FP3,LEC,7,117.782,INTERMEDIATE,2,Tracción Comprometida
2022,Singapore,FP3,STR,7,121.336,INTERMEDIATE,2,Tracción Comprometida
2022,Singapore,FP3,MAG,11,121.089,INTERMEDIATE,2,Tracción Comprometida
2022,Singapore,FP3,TSU,9,123.171,INTERMEDIATE,2,Tracción Comprometida
2022,Singapore,FP3,TSU,12,121.679,INTERMEDIATE,0,Ritmo de carrera
2022,Singapore,FP3,ZHO,10,122.599,INTERMEDIATE,2,Tracción Comprometida
2022,Singapore,Q,LEC,2,115.054,INTERMEDIATE,2,Tracción Comprometida
2022,Singapore,Q,LEC,4,114.222,INTERMEDIATE,0,Ritmo de carrera
2022,Singapore,Q,LEC,6,114.129,INTERMEDIATE,0,Ritmo de carrera
2022,Singapore,Q,LEC,16,115.628,SOFT,2,Tracción Comprometida
2022,Singapore,Q,LEC,17,111.881,SOFT,2,Tracción Comprometida
2022,Singapore,Q,PER,2,116.061,INTERMEDIATE,2,Tracción Comprometida
2022,Singapore,Q,PER,4,114.404,INTERMEDIATE,2,Tracción Comprometida
2022,Singapore,Q,PER,6,115.668,INTERMEDIATE,1,Lift and Coast
2022,Singapore,Q,PER,9,112.818,INTERMEDIATE,0,Ritmo de carrera
2022,Singapore,Q,PER,15,113.755,SOFT,2,Tracción Comprometida
2022,Singapore,Q,PER,16,111.747,SOFT,2,Tracción Comprometida
2022,Singapore,Q,PER,18,109.434,SOFT,2,Tracción Comprometida
2022,Singapore,Q,HAM,2,116.937,INTERMEDIATE,2,Tracción Comprometida
2022,Singapore,Q,HAM,4,114.689,INTERMEDIATE,2,Tracción Comprometida
2022,Singapore,Q,HAM,8,113.161,INTERMEDIATE,2,Tracción Comprometida
2022,Singapore,Q,HAM,11,113.9,INTERMEDIATE,0,Ritmo de carrera
2022,Singapore,Q,HAM,14,112.691,INTERMEDIATE,2,Tracción Comprometida
2022,Singapore,Q,HAM,18,113.082,SOFT,2,Tracción Comprometida
2022,Singapore,Q,HAM,19,111.019,SOFT,0,Ritmo de carrera
2022,Singapore,Q,HAM,22,109.466,SOFT,2,Tracción Comprometida
2022,Singapore,Q,SAI,3,115.079,INTERMEDIATE,2,Tracción Comprometida
2022,Singapore,Q,SAI,11,113.495,INTERMEDIATE,2,Tracción Comprometida
2022,Singapore,Q,SAI,14,113.219,INTERMEDIATE,2,Tracción Comprometida
2022,Singapore,Q,ALO,5,116.051,INTERMEDIATE,0,Ritmo de carrera
2022,Singapore,Q,ALO,7,115.36,INTERMEDIATE,0,Ritmo de carrera
2022,Singapore,Q,ALO,10,114.1,INTERMEDIATE,0,Ritmo de carrera
2022,Singapore,Q,ALO,12,114.239,INTERMEDIATE,0,Ritmo de carrera
2022,Singapore,Q,ALO,15,113.127,INTERMEDIATE,0,Ritmo de carrera
2022,Singapore,Q,ALO,19,112.52,SOFT,0,Ritmo de carrera
2022,Singapore,Q,ALO,21,110.737,SOFT,0,Ritmo de carrera
2022,Singapore,Q,ALO,22,109.966,SOFT,0,Ritmo de carrera
2022,Singapore,Q,NOR,4,116.702,INTERMEDIATE,2,Tracción Comprometida
2022,Singapore,Q,NOR,6,116.489,INTERMEDIATE,2,Tracción Comprometida
2022,Singapore,Q,NOR,8,115.914,INTERMEDIATE,2,Tracción Comprometida
2022,Singapore,Q,NOR,11,113.995,INTERMEDIATE,2,Tracción Comprometida
2022,Singapore,Q,NOR,13,116.446,INTERMEDIATE,2,Tracción Comprometida
2022,Singapore,Q,NOR,16,113.942,INTERMEDIATE,1,Lift and Coast
2022,Singapore,Q,NOR,20,113.397,SOFT,2,Tracción Comprometida
2022,Singapore,Q,NOR,23,110.584,SOFT,2,Tracción Comprometida
2022,Singapore,Q,GAS,8,115.606,INTERMEDIATE,0,Ritmo de carrera
2022,Singapore,Q,GAS,11,114.368,INTERMEDIATE,1,Lift and Coast
2022,Singapore,Q,GAS,13,116.786,INTERMEDIATE,0,Ritmo de carrera
2022,Singapore,Q,GAS,16,113.546,INTERMEDIATE,1,Lift and Coast
2022,Singapore,Q,GAS,22,112.425,SOFT,0,Ritmo de carrera
2022,Singapore,Q,GAS,23,111.211,SOFT,0,Ritmo de carrera
2022,Singapore,Q,VER,3,114.395,INTERMEDIATE,0,Ritmo de carrera
2022,Singapore,Q,VER,7,113.057,INTERMEDIATE,0,Ritmo de carrera
2022,Singapore,Q,VER,10,112.723,INTERMEDIATE,0,Ritmo de carrera
2022,Singapore,Q,VER,15,116.94,SOFT,2,Tracción Comprometida
2022,Singapore,Q,VER,16,114.293,SOFT,2,Tracción Comprometida
2022,Singapore,Q,VER,17,111.395,SOFT,0,Ritmo de carrera
2022,Singapore,Q,VER,19,113.168,SOFT,0,Ritmo de carrera
2022,Singapore,Q,MAG,5,115.223,INTERMEDIATE,0,Ritmo de carrera
2022,Singapore,Q,MAG,7,115.103,INTERMEDIATE,0,Ritmo de carrera
2022,Singapore,Q,MAG,10,115.131,INTERMEDIATE,2,Tracción Comprometida
2022,Singapore,Q,MAG,12,116.417,INTERMEDIATE,2,Tracción Comprometida
2022,Singapore,Q,MAG,15,114.006,INTERMEDIATE,2,Tracción Comprometida
2022,Singapore,Q,MAG,20,114.775,SOFT,2,Tracción Comprometida
2022,Singapore,Q,MAG,21,116.785,SOFT,2,Tracción Comprometida
2022,Singapore,Q,MAG,22,111.573,SOFT,2,Tracción Comprometida
2022,Singapore,Q,TSU,8,115.314,INTERMEDIATE,0,Ritmo de carrera
2022,Singapore,Q,TSU,11,115.866,INTERMEDIATE,0,Ritmo de carrera
2022,Singapore,Q,TSU,15,113.848,INTERMEDIATE,1,Lift and Coast
2022,Singapore,Q,TSU,18,115.17,INTERMEDIATE,0,Ritmo de carrera
2022,Singapore,Q,TSU,22,111.983,SOFT,2,Tracción Comprometida
2022,Singapore,Q,RUS,3,115.842,INTERMEDIATE,0,Ritmo de carrera
2022,Singapore,Q,RUS,5,115.895,INTERMEDIATE,0,Ritmo de carrera
2022,Singapore,Q,RUS,8,114.633,INTERMEDIATE,0,Ritmo de carrera
2022,Singapore,Q,RUS,11,115.603,INTERMEDIATE,0,Ritmo de carrera
2022,Singapore,Q,RUS,14,114.012,INTERMEDIATE,1,Lift and Coast
2022,Singapore,Q,RUS,16,114.315,INTERMEDIATE,0,Ritmo de carrera
2022,Singapore,Q,STR,2,116.997,INTERMEDIATE,2,Tracción Comprometida
2022,Singapore,Q,STR,4,115.629,INTERMEDIATE,2,Tracción Comprometida
2022,Singapore,Q,STR,9,114.211,INTERMEDIATE,2,Tracción Comprometida
2022,Singapore,Q,STR,14,115.272,SOFT,2,Tracción Comprometida
2022,Singapore,Q,MSC,5,116.287,INTERMEDIATE,0,Ritmo de carrera
2022,Singapore,Q,MSC,7,115.736,INTERMEDIATE,0,Ritmo de carrera
2022,Singapore,Q,MSC,11,115.068,INTERMEDIATE,1,Lift and Coast
2022,Singapore,Q,MSC,15,114.37,INTERMEDIATE,0,Ritmo de carrera
2022,Singapore,Q,ZHO,3,116.471,INTERMEDIATE,0,Ritmo de carrera
2022,Singapore,Q,ZHO,5,115.375,INTERMEDIATE,2,Tracción Comprometida
2022,Singapore,Q,ZHO,6,116.759,INTERMEDIATE,1,Lift and Coast
2022,Singapore,Q,ZHO,9,116.053,INTERMEDIATE,0,Ritmo de carrera
2022,Singapore,Q,ZHO,11,115.518,INTERMEDIATE,1,Lift and Coast
2022,Singapore,Q,BOT,5,116.083,INTERMEDIATE,0,Ritmo de carrera
2022,Singapore,Q,RIC,6,116.94,INTERMEDIATE,2,Tracción Comprometida
2022,Singapore,Q,RIC,8,116.226,INTERMEDIATE,2,Tracción Comprometida
2022,Singapore,Q,OCO,5,116.337,INTERMEDIATE,2,Tracción Comprometida
2022,Singapore,Q,OCO,8,116.419,INTERMEDIATE,2,Tracción Comprometida
2022,Singapore,Q,ALB,6,116.985,INTERMEDIATE,2,Tracción Comprometida
2022,Singapore,R,VER,42,113.17,SOFT,2,Tracción Comprometida
2022,Singapore,R,VER,43,111.37,SOFT,0,Ritmo de carrera
2022,Singapore,R,VER,44,110.616,SOFT,0,Ritmo de carrera
2022,Singapore,R,VER,45,110.049,SOFT,0,Ritmo de carrera
2022,Singapore,R,VER,46,111.824,SOFT,0,Ritmo de carrera
2022,Singapore,R,VER,47,111.455,SOFT,0,Ritmo de carrera
2022,Singapore,R,VER,48,110.508,SOFT,2,Tracción Comprometida
2022,Singapore,R,VER,49,109.944,SOFT,0,Ritmo de carrera
2022,Singapore,R,VER,50,110.25,SOFT,0,Ritmo de carrera
2022,Singapore,R,VER,51,109.846,SOFT,0,Ritmo de carrera
2022,Singapore,R,VER,52,109.142,SOFT,2,Tracción Comprometida
2022,Singapore,R,VER,53,109.979,SOFT,2,Tracción Comprometida
2022,Singapore,R,VER,54,110.89,SOFT,0,Ritmo de carrera
2022,Singapore,R,VER,55,110.878,SOFT,2,Tracción Comprometida
2022,Singapore,R,VER,56,110.652,SOFT,0,Ritmo de carrera
2022,Singapore,R,VER,57,110.934,SOFT,2,Tracción Comprometida
2022,Singapore,R,VER,58,110.597,SOFT,0,Ritmo de carrera
2022,Singapore,R,VER,59,111.068,SOFT,2,Tracción Comprometida
2022,Singapore,R,GAS,44,113.713,MEDIUM,0,Ritmo de carrera
2022,Singapore,R,GAS,46,113.497,MEDIUM,0,Ritmo de carrera
2022,Singapore,R,GAS,47,112.934,MEDIUM,1,Lift and Coast
2022,Singapore,R,GAS,48,112.678,MEDIUM,0,Ritmo de carrera
2022,Singapore,R,GAS,50,112.307,MEDIUM,0,Ritmo de carrera
2022,Singapore,R,GAS,52,111.753,MEDIUM,0,Ritmo de carrera
2022,Singapore,R,GAS,53,111.349,MEDIUM,0,Ritmo de carrera
2022,Singapore,R,GAS,54,110.728,MEDIUM,0,Ritmo de carrera
2022,Singapore,R,GAS,55,110.836,MEDIUM,0,Ritmo de carrera
2022,Singapore,R,GAS,56,110.569,MEDIUM,0,Ritmo de carrera
2022,Singapore,R,GAS,57,111.662,MEDIUM,0,Ritmo de carrera
2022,Singapore,R,GAS,58,110.894,MEDIUM,0,Ritmo de carrera
2022,Singapore,R,GAS,59,112.655,MEDIUM,2,Tracción Comprometida
2022,Singapore,R,PER,41,113.693,MEDIUM,2,Tracción Comprometida
2022,Singapore,R,PER,42,112.701,MEDIUM,2,Tracción Comprometida
2022,Singapore,R,PER,43,111.903,MEDIUM,2,Tracción Comprometida
2022,Singapore,R,PER,44,111.355,MEDIUM,2,Tracción Comprometida
2022,Singapore,R,PER,45,110.538,MEDIUM,2,Tracción Comprometida
2022,Singapore,R,PER,46,110.363,MEDIUM,2,Tracción Comprometida
2022,Singapore,R,PER,47,110.501,MEDIUM,2,Tracción Comprometida
2022,Singapore,R,PER,48,109.5,MEDIUM,2,Tracción Comprometida
2022,Singapore,R,PER,49,109.189,MEDIUM,2,Tracción Comprometida
2022,Singapore,R,PER,50,109.285,MEDIUM,2,Tracción Comprometida
2022,Singapore,R,PER,51,109.565,MEDIUM,2,Tracción Comprometida
2022,Singapore,R,PER,52,108.841,MEDIUM,2,Tracción Comprometida
2022,Singapore,R,PER,53,108.578,MEDIUM,2,Tracción Comprometida
2022,Singapore,R,PER,54,108.576,MEDIUM,2,Tracción Comprometida
2022,Singapore,R,PER,55,108.645,MEDIUM,2,Tracción Comprometida
2022,Singapore,R,PER,56,108.251,MEDIUM,2,Tracción Comprometida
2022,Singapore,R,PER,57,108.165,MEDIUM,2,Tracción Comprometida
2022,Singapore,R,PER,58,109.009,MEDIUM,2,Tracción Comprometida
2022,Singapore,R,PER,59,109.652,MEDIUM,2,Tracción Comprometida
2022,Singapore,R,LEC,45,110.328,MEDIUM,2,Tracción Comprometida
2022,Singapore,R,LEC,46,110.798,MEDIUM,2,Tracción Comprometida
2022,Singapore,R,LEC,48,110.469,MEDIUM,0,Ritmo de carrera
2022,Singapore,R,LEC,49,109.177,MEDIUM,2,Tracción Comprometida
2022,Singapore,R,LEC,50,109.336,MEDIUM,2,Tracción Comprometida
2022,Singapore,R,LEC,52,109.557,MEDIUM,2,Tracción Comprometida
2022,Singapore,R,LEC,53,108.839,MEDIUM,2,Tracción Comprometida
2022,Singapore,R,LEC,54,108.753,MEDIUM,2,Tracción Comprometida
2022,Singapore,R,LEC,55,109.016,MEDIUM,2,Tracción Comprometida
2022,Singapore,R,LEC,56,109.012,MEDIUM,2,Tracción Comprometida
2022,Singapore,R,LEC,57,109.069,MEDIUM,2,Tracción Comprometida
2022,Singapore,R,STR,46,112.756,MEDIUM,2,Tracción Comprometida
2022,Singapore,R,STR,47,112.27,MEDIUM,2,Tracción Comprometida
2022,Singapore,R,STR,48,111.564,MEDIUM,2,Tracción Comprometida
2022,Singapore,R,STR,49,111.854,MEDIUM,2,Tracción Comprometida
2022,Singapore,R,STR,50,111.786,MEDIUM,2,Tracción Comprometida
2022,Singapore,R,STR,51,112.587,MEDIUM,2,Tracción Comprometida
2022,Singapore,R,STR,52,111.511,MEDIUM,2,Tracción Comprometida
2022,Singapore,R,STR,53,110.823,MEDIUM,2,Tracción Comprometida
2022,Singapore,R,STR,54,111.337,MEDIUM,2,Tracción Comprometida
2022,Singapore,R,STR,55,111.074,MEDIUM,2,Tracción Comprometida
2022,Singapore,R,STR,56,110.708,MEDIUM,2,Tracción Comprometida
2022,Singapore,R,STR,57,110.42,MEDIUM,0,Ritmo de carrera
2022,Singapore,R,STR,58,110.283,MEDIUM,2,Tracción Comprometida
2022,Singapore,R,STR,59,111.958,MEDIUM,2,Tracción Comprometida
2022,Singapore,R,MAG,45,113.827,MEDIUM,2,Tracción Comprometida
2022,Singapore,R,MAG,48,113.596,MEDIUM,2,Tracción Comprometida
2022,Singapore,R,MAG,49,112.081,MEDIUM,2,Tracción Comprometida
2022,Singapore,R,MAG,50,112.54,MEDIUM,2,Tracción Comprometida
2022,Singapore,R,MAG,51,113.138,MEDIUM,2,Tracción Comprometida
2022,Singapore,R,MAG,52,112.514,MEDIUM,2,Tracción Comprometida
2022,Singapore,R,MAG,53,112.228,MEDIUM,2,Tracción Comprometida
2022,Singapore,R,MAG,54,113.317,MEDIUM,2,Tracción Comprometida
2022,Singapore,R,MAG,55,112.66,MEDIUM,2,Tracción Comprometida
2022,Singapore,R,MAG,56,113.041,MEDIUM,2,Tracción Comprometida
2022,Singapore,R,MAG,57,113.585,MEDIUM,2,Tracción Comprometida
2022,Singapore,R,MAG,59,112.067,MEDIUM,2,Tracción Comprometida
2022,Singapore,R,RIC,45,113.419,SOFT,1,Lift and Coast
2022,Singapore,R,RIC,46,113.508,SOFT,2,Tracción Comprometida
2022,Singapore,R,RIC,47,111.975,SOFT,0,Ritmo de carrera
2022,Singapore,R,RIC,48,112.198,SOFT,0,Ritmo de carrera
2022,Singapore,R,RIC,49,112.162,SOFT,2,Tracción Comprometida
2022,Singapore,R,RIC,50,111.589,SOFT,0,Ritmo de carrera
2022,Singapore,R,RIC,51,111.688,SOFT,0,Ritmo de carrera
2022,Singapore,R,RIC,52,111.621,SOFT,1,Lift and Coast
2022,Singapore,R,RIC,53,111.076,SOFT,2,Tracción Comprometida
2022,Singapore,R,RIC,54,111.061,SOFT,1,Lift and Coast
2022,Singapore,R,RIC,55,111.197,SOFT,1,Lift and Coast
2022,Singapore,R,RIC,56,111.176,SOFT,2,Tracción Comprometida
2022,Singapore,R,RIC,57,111.006,SOFT,1,Lift and Coast
2022,Singapore,R,RIC,58,112.526,SOFT,2,Tracción Comprometida
2022,Singapore,R,RIC,59,112.08,SOFT,0,Ritmo de carrera
2022,Singapore,R,NOR,42,113.336,MEDIUM,2,Tracción Comprometida
2022,Singapore,R,NOR,43,113.478,MEDIUM,2,Tracción Comprometida
2022,Singapore,R,NOR,45,111.109,MEDIUM,2,Tracción Comprometida
2022,Singapore,R,NOR,47,110.56,MEDIUM,2,Tracción Comprometida
2022,Singapore,R,NOR,48,111.165,MEDIUM,2,Tracción Comprometida
2022,Singapore,R,NOR,50,109.684,MEDIUM,2,Tracción Comprometida
2022,Singapore,R,NOR,51,109.993,MEDIUM,2,Tracción Comprometida
2022,Singapore,R,NOR,52,110.472,MEDIUM,2,Tracción Comprometida
2022,Singapore,R,NOR,54,109.929,MEDIUM,2,Tracción Comprometida
2022,Singapore,R,NOR,56,109.212,MEDIUM,2,Tracción Comprometida
2022,Singapore,R,HAM,46,113.348,MEDIUM,2,Tracción Comprometida
2022,Singapore,R,HAM,47,112.403,MEDIUM,2,Tracción Comprometida
2022,Singapore,R,HAM,49,111.903,MEDIUM,2,Tracción Comprometida
2022,Singapore,R,HAM,50,111.363,MEDIUM,2,Tracción Comprometida
2022,Singapore,R,HAM,51,111.935,MEDIUM,2,Tracción Comprometida
2022,Singapore,R,HAM,52,110.994,MEDIUM,2,Tracción Comprometida
2022,Singapore,R,HAM,53,111.249,MEDIUM,2,Tracción Comprometida
2022,Singapore,R,HAM,54,110.798,MEDIUM,2,Tracción Comprometida
2022,Singapore,R,HAM,55,110.794,MEDIUM,2,Tracción Comprometida
2022,Singapore,R,HAM,56,110.75,MEDIUM,2,Tracción Comprometida
2022,Singapore,R,HAM,58,110.622,MEDIUM,2,Tracción Comprometida
2022,Singapore,R,HAM,59,111.101,MEDIUM,2,Tracción Comprometida
2022,Singapore,R,MSC,48,112.651,SOFT,0,Ritmo de carrera
2022,Singapore,R,MSC,49,112.416,SOFT,2,Tracción Comprometida
2022,Singapore,R,MSC,50,111.132,SOFT,0,Ritmo de carrera
2022,Singapore,R,MSC,51,112.195,SOFT,2,Tracción Comprometida
2022,Singapore,R,MSC,52,110.731,SOFT,2,Tracción Comprometida
2022,Singapore,R,MSC,53,111.607,SOFT,2,Tracción Comprometida
2022,Singapore,R,MSC,54,112.194,SOFT,0,Ritmo de carrera
2022,Singapore,R,MSC,55,111.917,SOFT,1,Lift and Coast
2022,Singapore,R,MSC,56,112.865,SOFT,0,Ritmo de carrera
2022,Singapore,R,MSC,57,111.193,SOFT,0,Ritmo de carrera
2022,Singapore,R,MSC,58,110.29,SOFT,0,Ritmo de carrera
2022,Singapore,R,VET,50,111.319,MEDIUM,2,Tracción Comprometida
2022,Singapore,R,VET,54,111.04,MEDIUM,2,Tracción Comprometida
2022,Singapore,R,VET,55,111.022,MEDIUM,2,Tracción Comprometida
2022,Singapore,R,VET,56,110.759,MEDIUM,2,Tracción Comprometida
2022,Singapore,R,VET,57,111.449,MEDIUM,2,Tracción Comprometida
2022,Singapore,R,SAI,42,113.471,MEDIUM,2,Tracción Comprometida
2022,Singapore,R,SAI,44,112.063,MEDIUM,2,Tracción Comprometida
2022,Singapore,R,SAI,45,110.988,MEDIUM,2,Tracción Comprometida
2022,Singapore,R,SAI,46,111.048,MEDIUM,2,Tracción Comprometida
2022,Singapore,R,SAI,47,110.34,MEDIUM,2,Tracción Comprometida
2022,Singapore,R,SAI,48,110.101,MEDIUM,2,Tracción Comprometida
2022,Singapore,R,SAI,49,110.005,MEDIUM,2,Tracción Comprometida
2022,Singapore,R,SAI,50,110.096,MEDIUM,2,Tracción Comprometida
2022,Singapore,R,SAI,51,109.424,MEDIUM,2,Tracción Comprometida
2022,Singapore,R,SAI,52,109.683,MEDIUM,2,Tracción Comprometida
2022,Singapore,R,SAI,53,109.42,MEDIUM,2,Tracción Comprometida
2022,Singapore,R,SAI,54,109.626,MEDIUM,2,Tracción Comprometida
2022,Singapore,R,SAI,55,109.346,MEDIUM,2,Tracción Comprometida
2022,Singapore,R,SAI,56,109.013,MEDIUM,2,Tracción Comprometida
2022,Singapore,R,SAI,57,108.712,MEDIUM,2,Tracción Comprometida
2022,Singapore,R,SAI,58,108.746,MEDIUM,2,Tracción Comprometida
2022,Singapore,R,SAI,59,108.414,MEDIUM,2,Tracción Comprometida
2022,Singapore,R,RUS,47,110.505,SOFT,0,Ritmo de carrera
2022,Singapore,R,RUS,48,111.603,SOFT,0,Ritmo de carrera
2022,Singapore,R,RUS,50,109.567,SOFT,0,Ritmo de carrera
2022,Singapore,R,RUS,53,110.349,SOFT,0,Ritmo de carrera
2022,Singapore,R,RUS,54,106.458,SOFT,0,Ritmo de carrera
2022,Singapore,R,RUS,55,111.674,SOFT,1,Lift and Coast
2022,Singapore,R,BOT,44,113.723,SOFT,2,Tracción Comprometida
2022,Singapore,R,BOT,46,113.728,SOFT,0,Ritmo de carrera
2022,Singapore,R,BOT,47,112.736,SOFT,0,Ritmo de carrera
2022,Singapore,R,BOT,48,112.579,SOFT,0,Ritmo de carrera
2022,Singapore,R,BOT,49,113.071,SOFT,0,Ritmo de carrera
2022,Singapore,R,BOT,51,113.656,SOFT,0,Ritmo de carrera
2022,Singapore,R,BOT,52,111.864,SOFT,0,Ritmo de carrera
2022,Singapore,R,BOT,53,112.899,SOFT,0,Ritmo de carrera
2022,Singapore,R,BOT,54,112.228,SOFT,0,Ritmo de carrera
2022,Singapore,R,BOT,55,112.335,SOFT,2,Tracción Comprometida
2022,Singapore,R,BOT,56,112.262,SOFT,2,Tracción Comprometida
2022,Singapore,R,BOT,57,113.276,SOFT,2,Tracción Comprometida
2022,Abu Dhabi,FP3,VER,3,86.044,SOFT,3,Vuelta de ataque
2022,Abu Dhabi,FP3,VER,6,85.618,SOFT,3,Vuelta de ataque
2022,Abu Dhabi,FP3,VER,9,85.134,SOFT,3,Vuelta de ataque
2022,Abu Dhabi,FP3,VER,12,85.316,SOFT,3,Vuelta de ataque
2022,Abu Dhabi,FP3,RIC,2,87.242,SOFT,3,Vuelta de ataque
2022,Abu Dhabi,FP3,RIC,4,87.51,SOFT,3,Vuelta de ataque
2022,Abu Dhabi,FP3,RIC,6,89.567,SOFT,3,Vuelta de ataque
2022,Abu Dhabi,FP3,RIC,7,90.122,SOFT,1,Lift and Coast
2022,Abu Dhabi,FP3,RIC,9,90.353,SOFT,1,Lift and Coast
2022,Abu Dhabi,FP3,RIC,12,85.95,SOFT,3,Vuelta de ataque
2022,Abu Dhabi,FP3,NOR,4,86.719,SOFT,3,Vuelta de ataque
2022,Abu Dhabi,FP3,NOR,6,87.038,SOFT,3,Vuelta de ataque
2022,Abu Dhabi,FP3,NOR,10,85.518,SOFT,3,Vuelta de ataque
2022,Abu Dhabi,FP3,VET,4,86.542,SOFT,3,Vuelta de ataque
2022,Abu Dhabi,FP3,VET,7,86.481,SOFT,3,Vuelta de ataque
2022,Abu Dhabi,FP3,VET,9,89.461,SOFT,3,Vuelta de ataque
2022,Abu Dhabi,FP3,VET,12,86.012,SOFT,3,Vuelta de ataque
2022,Abu Dhabi,FP3,LAT,2,87.068,SOFT,0,Ritmo de carrera
2022,Abu Dhabi,FP3,LAT,6,86.646,SOFT,3,Vuelta de ataque
2022,Abu Dhabi,FP3,LAT,9,87.428,SOFT,3,Vuelta de ataque
2022,Abu Dhabi,FP3,LAT,12,87.013,SOFT,3,Vuelta de ataque
2022,Abu Dhabi,FP3,GAS,2,87.686,MEDIUM,3,Vuelta de ataque
2022,Abu Dhabi,FP3,GAS,7,86.239,SOFT,3,Vuelta de ataque
2022,Abu Dhabi,FP3,GAS,10,87.127,SOFT,3,Vuelta de ataque
2022,Abu Dhabi,FP3,PER,2,86.534,MEDIUM,3,Vuelta de ataque
2022,Abu Dhabi,FP3,PER,5,85.861,MEDIUM,3,Vuelta de ataque
2022,Abu Dhabi,FP3,PER,8,84.982,SOFT,3,Vuelta de ataque
2022,Abu Dhabi,FP3,PER,11,85.034,SOFT,3,Vuelta de ataque
2022,Abu Dhabi,FP3,ALO,2,86.292,MEDIUM,3,Vuelta de ataque
2022,Abu Dhabi,FP3,ALO,5,87.267,MEDIUM,3,Vuelta de ataque
2022,Abu Dhabi,FP3,ALO,10,86.076,SOFT,3,Vuelta de ataque
2022,Abu Dhabi,FP3,ALO,13,86.582,SOFT,3,Vuelta de ataque
2022,Abu Dhabi,FP3,LEC,3,87.314,MEDIUM,3,Vuelta de ataque
2022,Abu Dhabi,FP3,LEC,5,86.764,MEDIUM,2,Tracción Comprometida
2022,Abu Dhabi,FP3,LEC,7,86.095,MEDIUM,3,Vuelta de ataque
2022,Abu Dhabi,FP3,LEC,12,89.457,MEDIUM,1,Lift and Coast
2022,Abu Dhabi,FP3,LEC,13,89.594,MEDIUM,1,Lift and Coast
2022,Abu Dhabi,FP3,LEC,14,89.259,MEDIUM,1,Lift and Coast
2022,Abu Dhabi,FP3,LEC,15,89.167,MEDIUM,1,Lift and Coast
2022,Abu Dhabi,FP3,LEC,16,88.805,MEDIUM,3,Vuelta de ataque
2022,Abu Dhabi,FP3,LEC,19,85.631,SOFT,3,Vuelta de ataque
2022,Abu Dhabi,FP3,LEC,22,85.571,SOFT,3,Vuelta de ataque
2022,Abu Dhabi,FP3,STR,4,87.43,SOFT,3,Vuelta de ataque
2022,Abu Dhabi,FP3,STR,7,86.886,SOFT,3,Vuelta de ataque
2022,Abu Dhabi,FP3,STR,9,89.114,SOFT,3,Vuelta de ataque
2022,Abu Dhabi,FP3,STR,12,86.397,SOFT,3,Vuelta de ataque
2022,Abu Dhabi,FP3,STR,15,86.471,SOFT,3,Vuelta de ataque
2022,Abu Dhabi,FP3,STR,18,86.298,SOFT,3,Vuelta de ataque
2022,Abu Dhabi,FP3,MAG,2,87.523,SOFT,3,Vuelta de ataque
2022,Abu Dhabi,FP3,MAG,5,87.417,SOFT,3,Vuelta de ataque
2022,Abu Dhabi,FP3,MAG,8,87.504,SOFT,3,Vuelta de ataque
2022,Abu Dhabi,FP3,MAG,9,88.832,SOFT,3,Vuelta de ataque
2022,Abu Dhabi,FP3,MAG,13,86.356,SOFT,3,Vuelta de ataque
2022,Abu Dhabi,FP3,MAG,17,86.51,SOFT,3,Vuelta de ataque
2022,Abu Dhabi,FP3,TSU,2,88.08,MEDIUM,3,Vuelta de ataque
2022,Abu Dhabi,FP3,TSU,7,87.295,MEDIUM,3,Vuelta de ataque
2022,Abu Dhabi,FP3,TSU,10,86.776,MEDIUM,3,Vuelta de ataque
2022,Abu Dhabi,FP3,TSU,13,86.462,SOFT,3,Vuelta de ataque
2022,Abu Dhabi,FP3,TSU,16,86.17,SOFT,3,Vuelta de ataque
2022,Abu Dhabi,FP3,ALB,2,87.059,SOFT,2,Tracción Comprometida
2022,Abu Dhabi,FP3,ALB,5,86.921,SOFT,3,Vuelta de ataque
2022,Abu Dhabi,FP3,ALB,8,86.051,SOFT,3,Vuelta de ataque
2022,Abu Dhabi,FP3,ALB,11,86.443,SOFT,3,Vuelta de ataque
2022,Abu Dhabi,FP3,ALB,14,87.13,SOFT,3,Vuelta de ataque
2022,Abu Dhabi,FP3,ZHO,2,88.093,SOFT,3,Vuelta de ataque
2022,Abu Dhabi,FP3,ZHO,4,87.29,SOFT,3,Vuelta de ataque
2022,Abu Dhabi,FP3,ZHO,6,89.395,SOFT,3,Vuelta de ataque
2022,Abu Dhabi,FP3,ZHO,7,90.044,SOFT,3,Vuelta de ataque
2022,Abu Dhabi,FP3,ZHO,10,86.796,SOFT,3,Vuelta de ataque
2022,Abu Dhabi,FP3,ZHO,13,86.482,SOFT,3,Vuelta de ataque
2022,Abu Dhabi,FP3,OCO,2,86.302,MEDIUM,3,Vuelta de ataque
2022,Abu Dhabi,FP3,OCO,4,86.929,MEDIUM,3,Vuelta de ataque
2022,Abu Dhabi,FP3,OCO,7,87.266,MEDIUM,3,Vuelta de ataque
2022,Abu Dhabi,FP3,OCO,10,86.073,SOFT,3,Vuelta de ataque
2022,Abu Dhabi,FP3,OCO,13,86.537,SOFT,3,Vuelta de ataque
2022,Abu Dhabi,FP3,HAM,2,86.04,SOFT,3,Vuelta de ataque
2022,Abu Dhabi,FP3,HAM,10,85.824,SOFT,3,Vuelta de ataque
2022,Abu Dhabi,FP3,HAM,13,85.222,SOFT,3,Vuelta de ataque
2022,Abu Dhabi,FP3,HAM,16,85.493,SOFT,3,Vuelta de ataque
2022,Abu Dhabi,FP3,MSC,2,87.967,SOFT,1,Lift and Coast
2022,Abu Dhabi,FP3,MSC,5,87.738,SOFT,3,Vuelta de ataque
2022,Abu Dhabi,FP3,MSC,7,90.131,SOFT,1,Lift and Coast
2022,Abu Dhabi,FP3,MSC,8,90.369,SOFT,1,Lift and Coast
2022,Abu Dhabi,FP3,MSC,9,89.779,SOFT,1,Lift and Coast
2022,Abu Dhabi,FP3,MSC,13,86.473,SOFT,3,Vuelta de ataque
2022,Abu Dhabi,FP3,SAI,2,87.821,MEDIUM,0,Ritmo de carrera
2022,Abu Dhabi,FP3,SAI,4,86.931,MEDIUM,3,Vuelta de ataque
2022,Abu Dhabi,FP3,SAI,7,86.386,MEDIUM,3,Vuelta de ataque
2022,Abu Dhabi,FP3,SAI,11,89.158,MEDIUM,3,Vuelta de ataque
2022,Abu Dhabi,FP3,SAI,12,88.972,MEDIUM,3,Vuelta de ataque
2022,Abu Dhabi,FP3,SAI,13,89.239,MEDIUM,1,Lift and Coast
2022,Abu Dhabi,FP3,SAI,14,89.204,MEDIUM,1,Lift and Coast
2022,Abu Dhabi,FP3,SAI,15,89.469,MEDIUM,3,Vuelta de ataque
2022,Abu Dhabi,FP3,SAI,18,85.63,SOFT,3,Vuelta de ataque
2022,Abu Dhabi,FP3,SAI,21,85.605,SOFT,3,Vuelta de ataque
2022,Abu Dhabi,FP3,RUS,2,86.53,SOFT,3,Vuelta de ataque
2022,Abu Dhabi,FP3,RUS,5,86.518,SOFT,3,Vuelta de ataque
2022,Abu Dhabi,FP3,RUS,8,85.395,SOFT,3,Vuelta de ataque
2022,Abu Dhabi,FP3,RUS,11,85.666,SOFT,3,Vuelta de ataque
2022,Abu Dhabi,FP3,BOT,2,87.334,SOFT,3,Vuelta de ataque
2022,Abu Dhabi,FP3,BOT,4,90.336,SOFT,1,Lift and Coast
2022,Abu Dhabi,FP3,BOT,6,88.589,SOFT,3,Vuelta de ataque
2022,Abu Dhabi,FP3,BOT,7,89.552,SOFT,3,Vuelta de ataque
2022,Abu Dhabi,FP3,BOT,10,86.189,SOFT,3,Vuelta de ataque
2022,Abu Dhabi,FP3,BOT,13,86.214,SOFT,3,Vuelta de ataque
2022,Abu Dhabi,Q,VER,2,84.754,SOFT,3,Vuelta de ataque
2022,Abu Dhabi,Q,VER,7,84.862,SOFT,3,Vuelta de ataque
2022,Abu Dhabi,Q,VER,10,84.622,SOFT,3,Vuelta de ataque
2022,Abu Dhabi,Q,VER,13,83.988,SOFT,3,Vuelta de ataque
2022,Abu Dhabi,Q,VER,16,83.824,SOFT,3,Vuelta de ataque
2022,Abu Dhabi,Q,PER,2,84.82,SOFT,3,Vuelta de ataque
2022,Abu Dhabi,Q,PER,5,84.97,SOFT,3,Vuelta de ataque
2022,Abu Dhabi,Q,PER,8,84.419,SOFT,3,Vuelta de ataque
2022,Abu Dhabi,Q,PER,11,84.985,SOFT,3,Vuelta de ataque
2022,Abu Dhabi,Q,PER,14,84.316,SOFT,3,Vuelta de ataque
2022,Abu Dhabi,Q,PER,17,84.052,SOFT,3,Vuelta de ataque
2022,Abu Dhabi,Q,LEC,2,85.211,SOFT,3,Vuelta de ataque
2022,Abu Dhabi,Q,LEC,4,85.343,SOFT,2,Tracción Comprometida
2022,Abu Dhabi,Q,LEC,7,85.345,SOFT,2,Tracción Comprometida
2022,Abu Dhabi,Q,LEC,10,84.517,SOFT,3,Vuelta de ataque
2022,Abu Dhabi,Q,LEC,13,84.343,SOFT,2,Tracción Comprometida
2022,Abu Dhabi,Q,LEC,16,84.092,SOFT,3,Vuelta de ataque
2022,Abu Dhabi,Q,SAI,3,85.09,SOFT,3,Vuelta de ataque
2022,Abu Dhabi,Q,SAI,6,85.039,SOFT,3,Vuelta de ataque
2022,Abu Dhabi,Q,SAI,9,84.521,SOFT,3,Vuelta de ataque
2022,Abu Dhabi,Q,SAI,12,84.281,SOFT,3,Vuelta de ataque
2022,Abu Dhabi,Q,SAI,15,84.242,SOFT,3,Vuelta de ataque
2022,Abu Dhabi,Q,HAM,2,85.594,SOFT,3,Vuelta de ataque
2022,Abu Dhabi,Q,HAM,5,85.693,SOFT,3,Vuelta de ataque
2022,Abu Dhabi,Q,HAM,8,85.772,SOFT,3,Vuelta de ataque
2022,Abu Dhabi,Q,HAM,11,84.774,SOFT,3,Vuelta de ataque
2022,Abu Dhabi,Q,HAM,14,84.975,SOFT,3,Vuelta de ataque
2022,Abu Dhabi,Q,HAM,17,84.678,SOFT,3,Vuelta de ataque
2022,Abu Dhabi,Q,HAM,20,84.508,SOFT,3,Vuelta de ataque
2022,Abu Dhabi,Q,RUS,2,85.545,SOFT,3,Vuelta de ataque
2022,Abu Dhabi,Q,RUS,5,85.556,SOFT,3,Vuelta de ataque
2022,Abu Dhabi,Q,RUS,8,85.363,SOFT,3,Vuelta de ataque
2022,Abu Dhabi,Q,RUS,11,84.94,SOFT,3,Vuelta de ataque
2022,Abu Dhabi,Q,RUS,13,85.02,SOFT,3,Vuelta de ataque
2022,Abu Dhabi,Q,RUS,16,84.694,SOFT,3,Vuelta de ataque
2022,Abu Dhabi,Q,RUS,19,84.511,SOFT,3,Vuelta de ataque
2022,Abu Dhabi,Q,NOR,2,85.582,SOFT,3,Vuelta de ataque
2022,Abu Dhabi,Q,NOR,5,85.387,SOFT,3,Vuelta de ataque
2022,Abu Dhabi,Q,NOR,8,85.129,SOFT,3,Vuelta de ataque
2022,Abu Dhabi,Q,NOR,11,84.903,SOFT,3,Vuelta de ataque
2022,Abu Dhabi,Q,NOR,16,84.769,SOFT,3,Vuelta de ataque
2022,Abu Dhabi,Q,OCO,2,85.735,SOFT,3,Vuelta de ataque
2022,Abu Dhabi,Q,OCO,7,85.511,SOFT,3,Vuelta de ataque
2022,Abu Dhabi,Q,OCO,10,85.007,SOFT,3,Vuelta de ataque
2022,Abu Dhabi,Q,OCO,13,85.541,SOFT,3,Vuelta de ataque
2022,Abu Dhabi,Q,OCO,16,84.83,SOFT,3,Vuelta de ataque
2022,Abu Dhabi,Q,VET,2,86.285,SOFT,3,Vuelta de ataque
2022,Abu Dhabi,Q,VET,5,86.26,SOFT,3,Vuelta de ataque
2022,Abu Dhabi,Q,VET,8,85.523,SOFT,3,Vuelta de ataque
2022,Abu Dhabi,Q,VET,11,85.661,SOFT,3,Vuelta de ataque
2022,Abu Dhabi,Q,VET,14,84.974,SOFT,3,Vuelta de ataque
2022,Abu Dhabi,Q,VET,17,84.961,SOFT,3,Vuelta de ataque
2022,Abu Dhabi,Q,RIC,2,85.77,SOFT,3,Vuelta de ataque
2022,Abu Dhabi,Q,RIC,5,85.766,SOFT,3,Vuelta de ataque
2022,Abu Dhabi,Q,RIC,8,85.866,SOFT,3,Vuelta de ataque
2022,Abu Dhabi,Q,RIC,11,85.068,SOFT,3,Vuelta de ataque
2022,Abu Dhabi,Q,RIC,14,85.045,SOFT,3,Vuelta de ataque
2022,Abu Dhabi,Q,ALO,2,85.916,SOFT,3,Vuelta de ataque
2022,Abu Dhabi,Q,ALO,5,85.782,SOFT,3,Vuelta de ataque
2022,Abu Dhabi,Q,ALO,8,85.786,SOFT,3,Vuelta de ataque
2022,Abu Dhabi,Q,ALO,11,85.096,SOFT,3,Vuelta de ataque
2022,Abu Dhabi,Q,TSU,2,86.135,SOFT,3,Vuelta de ataque
2022,Abu Dhabi,Q,TSU,5,85.853,SOFT,3,Vuelta de ataque
2022,Abu Dhabi,Q,TSU,8,85.63,SOFT,3,Vuelta de ataque
2022,Abu Dhabi,Q,TSU,11,85.855,SOFT,3,Vuelta de ataque
2022,Abu Dhabi,Q,TSU,14,85.219,SOFT,3,Vuelta de ataque
2022,Abu Dhabi,Q,MSC,2,86.265,SOFT,3,Vuelta de ataque
2022,Abu Dhabi,Q,MSC,5,87.005,SOFT,3,Vuelta de ataque
2022,Abu Dhabi,Q,MSC,8,85.711,SOFT,3,Vuelta de ataque
2022,Abu Dhabi,Q,MSC,11,86.039,SOFT,3,Vuelta de ataque
2022,Abu Dhabi,Q,MSC,14,85.225,SOFT,3,Vuelta de ataque
2022,Abu Dhabi,Q,STR,2,86.276,SOFT,3,Vuelta de ataque
2022,Abu Dhabi,Q,STR,5,86.242,SOFT,3,Vuelta de ataque
2022,Abu Dhabi,Q,STR,8,85.741,SOFT,3,Vuelta de ataque
2022,Abu Dhabi,Q,STR,11,85.996,SOFT,3,Vuelta de ataque
2022,Abu Dhabi,Q,STR,14,85.359,SOFT,3,Vuelta de ataque
2022,Abu Dhabi,Q,ZHO,2,86.199,SOFT,3,Vuelta de ataque
2022,Abu Dhabi,Q,ZHO,5,85.594,SOFT,3,Vuelta de ataque
2022,Abu Dhabi,Q,ZHO,8,86.367,SOFT,3,Vuelta de ataque
2022,Abu Dhabi,Q,ZHO,11,85.408,SOFT,3,Vuelta de ataque
2022,Abu Dhabi,Q,MAG,2,86.417,SOFT,3,Vuelta de ataque
2022,Abu Dhabi,Q,MAG,5,86.168,SOFT,3,Vuelta de ataque
2022,Abu Dhabi,Q,MAG,8,85.834,SOFT,3,Vuelta de ataque
2022,Abu Dhabi,Q,GAS,2,86.318,SOFT,3,Vuelta de ataque
2022,Abu Dhabi,Q,GAS,5,85.859,SOFT,3,Vuelta de ataque
2022,Abu Dhabi,Q,GAS,8,85.862,SOFT,3,Vuelta de ataque
2022,Abu Dhabi,Q,BOT,2,86.5,SOFT,3,Vuelta de ataque
2022,Abu Dhabi,Q,BOT,5,85.892,SOFT,3,Vuelta de ataque
2022,Abu Dhabi,Q,ALB,2,86.507,SOFT,3,Vuelta de ataque
2022,Abu Dhabi,Q,ALB,5,86.44,SOFT,3,Vuelta de ataque
2022,Abu Dhabi,Q,ALB,8,86.028,SOFT,3,Vuelta de ataque
2022,Abu Dhabi,Q,LAT,2,86.841,SOFT,0,Ritmo de carrera
2022,Abu Dhabi,Q,LAT,5,86.746,SOFT,3,Vuelta de ataque
2022,Abu Dhabi,Q,LAT,8,86.054,SOFT,3,Vuelta de ataque
2022,Abu Dhabi,R,VER,1,92.198,MEDIUM,0,Ritmo de carrera
2022,Abu Dhabi,R,VER,2,90.541,MEDIUM,1,Lift and Coast
2022,Abu Dhabi,R,VER,3,89.968,MEDIUM,1,Lift and Coast
2022,Abu Dhabi,R,VER,4,90.368,MEDIUM,1,Lift and Coast
2022,Abu Dhabi,R,VER,5,90.502,MEDIUM,1,Lift and Coast
2022,Abu Dhabi,R,VER,6,90.567,MEDIUM,1,Lift and Coast
2022,Abu Dhabi,R,VER,7,90.661,MEDIUM,1,Lift and Coast
2022,Abu Dhabi,R,VER,8,90.691,MEDIUM,1,Lift and Coast
2022,Abu Dhabi,R,VER,9,90.601,MEDIUM,1,Lift and Coast
2022,Abu Dhabi,R,VER,10,90.621,MEDIUM,1,Lift and Coast
2022,Abu Dhabi,R,VER,11,90.798,MEDIUM,1,Lift and Coast
2022,Abu Dhabi,R,VER,12,90.921,MEDIUM,1,Lift and Coast
2022,Abu Dhabi,R,VER,13,90.747,MEDIUM,1,Lift and Coast
2022,Abu Dhabi,R,VER,14,90.966,MEDIUM,1,Lift and Coast
2022,Abu Dhabi,R,VER,15,91.023,MEDIUM,1,Lift and Coast
2022,Abu Dhabi,R,VER,16,91.245,MEDIUM,1,Lift and Coast
2022,Abu Dhabi,R,VER,17,91.592,MEDIUM,1,Lift and Coast
2022,Abu Dhabi,R,VER,18,91.598,MEDIUM,1,Lift and Coast
2022,Abu Dhabi,R,VER,19,91.882,MEDIUM,1,Lift and Coast
2022,Abu Dhabi,R,VER,20,94.033,MEDIUM,1,Lift and Coast
2022,Abu Dhabi,R,VER,22,90.66,HARD,1,Lift and Coast
2022,Abu Dhabi,R,VER,23,90.671,HARD,1,Lift and Coast
2022,Abu Dhabi,R,VER,24,90.955,HARD,1,Lift and Coast
2022,Abu Dhabi,R,VER,25,90.803,HARD,1,Lift and Coast
2022,Abu Dhabi,R,VER,27,90.61,HARD,1,Lift and Coast
2022,Abu Dhabi,R,VER,28,90.443,HARD,1,Lift and Coast
2022,Abu Dhabi,R,VER,29,90.271,HARD,1,Lift and Coast
2022,Abu Dhabi,R,VER,30,89.936,HARD,1,Lift and Coast
2022,Abu Dhabi,R,VER,31,90.063,HARD,1,Lift and Coast
2022,Abu Dhabi,R,VER,32,89.924,HARD,1,Lift and Coast
2022,Abu Dhabi,R,VER,33,89.808,HARD,1,Lift and Coast
2022,Abu Dhabi,R,VER,34,89.891,HARD,1,Lift and Coast
2022,Abu Dhabi,R,VER,35,90.109,HARD,1,Lift and Coast
2022,Abu Dhabi,R,VER,36,89.886,HARD,1,Lift and Coast
2022,Abu Dhabi,R,VER,37,90.116,HARD,1,Lift and Coast
2022,Abu Dhabi,R,VER,38,90.16,HARD,1,Lift and Coast
2022,Abu Dhabi,R,VER,40,90.019,HARD,1,Lift and Coast
2022,Abu Dhabi,R,VER,41,90.048,HARD,1,Lift and Coast
2022,Abu Dhabi,R,VER,42,89.885,HARD,1,Lift and Coast
2022,Abu Dhabi,R,VER,43,89.897,HARD,1,Lift and Coast
2022,Abu Dhabi,R,VER,44,89.883,HARD,1,Lift and Coast
2022,Abu Dhabi,R,VER,45,89.929,HARD,1,Lift and Coast
2022,Abu Dhabi,R,VER,46,89.725,HARD,1,Lift and Coast
2022,Abu Dhabi,R,VER,47,90.019,HARD,1,Lift and Coast
2022,Abu Dhabi,R,VER,48,89.971,HARD,1,Lift and Coast
2022,Abu Dhabi,R,VER,49,89.959,HARD,1,Lift and Coast
2022,Abu Dhabi,R,VER,50,89.803,HARD,1,Lift and Coast
2022,Abu Dhabi,R,VER,51,89.666,HARD,1,Lift and Coast
2022,Abu Dhabi,R,VER,52,90.461,HARD,0,Ritmo de carrera
2022,Abu Dhabi,R,VER,53,90.065,HARD,1,Lift and Coast
2022,Abu Dhabi,R,VER,54,89.392,HARD,1,Lift and Coast
2022,Abu Dhabi,R,VER,55,89.715,HARD,1,Lift and Coast
2022,Abu Dhabi,R,VER,56,89.844,HARD,1,Lift and Coast
2022,Abu Dhabi,R,VER,57,89.891,HARD,1,Lift and Coast
2022,Abu Dhabi,R,VER,58,89.797,HARD,1,Lift and Coast
2022,Abu Dhabi,R,LEC,1,94.192,MEDIUM,2,Tracción Comprometida
2022,Abu Dhabi,R,LEC,2,90.996,MEDIUM,1,Lift and Coast
2022,Abu Dhabi,R,LEC,3,90.418,MEDIUM,0,Ritmo de carrera
2022,Abu Dhabi,R,LEC,4,91.167,MEDIUM,2,Tracción Comprometida
2022,Abu Dhabi,R,LEC,5,91.356,MEDIUM,2,Tracción Comprometida
2022,Abu Dhabi,R,LEC,6,91.087,MEDIUM,2,Tracción Comprometida
2022,Abu Dhabi,R,LEC,7,90.861,MEDIUM,0,Ritmo de carrera
2022,Abu Dhabi,R,LEC,8,90.886,MEDIUM,2,Tracción Comprometida
2022,Abu Dhabi,R,LEC,9,90.783,MEDIUM,2,Tracción Comprometida
2022,Abu Dhabi,R,LEC,10,91.147,MEDIUM,2,Tracción Comprometida
2022,Abu Dhabi,R,LEC,11,91.039,MEDIUM,2,Tracción Comprometida
2022,Abu Dhabi,R,LEC,12,91.252,MEDIUM,2,Tracción Comprometida
2022,Abu Dhabi,R,LEC,13,90.92,MEDIUM,2,Tracción Comprometida
2022,Abu Dhabi,R,LEC,14,91.131,MEDIUM,2,Tracción Comprometida
2022,Abu Dhabi,R,LEC,15,91.731,MEDIUM,2,Tracción Comprometida
2022,Abu Dhabi,R,LEC,16,91.237,MEDIUM,2,Tracción Comprometida
2022,Abu Dhabi,R,LEC,17,91.454,MEDIUM,2,Tracción Comprometida
2022,Abu Dhabi,R,LEC,18,91.443,MEDIUM,2,Tracción Comprometida
2022,Abu Dhabi,R,LEC,19,91.74,MEDIUM,2,Tracción Comprometida
2022,Abu Dhabi,R,LEC,20,91.891,MEDIUM,2,Tracción Comprometida
2022,Abu Dhabi,R,LEC,21,93.538,MEDIUM,2,Tracción Comprometida
2022,Abu Dhabi,R,LEC,23,89.886,HARD,2,Tracción Comprometida
2022,Abu Dhabi,R,LEC,24,90.465,HARD,2,Tracción Comprometida
2022,Abu Dhabi,R,LEC,25,90.488,HARD,1,Lift and Coast
2022,Abu Dhabi,R,LEC,26,90.421,HARD,1,Lift and Coast
2022,Abu Dhabi,R,LEC,27,90.095,HARD,2,Tracción Comprometida
2022,Abu Dhabi,R,LEC,28,89.744,HARD,3,Vuelta de ataque
2022,Abu Dhabi,R,LEC,29,89.98,HARD,2,Tracción Comprometida
2022,Abu Dhabi,R,LEC,30,90.103,HARD,2,Tracción Comprometida
2022,Abu Dhabi,R,LEC,31,89.874,HARD,2,Tracción Comprometida
2022,Abu Dhabi,R,LEC,32,89.795,HARD,2,Tracción Comprometida
2022,Abu Dhabi,R,LEC,33,90.27,HARD,2,Tracción Comprometida
2022,Abu Dhabi,R,LEC,34,90.17,HARD,2,Tracción Comprometida
2022,Abu Dhabi,R,LEC,35,90.017,HARD,2,Tracción Comprometida
2022,Abu Dhabi,R,LEC,36,90.143,HARD,1,Lift and Coast
2022,Abu Dhabi,R,LEC,37,90.23,HARD,2,Tracción Comprometida
2022,Abu Dhabi,R,LEC,38,90.412,HARD,0,Ritmo de carrera
2022,Abu Dhabi,R,LEC,39,91.295,HARD,2,Tracción Comprometida
2022,Abu Dhabi,R,LEC,40,90.312,HARD,2,Tracción Comprometida
2022,Abu Dhabi,R,LEC,41,90.056,HARD,2,Tracción Comprometida
2022,Abu Dhabi,R,LEC,42,90.135,HARD,2,Tracción Comprometida
2022,Abu Dhabi,R,LEC,43,89.813,HARD,2,Tracción Comprometida
2022,Abu Dhabi,R,LEC,44,89.958,HARD,2,Tracción Comprometida
2022,Abu Dhabi,R,LEC,45,89.853,HARD,2,Tracción Comprometida
2022,Abu Dhabi,R,LEC,46,90.159,HARD,2,Tracción Comprometida
2022,Abu Dhabi,R,LEC,47,90.215,HARD,2,Tracción Comprometida
2022,Abu Dhabi,R,LEC,48,89.719,HARD,2,Tracción Comprometida
2022,Abu Dhabi,R,LEC,49,89.875,HARD,2,Tracción Comprometida
2022,Abu Dhabi,R,LEC,50,89.736,HARD,2,Tracción Comprometida
2022,Abu Dhabi,R,LEC,51,89.782,HARD,2,Tracción Comprometida
2022,Abu Dhabi,R,LEC,52,89.727,HARD,2,Tracción Comprometida
2022,Abu Dhabi,R,LEC,53,89.879,HARD,2,Tracción Comprometida
2022,Abu Dhabi,R,LEC,54,90.095,HARD,2,Tracción Comprometida
2022,Abu Dhabi,R,LEC,55,90.151,HARD,2,Tracción Comprometida
2022,Abu Dhabi,R,LEC,56,90.033,HARD,2,Tracción Comprometida
2022,Abu Dhabi,R,LEC,57,89.829,HARD,2,Tracción Comprometida
2022,Abu Dhabi,R,LEC,58,90.5,HARD,2,Tracción Comprometida
2022,Abu Dhabi,R,PER,1,93.251,MEDIUM,1,Lift and Coast
2022,Abu Dhabi,R,PER,2,90.579,MEDIUM,1,Lift and Coast
2022,Abu Dhabi,R,PER,3,90.272,MEDIUM,1,Lift and Coast
2022,Abu Dhabi,R,PER,4,90.879,MEDIUM,1,Lift and Coast
2022,Abu Dhabi,R,PER,5,90.927,MEDIUM,1,Lift and Coast
2022,Abu Dhabi,R,PER,6,90.635,MEDIUM,1,Lift and Coast
2022,Abu Dhabi,R,PER,7,90.612,MEDIUM,1,Lift and Coast
2022,Abu Dhabi,R,PER,8,90.666,MEDIUM,1,Lift and Coast
2022,Abu Dhabi,R,PER,9,90.971,MEDIUM,1,Lift and Coast
2022,Abu Dhabi,R,PER,10,91.071,MEDIUM,1,Lift and Coast
2022,Abu Dhabi,R,PER,11,91.167,MEDIUM,1,Lift and Coast
2022,Abu Dhabi,R,PER,12,91.407,MEDIUM,1,Lift and Coast
2022,Abu Dhabi,R,PER,13,91.494,MEDIUM,1,Lift and Coast
2022,Abu Dhabi,R,PER,14,91.99,MEDIUM,1,Lift and Coast
2022,Abu Dhabi,R,PER,15,94.43,MEDIUM,1,Lift and Coast
2022,Abu Dhabi,R,PER,17,90.226,HARD,1,Lift and Coast
2022,Abu Dhabi,R,PER,18,90.185,HARD,1,Lift and Coast
2022,Abu Dhabi,R,PER,19,89.798,HARD,1,Lift and Coast
2022,Abu Dhabi,R,PER,21,90.673,HARD,1,Lift and Coast
2022,Abu Dhabi,R,PER,22,91.316,HARD,1,Lift and Coast
2022,Abu Dhabi,R,PER,24,90.927,HARD,1,Lift and Coast
2022,Abu Dhabi,R,PER,25,90.833,HARD,1,Lift and Coast
2022,Abu Dhabi,R,PER,26,90.362,HARD,1,Lift and Coast
2022,Abu Dhabi,R,PER,27,90.697,HARD,1,Lift and Coast
2022,Abu Dhabi,R,PER,28,90.538,HARD,1,Lift and Coast
2022,Abu Dhabi,R,PER,29,90.47,HARD,1,Lift and Coast
2022,Abu Dhabi,R,PER,30,90.034,HARD,1,Lift and Coast
2022,Abu Dhabi,R,PER,31,90.142,HARD,1,Lift and Coast
2022,Abu Dhabi,R,PER,32,90.338,HARD,1,Lift and Coast
2022,Abu Dhabi,R,PER,33,92.299,HARD,1,Lift and Coast
2022,Abu Dhabi,R,PER,35,89.212,HARD,1,Lift and Coast
2022,Abu Dhabi,R,PER,36,89.199,HARD,1,Lift and Coast
2022,Abu Dhabi,R,PER,37,89.065,HARD,1,Lift and Coast
2022,Abu Dhabi,R,PER,38,89.153,HARD,1,Lift and Coast
2022,Abu Dhabi,R,PER,39,89.471,HARD,1,Lift and Coast
2022,Abu Dhabi,R,PER,40,89.355,HARD,1,Lift and Coast
2022,Abu Dhabi,R,PER,41,89.192,HARD,1,Lift and Coast
2022,Abu Dhabi,R,PER,42,89.15,HARD,1,Lift and Coast
2022,Abu Dhabi,R,PER,43,89.26,HARD,1,Lift and Coast
2022,Abu Dhabi,R,PER,44,89.522,HARD,1,Lift and Coast
2022,Abu Dhabi,R,PER,45,90.257,HARD,0,Ritmo de carrera
2022,Abu Dhabi,R,PER,46,89.373,HARD,0,Ritmo de carrera
2022,Abu Dhabi,R,PER,47,89.217,HARD,1,Lift and Coast
2022,Abu Dhabi,R,PER,48,89.234,HARD,1,Lift and Coast
2022,Abu Dhabi,R,PER,49,89.089,HARD,0,Ritmo de carrera
2022,Abu Dhabi,R,PER,50,89.253,HARD,0,Ritmo de carrera
2022,Abu Dhabi,R,PER,51,89.159,HARD,1,Lift and Coast
2022,Abu Dhabi,R,PER,52,88.972,HARD,0,Ritmo de carrera
2022,Abu Dhabi,R,PER,53,89.096,HARD,0,Ritmo de carrera
2022,Abu Dhabi,R,PER,54,89.152,HARD,1,Lift and Coast
2022,Abu Dhabi,R,PER,55,89.205,HARD,0,Ritmo de carrera
2022,Abu Dhabi,R,PER,56,89.446,HARD,0,Ritmo de carrera
2022,Abu Dhabi,R,PER,57,89.573,HARD,3,Vuelta de ataque
2022,Abu Dhabi,R,PER,58,89.856,HARD,0,Ritmo de carrera
2022,Abu Dhabi,R,SAI,2,91.332,MEDIUM,2,Tracción Comprometida
2022,Abu Dhabi,R,SAI,3,90.946,MEDIUM,0,Ritmo de carrera
2022,Abu Dhabi,R,SAI,4,90.987,MEDIUM,1,Lift and Coast
2022,Abu Dhabi,R,SAI,5,91.98,MEDIUM,2,Tracción Comprometida
2022,Abu Dhabi,R,SAI,6,91.27,MEDIUM,0,Ritmo de carrera
2022,Abu Dhabi,R,SAI,7,91.408,MEDIUM,2,Tracción Comprometida
2022,Abu Dhabi,R,SAI,8,90.685,MEDIUM,2,Tracción Comprometida
2022,Abu Dhabi,R,SAI,9,90.874,MEDIUM,2,Tracción Comprometida
2022,Abu Dhabi,R,SAI,10,91.075,MEDIUM,1,Lift and Coast
2022,Abu Dhabi,R,SAI,11,91.14,MEDIUM,1,Lift and Coast
2022,Abu Dhabi,R,SAI,12,91.296,MEDIUM,0,Ritmo de carrera
2022,Abu Dhabi,R,SAI,13,91.269,MEDIUM,2,Tracción Comprometida
2022,Abu Dhabi,R,SAI,14,91.515,MEDIUM,1,Lift and Coast
2022,Abu Dhabi,R,SAI,15,91.534,MEDIUM,2,Tracción Comprometida
2022,Abu Dhabi,R,SAI,16,91.426,MEDIUM,1,Lift and Coast
2022,Abu Dhabi,R,SAI,17,94.037,MEDIUM,0,Ritmo de carrera
2022,Abu Dhabi,R,SAI,19,91.373,HARD,2,Tracción Comprometida
2022,Abu Dhabi,R,SAI,20,90.658,HARD,0,Ritmo de carrera
2022,Abu Dhabi,R,SAI,21,90.547,HARD,2,Tracción Comprometida
2022,Abu Dhabi,R,SAI,22,91.006,HARD,0,Ritmo de carrera
2022,Abu Dhabi,R,SAI,23,90.543,HARD,1,Lift and Coast
2022,Abu Dhabi,R,SAI,24,90.528,HARD,0,Ritmo de carrera
2022,Abu Dhabi,R,SAI,25,90.47,HARD,0,Ritmo de carrera
2022,Abu Dhabi,R,SAI,26,90.379,HARD,2,Tracción Comprometida
2022,Abu Dhabi,R,SAI,27,90.682,HARD,2,Tracción Comprometida
2022,Abu Dhabi,R,SAI,28,90.179,HARD,0,Ritmo de carrera
2022,Abu Dhabi,R,SAI,29,90.294,HARD,2,Tracción Comprometida
2022,Abu Dhabi,R,SAI,30,90.479,HARD,2,Tracción Comprometida
2022,Abu Dhabi,R,SAI,31,90.842,HARD,2,Tracción Comprometida
2022,Abu Dhabi,R,SAI,32,90.297,HARD,2,Tracción Comprometida
2022,Abu Dhabi,R,SAI,33,90.491,HARD,2,Tracción Comprometida
2022,Abu Dhabi,R,SAI,34,90.318,HARD,2,Tracción Comprometida
2022,Abu Dhabi,R,SAI,35,90.169,HARD,2,Tracción Comprometida
2022,Abu Dhabi,R,SAI,36,90.268,HARD,0,Ritmo de carrera
2022,Abu Dhabi,R,SAI,37,90.469,HARD,0,Ritmo de carrera
2022,Abu Dhabi,R,SAI,38,90.333,HARD,2,Tracción Comprometida
2022,Abu Dhabi,R,SAI,39,92.309,HARD,0,Ritmo de carrera
2022,Abu Dhabi,R,SAI,41,89.537,HARD,1,Lift and Coast
2022,Abu Dhabi,R,SAI,42,89.318,HARD,3,Vuelta de ataque
2022,Abu Dhabi,R,SAI,43,89.247,HARD,2,Tracción Comprometida
2022,Abu Dhabi,R,SAI,44,89.098,HARD,2,Tracción Comprometida
2022,Abu Dhabi,R,SAI,45,88.978,HARD,2,Tracción Comprometida
2022,Abu Dhabi,R,SAI,46,89.133,HARD,3,Vuelta de ataque
2022,Abu Dhabi,R,SAI,47,89.252,HARD,3,Vuelta de ataque
2022,Abu Dhabi,R,SAI,48,89.102,HARD,3,Vuelta de ataque
2022,Abu Dhabi,R,SAI,49,89.518,HARD,3,Vuelta de ataque
2022,Abu Dhabi,R,SAI,50,88.879,HARD,2,Tracción Comprometida
2022,Abu Dhabi,R,SAI,51,89.274,HARD,2,Tracción Comprometida
2022,Abu Dhabi,R,SAI,52,89.291,HARD,3,Vuelta de ataque
2022,Abu Dhabi,R,SAI,53,89.368,HARD,0,Ritmo de carrera
2022,Abu Dhabi,R,SAI,54,89.919,HARD,2,Tracción Comprometida
2022,Abu Dhabi,R,SAI,55,90.048,HARD,0,Ritmo de carrera
2022,Abu Dhabi,R,SAI,56,89.595,HARD,0,Ritmo de carrera
2022,Abu Dhabi,R,SAI,57,89.98,HARD,2,Tracción Comprometida
2022,Abu Dhabi,R,SAI,58,89.906,HARD,2,Tracción Comprometida
2022,Abu Dhabi,R,RUS,2,91.786,MEDIUM,1,Lift and Coast
2022,Abu Dhabi,R,RUS,5,90.631,MEDIUM,1,Lift and Coast
2022,Abu Dhabi,R,RUS,6,91.229,MEDIUM,1,Lift and Coast
2022,Abu Dhabi,R,RUS,7,91.524,MEDIUM,1,Lift and Coast
2022,Abu Dhabi,R,RUS,9,90.768,MEDIUM,0,Ritmo de carrera
2022,Abu Dhabi,R,RUS,10,91.421,MEDIUM,1,Lift and Coast
2022,Abu Dhabi,R,RUS,11,91.371,MEDIUM,1,Lift and Coast
2022,Abu Dhabi,R,RUS,12,91.719,MEDIUM,1,Lift and Coast
2022,Abu Dhabi,R,RUS,13,91.531,MEDIUM,1,Lift and Coast
2022,Abu Dhabi,R,RUS,14,92.115,MEDIUM,1,Lift and Coast
2022,Abu Dhabi,R,RUS,15,93.785,MEDIUM,0,Ritmo de carrera
2022,Abu Dhabi,R,RUS,17,89.864,HARD,3,Vuelta de ataque
2022,Abu Dhabi,R,RUS,18,90.575,HARD,0,Ritmo de carrera
2022,Abu Dhabi,R,RUS,19,90.853,HARD,1,Lift and Coast
2022,Abu Dhabi,R,RUS,20,91.393,HARD,1,Lift and Coast
2022,Abu Dhabi,R,RUS,21,90.937,HARD,0,Ritmo de carrera
2022,Abu Dhabi,R,RUS,22,90.553,HARD,1,Lift and Coast
2022,Abu Dhabi,R,RUS,23,90.663,HARD,1,Lift and Coast
2022,Abu Dhabi,R,RUS,24,90.765,HARD,1,Lift and Coast
2022,Abu Dhabi,R,RUS,25,90.665,HARD,1,Lift and Coast
2022,Abu Dhabi,R,RUS,26,90.4,HARD,1,Lift and Coast
2022,Abu Dhabi,R,RUS,27,90.195,HARD,3,Vuelta de ataque
2022,Abu Dhabi,R,RUS,28,90.502,HARD,1,Lift and Coast
2022,Abu Dhabi,R,RUS,29,90.471,HARD,1,Lift and Coast
2022,Abu Dhabi,R,RUS,30,90.386,HARD,1,Lift and Coast
2022,Abu Dhabi,R,RUS,31,90.522,HARD,1,Lift and Coast
2022,Abu Dhabi,R,RUS,32,90.364,HARD,1,Lift and Coast
2022,Abu Dhabi,R,RUS,33,90.184,HARD,1,Lift and Coast
2022,Abu Dhabi,R,RUS,34,90.388,HARD,1,Lift and Coast
2022,Abu Dhabi,R,RUS,35,90.499,HARD,1,Lift and Coast
2022,Abu Dhabi,R,RUS,36,90.368,HARD,1,Lift and Coast
2022,Abu Dhabi,R,RUS,37,90.425,HARD,1,Lift and Coast
2022,Abu Dhabi,R,RUS,38,90.395,HARD,1,Lift and Coast
2022,Abu Dhabi,R,RUS,39,92.517,HARD,1,Lift and Coast
2022,Abu Dhabi,R,RUS,41,89.042,MEDIUM,3,Vuelta de ataque
2022,Abu Dhabi,R,RUS,42,89.069,MEDIUM,3,Vuelta de ataque
2022,Abu Dhabi,R,RUS,43,88.895,MEDIUM,1,Lift and Coast
2022,Abu Dhabi,R,RUS,44,88.842,MEDIUM,1,Lift and Coast
2022,Abu Dhabi,R,RUS,45,88.847,MEDIUM,1,Lift and Coast
2022,Abu Dhabi,R,RUS,46,88.919,MEDIUM,3,Vuelta de ataque
2022,Abu Dhabi,R,RUS,47,88.872,MEDIUM,1,Lift and Coast
2022,Abu Dhabi,R,RUS,48,88.836,MEDIUM,1,Lift and Coast
2022,Abu Dhabi,R,RUS,49,88.998,MEDIUM,3,Vuelta de ataque
2022,Abu Dhabi,R,RUS,50,89.004,MEDIUM,3,Vuelta de ataque
2022,Abu Dhabi,R,RUS,51,89.038,MEDIUM,1,Lift and Coast
2022,Abu Dhabi,R,RUS,52,88.981,MEDIUM,3,Vuelta de ataque
2022,Abu Dhabi,R,RUS,53,89.401,MEDIUM,3,Vuelta de ataque
2022,Abu Dhabi,R,RUS,54,89.828,MEDIUM,3,Vuelta de ataque
2022,Abu Dhabi,R,RUS,55,91.157,MEDIUM,1,Lift and Coast
2022,Abu Dhabi,R,RUS,56,91.217,MEDIUM,1,Lift and Coast
2022,Abu Dhabi,R,RUS,57,91.165,MEDIUM,1,Lift and Coast
2022,Abu Dhabi,R,RUS,58,91.553,MEDIUM,0,Ritmo de carrera
2022,Abu Dhabi,R,NOR,2,91.693,MEDIUM,0,Ritmo de carrera
2022,Abu Dhabi,R,NOR,3,91.188,MEDIUM,0,Ritmo de carrera
2022,Abu Dhabi,R,NOR,4,91.266,MEDIUM,1,Lift and Coast
2022,Abu Dhabi,R,NOR,5,92.208,MEDIUM,0,Ritmo de carrera
2022,Abu Dhabi,R,NOR,6,91.932,MEDIUM,1,Lift and Coast
2022,Abu Dhabi,R,NOR,7,91.643,MEDIUM,1,Lift and Coast
2022,Abu Dhabi,R,NOR,8,91.912,MEDIUM,0,Ritmo de carrera
2022,Abu Dhabi,R,NOR,9,92.178,MEDIUM,1,Lift and Coast
2022,Abu Dhabi,R,NOR,10,92.041,MEDIUM,1,Lift and Coast
2022,Abu Dhabi,R,NOR,11,92.319,MEDIUM,0,Ritmo de carrera
2022,Abu Dhabi,R,NOR,12,92.398,MEDIUM,0,Ritmo de carrera
2022,Abu Dhabi,R,NOR,13,92.514,MEDIUM,0,Ritmo de carrera
2022,Abu Dhabi,R,NOR,14,92.64,MEDIUM,0,Ritmo de carrera
2022,Abu Dhabi,R,NOR,15,94.516,MEDIUM,0,Ritmo de carrera
2022,Abu Dhabi,R,NOR,17,90.832,HARD,0,Ritmo de carrera
2022,Abu Dhabi,R,NOR,18,90.532,HARD,0,Ritmo de carrera
2022,Abu Dhabi,R,NOR,19,90.95,HARD,0,Ritmo de carrera
2022,Abu Dhabi,R,NOR,20,90.889,HARD,1,Lift and Coast
2022,Abu Dhabi,R,NOR,21,90.741,HARD,0,Ritmo de carrera
2022,Abu Dhabi,R,NOR,22,90.809,HARD,0,Ritmo de carrera
2022,Abu Dhabi,R,NOR,23,90.925,HARD,0,Ritmo de carrera
2022,Abu Dhabi,R,NOR,24,90.733,HARD,0,Ritmo de carrera
2022,Abu Dhabi,R,NOR,25,90.92,HARD,0,Ritmo de carrera
2022,Abu Dhabi,R,NOR,26,91.115,HARD,0,Ritmo de carrera
2022,Abu Dhabi,R,NOR,27,90.93,HARD,0,Ritmo de carrera
2022,Abu Dhabi,R,NOR,28,91.065,HARD,0,Ritmo de carrera
2022,Abu Dhabi,R,NOR,29,91.228,HARD,0,Ritmo de carrera
2022,Abu Dhabi,R,NOR,30,91.109,HARD,0,Ritmo de carrera
2022,Abu Dhabi,R,NOR,31,91.216,HARD,0,Ritmo de carrera
2022,Abu Dhabi,R,NOR,32,91.144,HARD,0,Ritmo de carrera
2022,Abu Dhabi,R,NOR,33,91.046,HARD,1,Lift and Coast
2022,Abu Dhabi,R,NOR,34,91.088,HARD,0,Ritmo de carrera
2022,Abu Dhabi,R,NOR,35,90.871,HARD,0,Ritmo de carrera
2022,Abu Dhabi,R,NOR,36,91.309,HARD,0,Ritmo de carrera
2022,Abu Dhabi,R,NOR,37,90.821,HARD,0,Ritmo de carrera
2022,Abu Dhabi,R,NOR,38,91.146,HARD,1,Lift and Coast
2022,Abu Dhabi,R,NOR,39,91.223,HARD,0,Ritmo de carrera
2022,Abu Dhabi,R,NOR,40,91.502,HARD,0,Ritmo de carrera
2022,Abu Dhabi,R,NOR,41,91.066,HARD,0,Ritmo de carrera
2022,Abu Dhabi,R,NOR,42,93.097,HARD,0,Ritmo de carrera
2022,Abu Dhabi,R,NOR,44,88.391,MEDIUM,0,Ritmo de carrera
2022,Abu Dhabi,R,NOR,45,88.688,MEDIUM,3,Vuelta de ataque
2022,Abu Dhabi,R,NOR,46,88.791,MEDIUM,3,Vuelta de ataque
2022,Abu Dhabi,R,NOR,47,88.478,MEDIUM,3,Vuelta de ataque
2022,Abu Dhabi,R,NOR,48,89.221,MEDIUM,3,Vuelta de ataque
2022,Abu Dhabi,R,NOR,49,88.956,MEDIUM,3,Vuelta de ataque
2022,Abu Dhabi,R,NOR,50,89.495,MEDIUM,3,Vuelta de ataque
2022,Abu Dhabi,R,NOR,51,89.496,MEDIUM,0,Ritmo de carrera
2022,Abu Dhabi,R,NOR,52,89.785,MEDIUM,0,Ritmo de carrera
2022,Abu Dhabi,R,NOR,53,90.164,MEDIUM,3,Vuelta de ataque
2022,Abu Dhabi,R,NOR,54,90.631,MEDIUM,1,Lift and Coast
2022,Abu Dhabi,R,NOR,55,90.825,MEDIUM,3,Vuelta de ataque
2022,Abu Dhabi,R,NOR,56,90.931,MEDIUM,0,Ritmo de carrera
2022,Abu Dhabi,R,NOR,57,90.884,MEDIUM,3,Vuelta de ataque
2022,Abu Dhabi,R,NOR,58,91.136,MEDIUM,0,Ritmo de carrera
2022,Abu Dhabi,R,OCO,2,92.136,MEDIUM,2,Tracción Comprometida
2022,Abu Dhabi,R,OCO,3,91.385,MEDIUM,2,Tracción Comprometida
2022,Abu Dhabi,R,OCO,4,91.427,MEDIUM,0,Ritmo de carrera
2022,Abu Dhabi,R,OCO,5,91.722,MEDIUM,2,Tracción Comprometida
2022,Abu Dhabi,R,OCO,6,91.982,MEDIUM,3,Vuelta de ataque
2022,Abu Dhabi,R,OCO,7,91.762,MEDIUM,0,Ritmo de carrera
2022,Abu Dhabi,R,OCO,8,92.711,MEDIUM,1,Lift and Coast
2022,Abu Dhabi,R,OCO,9,92.592,MEDIUM,3,Vuelta de ataque
2022,Abu Dhabi,R,OCO,10,92.577,MEDIUM,3,Vuelta de ataque
2022,Abu Dhabi,R,OCO,11,92.393,MEDIUM,2,Tracción Comprometida
2022,Abu Dhabi,R,OCO,12,92.745,MEDIUM,1,Lift and Coast
2022,Abu Dhabi,R,OCO,13,92.751,MEDIUM,1,Lift and Coast
2022,Abu Dhabi,R,OCO,16,91.46,HARD,3,Vuelta de ataque
2022,Abu Dhabi,R,OCO,17,91.134,HARD,3,Vuelta de ataque
2022,Abu Dhabi,R,OCO,18,91.516,HARD,2,Tracción Comprometida
2022,Abu Dhabi,R,OCO,19,90.835,HARD,0,Ritmo de carrera
2022,Abu Dhabi,R,OCO,20,91.355,HARD,2,Tracción Comprometida
2022,Abu Dhabi,R,OCO,21,91.117,HARD,2,Tracción Comprometida
2022,Abu Dhabi,R,OCO,22,90.999,HARD,1,Lift and Coast
2022,Abu Dhabi,R,OCO,23,90.933,HARD,3,Vuelta de ataque
2022,Abu Dhabi,R,OCO,24,91.19,HARD,1,Lift and Coast
2022,Abu Dhabi,R,OCO,25,91.254,HARD,1,Lift and Coast
2022,Abu Dhabi,R,OCO,26,91.094,HARD,1,Lift and Coast
2022,Abu Dhabi,R,OCO,27,91.097,HARD,2,Tracción Comprometida
2022,Abu Dhabi,R,OCO,28,91.091,HARD,3,Vuelta de ataque
2022,Abu Dhabi,R,OCO,29,91.029,HARD,2,Tracción Comprometida
2022,Abu Dhabi,R,OCO,30,91.091,HARD,3,Vuelta de ataque
2022,Abu Dhabi,R,OCO,31,91.159,HARD,1,Lift and Coast
2022,Abu Dhabi,R,OCO,32,91.079,HARD,1,Lift and Coast
2022,Abu Dhabi,R,OCO,33,91.043,HARD,1,Lift and Coast
2022,Abu Dhabi,R,OCO,34,91.107,HARD,1,Lift and Coast
2022,Abu Dhabi,R,OCO,35,91.033,HARD,3,Vuelta de ataque
2022,Abu Dhabi,R,OCO,36,91.118,HARD,1,Lift and Coast
2022,Abu Dhabi,R,OCO,37,90.783,HARD,2,Tracción Comprometida
2022,Abu Dhabi,R,OCO,38,90.788,HARD,1,Lift and Coast
2022,Abu Dhabi,R,OCO,39,90.992,HARD,1,Lift and Coast
2022,Abu Dhabi,R,OCO,40,91.001,HARD,1,Lift and Coast
2022,Abu Dhabi,R,OCO,41,93.031,HARD,2,Tracción Comprometida
2022,Abu Dhabi,R,OCO,43,89.369,HARD,2,Tracción Comprometida
2022,Abu Dhabi,R,OCO,44,89.379,HARD,3,Vuelta de ataque
2022,Abu Dhabi,R,OCO,45,89.333,HARD,3,Vuelta de ataque
2022,Abu Dhabi,R,OCO,46,89.421,HARD,1,Lift and Coast
2022,Abu Dhabi,R,OCO,47,89.389,HARD,3,Vuelta de ataque
2022,Abu Dhabi,R,OCO,48,89.707,HARD,3,Vuelta de ataque
2022,Abu Dhabi,R,OCO,49,89.641,HARD,3,Vuelta de ataque
2022,Abu Dhabi,R,OCO,50,89.848,HARD,3,Vuelta de ataque
2022,Abu Dhabi,R,OCO,51,89.502,HARD,3,Vuelta de ataque
2022,Abu Dhabi,R,OCO,52,89.611,HARD,3,Vuelta de ataque
2022,Abu Dhabi,R,OCO,53,89.506,HARD,3,Vuelta de ataque
2022,Abu Dhabi,R,OCO,54,89.434,HARD,3,Vuelta de ataque
2022,Abu Dhabi,R,OCO,55,89.491,HARD,1,Lift and Coast
2022,Abu Dhabi,R,OCO,56,89.725,HARD,3,Vuelta de ataque
2022,Abu Dhabi,R,OCO,57,89.574,HARD,1,Lift and Coast
2022,Abu Dhabi,R,OCO,58,90.021,HARD,2,Tracción Comprometida
2022,Abu Dhabi,R,STR,2,92.649,MEDIUM,2,Tracción Comprometida
2022,Abu Dhabi,R,STR,3,91.74,MEDIUM,2,Tracción Comprometida
2022,Abu Dhabi,R,STR,4,91.827,MEDIUM,0,Ritmo de carrera
2022,Abu Dhabi,R,STR,5,91.986,MEDIUM,2,Tracción Comprometida
2022,Abu Dhabi,R,STR,6,91.935,MEDIUM,0,Ritmo de carrera
2022,Abu Dhabi,R,STR,7,91.887,MEDIUM,0,Ritmo de carrera
2022,Abu Dhabi,R,STR,8,92.314,MEDIUM,0,Ritmo de carrera
2022,Abu Dhabi,R,STR,9,92.531,MEDIUM,0,Ritmo de carrera
2022,Abu Dhabi,R,STR,10,92.588,MEDIUM,2,Tracción Comprometida
2022,Abu Dhabi,R,STR,11,92.67,MEDIUM,1,Lift and Coast
2022,Abu Dhabi,R,STR,12,92.846,MEDIUM,1,Lift and Coast
2022,Abu Dhabi,R,STR,15,91.85,HARD,2,Tracción Comprometida
2022,Abu Dhabi,R,STR,16,91.086,HARD,3,Vuelta de ataque
2022,Abu Dhabi,R,STR,17,91.052,HARD,1,Lift and Coast
2022,Abu Dhabi,R,STR,18,91.374,HARD,0,Ritmo de carrera
2022,Abu Dhabi,R,STR,19,91.578,HARD,0,Ritmo de carrera
2022,Abu Dhabi,R,STR,20,92.167,HARD,0,Ritmo de carrera
2022,Abu Dhabi,R,STR,21,91.632,HARD,0,Ritmo de carrera
2022,Abu Dhabi,R,STR,22,91.396,HARD,1,Lift and Coast
2022,Abu Dhabi,R,STR,23,91.626,HARD,1,Lift and Coast
2022,Abu Dhabi,R,STR,24,90.772,HARD,1,Lift and Coast
2022,Abu Dhabi,R,STR,25,90.974,HARD,3,Vuelta de ataque
2022,Abu Dhabi,R,STR,26,90.78,HARD,3,Vuelta de ataque
2022,Abu Dhabi,R,STR,27,90.941,HARD,1,Lift and Coast
2022,Abu Dhabi,R,STR,28,91.155,HARD,3,Vuelta de ataque
2022,Abu Dhabi,R,STR,29,91.267,HARD,3,Vuelta de ataque
2022,Abu Dhabi,R,STR,30,91.179,HARD,3,Vuelta de ataque
2022,Abu Dhabi,R,STR,31,91.167,HARD,1,Lift and Coast
2022,Abu Dhabi,R,STR,32,90.978,HARD,3,Vuelta de ataque
2022,Abu Dhabi,R,STR,33,90.884,HARD,1,Lift and Coast
2022,Abu Dhabi,R,STR,34,90.886,HARD,3,Vuelta de ataque
2022,Abu Dhabi,R,STR,35,91.069,HARD,3,Vuelta de ataque
2022,Abu Dhabi,R,STR,36,91.033,HARD,3,Vuelta de ataque
2022,Abu Dhabi,R,STR,37,90.98,HARD,3,Vuelta de ataque
2022,Abu Dhabi,R,STR,38,91.31,HARD,3,Vuelta de ataque
2022,Abu Dhabi,R,STR,39,91.033,HARD,3,Vuelta de ataque
2022,Abu Dhabi,R,STR,40,93.566,HARD,0,Ritmo de carrera
2022,Abu Dhabi,R,STR,42,89.62,MEDIUM,3,Vuelta de ataque
2022,Abu Dhabi,R,STR,43,92.867,MEDIUM,0,Ritmo de carrera
2022,Abu Dhabi,R,STR,44,90.88,MEDIUM,0,Ritmo de carrera
2022,Abu Dhabi,R,STR,45,89.857,MEDIUM,3,Vuelta de ataque
2022,Abu Dhabi,R,STR,46,89.877,MEDIUM,3,Vuelta de ataque
2022,Abu Dhabi,R,STR,47,90.08,MEDIUM,2,Tracción Comprometida
2022,Abu Dhabi,R,STR,48,89.692,MEDIUM,0,Ritmo de carrera
2022,Abu Dhabi,R,STR,49,91.56,MEDIUM,0,Ritmo de carrera
2022,Abu Dhabi,R,STR,50,90.041,MEDIUM,0,Ritmo de carrera
2022,Abu Dhabi,R,STR,51,89.942,MEDIUM,3,Vuelta de ataque
2022,Abu Dhabi,R,STR,52,90.431,MEDIUM,3,Vuelta de ataque
2022,Abu Dhabi,R,STR,53,89.805,MEDIUM,1,Lift and Coast
2022,Abu Dhabi,R,STR,54,90.179,MEDIUM,3,Vuelta de ataque
2022,Abu Dhabi,R,STR,55,90.363,MEDIUM,1,Lift and Coast
2022,Abu Dhabi,R,STR,56,90.508,MEDIUM,3,Vuelta de ataque
2022,Abu Dhabi,R,STR,57,91.844,MEDIUM,0,Ritmo de carrera
2022,Abu Dhabi,R,STR,58,91.33,MEDIUM,1,Lift and Coast
2022,Abu Dhabi,R,RIC,2,92.513,MEDIUM,0,Ritmo de carrera
2022,Abu Dhabi,R,RIC,3,91.815,MEDIUM,1,Lift and Coast
2022,Abu Dhabi,R,RIC,4,92.413,MEDIUM,1,Lift and Coast
2022,Abu Dhabi,R,RIC,5,92.265,MEDIUM,1,Lift and Coast
2022,Abu Dhabi,R,RIC,6,91.862,MEDIUM,1,Lift and Coast
2022,Abu Dhabi,R,RIC,7,92.055,MEDIUM,1,Lift and Coast
2022,Abu Dhabi,R,RIC,8,92.305,MEDIUM,1,Lift and Coast
2022,Abu Dhabi,R,RIC,9,92.367,MEDIUM,1,Lift and Coast
2022,Abu Dhabi,R,RIC,10,92.436,MEDIUM,1,Lift and Coast
2022,Abu Dhabi,R,RIC,11,92.564,MEDIUM,0,Ritmo de carrera
2022,Abu Dhabi,R,RIC,12,92.768,MEDIUM,1,Lift and Coast
2022,Abu Dhabi,R,RIC,13,92.924,MEDIUM,1,Lift and Coast
2022,Abu Dhabi,R,RIC,14,92.752,MEDIUM,1,Lift and Coast
2022,Abu Dhabi,R,RIC,15,92.721,MEDIUM,1,Lift and Coast
2022,Abu Dhabi,R,RIC,16,92.984,MEDIUM,0,Ritmo de carrera
2022,Abu Dhabi,R,RIC,17,93.191,MEDIUM,1,Lift and Coast
2022,Abu Dhabi,R,RIC,18,93.54,MEDIUM,0,Ritmo de carrera
2022,Abu Dhabi,R,RIC,21,91.13,HARD,1,Lift and Coast
2022,Abu Dhabi,R,RIC,22,91.105,HARD,1,Lift and Coast
2022,Abu Dhabi,R,RIC,23,91.013,HARD,1,Lift and Coast
2022,Abu Dhabi,R,RIC,24,92.467,HARD,1,Lift and Coast
2022,Abu Dhabi,R,RIC,25,91.704,HARD,1,Lift and Coast
2022,Abu Dhabi,R,RIC,26,91.396,HARD,1,Lift and Coast
2022,Abu Dhabi,R,RIC,27,90.963,HARD,1,Lift and Coast
2022,Abu Dhabi,R,RIC,28,91.321,HARD,1,Lift and Coast
2022,Abu Dhabi,R,RIC,29,91.228,HARD,1,Lift and Coast
2022,Abu Dhabi,R,RIC,30,90.852,HARD,0,Ritmo de carrera
2022,Abu Dhabi,R,RIC,31,91.511,HARD,0,Ritmo de carrera
2022,Abu Dhabi,R,RIC,32,91.154,HARD,1,Lift and Coast
2022,Abu Dhabi,R,RIC,33,91.156,HARD,0,Ritmo de carrera
2022,Abu Dhabi,R,RIC,34,91.152,HARD,0,Ritmo de carrera
2022,Abu Dhabi,R,RIC,35,91.643,HARD,0,Ritmo de carrera
2022,Abu Dhabi,R,RIC,36,91.621,HARD,1,Lift and Coast
2022,Abu Dhabi,R,RIC,37,91.076,HARD,0,Ritmo de carrera
2022,Abu Dhabi,R,RIC,38,91.323,HARD,1,Lift and Coast
2022,Abu Dhabi,R,RIC,39,91.096,HARD,1,Lift and Coast
2022,Abu Dhabi,R,RIC,40,91.18,HARD,1,Lift and Coast
2022,Abu Dhabi,R,RIC,41,91.292,HARD,1,Lift and Coast
2022,Abu Dhabi,R,RIC,42,90.993,HARD,1,Lift and Coast
2022,Abu Dhabi,R,RIC,43,91.777,HARD,1,Lift and Coast
2022,Abu Dhabi,R,RIC,44,90.955,HARD,0,Ritmo de carrera
2022,Abu Dhabi,R,RIC,45,90.785,HARD,1,Lift and Coast
2022,Abu Dhabi,R,RIC,46,90.943,HARD,1,Lift and Coast
2022,Abu Dhabi,R,RIC,47,90.935,HARD,1,Lift and Coast
2022,Abu Dhabi,R,RIC,48,91.089,HARD,1,Lift and Coast
2022,Abu Dhabi,R,RIC,49,92.059,HARD,0,Ritmo de carrera
2022,Abu Dhabi,R,RIC,50,92.284,HARD,1,Lift and Coast
2022,Abu Dhabi,R,RIC,51,91.249,HARD,0,Ritmo de carrera
2022,Abu Dhabi,R,RIC,52,91.099,HARD,0,Ritmo de carrera
2022,Abu Dhabi,R,RIC,53,90.99,HARD,1,Lift and Coast
2022,Abu Dhabi,R,RIC,54,91.087,HARD,1,Lift and Coast
2022,Abu Dhabi,R,RIC,55,91.218,HARD,1,Lift and Coast
2022,Abu Dhabi,R,RIC,56,91.278,HARD,1,Lift and Coast
2022,Abu Dhabi,R,RIC,57,91.114,HARD,1,Lift and Coast
2022,Abu Dhabi,R,RIC,58,90.856,HARD,0,Ritmo de carrera
2022,Abu Dhabi,R,VET,2,92.324,MEDIUM,2,Tracción Comprometida
2022,Abu Dhabi,R,VET,5,91.786,MEDIUM,2,Tracción Comprometida
2022,Abu Dhabi,R,VET,6,91.965,MEDIUM,2,Tracción Comprometida
2022,Abu Dhabi,R,VET,7,91.688,MEDIUM,2,Tracción Comprometida
2022,Abu Dhabi,R,VET,8,92.654,MEDIUM,2,Tracción Comprometida
2022,Abu Dhabi,R,VET,9,92.681,MEDIUM,2,Tracción Comprometida
2022,Abu Dhabi,R,VET,10,92.511,MEDIUM,2,Tracción Comprometida
2022,Abu Dhabi,R,VET,11,92.485,MEDIUM,2,Tracción Comprometida
2022,Abu Dhabi,R,VET,13,92.744,MEDIUM,2,Tracción Comprometida
2022,Abu Dhabi,R,VET,14,92.675,MEDIUM,2,Tracción Comprometida
2022,Abu Dhabi,R,VET,15,92.279,MEDIUM,2,Tracción Comprometida
2022,Abu Dhabi,R,VET,16,93.198,MEDIUM,2,Tracción Comprometida
2022,Abu Dhabi,R,VET,17,92.983,MEDIUM,2,Tracción Comprometida
2022,Abu Dhabi,R,VET,18,92.365,MEDIUM,0,Ritmo de carrera
2022,Abu Dhabi,R,VET,19,92.689,MEDIUM,2,Tracción Comprometida
2022,Abu Dhabi,R,VET,20,93.14,MEDIUM,2,Tracción Comprometida
2022,Abu Dhabi,R,VET,21,93.542,MEDIUM,2,Tracción Comprometida
2022,Abu Dhabi,R,VET,22,93.03,MEDIUM,2,Tracción Comprometida
2022,Abu Dhabi,R,VET,23,93.281,MEDIUM,2,Tracción Comprometida
2022,Abu Dhabi,R,VET,24,93.494,MEDIUM,2,Tracción Comprometida
2022,Abu Dhabi,R,VET,27,90.884,HARD,2,Tracción Comprometida
2022,Abu Dhabi,R,VET,28,90.735,HARD,2,Tracción Comprometida
2022,Abu Dhabi,R,VET,29,92.02,HARD,2,Tracción Comprometida
2022,Abu Dhabi,R,VET,30,91.568,HARD,2,Tracción Comprometida
2022,Abu Dhabi,R,VET,31,91.034,HARD,0,Ritmo de carrera
2022,Abu Dhabi,R,VET,32,91.363,HARD,2,Tracción Comprometida
2022,Abu Dhabi,R,VET,33,91.428,HARD,0,Ritmo de carrera
2022,Abu Dhabi,R,VET,34,91.096,HARD,2,Tracción Comprometida
2022,Abu Dhabi,R,VET,35,90.312,HARD,0,Ritmo de carrera
2022,Abu Dhabi,R,VET,36,90.786,HARD,2,Tracción Comprometida
2022,Abu Dhabi,R,VET,37,90.622,HARD,2,Tracción Comprometida
2022,Abu Dhabi,R,VET,38,90.772,HARD,2,Tracción Comprometida
2022,Abu Dhabi,R,VET,39,91.224,HARD,2,Tracción Comprometida
2022,Abu Dhabi,R,VET,40,90.748,HARD,2,Tracción Comprometida
2022,Abu Dhabi,R,VET,41,91.214,HARD,2,Tracción Comprometida
2022,Abu Dhabi,R,VET,43,90.69,HARD,2,Tracción Comprometida
2022,Abu Dhabi,R,VET,44,90.733,HARD,2,Tracción Comprometida
2022,Abu Dhabi,R,VET,45,90.614,HARD,0,Ritmo de carrera
2022,Abu Dhabi,R,VET,46,90.788,HARD,2,Tracción Comprometida
2022,Abu Dhabi,R,VET,47,90.634,HARD,2,Tracción Comprometida
2022,Abu Dhabi,R,VET,48,91.639,HARD,2,Tracción Comprometida
2022,Abu Dhabi,R,VET,49,91.374,HARD,2,Tracción Comprometida
2022,Abu Dhabi,R,VET,50,91.437,HARD,2,Tracción Comprometida
2022,Abu Dhabi,R,VET,51,91.383,HARD,2,Tracción Comprometida
2022,Abu Dhabi,R,VET,52,91.116,HARD,2,Tracción Comprometida
2022,Abu Dhabi,R,VET,53,91.056,HARD,2,Tracción Comprometida
2022,Abu Dhabi,R,VET,54,90.931,HARD,2,Tracción Comprometida
2022,Abu Dhabi,R,VET,55,91.304,HARD,2,Tracción Comprometida
2022,Abu Dhabi,R,VET,56,91.485,HARD,2,Tracción Comprometida
2022,Abu Dhabi,R,VET,57,91.227,HARD,2,Tracción Comprometida
2022,Abu Dhabi,R,TSU,2,92.551,MEDIUM,0,Ritmo de carrera
2022,Abu Dhabi,R,TSU,3,91.604,MEDIUM,1,Lift and Coast
2022,Abu Dhabi,R,TSU,4,91.789,MEDIUM,1,Lift and Coast
2022,Abu Dhabi,R,TSU,5,91.832,MEDIUM,1,Lift and Coast
2022,Abu Dhabi,R,TSU,6,92.038,MEDIUM,1,Lift and Coast
2022,Abu Dhabi,R,TSU,7,91.997,MEDIUM,1,Lift and Coast
2022,Abu Dhabi,R,TSU,8,92.252,MEDIUM,0,Ritmo de carrera
2022,Abu Dhabi,R,TSU,9,92.62,MEDIUM,1,Lift and Coast
2022,Abu Dhabi,R,TSU,10,92.5,MEDIUM,1,Lift and Coast
2022,Abu Dhabi,R,TSU,11,92.647,MEDIUM,1,Lift and Coast
2022,Abu Dhabi,R,TSU,12,92.63,MEDIUM,1,Lift and Coast
2022,Abu Dhabi,R,TSU,13,92.96,MEDIUM,1,Lift and Coast
2022,Abu Dhabi,R,TSU,16,91.266,HARD,1,Lift and Coast
2022,Abu Dhabi,R,TSU,17,91.362,HARD,1,Lift and Coast
2022,Abu Dhabi,R,TSU,18,91.483,HARD,0,Ritmo de carrera
2022,Abu Dhabi,R,TSU,19,91.66,HARD,1,Lift and Coast
2022,Abu Dhabi,R,TSU,20,91.916,HARD,1,Lift and Coast
2022,Abu Dhabi,R,TSU,21,92.326,HARD,1,Lift and Coast
2022,Abu Dhabi,R,TSU,22,92.169,HARD,1,Lift and Coast
2022,Abu Dhabi,R,TSU,23,91.671,HARD,3,Vuelta de ataque
2022,Abu Dhabi,R,TSU,24,92.387,HARD,1,Lift and Coast
2022,Abu Dhabi,R,TSU,25,91.773,HARD,1,Lift and Coast
2022,Abu Dhabi,R,TSU,26,91.311,HARD,1,Lift and Coast
2022,Abu Dhabi,R,TSU,27,91.294,HARD,1,Lift and Coast
2022,Abu Dhabi,R,TSU,28,91.141,HARD,1,Lift and Coast
2022,Abu Dhabi,R,TSU,29,91.202,HARD,3,Vuelta de ataque
2022,Abu Dhabi,R,TSU,30,91.215,HARD,3,Vuelta de ataque
2022,Abu Dhabi,R,TSU,31,91.2,HARD,1,Lift and Coast
2022,Abu Dhabi,R,TSU,32,91.435,HARD,1,Lift and Coast
2022,Abu Dhabi,R,TSU,33,91.307,HARD,1,Lift and Coast
2022,Abu Dhabi,R,TSU,34,91.323,HARD,1,Lift and Coast
2022,Abu Dhabi,R,TSU,35,91.272,HARD,1,Lift and Coast
2022,Abu Dhabi,R,TSU,36,91.015,HARD,1,Lift and Coast
2022,Abu Dhabi,R,TSU,37,91.364,HARD,1,Lift and Coast
2022,Abu Dhabi,R,TSU,38,93.259,HARD,1,Lift and Coast
2022,Abu Dhabi,R,TSU,40,89.489,SOFT,3,Vuelta de ataque
2022,Abu Dhabi,R,TSU,41,89.762,SOFT,3,Vuelta de ataque
2022,Abu Dhabi,R,TSU,42,90.101,SOFT,1,Lift and Coast
2022,Abu Dhabi,R,TSU,43,89.719,SOFT,3,Vuelta de ataque
2022,Abu Dhabi,R,TSU,44,90.311,SOFT,3,Vuelta de ataque
2022,Abu Dhabi,R,TSU,45,90.498,SOFT,0,Ritmo de carrera
2022,Abu Dhabi,R,TSU,46,89.975,SOFT,1,Lift and Coast
2022,Abu Dhabi,R,TSU,47,89.991,SOFT,0,Ritmo de carrera
2022,Abu Dhabi,R,TSU,48,90.176,SOFT,1,Lift and Coast
2022,Abu Dhabi,R,TSU,49,90.225,SOFT,1,Lift and Coast
2022,Abu Dhabi,R,TSU,50,90.76,SOFT,0,Ritmo de carrera
2022,Abu Dhabi,R,TSU,51,91.066,SOFT,1,Lift and Coast
2022,Abu Dhabi,R,TSU,52,91.024,SOFT,1,Lift and Coast
2022,Abu Dhabi,R,TSU,53,91.318,SOFT,1,Lift and Coast
2022,Abu Dhabi,R,TSU,54,91.579,SOFT,1,Lift and Coast
2022,Abu Dhabi,R,TSU,55,92.138,SOFT,1,Lift and Coast
2022,Abu Dhabi,R,TSU,56,92.04,SOFT,1,Lift and Coast
2022,Abu Dhabi,R,TSU,57,91.639,SOFT,1,Lift and Coast
2022,Abu Dhabi,R,TSU,58,92.28,SOFT,0,Ritmo de carrera
2022,Abu Dhabi,R,ZHO,2,93.406,MEDIUM,0,Ritmo de carrera
2022,Abu Dhabi,R,ZHO,3,92.436,MEDIUM,0,Ritmo de carrera
2022,Abu Dhabi,R,ZHO,4,92.818,MEDIUM,0,Ritmo de carrera
2022,Abu Dhabi,R,ZHO,5,92.456,MEDIUM,1,Lift and Coast
2022,Abu Dhabi,R,ZHO,6,92.254,MEDIUM,2,Tracción Comprometida
2022,Abu Dhabi,R,ZHO,7,91.937,MEDIUM,1,Lift and Coast
2022,Abu Dhabi,R,ZHO,8,92.084,MEDIUM,2,Tracción Comprometida
2022,Abu Dhabi,R,ZHO,9,92.322,MEDIUM,1,Lift and Coast
2022,Abu Dhabi,R,ZHO,10,92.314,MEDIUM,0,Ritmo de carrera
2022,Abu Dhabi,R,ZHO,11,92.685,MEDIUM,0,Ritmo de carrera
2022,Abu Dhabi,R,ZHO,12,92.547,MEDIUM,0,Ritmo de carrera
2022,Abu Dhabi,R,ZHO,13,92.99,MEDIUM,0,Ritmo de carrera
2022,Abu Dhabi,R,ZHO,14,93.174,MEDIUM,2,Tracción Comprometida
2022,Abu Dhabi,R,ZHO,17,91.072,HARD,3,Vuelta de ataque
2022,Abu Dhabi,R,ZHO,18,91.13,HARD,1,Lift and Coast
2022,Abu Dhabi,R,ZHO,19,91.124,HARD,1,Lift and Coast
2022,Abu Dhabi,R,ZHO,20,91.542,HARD,0,Ritmo de carrera
2022,Abu Dhabi,R,ZHO,21,91.67,HARD,0,Ritmo de carrera
2022,Abu Dhabi,R,ZHO,22,91.591,HARD,0,Ritmo de carrera
2022,Abu Dhabi,R,ZHO,23,92.546,HARD,0,Ritmo de carrera
2022,Abu Dhabi,R,ZHO,24,91.804,HARD,1,Lift and Coast
2022,Abu Dhabi,R,ZHO,25,91.89,HARD,0,Ritmo de carrera
2022,Abu Dhabi,R,ZHO,26,91.368,HARD,0,Ritmo de carrera
2022,Abu Dhabi,R,ZHO,27,91.697,HARD,0,Ritmo de carrera
2022,Abu Dhabi,R,ZHO,28,91.577,HARD,2,Tracción Comprometida
2022,Abu Dhabi,R,ZHO,29,91.59,HARD,1,Lift and Coast
2022,Abu Dhabi,R,ZHO,30,92.329,HARD,1,Lift and Coast
2022,Abu Dhabi,R,ZHO,31,91.643,HARD,0,Ritmo de carrera
2022,Abu Dhabi,R,ZHO,32,91.216,HARD,0,Ritmo de carrera
2022,Abu Dhabi,R,ZHO,33,91.349,HARD,0,Ritmo de carrera
2022,Abu Dhabi,R,ZHO,34,91.687,HARD,0,Ritmo de carrera
2022,Abu Dhabi,R,ZHO,35,91.834,HARD,2,Tracción Comprometida
2022,Abu Dhabi,R,ZHO,36,91.663,HARD,0,Ritmo de carrera
2022,Abu Dhabi,R,ZHO,37,91.284,HARD,0,Ritmo de carrera
2022,Abu Dhabi,R,ZHO,38,91.273,HARD,0,Ritmo de carrera
2022,Abu Dhabi,R,ZHO,39,91.127,HARD,0,Ritmo de carrera
2022,Abu Dhabi,R,ZHO,40,91.097,HARD,3,Vuelta de ataque
2022,Abu Dhabi,R,ZHO,41,91.547,HARD,2,Tracción Comprometida
2022,Abu Dhabi,R,ZHO,42,91.843,HARD,0,Ritmo de carrera
2022,Abu Dhabi,R,ZHO,43,93.485,HARD,0,Ritmo de carrera
2022,Abu Dhabi,R,ZHO,46,90.925,SOFT,0,Ritmo de carrera
2022,Abu Dhabi,R,ZHO,47,92.562,SOFT,2,Tracción Comprometida
2022,Abu Dhabi,R,ZHO,48,90.432,SOFT,2,Tracción Comprometida
2022,Abu Dhabi,R,ZHO,49,90.583,SOFT,2,Tracción Comprometida
2022,Abu Dhabi,R,ZHO,50,90.223,SOFT,0,Ritmo de carrera
2022,Abu Dhabi,R,ZHO,51,90.109,SOFT,0,Ritmo de carrera
2022,Abu Dhabi,R,ZHO,52,91.823,SOFT,2,Tracción Comprometida
2022,Abu Dhabi,R,ZHO,53,89.6,SOFT,0,Ritmo de carrera
2022,Abu Dhabi,R,ZHO,54,90.422,SOFT,1,Lift and Coast
2022,Abu Dhabi,R,ZHO,55,90.407,SOFT,3,Vuelta de ataque
2022,Abu Dhabi,R,ZHO,56,92.315,SOFT,0,Ritmo de carrera
2022,Abu Dhabi,R,ZHO,57,92.551,SOFT,0,Ritmo de carrera
2022,Abu Dhabi,R,ALB,2,93.227,MEDIUM,0,Ritmo de carrera
2022,Abu Dhabi,R,ALB,3,92.356,MEDIUM,0,Ritmo de carrera
2022,Abu Dhabi,R,ALB,4,93.137,MEDIUM,0,Ritmo de carrera
2022,Abu Dhabi,R,ALB,5,92.652,MEDIUM,0,Ritmo de carrera
2022,Abu Dhabi,R,ALB,6,92.302,MEDIUM,0,Ritmo de carrera
2022,Abu Dhabi,R,ALB,7,91.987,MEDIUM,1,Lift and Coast
2022,Abu Dhabi,R,ALB,8,92.303,MEDIUM,1,Lift and Coast
2022,Abu Dhabi,R,ALB,9,92.406,MEDIUM,1,Lift and Coast
2022,Abu Dhabi,R,ALB,10,92.55,MEDIUM,1,Lift and Coast
2022,Abu Dhabi,R,ALB,11,93.387,MEDIUM,1,Lift and Coast
2022,Abu Dhabi,R,ALB,14,90.982,HARD,1,Lift and Coast
2022,Abu Dhabi,R,ALB,15,91.43,HARD,1,Lift and Coast
2022,Abu Dhabi,R,ALB,16,91.585,HARD,1,Lift and Coast
2022,Abu Dhabi,R,ALB,17,91.496,HARD,0,Ritmo de carrera
2022,Abu Dhabi,R,ALB,18,91.836,HARD,1,Lift and Coast
2022,Abu Dhabi,R,ALB,19,91.691,HARD,2,Tracción Comprometida
2022,Abu Dhabi,R,ALB,20,91.835,HARD,0,Ritmo de carrera
2022,Abu Dhabi,R,ALB,21,91.929,HARD,0,Ritmo de carrera
2022,Abu Dhabi,R,ALB,22,91.975,HARD,1,Lift and Coast
2022,Abu Dhabi,R,ALB,23,91.717,HARD,2,Tracción Comprometida
2022,Abu Dhabi,R,ALB,24,91.918,HARD,1,Lift and Coast
2022,Abu Dhabi,R,ALB,25,91.61,HARD,2,Tracción Comprometida
2022,Abu Dhabi,R,ALB,26,91.631,HARD,1,Lift and Coast
2022,Abu Dhabi,R,ALB,27,91.624,HARD,1,Lift and Coast
2022,Abu Dhabi,R,ALB,28,91.521,HARD,2,Tracción Comprometida
2022,Abu Dhabi,R,ALB,29,91.487,HARD,1,Lift and Coast
2022,Abu Dhabi,R,ALB,30,91.451,HARD,2,Tracción Comprometida
2022,Abu Dhabi,R,ALB,31,91.587,HARD,1,Lift and Coast
2022,Abu Dhabi,R,ALB,32,91.496,HARD,1,Lift and Coast
2022,Abu Dhabi,R,ALB,33,91.55,HARD,2,Tracción Comprometida
2022,Abu Dhabi,R,ALB,34,91.509,HARD,1,Lift and Coast
2022,Abu Dhabi,R,ALB,35,94.033,HARD,0,Ritmo de carrera
2022,Abu Dhabi,R,ALB,37,90.09,MEDIUM,2,Tracción Comprometida
2022,Abu Dhabi,R,ALB,38,89.974,MEDIUM,1,Lift and Coast
2022,Abu Dhabi,R,ALB,39,90.023,MEDIUM,0,Ritmo de carrera
2022,Abu Dhabi,R,ALB,40,89.939,MEDIUM,1,Lift and Coast
2022,Abu Dhabi,R,ALB,41,90.139,MEDIUM,1,Lift and Coast
2022,Abu Dhabi,R,ALB,42,90.378,MEDIUM,1,Lift and Coast
2022,Abu Dhabi,R,ALB,43,90.241,MEDIUM,2,Tracción Comprometida
2022,Abu Dhabi,R,ALB,44,90.218,MEDIUM,1,Lift and Coast
2022,Abu Dhabi,R,ALB,45,90.76,MEDIUM,0,Ritmo de carrera
2022,Abu Dhabi,R,ALB,46,90.896,MEDIUM,2,Tracción Comprometida
2022,Abu Dhabi,R,ALB,47,90.976,MEDIUM,1,Lift and Coast
2022,Abu Dhabi,R,ALB,48,91.124,MEDIUM,1,Lift and Coast
2022,Abu Dhabi,R,ALB,49,91.795,MEDIUM,2,Tracción Comprometida
2022,Abu Dhabi,R,ALB,50,91.925,MEDIUM,1,Lift and Coast
2022,Abu Dhabi,R,ALB,51,92.564,MEDIUM,1,Lift and Coast
2022,Abu Dhabi,R,ALB,52,93.467,MEDIUM,1,Lift and Coast
2022,Abu Dhabi,R,ALB,53,92.523,MEDIUM,0,Ritmo de carrera
2022,Abu Dhabi,R,ALB,54,92.825,MEDIUM,2,Tracción Comprometida
2022,Abu Dhabi,R,ALB,56,93.126,MEDIUM,2,Tracción Comprometida
2022,Abu Dhabi,R,ALB,57,93.882,MEDIUM,0,Ritmo de carrera
2022,Abu Dhabi,R,GAS,3,92.47,SOFT,0,Ritmo de carrera
2022,Abu Dhabi,R,GAS,4,92.473,SOFT,1,Lift and Coast
2022,Abu Dhabi,R,GAS,5,92.581,SOFT,1,Lift and Coast
2022,Abu Dhabi,R,GAS,6,93.306,SOFT,0,Ritmo de carrera
2022,Abu Dhabi,R,GAS,7,92.417,SOFT,0,Ritmo de carrera
2022,Abu Dhabi,R,GAS,8,92.537,SOFT,1,Lift and Coast
2022,Abu Dhabi,R,GAS,9,92.71,SOFT,1,Lift and Coast
2022,Abu Dhabi,R,GAS,10,92.742,SOFT,1,Lift and Coast
2022,Abu Dhabi,R,GAS,11,92.962,SOFT,1,Lift and Coast
2022,Abu Dhabi,R,GAS,12,93.119,SOFT,1,Lift and Coast
2022,Abu Dhabi,R,GAS,13,93.38,SOFT,1,Lift and Coast
2022,Abu Dhabi,R,GAS,16,91.081,HARD,1,Lift and Coast
2022,Abu Dhabi,R,GAS,17,91.018,HARD,1,Lift and Coast
2022,Abu Dhabi,R,GAS,18,91.227,HARD,1,Lift and Coast
2022,Abu Dhabi,R,GAS,19,91.3,HARD,1,Lift and Coast
2022,Abu Dhabi,R,GAS,20,92.182,HARD,3,Vuelta de ataque
2022,Abu Dhabi,R,GAS,21,91.443,HARD,3,Vuelta de ataque
2022,Abu Dhabi,R,GAS,22,91.228,HARD,3,Vuelta de ataque
2022,Abu Dhabi,R,GAS,23,91.704,HARD,1,Lift and Coast
2022,Abu Dhabi,R,GAS,24,91.855,HARD,1,Lift and Coast
2022,Abu Dhabi,R,GAS,25,93.269,HARD,1,Lift and Coast
2022,Abu Dhabi,R,GAS,26,92.542,HARD,0,Ritmo de carrera
2022,Abu Dhabi,R,GAS,27,91.712,HARD,1,Lift and Coast
2022,Abu Dhabi,R,GAS,28,92.407,HARD,1,Lift and Coast
2022,Abu Dhabi,R,GAS,29,92.05,HARD,0,Ritmo de carrera
2022,Abu Dhabi,R,GAS,30,92.297,HARD,1,Lift and Coast
2022,Abu Dhabi,R,GAS,31,91.744,HARD,1,Lift and Coast
2022,Abu Dhabi,R,GAS,32,91.676,HARD,1,Lift and Coast
2022,Abu Dhabi,R,GAS,33,91.349,HARD,3,Vuelta de ataque
2022,Abu Dhabi,R,GAS,34,91.44,HARD,1,Lift and Coast
2022,Abu Dhabi,R,GAS,35,91.249,HARD,1,Lift and Coast
2022,Abu Dhabi,R,GAS,36,91.391,HARD,1,Lift and Coast
2022,Abu Dhabi,R,GAS,37,91.414,HARD,1,Lift and Coast
2022,Abu Dhabi,R,GAS,38,91.25,HARD,1,Lift and Coast
2022,Abu Dhabi,R,GAS,39,91.291,HARD,1,Lift and Coast
2022,Abu Dhabi,R,GAS,40,91.385,HARD,1,Lift and Coast
2022,Abu Dhabi,R,GAS,41,91.491,HARD,1,Lift and Coast
2022,Abu Dhabi,R,GAS,42,91.545,HARD,1,Lift and Coast
2022,Abu Dhabi,R,GAS,43,92.28,HARD,1,Lift and Coast
2022,Abu Dhabi,R,GAS,44,91.426,HARD,1,Lift and Coast
2022,Abu Dhabi,R,GAS,45,91.502,HARD,1,Lift and Coast
2022,Abu Dhabi,R,GAS,46,92.625,HARD,0,Ritmo de carrera
2022,Abu Dhabi,R,GAS,47,91.851,HARD,1,Lift and Coast
2022,Abu Dhabi,R,GAS,48,91.632,HARD,1,Lift and Coast
2022,Abu Dhabi,R,GAS,49,91.654,HARD,1,Lift and Coast
2022,Abu Dhabi,R,GAS,50,91.598,HARD,1,Lift and Coast
2022,Abu Dhabi,R,GAS,51,92.718,HARD,1,Lift and Coast
2022,Abu Dhabi,R,GAS,52,92.748,HARD,1,Lift and Coast
2022,Abu Dhabi,R,GAS,53,92.671,HARD,0,Ritmo de carrera
2022,Abu Dhabi,R,GAS,54,93.137,HARD,0,Ritmo de carrera
2022,Abu Dhabi,R,GAS,55,93.845,HARD,0,Ritmo de carrera
2022,Abu Dhabi,R,GAS,56,94.193,HARD,0,Ritmo de carrera
2022,Abu Dhabi,R,GAS,57,92.845,HARD,0,Ritmo de carrera
2022,Abu Dhabi,R,BOT,3,93.43,HARD,0,Ritmo de carrera
2022,Abu Dhabi,R,BOT,4,92.662,HARD,0,Ritmo de carrera
2022,Abu Dhabi,R,BOT,5,92.873,HARD,0,Ritmo de carrera
2022,Abu Dhabi,R,BOT,6,93.085,HARD,0,Ritmo de carrera
2022,Abu Dhabi,R,BOT,7,92.881,HARD,0,Ritmo de carrera
2022,Abu Dhabi,R,BOT,8,93.113,HARD,0,Ritmo de carrera
2022,Abu Dhabi,R,BOT,9,91.748,HARD,0,Ritmo de carrera
2022,Abu Dhabi,R,BOT,10,92.56,HARD,0,Ritmo de carrera
2022,Abu Dhabi,R,BOT,12,93.204,HARD,0,Ritmo de carrera
2022,Abu Dhabi,R,BOT,13,92.643,HARD,0,Ritmo de carrera
2022,Abu Dhabi,R,BOT,14,93.168,HARD,0,Ritmo de carrera
2022,Abu Dhabi,R,BOT,15,92.915,HARD,0,Ritmo de carrera
2022,Abu Dhabi,R,BOT,16,92.475,HARD,3,Vuelta de ataque
2022,Abu Dhabi,R,BOT,17,92.75,HARD,0,Ritmo de carrera
2022,Abu Dhabi,R,BOT,18,92.504,HARD,0,Ritmo de carrera
2022,Abu Dhabi,R,BOT,19,93.396,HARD,0,Ritmo de carrera
2022,Abu Dhabi,R,BOT,20,92.561,HARD,2,Tracción Comprometida
2022,Abu Dhabi,R,BOT,21,93.399,HARD,0,Ritmo de carrera
2022,Abu Dhabi,R,BOT,22,92.579,HARD,3,Vuelta de ataque
2022,Abu Dhabi,R,BOT,23,94.172,HARD,0,Ritmo de carrera
2022,Abu Dhabi,R,BOT,24,92.726,HARD,1,Lift and Coast
2022,Abu Dhabi,R,BOT,25,93.561,HARD,0,Ritmo de carrera
2022,Abu Dhabi,R,BOT,26,93.463,HARD,0,Ritmo de carrera
2022,Abu Dhabi,R,BOT,27,93.206,HARD,0,Ritmo de carrera
2022,Abu Dhabi,R,BOT,28,93.579,HARD,0,Ritmo de carrera
2022,Abu Dhabi,R,BOT,29,93.039,HARD,2,Tracción Comprometida
2022,Abu Dhabi,R,BOT,32,91.442,MEDIUM,0,Ritmo de carrera
2022,Abu Dhabi,R,BOT,33,91.276,MEDIUM,3,Vuelta de ataque
2022,Abu Dhabi,R,BOT,34,91.487,MEDIUM,2,Tracción Comprometida
2022,Abu Dhabi,R,BOT,35,91.453,MEDIUM,3,Vuelta de ataque
2022,Abu Dhabi,R,BOT,36,91.331,MEDIUM,3,Vuelta de ataque
2022,Abu Dhabi,R,BOT,37,91.188,MEDIUM,1,Lift and Coast
2022,Abu Dhabi,R,BOT,38,92.518,MEDIUM,2,Tracción Comprometida
2022,Abu Dhabi,R,BOT,39,92.017,MEDIUM,1,Lift and Coast
2022,Abu Dhabi,R,BOT,40,91.512,MEDIUM,3,Vuelta de ataque
2022,Abu Dhabi,R,BOT,41,90.757,MEDIUM,3,Vuelta de ataque
2022,Abu Dhabi,R,BOT,42,93.093,MEDIUM,2,Tracción Comprometida
2022,Abu Dhabi,R,BOT,43,91.448,MEDIUM,0,Ritmo de carrera
2022,Abu Dhabi,R,BOT,44,91.246,MEDIUM,0,Ritmo de carrera
2022,Abu Dhabi,R,BOT,45,91.319,MEDIUM,0,Ritmo de carrera
2022,Abu Dhabi,R,BOT,46,91.158,MEDIUM,1,Lift and Coast
2022,Abu Dhabi,R,BOT,47,90.352,MEDIUM,1,Lift and Coast
2022,Abu Dhabi,R,BOT,48,92.319,MEDIUM,2,Tracción Comprometida
2022,Abu Dhabi,R,BOT,49,90.639,MEDIUM,1,Lift and Coast
2022,Abu Dhabi,R,BOT,50,90.457,MEDIUM,3,Vuelta de ataque
2022,Abu Dhabi,R,BOT,51,90.539,MEDIUM,1,Lift and Coast
2022,Abu Dhabi,R,BOT,52,91.299,MEDIUM,2,Tracción Comprometida
2022,Abu Dhabi,R,BOT,53,92.998,MEDIUM,0,Ritmo de carrera
2022,Abu Dhabi,R,BOT,54,92.995,MEDIUM,2,Tracción Comprometida
2022,Abu Dhabi,R,BOT,55,91.236,MEDIUM,3,Vuelta de ataque
2022,Abu Dhabi,R,BOT,56,90.566,MEDIUM,1,Lift and Coast
2022,Abu Dhabi,R,BOT,57,90.743,MEDIUM,3,Vuelta de ataque
2022,Abu Dhabi,R,MSC,2,93.725,MEDIUM,2,Tracción Comprometida
2022,Abu Dhabi,R,MSC,3,92.196,MEDIUM,1,Lift and Coast
2022,Abu Dhabi,R,MSC,4,94.204,MEDIUM,0,Ritmo de carrera
2022,Abu Dhabi,R,MSC,5,93.757,MEDIUM,2,Tracción Comprometida
2022,Abu Dhabi,R,MSC,6,92.836,MEDIUM,0,Ritmo de carrera
2022,Abu Dhabi,R,MSC,7,92.045,MEDIUM,1,Lift and Coast
2022,Abu Dhabi,R,MSC,8,92.389,MEDIUM,0,Ritmo de carrera
2022,Abu Dhabi,R,MSC,9,92.453,MEDIUM,1,Lift and Coast
2022,Abu Dhabi,R,MSC,10,92.732,MEDIUM,1,Lift and Coast
2022,Abu Dhabi,R,MSC,11,93.014,MEDIUM,0,Ritmo de carrera
2022,Abu Dhabi,R,MSC,12,92.787,MEDIUM,1,Lift and Coast
2022,Abu Dhabi,R,MSC,13,92.669,MEDIUM,0,Ritmo de carrera
2022,Abu Dhabi,R,MSC,16,91.364,HARD,0,Ritmo de carrera
2022,Abu Dhabi,R,MSC,17,91.143,HARD,0,Ritmo de carrera
2022,Abu Dhabi,R,MSC,18,91.532,HARD,0,Ritmo de carrera
2022,Abu Dhabi,R,MSC,19,91.331,HARD,0,Ritmo de carrera
2022,Abu Dhabi,R,MSC,20,91.382,HARD,1,Lift and Coast
2022,Abu Dhabi,R,MSC,21,91.689,HARD,0,Ritmo de carrera
2022,Abu Dhabi,R,MSC,22,91.822,HARD,0,Ritmo de carrera
2022,Abu Dhabi,R,MSC,23,92.847,HARD,2,Tracción Comprometida
2022,Abu Dhabi,R,MSC,24,92.166,HARD,0,Ritmo de carrera
2022,Abu Dhabi,R,MSC,25,92.238,HARD,0,Ritmo de carrera
2022,Abu Dhabi,R,MSC,26,91.783,HARD,2,Tracción Comprometida
2022,Abu Dhabi,R,MSC,27,91.596,HARD,0,Ritmo de carrera
2022,Abu Dhabi,R,MSC,28,91.449,HARD,0,Ritmo de carrera
2022,Abu Dhabi,R,MSC,29,91.762,HARD,0,Ritmo de carrera
2022,Abu Dhabi,R,MSC,30,91.472,HARD,0,Ritmo de carrera
2022,Abu Dhabi,R,MSC,31,91.521,HARD,0,Ritmo de carrera
2022,Abu Dhabi,R,MSC,32,92.07,HARD,2,Tracción Comprometida
2022,Abu Dhabi,R,MSC,33,92.046,HARD,1,Lift and Coast
2022,Abu Dhabi,R,MSC,34,93.827,HARD,0,Ritmo de carrera
2022,Abu Dhabi,R,MSC,36,91.088,MEDIUM,0,Ritmo de carrera
2022,Abu Dhabi,R,MSC,37,90.952,MEDIUM,2,Tracción Comprometida
2022,Abu Dhabi,R,MSC,39,89.833,MEDIUM,2,Tracción Comprometida
2022,Abu Dhabi,R,MSC,40,90.614,MEDIUM,2,Tracción Comprometida
2022,Abu Dhabi,R,MSC,41,90.416,MEDIUM,2,Tracción Comprometida
2022,Abu Dhabi,R,MSC,42,90.161,MEDIUM,0,Ritmo de carrera
2022,Abu Dhabi,R,MSC,43,90.456,MEDIUM,3,Vuelta de ataque
2022,Abu Dhabi,R,MSC,44,90.709,MEDIUM,0,Ritmo de carrera
2022,Abu Dhabi,R,MSC,45,90.851,MEDIUM,2,Tracción Comprometida
2022,Abu Dhabi,R,MSC,46,90.704,MEDIUM,0,Ritmo de carrera
2022,Abu Dhabi,R,MSC,47,92.87,MEDIUM,2,Tracción Comprometida
2022,Abu Dhabi,R,MSC,48,91.948,MEDIUM,0,Ritmo de carrera
2022,Abu Dhabi,R,MSC,49,91.623,MEDIUM,0,Ritmo de carrera
2022,Abu Dhabi,R,MSC,50,92.908,MEDIUM,1,Lift and Coast
2022,Abu Dhabi,R,MSC,51,91.493,MEDIUM,0,Ritmo de carrera
2022,Abu Dhabi,R,MSC,52,92.34,MEDIUM,0,Ritmo de carrera
2022,Abu Dhabi,R,MSC,53,94.483,MEDIUM,2,Tracción Comprometida
2022,Abu Dhabi,R,MSC,54,93.907,MEDIUM,2,Tracción Comprometida
2022,Abu Dhabi,R,MSC,55,92.57,MEDIUM,2,Tracción Comprometida
2022,Abu Dhabi,R,MSC,57,92.757,MEDIUM,2,Tracción Comprometida
2022,Abu Dhabi,R,MAG,3,93.566,HARD,2,Tracción Comprometida
2022,Abu Dhabi,R,MAG,4,92.512,HARD,1,Lift and Coast
2022,Abu Dhabi,R,MAG,5,92.637,HARD,0,Ritmo de carrera
2022,Abu Dhabi,R,MAG,6,93.355,HARD,0,Ritmo de carrera
2022,Abu Dhabi,R,MAG,7,92.653,HARD,0,Ritmo de carrera
2022,Abu Dhabi,R,MAG,8,92.57,HARD,0,Ritmo de carrera
2022,Abu Dhabi,R,MAG,9,92.976,HARD,1,Lift and Coast
2022,Abu Dhabi,R,MAG,10,92.991,HARD,1,Lift and Coast
2022,Abu Dhabi,R,MAG,11,93.373,HARD,0,Ritmo de carrera
2022,Abu Dhabi,R,MAG,12,92.989,HARD,1,Lift and Coast
2022,Abu Dhabi,R,MAG,13,92.614,HARD,0,Ritmo de carrera
2022,Abu Dhabi,R,MAG,14,92.521,HARD,0,Ritmo de carrera
2022,Abu Dhabi,R,MAG,15,92.589,HARD,0,Ritmo de carrera
2022,Abu Dhabi,R,MAG,16,92.523,HARD,0,Ritmo de carrera
2022,Abu Dhabi,R,MAG,17,92.826,HARD,1,Lift and Coast
2022,Abu Dhabi,R,MAG,18,92.929,HARD,0,Ritmo de carrera
2022,Abu Dhabi,R,MAG,19,94.17,HARD,0,Ritmo de carrera
2022,Abu Dhabi,R,MAG,20,94.443,HARD,0,Ritmo de carrera
2022,Abu Dhabi,R,MAG,21,94.263,HARD,1,Lift and Coast
2022,Abu Dhabi,R,MAG,22,93.238,HARD,1,Lift and Coast
2022,Abu Dhabi,R,MAG,23,94.261,HARD,1,Lift and Coast
2022,Abu Dhabi,R,MAG,24,94.181,HARD,1,Lift and Coast
2022,Abu Dhabi,R,MAG,26,93.847,HARD,0,Ritmo de carrera
2022,Abu Dhabi,R,MAG,27,93.391,HARD,0,Ritmo de carrera
2022,Abu Dhabi,R,MAG,30,93.106,MEDIUM,1,Lift and Coast
2022,Abu Dhabi,R,MAG,31,91.441,MEDIUM,1,Lift and Coast
2022,Abu Dhabi,R,MAG,32,91.487,MEDIUM,1,Lift and Coast
2022,Abu Dhabi,R,MAG,33,91.784,MEDIUM,1,Lift and Coast
2022,Abu Dhabi,R,MAG,34,91.971,MEDIUM,1,Lift and Coast
2022,Abu Dhabi,R,MAG,35,92.687,MEDIUM,1,Lift and Coast
2022,Abu Dhabi,R,MAG,36,91.657,MEDIUM,1,Lift and Coast
2022,Abu Dhabi,R,MAG,37,91.811,MEDIUM,0,Ritmo de carrera
2022,Abu Dhabi,R,MAG,38,94.176,MEDIUM,0,Ritmo de carrera
2022,Abu Dhabi,R,MAG,39,91.32,MEDIUM,0,Ritmo de carrera
2022,Abu Dhabi,R,MAG,40,91.158,MEDIUM,0,Ritmo de carrera
2022,Abu Dhabi,R,MAG,41,91.563,MEDIUM,1,Lift and Coast
2022,Abu Dhabi,R,MAG,42,91.217,MEDIUM,0,Ritmo de carrera
2022,Abu Dhabi,R,MAG,43,91.866,MEDIUM,1,Lift and Coast
2022,Abu Dhabi,R,MAG,44,93.317,MEDIUM,2,Tracción Comprometida
2022,Abu Dhabi,R,MAG,45,91.499,MEDIUM,0,Ritmo de carrera
2022,Abu Dhabi,R,MAG,46,91.443,MEDIUM,1,Lift and Coast
2022,Abu Dhabi,R,MAG,47,91.644,MEDIUM,2,Tracción Comprometida
2022,Abu Dhabi,R,MAG,48,91.501,MEDIUM,2,Tracción Comprometida
2022,Abu Dhabi,R,MAG,49,92.595,MEDIUM,0,Ritmo de carrera
2022,Abu Dhabi,R,MAG,50,91.533,MEDIUM,1,Lift and Coast
2022,Abu Dhabi,R,MAG,51,92.528,MEDIUM,0,Ritmo de carrera
2022,Abu Dhabi,R,MAG,52,92.351,MEDIUM,0,Ritmo de carrera
2022,Abu Dhabi,R,MAG,53,92.669,MEDIUM,0,Ritmo de carrera
2022,Abu Dhabi,R,MAG,54,93.057,MEDIUM,0,Ritmo de carrera
2022,Abu Dhabi,R,MAG,55,92.549,MEDIUM,2,Tracción Comprometida
2022,Abu Dhabi,R,MAG,56,92.782,MEDIUM,0,Ritmo de carrera
2022,Abu Dhabi,R,MAG,57,93.239,MEDIUM,0,Ritmo de carrera
2022,Abu Dhabi,R,HAM,2,91.094,MEDIUM,2,Tracción Comprometida
2022,Abu Dhabi,R,HAM,3,90.441,MEDIUM,2,Tracción Comprometida
2022,Abu Dhabi,R,HAM,4,92.842,MEDIUM,2,Tracción Comprometida
2022,Abu Dhabi,R,HAM,5,90.346,MEDIUM,2,Tracción Comprometida
2022,Abu Dhabi,R,HAM,6,91.334,MEDIUM,2,Tracción Comprometida
2022,Abu Dhabi,R,HAM,7,91.532,MEDIUM,2,Tracción Comprometida
2022,Abu Dhabi,R,HAM,8,92.74,MEDIUM,2,Tracción Comprometida
2022,Abu Dhabi,R,HAM,9,92.267,MEDIUM,2,Tracción Comprometida
2022,Abu Dhabi,R,HAM,10,92.115,MEDIUM,1,Lift and Coast
2022,Abu Dhabi,R,HAM,11,91.926,MEDIUM,2,Tracción Comprometida
2022,Abu Dhabi,R,HAM,12,92.023,MEDIUM,1,Lift and Coast
2022,Abu Dhabi,R,HAM,13,91.655,MEDIUM,2,Tracción Comprometida
2022,Abu Dhabi,R,HAM,14,91.886,MEDIUM,1,Lift and Coast
2022,Abu Dhabi,R,HAM,15,91.84,MEDIUM,0,Ritmo de carrera
2022,Abu Dhabi,R,HAM,16,92.069,MEDIUM,1,Lift and Coast
2022,Abu Dhabi,R,HAM,17,92.416,MEDIUM,1,Lift and Coast
2022,Abu Dhabi,R,HAM,20,90.523,HARD,2,Tracción Comprometida
2022,Abu Dhabi,R,HAM,21,90.664,HARD,2,Tracción Comprometida
2022,Abu Dhabi,R,HAM,22,90.794,HARD,2,Tracción Comprometida
2022,Abu Dhabi,R,HAM,23,90.05,HARD,2,Tracción Comprometida
2022,Abu Dhabi,R,HAM,24,90.639,HARD,0,Ritmo de carrera
2022,Abu Dhabi,R,HAM,25,90.147,HARD,2,Tracción Comprometida
2022,Abu Dhabi,R,HAM,26,90.37,HARD,2,Tracción Comprometida
2022,Abu Dhabi,R,HAM,27,90.082,HARD,1,Lift and Coast
2022,Abu Dhabi,R,HAM,28,90.168,HARD,2,Tracción Comprometida
2022,Abu Dhabi,R,HAM,29,90.113,HARD,2,Tracción Comprometida
2022,Abu Dhabi,R,HAM,30,90.233,HARD,2,Tracción Comprometida
2022,Abu Dhabi,R,HAM,31,89.95,HARD,2,Tracción Comprometida
2022,Abu Dhabi,R,HAM,32,90.141,HARD,2,Tracción Comprometida
2022,Abu Dhabi,R,HAM,33,89.965,HARD,2,Tracción Comprometida
2022,Abu Dhabi,R,HAM,34,90.159,HARD,0,Ritmo de carrera
2022,Abu Dhabi,R,HAM,35,90.086,HARD,2,Tracción Comprometida
2022,Abu Dhabi,R,HAM,36,90.232,HARD,0,Ritmo de carrera
2022,Abu Dhabi,R,HAM,37,89.954,HARD,2,Tracción Comprometida
2022,Abu Dhabi,R,HAM,38,90.277,HARD,2,Tracción Comprometida
2022,Abu Dhabi,R,HAM,39,90.331,HARD,1,Lift and Coast
2022,Abu Dhabi,R,HAM,40,90.286,HARD,2,Tracción Comprometida
2022,Abu Dhabi,R,HAM,41,90.006,HARD,2,Tracción Comprometida
2022,Abu Dhabi,R,HAM,42,89.788,HARD,1,Lift and Coast
2022,Abu Dhabi,R,HAM,43,90.256,HARD,2,Tracción Comprometida
2022,Abu Dhabi,R,HAM,44,90.335,HARD,2,Tracción Comprometida
2022,Abu Dhabi,R,HAM,45,90.184,HARD,0,Ritmo de carrera
2022,Abu Dhabi,R,HAM,46,91.178,HARD,2,Tracción Comprometida
2022,Abu Dhabi,R,HAM,47,90.358,HARD,1,Lift and Coast
2022,Abu Dhabi,R,HAM,48,90.144,HARD,3,Vuelta de ataque
2022,Abu Dhabi,R,HAM,49,90.283,HARD,1,Lift and Coast
2022,Abu Dhabi,R,HAM,50,90.177,HARD,2,Tracción Comprometida
2022,Abu Dhabi,R,HAM,51,90.455,HARD,1,Lift and Coast
2022,Abu Dhabi,R,HAM,52,90.375,HARD,2,Tracción Comprometida
2022,Abu Dhabi,R,HAM,53,90.824,HARD,0,Ritmo de carrera
2022,Abu Dhabi,R,HAM,54,90.961,HARD,0,Ritmo de carrera
2022,Abu Dhabi,R,LAT,3,93.218,MEDIUM,0,Ritmo de carrera
2022,Abu Dhabi,R,LAT,4,92.741,MEDIUM,0,Ritmo de carrera
2022,Abu Dhabi,R,LAT,5,92.895,MEDIUM,0,Ritmo de carrera
2022,Abu Dhabi,R,LAT,6,93.093,MEDIUM,0,Ritmo de carrera
2022,Abu Dhabi,R,LAT,7,92.87,MEDIUM,1,Lift and Coast
2022,Abu Dhabi,R,LAT,8,93.151,MEDIUM,2,Tracción Comprometida
2022,Abu Dhabi,R,LAT,9,93.972,MEDIUM,0,Ritmo de carrera
2022,Abu Dhabi,R,LAT,10,93.913,MEDIUM,0,Ritmo de carrera
2022,Abu Dhabi,R,LAT,11,93.656,MEDIUM,2,Tracción Comprometida
2022,Abu Dhabi,R,LAT,12,93.518,MEDIUM,0,Ritmo de carrera
2022,Abu Dhabi,R,LAT,13,93.308,MEDIUM,2,Tracción Comprometida
2022,Abu Dhabi,R,LAT,14,93.928,MEDIUM,2,Tracción Comprometida
2022,Abu Dhabi,R,LAT,17,91.673,HARD,2,Tracción Comprometida
2022,Abu Dhabi,R,LAT,18,92.08,HARD,2,Tracción Comprometida
2022,Abu Dhabi,R,LAT,19,91.937,HARD,2,Tracción Comprometida
2022,Abu Dhabi,R,LAT,20,92.054,HARD,2,Tracción Comprometida
2022,Abu Dhabi,R,LAT,21,92.058,HARD,0,Ritmo de carrera
2022,Abu Dhabi,R,LAT,22,91.98,HARD,0,Ritmo de carrera
2022,Abu Dhabi,R,LAT,23,91.976,HARD,0,Ritmo de carrera
2022,Abu Dhabi,R,LAT,24,92.181,HARD,0,Ritmo de carrera
2022,Abu Dhabi,R,LAT,25,91.979,HARD,2,Tracción Comprometida
2022,Abu Dhabi,R,LAT,26,91.984,HARD,2,Tracción Comprometida
2022,Abu Dhabi,R,LAT,27,92.334,HARD,2,Tracción Comprometida
2022,Abu Dhabi,R,LAT,28,92.28,HARD,2,Tracción Comprometida
2022,Abu Dhabi,R,LAT,29,92.184,HARD,0,Ritmo de carrera
2022,Abu Dhabi,R,LAT,30,92.243,HARD,0,Ritmo de carrera
2022,Abu Dhabi,R,LAT,31,92.026,HARD,1,Lift and Coast
2022,Abu Dhabi,R,LAT,32,92.067,HARD,1,Lift and Coast
2022,Abu Dhabi,R,LAT,33,92.096,HARD,2,Tracción Comprometida
2022,Abu Dhabi,R,LAT,34,92.281,HARD,2,Tracción Comprometida
2022,Abu Dhabi,R,LAT,35,92.088,HARD,2,Tracción Comprometida
2022,Abu Dhabi,R,LAT,36,92.481,HARD,0,Ritmo de carrera
2022,Abu Dhabi,R,LAT,37,92.304,HARD,2,Tracción Comprometida
2022,Abu Dhabi,R,LAT,40,90.763,MEDIUM,2,Tracción Comprometida
2022,Abu Dhabi,R,LAT,41,90.422,MEDIUM,0,Ritmo de carrera
2022,Abu Dhabi,R,LAT,42,90.873,MEDIUM,0,Ritmo de carrera
2022,Abu Dhabi,R,LAT,43,90.539,MEDIUM,1,Lift and Coast
2022,Abu Dhabi,R,LAT,44,90.614,MEDIUM,2,Tracción Comprometida
2022,Abu Dhabi,R,LAT,45,90.309,MEDIUM,0,Ritmo de carrera
2022,Abu Dhabi,R,LAT,46,92.815,MEDIUM,2,Tracción Comprometida
2022,Abu Dhabi,R,LAT,47,90.577,MEDIUM,0,Ritmo de carrera
2022,Abu Dhabi,R,LAT,48,91.189,MEDIUM,2,Tracción Comprometida
2022,Abu Dhabi,R,LAT,49,93.751,MEDIUM,2,Tracción Comprometida
2022,Abu Dhabi,R,LAT,50,91.598,MEDIUM,0,Ritmo de carrera
2022,Abu Dhabi,R,LAT,51,92.25,MEDIUM,2,Tracción Comprometida
2022,Abu Dhabi,R,LAT,52,92.213,MEDIUM,0,Ritmo de carrera
2022,Abu Dhabi,R,LAT,53,92.773,MEDIUM,0,Ritmo de carrera
2022,Abu Dhabi,R,ALO,2,92.329,MEDIUM,0,Ritmo de carrera
2022,Abu Dhabi,R,ALO,3,91.539,MEDIUM,0,Ritmo de carrera
2022,Abu Dhabi,R,ALO,4,91.618,MEDIUM,0,Ritmo de carrera
2022,Abu Dhabi,R,ALO,5,91.638,MEDIUM,0,Ritmo de carrera
2022,Abu Dhabi,R,ALO,6,92.035,MEDIUM,0,Ritmo de carrera
2022,Abu Dhabi,R,ALO,7,91.836,MEDIUM,0,Ritmo de carrera
2022,Abu Dhabi,R,ALO,8,92.527,MEDIUM,0,Ritmo de carrera
2022,Abu Dhabi,R,ALO,9,92.452,MEDIUM,0,Ritmo de carrera
2022,Abu Dhabi,R,ALO,10,92.562,MEDIUM,0,Ritmo de carrera
2022,Abu Dhabi,R,ALO,11,92.651,MEDIUM,0,Ritmo de carrera
2022,Abu Dhabi,R,ALO,12,92.427,MEDIUM,0,Ritmo de carrera
2022,Abu Dhabi,R,ALO,13,92.566,MEDIUM,0,Ritmo de carrera
2022,Abu Dhabi,R,ALO,14,92.892,MEDIUM,0,Ritmo de carrera
2022,Abu Dhabi,R,ALO,15,92.227,MEDIUM,3,Vuelta de ataque
2022,Abu Dhabi,R,ALO,16,93.788,MEDIUM,0,Ritmo de carrera
2022,Abu Dhabi,R,ALO,17,92.439,MEDIUM,0,Ritmo de carrera
2022,Abu Dhabi,R,ALO,18,92.541,MEDIUM,0,Ritmo de carrera
2022,Abu Dhabi,R,ALO,21,91.273,HARD,3,Vuelta de ataque
2022,Abu Dhabi,R,ALO,22,91.148,HARD,0,Ritmo de carrera
2022,Abu Dhabi,R,ALO,23,91.819,HARD,3,Vuelta de ataque
2022,Abu Dhabi,R,ALO,24,90.579,HARD,3,Vuelta de ataque
2022,Abu Dhabi,R,ALO,25,91.065,HARD,3,Vuelta de ataque
2022,Abu Dhabi,R,ALO,26,90.688,HARD,3,Vuelta de ataque
2022,Abu Dhabi,R,ALO,27,93.178,HARD,0,Ritmo de carrera
2023,Italian,FP3,VER,2,81.838,SOFT,3,Vuelta de ataque
2023,Italian,FP3,VER,5,81.687,SOFT,3,Vuelta de ataque
2023,Italian,FP3,VER,8,86.252,SOFT,1,Lift and Coast
2023,Italian,FP3,VER,9,86.259,SOFT,1,Lift and Coast
2023,Italian,FP3,VER,10,85.519,SOFT,1,Lift and Coast
2023,Italian,FP3,VER,11,86.073,SOFT,1,Lift and Coast
2023,Italian,FP3,VER,12,85.519,SOFT,1,Lift and Coast
2023,Italian,FP3,VER,13,85.403,SOFT,1,Lift and Coast
2023,Italian,FP3,VER,14,85.811,SOFT,0,Ritmo de carrera
2023,Italian,FP3,VER,17,80.998,SOFT,3,Vuelta de ataque
2023,Italian,FP3,SAR,2,85.032,SOFT,0,Ritmo de carrera
2023,Italian,FP3,SAR,5,83.79,SOFT,1,Lift and Coast
2023,Italian,FP3,SAR,8,83.419,MEDIUM,3,Vuelta de ataque
2023,Italian,FP3,SAR,11,82.82,MEDIUM,3,Vuelta de ataque
2023,Italian,FP3,SAR,15,82.583,HARD,3,Vuelta de ataque
2023,Italian,FP3,SAR,17,82.38,HARD,3,Vuelta de ataque
2023,Italian,FP3,SAR,19,82.947,HARD,1,Lift and Coast
2023,Italian,FP3,NOR,3,82.515,SOFT,1,Lift and Coast
2023,Italian,FP3,NOR,7,82.815,HARD,3,Vuelta de ataque
2023,Italian,FP3,NOR,9,82.636,HARD,3,Vuelta de ataque
2023,Italian,FP3,NOR,12,82.657,HARD,3,Vuelta de ataque
2023,Italian,FP3,NOR,14,82.857,HARD,3,Vuelta de ataque
2023,Italian,FP3,NOR,16,84.815,HARD,1,Lift and Coast
2023,Italian,FP3,NOR,18,84.462,HARD,1,Lift and Coast
2023,Italian,FP3,NOR,19,84.365,HARD,1,Lift and Coast
2023,Italian,FP3,NOR,20,84.317,HARD,1,Lift and Coast
2023,Italian,FP3,GAS,2,83.117,SOFT,3,Vuelta de ataque
2023,Italian,FP3,GAS,5,82.852,SOFT,3,Vuelta de ataque
2023,Italian,FP3,GAS,8,84.001,SOFT,1,Lift and Coast
2023,Italian,FP3,GAS,11,83.012,SOFT,3,Vuelta de ataque
2023,Italian,FP3,GAS,14,83.092,HARD,1,Lift and Coast
2023,Italian,FP3,GAS,18,82.89,HARD,1,Lift and Coast
2023,Italian,FP3,PER,2,82.662,SOFT,3,Vuelta de ataque
2023,Italian,FP3,PER,5,82.192,SOFT,3,Vuelta de ataque
2023,Italian,FP3,PER,9,85.908,SOFT,1,Lift and Coast
2023,Italian,FP3,PER,10,85.401,SOFT,1,Lift and Coast
2023,Italian,FP3,PER,11,85.919,SOFT,1,Lift and Coast
2023,Italian,FP3,PER,12,86.565,SOFT,0,Ritmo de carrera
2023,Italian,FP3,PER,13,86.514,SOFT,1,Lift and Coast
2023,Italian,FP3,PER,14,86.334,SOFT,1,Lift and Coast
2023,Italian,FP3,ALO,2,83.48,HARD,3,Vuelta de ataque
2023,Italian,FP3,ALO,4,82.901,HARD,3,Vuelta de ataque
2023,Italian,FP3,ALO,7,82.69,HARD,3,Vuelta de ataque
2023,Italian,FP3,ALO,9,84.76,HARD,3,Vuelta de ataque
2023,Italian,FP3,ALO,12,83.275,HARD,3,Vuelta de ataque
2023,Italian,FP3,ALO,16,81.798,SOFT,3,Vuelta de ataque
2023,Italian,FP3,ALO,19,81.711,SOFT,3,Vuelta de ataque
2023,Italian,FP3,ALO,22,81.823,SOFT,3,Vuelta de ataque
2023,Italian,FP3,LEC,2,83.046,SOFT,2,Tracción Comprometida
2023,Italian,FP3,LEC,5,82.711,SOFT,3,Vuelta de ataque
2023,Italian,FP3,LEC,8,85.111,SOFT,2,Tracción Comprometida
2023,Italian,FP3,LEC,9,84.578,SOFT,1,Lift and Coast
2023,Italian,FP3,LEC,10,84.558,SOFT,1,Lift and Coast
2023,Italian,FP3,LEC,11,84.559,SOFT,2,Tracción Comprometida
2023,Italian,FP3,LEC,12,84.872,SOFT,1,Lift and Coast
2023,Italian,FP3,LEC,13,85.178,SOFT,2,Tracción Comprometida
2023,Italian,FP3,LEC,14,85.521,SOFT,2,Tracción Comprometida
2023,Italian,FP3,LEC,19,81.486,SOFT,3,Vuelta de ataque
2023,Italian,FP3,LEC,21,82.072,SOFT,3,Vuelta de ataque
2023,Italian,FP3,STR,2,85.587,HARD,2,Tracción Comprometida
2023,Italian,FP3,STR,4,84.176,HARD,2,Tracción Comprometida
2023,Italian,FP3,STR,6,83.958,HARD,2,Tracción Comprometida
2023,Italian,FP3,STR,13,84.473,HARD,1,Lift and Coast
2023,Italian,FP3,STR,16,84.129,HARD,1,Lift and Coast
2023,Italian,FP3,STR,19,84.054,HARD,1,Lift and Coast
2023,Italian,FP3,STR,23,82.245,SOFT,2,Tracción Comprometida
2023,Italian,FP3,STR,26,82.468,SOFT,2,Tracción Comprometida
2023,Italian,FP3,STR,29,82.466,SOFT,3,Vuelta de ataque
2023,Italian,FP3,MAG,2,83.275,MEDIUM,3,Vuelta de ataque
2023,Italian,FP3,MAG,5,83.273,MEDIUM,3,Vuelta de ataque
2023,Italian,FP3,MAG,8,82.258,SOFT,3,Vuelta de ataque
2023,Italian,FP3,MAG,11,83.062,SOFT,1,Lift and Coast
2023,Italian,FP3,MAG,14,81.884,SOFT,3,Vuelta de ataque
2023,Italian,FP3,MAG,17,82.506,SOFT,3,Vuelta de ataque
2023,Italian,FP3,TSU,14,83.087,HARD,3,Vuelta de ataque
2023,Italian,FP3,TSU,16,82.946,HARD,3,Vuelta de ataque
2023,Italian,FP3,TSU,19,83.602,HARD,3,Vuelta de ataque
2023,Italian,FP3,TSU,22,82.347,MEDIUM,3,Vuelta de ataque
2023,Italian,FP3,TSU,25,82.297,MEDIUM,3,Vuelta de ataque
2023,Italian,FP3,ALB,2,82.874,SOFT,1,Lift and Coast
2023,Italian,FP3,ALB,6,82.114,MEDIUM,3,Vuelta de ataque
2023,Italian,FP3,ALB,11,82.054,HARD,3,Vuelta de ataque
2023,Italian,FP3,ALB,14,82.47,HARD,2,Tracción Comprometida
2023,Italian,FP3,ZHO,14,83.436,MEDIUM,3,Vuelta de ataque
2023,Italian,FP3,ZHO,16,83.211,MEDIUM,3,Vuelta de ataque
2023,Italian,FP3,ZHO,18,83.394,MEDIUM,3,Vuelta de ataque
2023,Italian,FP3,ZHO,21,82.743,HARD,3,Vuelta de ataque
2023,Italian,FP3,ZHO,25,82.742,HARD,3,Vuelta de ataque
2023,Italian,FP3,ZHO,27,83.418,HARD,3,Vuelta de ataque
2023,Italian,FP3,HUL,7,86.519,MEDIUM,1,Lift and Coast
2023,Italian,FP3,HUL,16,82.81,SOFT,3,Vuelta de ataque
2023,Italian,FP3,HUL,18,82.459,SOFT,3,Vuelta de ataque
2023,Italian,FP3,HUL,21,82.171,SOFT,3,Vuelta de ataque
2023,Italian,FP3,HUL,24,81.985,SOFT,3,Vuelta de ataque
2023,Italian,FP3,OCO,2,84.03,SOFT,3,Vuelta de ataque
2023,Italian,FP3,OCO,5,83.592,SOFT,3,Vuelta de ataque
2023,Italian,FP3,OCO,8,82.903,SOFT,3,Vuelta de ataque
2023,Italian,FP3,OCO,11,83.38,SOFT,3,Vuelta de ataque
2023,Italian,FP3,OCO,14,82.739,HARD,3,Vuelta de ataque
2023,Italian,FP3,OCO,16,82.78,HARD,3,Vuelta de ataque
2023,Italian,FP3,LAW,14,83.568,HARD,3,Vuelta de ataque
2023,Italian,FP3,LAW,16,83.155,HARD,3,Vuelta de ataque
2023,Italian,FP3,LAW,19,83.481,HARD,3,Vuelta de ataque
2023,Italian,FP3,LAW,22,82.78,MEDIUM,3,Vuelta de ataque
2023,Italian,FP3,LAW,25,82.296,MEDIUM,3,Vuelta de ataque
2023,Italian,FP3,HAM,2,82.955,SOFT,3,Vuelta de ataque
2023,Italian,FP3,HAM,6,82.279,SOFT,3,Vuelta de ataque
2023,Italian,FP3,HAM,10,85.428,SOFT,1,Lift and Coast
2023,Italian,FP3,HAM,11,85.206,SOFT,1,Lift and Coast
2023,Italian,FP3,HAM,12,84.713,SOFT,1,Lift and Coast
2023,Italian,FP3,HAM,13,84.897,SOFT,3,Vuelta de ataque
2023,Italian,FP3,HAM,16,81.453,SOFT,3,Vuelta de ataque
2023,Italian,FP3,HAM,19,81.617,SOFT,3,Vuelta de ataque
2023,Italian,FP3,SAI,2,82.662,SOFT,2,Tracción Comprometida
2023,Italian,FP3,SAI,6,82.415,SOFT,2,Tracción Comprometida
2023,Italian,FP3,SAI,9,85.974,SOFT,2,Tracción Comprometida
2023,Italian,FP3,SAI,10,84.399,SOFT,2,Tracción Comprometida
2023,Italian,FP3,SAI,11,84.747,SOFT,3,Vuelta de ataque
2023,Italian,FP3,SAI,12,84.73,SOFT,2,Tracción Comprometida
2023,Italian,FP3,SAI,13,84.945,SOFT,2,Tracción Comprometida
2023,Italian,FP3,SAI,14,84.904,SOFT,2,Tracción Comprometida
2023,Italian,FP3,SAI,15,84.978,SOFT,2,Tracción Comprometida
2023,Italian,FP3,SAI,18,80.912,SOFT,2,Tracción Comprometida
2023,Italian,FP3,SAI,21,81.54,SOFT,2,Tracción Comprometida
2023,Italian,FP3,RUS,2,82.977,SOFT,3,Vuelta de ataque
2023,Italian,FP3,RUS,6,82.698,SOFT,3,Vuelta de ataque
2023,Italian,FP3,RUS,9,85.543,SOFT,1,Lift and Coast
2023,Italian,FP3,RUS,10,85.16,SOFT,1,Lift and Coast
2023,Italian,FP3,RUS,11,84.966,SOFT,1,Lift and Coast
2023,Italian,FP3,RUS,12,85.25,SOFT,1,Lift and Coast
2023,Italian,FP3,RUS,13,84.913,SOFT,1,Lift and Coast
2023,Italian,FP3,RUS,16,81.73,SOFT,3,Vuelta de ataque
2023,Italian,FP3,RUS,21,81.928,SOFT,3,Vuelta de ataque
2023,Italian,FP3,BOT,14,83.422,MEDIUM,3,Vuelta de ataque
2023,Italian,FP3,BOT,16,83.581,MEDIUM,1,Lift and Coast
2023,Italian,FP3,BOT,18,83.423,MEDIUM,1,Lift and Coast
2023,Italian,FP3,BOT,21,82.58,HARD,0,Ritmo de carrera
2023,Italian,FP3,BOT,26,82.511,HARD,3,Vuelta de ataque
2023,Italian,FP3,BOT,28,83.302,HARD,2,Tracción Comprometida
2023,Italian,FP3,PIA,2,83.108,SOFT,3,Vuelta de ataque
2023,Italian,FP3,PIA,5,82.617,SOFT,3,Vuelta de ataque
2023,Italian,FP3,PIA,10,82.562,MEDIUM,3,Vuelta de ataque
2023,Italian,FP3,PIA,13,82.302,MEDIUM,1,Lift and Coast
2023,Italian,FP3,PIA,16,84.723,MEDIUM,1,Lift and Coast
2023,Italian,Q,SAI,2,82.321,HARD,2,Tracción Comprometida
2023,Italian,Q,SAI,5,81.965,HARD,1,Lift and Coast
2023,Italian,Q,SAI,8,82.086,HARD,2,Tracción Comprometida
2023,Italian,Q,SAI,11,80.991,MEDIUM,3,Vuelta de ataque
2023,Italian,Q,SAI,16,80.532,SOFT,3,Vuelta de ataque
2023,Italian,Q,SAI,19,80.294,SOFT,3,Vuelta de ataque
2023,Italian,Q,VER,2,82.047,HARD,3,Vuelta de ataque
2023,Italian,Q,VER,5,81.573,HARD,3,Vuelta de ataque
2023,Italian,Q,VER,8,81.722,HARD,3,Vuelta de ataque
2023,Italian,Q,VER,11,81.035,MEDIUM,3,Vuelta de ataque
2023,Italian,Q,VER,14,80.937,MEDIUM,3,Vuelta de ataque
2023,Italian,Q,VER,17,80.631,SOFT,3,Vuelta de ataque
2023,Italian,Q,VER,20,80.307,SOFT,3,Vuelta de ataque
2023,Italian,Q,LEC,2,82.496,HARD,2,Tracción Comprometida
2023,Italian,Q,LEC,5,81.996,HARD,3,Vuelta de ataque
2023,Italian,Q,LEC,8,81.788,HARD,2,Tracción Comprometida
2023,Italian,Q,LEC,11,81.175,MEDIUM,1,Lift and Coast
2023,Italian,Q,LEC,14,80.977,MEDIUM,3,Vuelta de ataque
2023,Italian,Q,LEC,17,80.564,SOFT,3,Vuelta de ataque
2023,Italian,Q,LEC,20,80.361,SOFT,3,Vuelta de ataque
2023,Italian,Q,RUS,2,82.148,HARD,3,Vuelta de ataque
2023,Italian,Q,RUS,5,82.247,HARD,3,Vuelta de ataque
2023,Italian,Q,RUS,8,82.34,HARD,3,Vuelta de ataque
2023,Italian,Q,RUS,11,81.48,MEDIUM,3,Vuelta de ataque
2023,Italian,Q,RUS,14,81.382,MEDIUM,3,Vuelta de ataque
2023,Italian,Q,RUS,17,80.763,SOFT,3,Vuelta de ataque
2023,Italian,Q,RUS,20,80.671,SOFT,3,Vuelta de ataque
2023,Italian,Q,PER,2,82.226,HARD,3,Vuelta de ataque
2023,Italian,Q,PER,5,81.911,HARD,3,Vuelta de ataque
2023,Italian,Q,PER,8,81.942,HARD,3,Vuelta de ataque
2023,Italian,Q,PER,11,81.413,MEDIUM,3,Vuelta de ataque
2023,Italian,Q,PER,14,81.24,MEDIUM,3,Vuelta de ataque
2023,Italian,Q,PER,17,80.921,SOFT,3,Vuelta de ataque
2023,Italian,Q,PER,20,80.688,SOFT,3,Vuelta de ataque
2023,Italian,Q,ALB,2,82.123,HARD,3,Vuelta de ataque
2023,Italian,Q,ALB,5,82.271,HARD,1,Lift and Coast
2023,Italian,Q,ALB,8,81.661,HARD,2,Tracción Comprometida
2023,Italian,Q,ALB,11,81.272,MEDIUM,3,Vuelta de ataque
2023,Italian,Q,ALB,14,81.416,MEDIUM,3,Vuelta de ataque
2023,Italian,Q,ALB,17,80.872,SOFT,3,Vuelta de ataque
2023,Italian,Q,ALB,20,80.76,SOFT,3,Vuelta de ataque
2023,Italian,Q,PIA,2,83.003,HARD,1,Lift and Coast
2023,Italian,Q,PIA,4,82.987,HARD,1,Lift and Coast
2023,Italian,Q,PIA,7,82.235,HARD,3,Vuelta de ataque
2023,Italian,Q,PIA,9,82.106,HARD,1,Lift and Coast
2023,Italian,Q,PIA,12,81.745,MEDIUM,3,Vuelta de ataque
2023,Italian,Q,PIA,14,81.8,MEDIUM,3,Vuelta de ataque
2023,Italian,Q,PIA,17,81.527,MEDIUM,3,Vuelta de ataque
2023,Italian,Q,PIA,20,81.12,SOFT,3,Vuelta de ataque
2023,Italian,Q,PIA,23,80.785,SOFT,3,Vuelta de ataque
2023,Italian,Q,HAM,2,82.513,HARD,3,Vuelta de ataque
2023,Italian,Q,HAM,5,82.233,HARD,3,Vuelta de ataque
2023,Italian,Q,HAM,8,81.977,HARD,2,Tracción Comprometida
2023,Italian,Q,HAM,11,81.866,MEDIUM,3,Vuelta de ataque
2023,Italian,Q,HAM,14,81.369,MEDIUM,3,Vuelta de ataque
2023,Italian,Q,HAM,17,81.298,SOFT,3,Vuelta de ataque
2023,Italian,Q,HAM,20,80.82,SOFT,3,Vuelta de ataque
2023,Italian,Q,NOR,2,82.496,HARD,2,Tracción Comprometida
2023,Italian,Q,NOR,4,82.457,HARD,3,Vuelta de ataque
2023,Italian,Q,NOR,7,81.995,HARD,3,Vuelta de ataque
2023,Italian,Q,NOR,11,81.581,MEDIUM,3,Vuelta de ataque
2023,Italian,Q,NOR,13,81.911,MEDIUM,3,Vuelta de ataque
2023,Italian,Q,NOR,16,81.717,MEDIUM,3,Vuelta de ataque
2023,Italian,Q,NOR,19,80.979,SOFT,3,Vuelta de ataque
2023,Italian,Q,NOR,22,81.028,SOFT,1,Lift and Coast
2023,Italian,Q,ALO,2,82.48,HARD,3,Vuelta de ataque
2023,Italian,Q,ALO,4,82.043,HARD,3,Vuelta de ataque
2023,Italian,Q,ALO,10,81.543,MEDIUM,3,Vuelta de ataque
2023,Italian,Q,ALO,15,81.417,SOFT,3,Vuelta de ataque
2023,Italian,Q,ALO,18,81.569,SOFT,3,Vuelta de ataque
2023,Italian,Q,TSU,2,83.234,HARD,3,Vuelta de ataque
2023,Italian,Q,TSU,5,82.13,HARD,3,Vuelta de ataque
2023,Italian,Q,TSU,8,81.852,HARD,3,Vuelta de ataque
2023,Italian,Q,TSU,11,81.768,MEDIUM,3,Vuelta de ataque
2023,Italian,Q,TSU,14,81.594,MEDIUM,3,Vuelta de ataque
2023,Italian,Q,LAW,2,83.901,HARD,3,Vuelta de ataque
2023,Italian,Q,LAW,5,82.224,HARD,3,Vuelta de ataque
2023,Italian,Q,LAW,8,82.112,HARD,3,Vuelta de ataque
2023,Italian,Q,LAW,11,81.915,MEDIUM,3,Vuelta de ataque
2023,Italian,Q,LAW,14,81.758,MEDIUM,3,Vuelta de ataque
2023,Italian,Q,HUL,2,83.284,HARD,3,Vuelta de ataque
2023,Italian,Q,HUL,4,82.988,HARD,3,Vuelta de ataque
2023,Italian,Q,HUL,7,82.377,HARD,3,Vuelta de ataque
2023,Italian,Q,HUL,9,82.343,HARD,3,Vuelta de ataque
2023,Italian,Q,HUL,12,81.776,MEDIUM,3,Vuelta de ataque
2023,Italian,Q,HUL,15,81.838,MEDIUM,3,Vuelta de ataque
2023,Italian,Q,BOT,2,82.658,HARD,1,Lift and Coast
2023,Italian,Q,BOT,4,82.726,HARD,3,Vuelta de ataque
2023,Italian,Q,BOT,7,82.249,HARD,3,Vuelta de ataque
2023,Italian,Q,BOT,10,81.947,MEDIUM,0,Ritmo de carrera
2023,Italian,Q,BOT,13,81.94,MEDIUM,2,Tracción Comprometida
2023,Italian,Q,SAR,2,82.367,HARD,3,Vuelta de ataque
2023,Italian,Q,SAR,5,83.967,HARD,2,Tracción Comprometida
2023,Italian,Q,SAR,8,81.93,HARD,3,Vuelta de ataque
2023,Italian,Q,SAR,11,81.944,MEDIUM,3,Vuelta de ataque
2023,Italian,Q,SAR,14,82.427,MEDIUM,1,Lift and Coast
2023,Italian,Q,ZHO,2,82.39,HARD,3,Vuelta de ataque
2023,Italian,Q,ZHO,4,83.571,HARD,3,Vuelta de ataque
2023,Italian,Q,ZHO,7,82.429,HARD,3,Vuelta de ataque
2023,Italian,Q,GAS,2,82.862,HARD,1,Lift and Coast
2023,Italian,Q,GAS,6,82.545,HARD,3,Vuelta de ataque
2023,Italian,Q,OCO,2,83.276,HARD,3,Vuelta de ataque
2023,Italian,Q,OCO,4,83.248,HARD,3,Vuelta de ataque
2023,Italian,Q,OCO,7,82.548,HARD,3,Vuelta de ataque
2023,Italian,Q,MAG,2,82.853,HARD,3,Vuelta de ataque
2023,Italian,Q,MAG,6,82.592,HARD,3,Vuelta de ataque
2023,Italian,Q,STR,3,83.576,HARD,2,Tracción Comprometida
2023,Italian,Q,STR,6,82.86,HARD,2,Tracción Comprometida
2023,Italian,Q,STR,8,82.883,HARD,2,Tracción Comprometida
2023,Italian,R,VER,1,87.905,MEDIUM,0,Ritmo de carrera
2023,Italian,R,VER,2,86.163,MEDIUM,0,Ritmo de carrera
2023,Italian,R,VER,3,85.702,MEDIUM,0,Ritmo de carrera
2023,Italian,R,VER,4,86.05,MEDIUM,0,Ritmo de carrera
2023,Italian,R,VER,5,86.176,MEDIUM,0,Ritmo de carrera
2023,Italian,R,VER,6,86.837,MEDIUM,0,Ritmo de carrera
2023,Italian,R,VER,7,86.368,MEDIUM,0,Ritmo de carrera
2023,Italian,R,VER,8,85.99,MEDIUM,0,Ritmo de carrera
2023,Italian,R,VER,9,86.605,MEDIUM,2,Tracción Comprometida
2023,Italian,R,VER,10,86.603,MEDIUM,0,Ritmo de carrera
2023,Italian,R,VER,11,86.643,MEDIUM,0,Ritmo de carrera
2023,Italian,R,VER,12,86.442,MEDIUM,0,Ritmo de carrera
2023,Italian,R,VER,13,86.666,MEDIUM,0,Ritmo de carrera
2023,Italian,R,VER,14,87.028,MEDIUM,0,Ritmo de carrera
2023,Italian,R,VER,15,86.782,MEDIUM,2,Tracción Comprometida
2023,Italian,R,VER,16,86.718,MEDIUM,2,Tracción Comprometida
2023,Italian,R,VER,17,86.733,MEDIUM,1,Lift and Coast
2023,Italian,R,VER,18,86.273,MEDIUM,0,Ritmo de carrera
2023,Italian,R,VER,19,86.438,MEDIUM,0,Ritmo de carrera
2023,Italian,R,VER,20,90.849,MEDIUM,1,Lift and Coast
2023,Italian,R,VER,22,85.885,HARD,0,Ritmo de carrera
2023,Italian,R,VER,23,86.159,HARD,0,Ritmo de carrera
2023,Italian,R,VER,24,86.327,HARD,1,Lift and Coast
2023,Italian,R,VER,25,85.914,HARD,2,Tracción Comprometida
2023,Italian,R,VER,26,85.786,HARD,1,Lift and Coast
2023,Italian,R,VER,27,85.501,HARD,1,Lift and Coast
2023,Italian,R,VER,28,85.434,HARD,2,Tracción Comprometida
2023,Italian,R,VER,29,85.471,HARD,2,Tracción Comprometida
2023,Italian,R,VER,30,85.398,HARD,1,Lift and Coast
2023,Italian,R,VER,31,85.502,HARD,2,Tracción Comprometida
2023,Italian,R,VER,32,85.41,HARD,0,Ritmo de carrera
2023,Italian,R,VER,33,85.24,HARD,2,Tracción Comprometida
2023,Italian,R,VER,34,85.683,HARD,1,Lift and Coast
2023,Italian,R,VER,35,85.815,HARD,1,Lift and Coast
2023,Italian,R,VER,36,85.598,HARD,0,Ritmo de carrera
2023,Italian,R,VER,37,85.683,HARD,1,Lift and Coast
2023,Italian,R,VER,38,85.585,HARD,1,Lift and Coast
2023,Italian,R,VER,39,85.486,HARD,0,Ritmo de carrera
2023,Italian,R,VER,40,85.901,HARD,1,Lift and Coast
2023,Italian,R,VER,41,85.779,HARD,0,Ritmo de carrera
2023,Italian,R,VER,42,85.912,HARD,1,Lift and Coast
2023,Italian,R,VER,43,85.994,HARD,1,Lift and Coast
2023,Italian,R,VER,44,85.751,HARD,1,Lift and Coast
2023,Italian,R,VER,45,85.916,HARD,1,Lift and Coast
2023,Italian,R,VER,46,86.185,HARD,1,Lift and Coast
2023,Italian,R,VER,47,86.137,HARD,1,Lift and Coast
2023,Italian,R,GAS,2,88.696,MEDIUM,0,Ritmo de carrera
2023,Italian,R,GAS,3,87.916,MEDIUM,0,Ritmo de carrera
2023,Italian,R,GAS,4,87.472,MEDIUM,0,Ritmo de carrera
2023,Italian,R,GAS,5,87.694,MEDIUM,0,Ritmo de carrera
2023,Italian,R,GAS,6,87.324,MEDIUM,0,Ritmo de carrera
2023,Italian,R,GAS,7,87.21,MEDIUM,0,Ritmo de carrera
2023,Italian,R,GAS,8,87.24,MEDIUM,0,Ritmo de carrera
2023,Italian,R,GAS,9,87.366,MEDIUM,1,Lift and Coast
2023,Italian,R,GAS,12,87.431,HARD,1,Lift and Coast
2023,Italian,R,GAS,13,87.368,HARD,1,Lift and Coast
2023,Italian,R,GAS,14,87.348,HARD,1,Lift and Coast
2023,Italian,R,GAS,15,87.363,HARD,1,Lift and Coast
2023,Italian,R,GAS,16,87.088,HARD,1,Lift and Coast
2023,Italian,R,GAS,17,87.076,HARD,1,Lift and Coast
2023,Italian,R,GAS,18,87.053,HARD,1,Lift and Coast
2023,Italian,R,GAS,19,87.136,HARD,1,Lift and Coast
2023,Italian,R,GAS,20,87.035,HARD,0,Ritmo de carrera
2023,Italian,R,GAS,21,87.706,HARD,0,Ritmo de carrera
2023,Italian,R,GAS,22,87.219,HARD,1,Lift and Coast
2023,Italian,R,GAS,23,87.454,HARD,1,Lift and Coast
2023,Italian,R,GAS,24,87.06,HARD,1,Lift and Coast
2023,Italian,R,GAS,25,87.223,HARD,0,Ritmo de carrera
2023,Italian,R,GAS,26,87.59,HARD,1,Lift and Coast
2023,Italian,R,GAS,27,87.189,HARD,0,Ritmo de carrera
2023,Italian,R,GAS,28,87.521,HARD,1,Lift and Coast
2023,Italian,R,GAS,29,87.383,HARD,3,Vuelta de ataque
2023,Italian,R,GAS,30,87.658,HARD,1,Lift and Coast
2023,Italian,R,GAS,33,86.439,MEDIUM,1,Lift and Coast
2023,Italian,R,GAS,34,86.877,MEDIUM,1,Lift and Coast
2023,Italian,R,GAS,35,86.903,MEDIUM,3,Vuelta de ataque
2023,Italian,R,GAS,36,86.797,MEDIUM,3,Vuelta de ataque
2023,Italian,R,GAS,37,86.499,MEDIUM,1,Lift and Coast
2023,Italian,R,GAS,38,86.357,MEDIUM,3,Vuelta de ataque
2023,Italian,R,GAS,39,86.736,MEDIUM,1,Lift and Coast
2023,Italian,R,GAS,40,86.548,MEDIUM,1,Lift and Coast
2023,Italian,R,GAS,41,86.346,MEDIUM,1,Lift and Coast
2023,Italian,R,GAS,42,86.425,MEDIUM,1,Lift and Coast
2023,Italian,R,GAS,43,85.921,MEDIUM,1,Lift and Coast
2023,Italian,R,GAS,44,85.758,MEDIUM,3,Vuelta de ataque
2023,Italian,R,GAS,45,86.297,MEDIUM,1,Lift and Coast
2023,Italian,R,GAS,46,86.292,MEDIUM,1,Lift and Coast
2023,Italian,R,GAS,47,86.144,MEDIUM,1,Lift and Coast
2023,Italian,R,GAS,48,86.288,MEDIUM,3,Vuelta de ataque
2023,Italian,R,GAS,49,87.913,MEDIUM,0,Ritmo de carrera
2023,Italian,R,GAS,50,87.375,MEDIUM,0,Ritmo de carrera
2023,Italian,R,PER,1,89.806,MEDIUM,0,Ritmo de carrera
2023,Italian,R,PER,2,86.881,MEDIUM,0,Ritmo de carrera
2023,Italian,R,PER,3,86.143,MEDIUM,0,Ritmo de carrera
2023,Italian,R,PER,4,86.019,MEDIUM,0,Ritmo de carrera
2023,Italian,R,PER,5,86.354,MEDIUM,0,Ritmo de carrera
2023,Italian,R,PER,6,86.465,MEDIUM,0,Ritmo de carrera
2023,Italian,R,PER,7,86.333,MEDIUM,0,Ritmo de carrera
2023,Italian,R,PER,8,86.887,MEDIUM,0,Ritmo de carrera
2023,Italian,R,PER,9,86.564,MEDIUM,0,Ritmo de carrera
2023,Italian,R,PER,10,86.454,MEDIUM,0,Ritmo de carrera
2023,Italian,R,PER,11,87.245,MEDIUM,2,Tracción Comprometida
2023,Italian,R,PER,12,86.968,MEDIUM,0,Ritmo de carrera
2023,Italian,R,PER,13,87.014,MEDIUM,0,Ritmo de carrera
2023,Italian,R,PER,14,87.451,MEDIUM,2,Tracción Comprometida
2023,Italian,R,PER,15,86.779,MEDIUM,0,Ritmo de carrera
2023,Italian,R,PER,16,86.823,MEDIUM,0,Ritmo de carrera
2023,Italian,R,PER,17,87.011,MEDIUM,1,Lift and Coast
2023,Italian,R,PER,18,86.765,MEDIUM,0,Ritmo de carrera
2023,Italian,R,PER,19,86.669,MEDIUM,0,Ritmo de carrera
2023,Italian,R,PER,20,86.509,MEDIUM,0,Ritmo de carrera
2023,Italian,R,PER,21,90.934,MEDIUM,0,Ritmo de carrera
2023,Italian,R,PER,23,85.564,HARD,0,Ritmo de carrera
2023,Italian,R,PER,24,85.759,HARD,0,Ritmo de carrera
2023,Italian,R,PER,25,86.005,HARD,0,Ritmo de carrera
2023,Italian,R,PER,26,85.884,HARD,0,Ritmo de carrera
2023,Italian,R,PER,27,86.456,HARD,0,Ritmo de carrera
2023,Italian,R,PER,28,85.584,HARD,0,Ritmo de carrera
2023,Italian,R,PER,29,85.606,HARD,0,Ritmo de carrera
2023,Italian,R,PER,30,85.757,HARD,0,Ritmo de carrera
2023,Italian,R,PER,31,86.415,HARD,0,Ritmo de carrera
2023,Italian,R,PER,32,85.88,HARD,0,Ritmo de carrera
2023,Italian,R,PER,33,86.02,HARD,1,Lift and Coast
2023,Italian,R,PER,34,85.948,HARD,0,Ritmo de carrera
2023,Italian,R,PER,35,85.651,HARD,0,Ritmo de carrera
2023,Italian,R,PER,36,85.627,HARD,0,Ritmo de carrera
2023,Italian,R,PER,37,85.757,HARD,0,Ritmo de carrera
2023,Italian,R,PER,38,85.584,HARD,0,Ritmo de carrera
2023,Italian,R,PER,39,85.522,HARD,0,Ritmo de carrera
2023,Italian,R,PER,40,85.626,HARD,0,Ritmo de carrera
2023,Italian,R,PER,41,86.719,HARD,0,Ritmo de carrera
2023,Italian,R,PER,42,86.539,HARD,0,Ritmo de carrera
2023,Italian,R,PER,43,86.624,HARD,0,Ritmo de carrera
2023,Italian,R,PER,44,86.329,HARD,0,Ritmo de carrera
2023,Italian,R,PER,45,86.573,HARD,0,Ritmo de carrera
2023,Italian,R,PER,46,85.598,HARD,0,Ritmo de carrera
2023,Italian,R,PER,47,86.476,HARD,0,Ritmo de carrera
2023,Italian,R,PER,48,86.108,HARD,0,Ritmo de carrera
2023,Italian,R,PER,49,86.006,HARD,0,Ritmo de carrera
2023,Italian,R,PER,50,86.385,HARD,1,Lift and Coast
2023,Italian,R,PER,51,85.903,HARD,0,Ritmo de carrera
2023,Italian,R,ALO,2,88.012,MEDIUM,0,Ritmo de carrera
2023,Italian,R,ALO,3,87.546,MEDIUM,0,Ritmo de carrera
2023,Italian,R,ALO,4,87.221,MEDIUM,0,Ritmo de carrera
2023,Italian,R,ALO,5,87.033,MEDIUM,0,Ritmo de carrera
2023,Italian,R,ALO,6,87.175,MEDIUM,0,Ritmo de carrera
2023,Italian,R,ALO,7,86.929,MEDIUM,0,Ritmo de carrera
2023,Italian,R,ALO,8,86.943,MEDIUM,0,Ritmo de carrera
2023,Italian,R,ALO,9,87.383,MEDIUM,1,Lift and Coast
2023,Italian,R,ALO,10,87.368,MEDIUM,1,Lift and Coast
2023,Italian,R,ALO,11,87.343,MEDIUM,0,Ritmo de carrera
2023,Italian,R,ALO,12,87.339,MEDIUM,1,Lift and Coast
2023,Italian,R,ALO,13,87.158,MEDIUM,1,Lift and Coast
2023,Italian,R,ALO,14,87.607,MEDIUM,0,Ritmo de carrera
2023,Italian,R,ALO,15,86.929,MEDIUM,0,Ritmo de carrera
2023,Italian,R,ALO,16,87.164,MEDIUM,0,Ritmo de carrera
2023,Italian,R,ALO,17,87.156,MEDIUM,0,Ritmo de carrera
2023,Italian,R,ALO,18,87.275,MEDIUM,0,Ritmo de carrera
2023,Italian,R,ALO,19,87.318,MEDIUM,2,Tracción Comprometida
2023,Italian,R,ALO,20,88.284,MEDIUM,2,Tracción Comprometida
2023,Italian,R,ALO,23,86.849,HARD,1,Lift and Coast
2023,Italian,R,ALO,24,86.949,HARD,1,Lift and Coast
2023,Italian,R,ALO,25,86.899,HARD,0,Ritmo de carrera
2023,Italian,R,ALO,26,86.792,HARD,1,Lift and Coast
2023,Italian,R,ALO,27,86.666,HARD,2,Tracción Comprometida
2023,Italian,R,ALO,28,86.723,HARD,1,Lift and Coast
2023,Italian,R,ALO,29,86.997,HARD,0,Ritmo de carrera
2023,Italian,R,ALO,30,86.915,HARD,2,Tracción Comprometida
2023,Italian,R,ALO,31,86.848,HARD,1,Lift and Coast
2023,Italian,R,ALO,32,86.747,HARD,0,Ritmo de carrera
2023,Italian,R,ALO,33,86.769,HARD,0,Ritmo de carrera
2023,Italian,R,ALO,34,86.563,HARD,2,Tracción Comprometida
2023,Italian,R,ALO,35,86.517,HARD,0,Ritmo de carrera
2023,Italian,R,ALO,36,86.457,HARD,0,Ritmo de carrera
2023,Italian,R,ALO,37,86.38,HARD,1,Lift and Coast
2023,Italian,R,ALO,38,86.574,HARD,0,Ritmo de carrera
2023,Italian,R,ALO,39,86.707,HARD,0,Ritmo de carrera
2023,Italian,R,ALO,40,86.61,HARD,0,Ritmo de carrera
2023,Italian,R,ALO,41,86.815,HARD,0,Ritmo de carrera
2023,Italian,R,ALO,42,86.403,HARD,0,Ritmo de carrera
2023,Italian,R,ALO,43,86.105,HARD,2,Tracción Comprometida
2023,Italian,R,ALO,44,86.155,HARD,2,Tracción Comprometida
2023,Italian,R,ALO,45,86.277,HARD,2,Tracción Comprometida
2023,Italian,R,ALO,46,86.453,HARD,0,Ritmo de carrera
2023,Italian,R,ALO,47,86.912,HARD,0,Ritmo de carrera
2023,Italian,R,ALO,48,87.183,HARD,0,Ritmo de carrera
2023,Italian,R,ALO,49,87.245,HARD,0,Ritmo de carrera
2023,Italian,R,ALO,50,87.36,HARD,0,Ritmo de carrera
2023,Italian,R,ALO,51,87.395,HARD,0,Ritmo de carrera
2023,Italian,R,LEC,1,88.755,MEDIUM,2,Tracción Comprometida
2023,Italian,R,LEC,2,86.312,MEDIUM,2,Tracción Comprometida
2023,Italian,R,LEC,3,85.719,MEDIUM,2,Tracción Comprometida
2023,Italian,R,LEC,4,86.025,MEDIUM,2,Tracción Comprometida
2023,Italian,R,LEC,5,86.266,MEDIUM,2,Tracción Comprometida
2023,Italian,R,LEC,6,86.483,MEDIUM,2,Tracción Comprometida
2023,Italian,R,LEC,7,86.473,MEDIUM,1,Lift and Coast
2023,Italian,R,LEC,8,85.972,MEDIUM,0,Ritmo de carrera
2023,Italian,R,LEC,9,86.678,MEDIUM,2,Tracción Comprometida
2023,Italian,R,LEC,10,86.787,MEDIUM,2,Tracción Comprometida
2023,Italian,R,LEC,11,86.838,MEDIUM,1,Lift and Coast
2023,Italian,R,LEC,12,86.694,MEDIUM,2,Tracción Comprometida
2023,Italian,R,LEC,13,86.557,MEDIUM,2,Tracción Comprometida
2023,Italian,R,LEC,14,86.94,MEDIUM,2,Tracción Comprometida
2023,Italian,R,LEC,15,87.314,MEDIUM,2,Tracción Comprometida
2023,Italian,R,LEC,16,87.155,MEDIUM,2,Tracción Comprometida
2023,Italian,R,LEC,17,87.67,MEDIUM,2,Tracción Comprometida
2023,Italian,R,LEC,18,87.498,MEDIUM,0,Ritmo de carrera
2023,Italian,R,LEC,19,87.702,MEDIUM,0,Ritmo de carrera
2023,Italian,R,LEC,22,85.742,HARD,2,Tracción Comprometida
2023,Italian,R,LEC,23,85.807,HARD,1,Lift and Coast
2023,Italian,R,LEC,24,85.933,HARD,0,Ritmo de carrera
2023,Italian,R,LEC,25,86.061,HARD,2,Tracción Comprometida
2023,Italian,R,LEC,26,85.763,HARD,2,Tracción Comprometida
2023,Italian,R,LEC,27,86.234,HARD,0,Ritmo de carrera
2023,Italian,R,LEC,28,85.663,HARD,2,Tracción Comprometida
2023,Italian,R,LEC,29,85.814,HARD,2,Tracción Comprometida
2023,Italian,R,LEC,30,85.782,HARD,2,Tracción Comprometida
2023,Italian,R,LEC,31,86.496,HARD,1,Lift and Coast
2023,Italian,R,LEC,32,86.869,HARD,2,Tracción Comprometida
2023,Italian,R,LEC,33,85.962,HARD,0,Ritmo de carrera
2023,Italian,R,LEC,34,85.851,HARD,2,Tracción Comprometida
2023,Italian,R,LEC,35,85.85,HARD,0,Ritmo de carrera
2023,Italian,R,LEC,36,85.631,HARD,0,Ritmo de carrera
2023,Italian,R,LEC,37,85.671,HARD,0,Ritmo de carrera
2023,Italian,R,LEC,38,85.58,HARD,0,Ritmo de carrera
2023,Italian,R,LEC,39,85.629,HARD,2,Tracción Comprometida
2023,Italian,R,LEC,40,85.728,HARD,0,Ritmo de carrera
2023,Italian,R,LEC,41,86.511,HARD,0,Ritmo de carrera
2023,Italian,R,LEC,42,86.448,HARD,2,Tracción Comprometida
2023,Italian,R,LEC,43,86.597,HARD,0,Ritmo de carrera
2023,Italian,R,LEC,44,86.586,HARD,2,Tracción Comprometida
2023,Italian,R,LEC,45,86.321,HARD,2,Tracción Comprometida
2023,Italian,R,LEC,46,86.58,HARD,2,Tracción Comprometida
2023,Italian,R,LEC,47,87.371,HARD,2,Tracción Comprometida
2023,Italian,R,LEC,48,86.828,HARD,2,Tracción Comprometida
2023,Italian,R,LEC,49,86.633,HARD,2,Tracción Comprometida
2023,Italian,R,LEC,50,86.961,HARD,2,Tracción Comprometida
2023,Italian,R,LEC,51,86.783,HARD,2,Tracción Comprometida
2023,Italian,R,STR,2,88.953,MEDIUM,0,Ritmo de carrera
2023,Italian,R,STR,3,88.614,MEDIUM,0,Ritmo de carrera
2023,Italian,R,STR,4,87.725,MEDIUM,0,Ritmo de carrera
2023,Italian,R,STR,5,87.574,MEDIUM,0,Ritmo de carrera
2023,Italian,R,STR,6,87.656,MEDIUM,0,Ritmo de carrera
2023,Italian,R,STR,7,87.1,MEDIUM,0,Ritmo de carrera
2023,Italian,R,STR,8,87.362,MEDIUM,0,Ritmo de carrera
2023,Italian,R,STR,9,87.312,MEDIUM,2,Tracción Comprometida
2023,Italian,R,STR,10,87.539,MEDIUM,0,Ritmo de carrera
2023,Italian,R,STR,11,87.369,MEDIUM,0,Ritmo de carrera
2023,Italian,R,STR,12,87.81,MEDIUM,0,Ritmo de carrera
2023,Italian,R,STR,13,88.222,MEDIUM,0,Ritmo de carrera
2023,Italian,R,STR,14,88.057,MEDIUM,1,Lift and Coast
2023,Italian,R,STR,15,88.179,MEDIUM,0,Ritmo de carrera
2023,Italian,R,STR,16,88.08,MEDIUM,0,Ritmo de carrera
2023,Italian,R,STR,17,87.909,MEDIUM,0,Ritmo de carrera
2023,Italian,R,STR,18,88.401,MEDIUM,0,Ritmo de carrera
2023,Italian,R,STR,19,88.05,MEDIUM,0,Ritmo de carrera
2023,Italian,R,STR,22,86.742,HARD,1,Lift and Coast
2023,Italian,R,STR,23,86.968,HARD,1,Lift and Coast
2023,Italian,R,STR,24,87.34,HARD,1,Lift and Coast
2023,Italian,R,STR,25,87.176,HARD,1,Lift and Coast
2023,Italian,R,STR,26,87.259,HARD,1,Lift and Coast
2023,Italian,R,STR,27,86.675,HARD,1,Lift and Coast
2023,Italian,R,STR,28,87.085,HARD,1,Lift and Coast
2023,Italian,R,STR,29,86.809,HARD,1,Lift and Coast
2023,Italian,R,STR,30,86.924,HARD,1,Lift and Coast
2023,Italian,R,STR,31,86.617,HARD,0,Ritmo de carrera
2023,Italian,R,STR,32,86.832,HARD,0,Ritmo de carrera
2023,Italian,R,STR,33,87.121,HARD,0,Ritmo de carrera
2023,Italian,R,STR,34,87.298,HARD,1,Lift and Coast
2023,Italian,R,STR,35,86.97,HARD,1,Lift and Coast
2023,Italian,R,STR,36,87.096,HARD,0,Ritmo de carrera
2023,Italian,R,STR,37,87.373,HARD,1,Lift and Coast
2023,Italian,R,STR,38,86.902,HARD,0,Ritmo de carrera
2023,Italian,R,STR,39,86.904,HARD,1,Lift and Coast
2023,Italian,R,STR,40,87.072,HARD,0,Ritmo de carrera
2023,Italian,R,STR,41,86.916,HARD,0,Ritmo de carrera
2023,Italian,R,STR,42,87.067,HARD,1,Lift and Coast
2023,Italian,R,STR,44,88.214,HARD,1,Lift and Coast
2023,Italian,R,STR,45,88.336,HARD,1,Lift and Coast
2023,Italian,R,STR,46,87.153,HARD,1,Lift and Coast
2023,Italian,R,STR,47,87.267,HARD,0,Ritmo de carrera
2023,Italian,R,STR,48,87.59,HARD,0,Ritmo de carrera
2023,Italian,R,STR,49,89.467,HARD,0,Ritmo de carrera
2023,Italian,R,STR,50,90.865,HARD,0,Ritmo de carrera
2023,Italian,R,SAR,2,88.08,MEDIUM,0,Ritmo de carrera
2023,Italian,R,SAR,3,87.647,MEDIUM,0,Ritmo de carrera
2023,Italian,R,SAR,4,87.389,MEDIUM,0,Ritmo de carrera
2023,Italian,R,SAR,5,87.17,MEDIUM,0,Ritmo de carrera
2023,Italian,R,SAR,6,87.135,MEDIUM,0,Ritmo de carrera
2023,Italian,R,SAR,7,87.251,MEDIUM,0,Ritmo de carrera
2023,Italian,R,SAR,8,87.233,MEDIUM,0,Ritmo de carrera
2023,Italian,R,SAR,9,87.459,MEDIUM,1,Lift and Coast
2023,Italian,R,SAR,10,87.685,MEDIUM,0,Ritmo de carrera
2023,Italian,R,SAR,11,87.804,MEDIUM,0,Ritmo de carrera
2023,Italian,R,SAR,12,88.694,MEDIUM,0,Ritmo de carrera
2023,Italian,R,SAR,13,87.799,MEDIUM,0,Ritmo de carrera
2023,Italian,R,SAR,16,86.84,HARD,0,Ritmo de carrera
2023,Italian,R,SAR,17,87.0,HARD,0,Ritmo de carrera
2023,Italian,R,SAR,18,86.906,HARD,1,Lift and Coast
2023,Italian,R,SAR,19,87.165,HARD,0,Ritmo de carrera
2023,Italian,R,SAR,20,87.28,HARD,1,Lift and Coast
2023,Italian,R,SAR,21,87.363,HARD,0,Ritmo de carrera
2023,Italian,R,SAR,22,87.465,HARD,0,Ritmo de carrera
2023,Italian,R,SAR,23,87.149,HARD,0,Ritmo de carrera
2023,Italian,R,SAR,24,87.104,HARD,1,Lift and Coast
2023,Italian,R,SAR,25,87.165,HARD,1,Lift and Coast
2023,Italian,R,SAR,26,87.021,HARD,1,Lift and Coast
2023,Italian,R,SAR,27,87.253,HARD,1,Lift and Coast
2023,Italian,R,SAR,28,87.546,HARD,0,Ritmo de carrera
2023,Italian,R,SAR,29,87.545,HARD,0,Ritmo de carrera
2023,Italian,R,SAR,30,87.121,HARD,1,Lift and Coast
2023,Italian,R,SAR,31,87.461,HARD,0,Ritmo de carrera
2023,Italian,R,SAR,32,87.522,HARD,1,Lift and Coast
2023,Italian,R,SAR,33,87.293,HARD,0,Ritmo de carrera
2023,Italian,R,SAR,34,87.219,HARD,1,Lift and Coast
2023,Italian,R,SAR,35,87.233,HARD,2,Tracción Comprometida
2023,Italian,R,SAR,36,87.142,HARD,1,Lift and Coast
2023,Italian,R,SAR,37,87.292,HARD,0,Ritmo de carrera
2023,Italian,R,SAR,38,87.103,HARD,0,Ritmo de carrera
2023,Italian,R,SAR,39,87.137,HARD,1,Lift and Coast
2023,Italian,R,SAR,40,87.64,HARD,0,Ritmo de carrera
2023,Italian,R,SAR,41,87.18,HARD,1,Lift and Coast
2023,Italian,R,SAR,42,87.176,HARD,1,Lift and Coast
2023,Italian,R,SAR,43,89.385,HARD,0,Ritmo de carrera
2023,Italian,R,SAR,44,87.686,HARD,1,Lift and Coast
2023,Italian,R,SAR,45,87.502,HARD,1,Lift and Coast
2023,Italian,R,SAR,46,87.709,HARD,1,Lift and Coast
2023,Italian,R,SAR,47,87.622,HARD,1,Lift and Coast
2023,Italian,R,SAR,48,87.44,HARD,0,Ritmo de carrera
2023,Italian,R,SAR,49,87.742,HARD,0,Ritmo de carrera
2023,Italian,R,SAR,50,89.626,HARD,1,Lift and Coast
2023,Italian,R,MAG,2,88.923,HARD,1,Lift and Coast
2023,Italian,R,MAG,3,88.538,HARD,2,Tracción Comprometida
2023,Italian,R,ALB,1,90.785,MEDIUM,0,Ritmo de carrera
2023,Italian,R,ALB,2,87.067,MEDIUM,2,Tracción Comprometida
2023,Italian,R,ALB,3,86.578,MEDIUM,0,Ritmo de carrera
2023,Italian,R,ALB,4,86.684,MEDIUM,0,Ritmo de carrera
2023,Italian,R,ALB,5,86.868,MEDIUM,0,Ritmo de carrera
2023,Italian,R,ALB,6,86.661,MEDIUM,0,Ritmo de carrera
2023,Italian,R,ALB,7,86.773,MEDIUM,1,Lift and Coast
2023,Italian,R,ALB,8,86.676,MEDIUM,0,Ritmo de carrera
2023,Italian,R,ALB,9,86.838,MEDIUM,1,Lift and Coast
2023,Italian,R,ALB,10,87.305,MEDIUM,0,Ritmo de carrera
2023,Italian,R,ALB,11,87.389,MEDIUM,2,Tracción Comprometida
2023,Italian,R,ALB,12,87.533,MEDIUM,0,Ritmo de carrera
2023,Italian,R,ALB,13,87.676,MEDIUM,1,Lift and Coast
2023,Italian,R,ALB,14,87.723,MEDIUM,0,Ritmo de carrera
2023,Italian,R,ALB,17,87.087,HARD,1,Lift and Coast
2023,Italian,R,ALB,18,86.893,HARD,1,Lift and Coast
2023,Italian,R,ALB,19,87.308,HARD,1,Lift and Coast
2023,Italian,R,ALB,20,86.853,HARD,1,Lift and Coast
2023,Italian,R,ALB,21,86.601,HARD,1,Lift and Coast
2023,Italian,R,ALB,22,86.833,HARD,1,Lift and Coast
2023,Italian,R,ALB,23,86.913,HARD,0,Ritmo de carrera
2023,Italian,R,ALB,24,86.748,HARD,0,Ritmo de carrera
2023,Italian,R,ALB,25,86.898,HARD,1,Lift and Coast
2023,Italian,R,ALB,26,87.049,HARD,1,Lift and Coast
2023,Italian,R,ALB,27,86.735,HARD,1,Lift and Coast
2023,Italian,R,ALB,28,87.024,HARD,0,Ritmo de carrera
2023,Italian,R,ALB,29,86.977,HARD,0,Ritmo de carrera
2023,Italian,R,ALB,30,86.94,HARD,2,Tracción Comprometida
2023,Italian,R,ALB,31,86.735,HARD,0,Ritmo de carrera
2023,Italian,R,ALB,32,86.432,HARD,1,Lift and Coast
2023,Italian,R,ALB,33,86.389,HARD,1,Lift and Coast
2023,Italian,R,ALB,34,86.579,HARD,1,Lift and Coast
2023,Italian,R,ALB,35,86.545,HARD,0,Ritmo de carrera
2023,Italian,R,ALB,36,86.981,HARD,1,Lift and Coast
2023,Italian,R,ALB,37,86.831,HARD,2,Tracción Comprometida
2023,Italian,R,ALB,38,87.37,HARD,2,Tracción Comprometida
2023,Italian,R,ALB,39,86.802,HARD,0,Ritmo de carrera
2023,Italian,R,ALB,40,86.572,HARD,1,Lift and Coast
2023,Italian,R,ALB,41,86.675,HARD,2,Tracción Comprometida
2023,Italian,R,ALB,42,86.708,HARD,1,Lift and Coast
2023,Italian,R,ALB,43,86.913,HARD,2,Tracción Comprometida
2023,Italian,R,ALB,44,87.725,HARD,2,Tracción Comprometida
2023,Italian,R,ALB,45,86.907,HARD,0,Ritmo de carrera
2023,Italian,R,ALB,46,87.252,HARD,2,Tracción Comprometida
2023,Italian,R,ALB,47,88.491,HARD,2,Tracción Comprometida
2023,Italian,R,ALB,48,86.822,HARD,0,Ritmo de carrera
2023,Italian,R,ALB,49,87.569,HARD,0,Ritmo de carrera
2023,Italian,R,ALB,50,87.197,HARD,2,Tracción Comprometida
2023,Italian,R,ALB,51,87.433,HARD,2,Tracción Comprometida
2023,Italian,R,ZHO,2,88.167,MEDIUM,0,Ritmo de carrera
2023,Italian,R,ZHO,3,87.871,MEDIUM,0,Ritmo de carrera
2023,Italian,R,ZHO,4,87.615,MEDIUM,0,Ritmo de carrera
2023,Italian,R,ZHO,5,87.535,MEDIUM,0,Ritmo de carrera
2023,Italian,R,ZHO,6,87.066,MEDIUM,0,Ritmo de carrera
2023,Italian,R,ZHO,7,87.185,MEDIUM,0,Ritmo de carrera
2023,Italian,R,ZHO,8,87.253,MEDIUM,0,Ritmo de carrera
2023,Italian,R,ZHO,9,87.416,MEDIUM,0,Ritmo de carrera
2023,Italian,R,ZHO,10,87.544,MEDIUM,0,Ritmo de carrera
2023,Italian,R,ZHO,13,86.253,HARD,1,Lift and Coast
2023,Italian,R,ZHO,14,87.775,HARD,0,Ritmo de carrera
2023,Italian,R,ZHO,15,87.645,HARD,0,Ritmo de carrera
2023,Italian,R,ZHO,16,87.153,HARD,0,Ritmo de carrera
2023,Italian,R,ZHO,17,86.866,HARD,0,Ritmo de carrera
2023,Italian,R,ZHO,18,87.055,HARD,0,Ritmo de carrera
2023,Italian,R,ZHO,19,87.347,HARD,0,Ritmo de carrera
2023,Italian,R,ZHO,20,87.075,HARD,0,Ritmo de carrera
2023,Italian,R,ZHO,21,87.17,HARD,0,Ritmo de carrera
2023,Italian,R,ZHO,22,87.333,HARD,0,Ritmo de carrera
2023,Italian,R,ZHO,23,87.285,HARD,0,Ritmo de carrera
2023,Italian,R,ZHO,24,87.153,HARD,0,Ritmo de carrera
2023,Italian,R,ZHO,25,87.028,HARD,0,Ritmo de carrera
2023,Italian,R,ZHO,26,87.164,HARD,1,Lift and Coast
2023,Italian,R,ZHO,27,87.348,HARD,0,Ritmo de carrera
2023,Italian,R,ZHO,28,87.858,HARD,0,Ritmo de carrera
2023,Italian,R,ZHO,29,87.356,HARD,0,Ritmo de carrera
2023,Italian,R,ZHO,30,87.442,HARD,0,Ritmo de carrera
2023,Italian,R,ZHO,31,87.683,HARD,1,Lift and Coast
2023,Italian,R,ZHO,32,87.82,HARD,0,Ritmo de carrera
2023,Italian,R,ZHO,35,85.983,MEDIUM,0,Ritmo de carrera
2023,Italian,R,ZHO,36,86.935,MEDIUM,0,Ritmo de carrera
2023,Italian,R,ZHO,37,86.7,MEDIUM,0,Ritmo de carrera
2023,Italian,R,ZHO,38,86.503,MEDIUM,1,Lift and Coast
2023,Italian,R,ZHO,39,86.473,MEDIUM,0,Ritmo de carrera
2023,Italian,R,ZHO,40,86.406,MEDIUM,1,Lift and Coast
2023,Italian,R,ZHO,41,86.6,MEDIUM,2,Tracción Comprometida
2023,Italian,R,ZHO,42,86.671,MEDIUM,0,Ritmo de carrera
2023,Italian,R,ZHO,43,86.288,MEDIUM,0,Ritmo de carrera
2023,Italian,R,ZHO,44,86.313,MEDIUM,1,Lift and Coast
2023,Italian,R,ZHO,45,86.461,MEDIUM,3,Vuelta de ataque
2023,Italian,R,ZHO,46,86.134,MEDIUM,1,Lift and Coast
2023,Italian,R,ZHO,47,86.305,MEDIUM,1,Lift and Coast
2023,Italian,R,ZHO,48,86.448,MEDIUM,2,Tracción Comprometida
2023,Italian,R,ZHO,49,88.825,MEDIUM,0,Ritmo de carrera
2023,Italian,R,ZHO,50,86.768,MEDIUM,0,Ritmo de carrera
2023,Italian,R,HUL,2,87.92,MEDIUM,0,Ritmo de carrera
2023,Italian,R,HUL,3,87.36,MEDIUM,1,Lift and Coast
2023,Italian,R,HUL,4,87.2,MEDIUM,1,Lift and Coast
2023,Italian,R,HUL,5,87.035,MEDIUM,1,Lift and Coast
2023,Italian,R,HUL,6,87.169,MEDIUM,1,Lift and Coast
2023,Italian,R,HUL,7,87.465,MEDIUM,1,Lift and Coast
2023,Italian,R,HUL,8,88.059,MEDIUM,0,Ritmo de carrera
2023,Italian,R,HUL,9,87.481,MEDIUM,0,Ritmo de carrera
2023,Italian,R,HUL,10,87.563,MEDIUM,1,Lift and Coast
2023,Italian,R,HUL,11,88.055,MEDIUM,0,Ritmo de carrera
2023,Italian,R,HUL,12,89.091,MEDIUM,0,Ritmo de carrera
2023,Italian,R,HUL,13,88.009,MEDIUM,0,Ritmo de carrera
2023,Italian,R,HUL,16,86.99,HARD,0,Ritmo de carrera
2023,Italian,R,HUL,17,86.988,HARD,1,Lift and Coast
2023,Italian,R,HUL,18,87.294,HARD,1,Lift and Coast
2023,Italian,R,HUL,19,87.312,HARD,1,Lift and Coast
2023,Italian,R,HUL,20,87.078,HARD,1,Lift and Coast
2023,Italian,R,HUL,21,87.161,HARD,1,Lift and Coast
2023,Italian,R,HUL,22,87.074,HARD,1,Lift and Coast
2023,Italian,R,HUL,23,87.29,HARD,1,Lift and Coast
2023,Italian,R,HUL,24,87.143,HARD,1,Lift and Coast
2023,Italian,R,HUL,25,87.229,HARD,1,Lift and Coast
2023,Italian,R,HUL,26,87.344,HARD,1,Lift and Coast
2023,Italian,R,HUL,27,87.08,HARD,1,Lift and Coast
2023,Italian,R,HUL,28,87.6,HARD,1,Lift and Coast
2023,Italian,R,HUL,29,87.466,HARD,1,Lift and Coast
2023,Italian,R,HUL,30,87.775,HARD,1,Lift and Coast
2023,Italian,R,HUL,31,87.547,HARD,1,Lift and Coast
2023,Italian,R,HUL,32,87.976,HARD,1,Lift and Coast
2023,Italian,R,HUL,33,88.575,HARD,1,Lift and Coast
2023,Italian,R,HUL,34,87.991,HARD,1,Lift and Coast
2023,Italian,R,HUL,35,87.945,HARD,1,Lift and Coast
2023,Italian,R,HUL,36,88.084,HARD,1,Lift and Coast
2023,Italian,R,HUL,37,88.006,HARD,1,Lift and Coast
2023,Italian,R,HUL,38,88.969,HARD,1,Lift and Coast
2023,Italian,R,HUL,41,86.395,MEDIUM,1,Lift and Coast
2023,Italian,R,HUL,42,86.102,MEDIUM,1,Lift and Coast
2023,Italian,R,HUL,43,86.234,MEDIUM,1,Lift and Coast
2023,Italian,R,HUL,44,86.459,MEDIUM,1,Lift and Coast
2023,Italian,R,HUL,45,86.723,MEDIUM,1,Lift and Coast
2023,Italian,R,HUL,46,86.645,MEDIUM,1,Lift and Coast
2023,Italian,R,HUL,47,86.251,MEDIUM,1,Lift and Coast
2023,Italian,R,HUL,48,86.359,MEDIUM,1,Lift and Coast
2023,Italian,R,HUL,49,85.981,MEDIUM,3,Vuelta de ataque
2023,Italian,R,HUL,50,85.894,MEDIUM,3,Vuelta de ataque
2023,Italian,R,OCO,2,88.667,MEDIUM,0,Ritmo de carrera
2023,Italian,R,OCO,3,87.822,MEDIUM,0,Ritmo de carrera
2023,Italian,R,OCO,4,87.582,MEDIUM,0,Ritmo de carrera
2023,Italian,R,OCO,5,87.385,MEDIUM,0,Ritmo de carrera
2023,Italian,R,OCO,6,87.306,MEDIUM,0,Ritmo de carrera
2023,Italian,R,OCO,7,87.117,MEDIUM,2,Tracción Comprometida
2023,Italian,R,OCO,8,87.309,MEDIUM,2,Tracción Comprometida
2023,Italian,R,OCO,9,87.396,MEDIUM,0,Ritmo de carrera
2023,Italian,R,OCO,10,87.607,MEDIUM,0,Ritmo de carrera
2023,Italian,R,OCO,11,87.738,MEDIUM,0,Ritmo de carrera
2023,Italian,R,OCO,12,88.232,MEDIUM,2,Tracción Comprometida
2023,Italian,R,OCO,13,87.855,MEDIUM,0,Ritmo de carrera
2023,Italian,R,OCO,14,88.091,MEDIUM,0,Ritmo de carrera
2023,Italian,R,OCO,15,88.197,MEDIUM,0,Ritmo de carrera
2023,Italian,R,OCO,16,88.249,MEDIUM,1,Lift and Coast
2023,Italian,R,OCO,17,88.111,MEDIUM,2,Tracción Comprometida
2023,Italian,R,OCO,18,88.261,MEDIUM,1,Lift and Coast
2023,Italian,R,OCO,19,88.216,MEDIUM,1,Lift and Coast
2023,Italian,R,OCO,20,89.387,MEDIUM,0,Ritmo de carrera
2023,Italian,R,OCO,21,88.489,MEDIUM,2,Tracción Comprometida
2023,Italian,R,OCO,22,88.884,MEDIUM,1,Lift and Coast
2023,Italian,R,OCO,23,89.474,MEDIUM,2,Tracción Comprometida
2023,Italian,R,OCO,26,87.158,HARD,2,Tracción Comprometida
2023,Italian,R,OCO,27,87.119,HARD,0,Ritmo de carrera
2023,Italian,R,OCO,28,87.19,HARD,1,Lift and Coast
2023,Italian,R,OCO,29,87.35,HARD,1,Lift and Coast
2023,Italian,R,OCO,30,87.308,HARD,1,Lift and Coast
2023,Italian,R,OCO,31,87.208,HARD,0,Ritmo de carrera
2023,Italian,R,OCO,32,87.119,HARD,0,Ritmo de carrera
2023,Italian,R,OCO,33,86.963,HARD,2,Tracción Comprometida
2023,Italian,R,OCO,34,87.626,HARD,2,Tracción Comprometida
2023,Italian,R,OCO,35,87.441,HARD,1,Lift and Coast
2023,Italian,R,OCO,36,87.476,HARD,1,Lift and Coast
2023,Italian,R,OCO,37,87.429,HARD,1,Lift and Coast
2023,Italian,R,OCO,38,87.079,HARD,1,Lift and Coast
2023,Italian,R,NOR,2,87.575,MEDIUM,0,Ritmo de carrera
2023,Italian,R,NOR,3,87.105,MEDIUM,0,Ritmo de carrera
2023,Italian,R,NOR,4,87.069,MEDIUM,0,Ritmo de carrera
2023,Italian,R,NOR,5,87.142,MEDIUM,0,Ritmo de carrera
2023,Italian,R,NOR,6,86.796,MEDIUM,1,Lift and Coast
2023,Italian,R,NOR,7,86.864,MEDIUM,0,Ritmo de carrera
2023,Italian,R,NOR,8,86.628,MEDIUM,0,Ritmo de carrera
2023,Italian,R,NOR,9,86.893,MEDIUM,0,Ritmo de carrera
2023,Italian,R,NOR,10,86.965,MEDIUM,0,Ritmo de carrera
2023,Italian,R,NOR,11,87.066,MEDIUM,0,Ritmo de carrera
2023,Italian,R,NOR,12,87.438,MEDIUM,0,Ritmo de carrera
2023,Italian,R,NOR,13,87.359,MEDIUM,0,Ritmo de carrera
2023,Italian,R,NOR,14,87.478,MEDIUM,0,Ritmo de carrera
2023,Italian,R,NOR,15,87.796,MEDIUM,0,Ritmo de carrera
2023,Italian,R,NOR,16,87.199,MEDIUM,0,Ritmo de carrera
2023,Italian,R,NOR,17,87.597,MEDIUM,1,Lift and Coast
2023,Italian,R,NOR,18,87.272,MEDIUM,1,Lift and Coast
2023,Italian,R,NOR,19,87.28,MEDIUM,1,Lift and Coast
2023,Italian,R,NOR,20,87.716,MEDIUM,1,Lift and Coast
2023,Italian,R,NOR,21,87.718,MEDIUM,0,Ritmo de carrera
2023,Italian,R,NOR,24,86.144,HARD,1,Lift and Coast
2023,Italian,R,NOR,25,86.424,HARD,1,Lift and Coast
2023,Italian,R,NOR,26,86.402,HARD,0,Ritmo de carrera
2023,Italian,R,NOR,27,86.485,HARD,1,Lift and Coast
2023,Italian,R,NOR,28,86.396,HARD,0,Ritmo de carrera
2023,Italian,R,NOR,29,86.472,HARD,2,Tracción Comprometida
2023,Italian,R,NOR,30,86.968,HARD,2,Tracción Comprometida
2023,Italian,R,NOR,31,86.909,HARD,0,Ritmo de carrera
2023,Italian,R,NOR,32,86.586,HARD,0,Ritmo de carrera
2023,Italian,R,NOR,33,86.455,HARD,0,Ritmo de carrera
2023,Italian,R,NOR,34,86.366,HARD,2,Tracción Comprometida
2023,Italian,R,NOR,35,86.464,HARD,0,Ritmo de carrera
2023,Italian,R,NOR,36,87.06,HARD,0,Ritmo de carrera
2023,Italian,R,NOR,37,86.595,HARD,1,Lift and Coast
2023,Italian,R,NOR,38,87.567,HARD,2,Tracción Comprometida
2023,Italian,R,NOR,39,86.792,HARD,0,Ritmo de carrera
2023,Italian,R,NOR,40,86.761,HARD,2,Tracción Comprometida
2023,Italian,R,NOR,41,86.562,HARD,0,Ritmo de carrera
2023,Italian,R,NOR,42,86.623,HARD,1,Lift and Coast
2023,Italian,R,NOR,43,86.81,HARD,0,Ritmo de carrera
2023,Italian,R,NOR,44,87.991,HARD,0,Ritmo de carrera
2023,Italian,R,NOR,45,87.466,HARD,0,Ritmo de carrera
2023,Italian,R,NOR,46,87.017,HARD,0,Ritmo de carrera
2023,Italian,R,NOR,47,87.886,HARD,2,Tracción Comprometida
2023,Italian,R,NOR,48,86.733,HARD,0,Ritmo de carrera
2023,Italian,R,NOR,49,87.661,HARD,0,Ritmo de carrera
2023,Italian,R,NOR,50,87.174,HARD,0,Ritmo de carrera
2023,Italian,R,NOR,51,87.425,HARD,2,Tracción Comprometida
2023,Italian,R,LAW,2,88.018,MEDIUM,0,Ritmo de carrera
2023,Italian,R,LAW,3,87.657,MEDIUM,1,Lift and Coast
2023,Italian,R,LAW,4,87.13,MEDIUM,1,Lift and Coast
2023,Italian,R,LAW,5,87.205,MEDIUM,1,Lift and Coast
2023,Italian,R,LAW,6,87.263,MEDIUM,0,Ritmo de carrera
2023,Italian,R,LAW,7,87.154,MEDIUM,0,Ritmo de carrera
2023,Italian,R,LAW,8,87.331,MEDIUM,1,Lift and Coast
2023,Italian,R,LAW,9,87.506,MEDIUM,0,Ritmo de carrera
2023,Italian,R,LAW,10,87.648,MEDIUM,1,Lift and Coast
2023,Italian,R,LAW,11,87.892,MEDIUM,0,Ritmo de carrera
2023,Italian,R,LAW,12,87.631,MEDIUM,1,Lift and Coast
2023,Italian,R,LAW,15,87.03,HARD,1,Lift and Coast
2023,Italian,R,LAW,16,87.412,HARD,1,Lift and Coast
2023,Italian,R,LAW,17,87.045,HARD,1,Lift and Coast
2023,Italian,R,LAW,18,86.815,HARD,1,Lift and Coast
2023,Italian,R,LAW,19,87.047,HARD,1,Lift and Coast
2023,Italian,R,LAW,20,86.89,HARD,1,Lift and Coast
2023,Italian,R,LAW,21,87.171,HARD,1,Lift and Coast
2023,Italian,R,LAW,22,88.059,HARD,0,Ritmo de carrera
2023,Italian,R,LAW,23,87.215,HARD,1,Lift and Coast
2023,Italian,R,LAW,24,87.049,HARD,1,Lift and Coast
2023,Italian,R,LAW,25,87.204,HARD,1,Lift and Coast
2023,Italian,R,LAW,26,87.089,HARD,1,Lift and Coast
2023,Italian,R,LAW,27,87.025,HARD,1,Lift and Coast
2023,Italian,R,LAW,28,87.376,HARD,0,Ritmo de carrera
2023,Italian,R,LAW,29,87.108,HARD,1,Lift and Coast
2023,Italian,R,LAW,30,87.487,HARD,1,Lift and Coast
2023,Italian,R,LAW,31,87.515,HARD,1,Lift and Coast
2023,Italian,R,LAW,32,87.496,HARD,1,Lift and Coast
2023,Italian,R,LAW,35,86.26,MEDIUM,1,Lift and Coast
2023,Italian,R,LAW,36,86.384,MEDIUM,1,Lift and Coast
2023,Italian,R,LAW,37,86.253,MEDIUM,1,Lift and Coast
2023,Italian,R,LAW,38,86.103,MEDIUM,1,Lift and Coast
2023,Italian,R,LAW,39,86.245,MEDIUM,1,Lift and Coast
2023,Italian,R,LAW,40,86.273,MEDIUM,1,Lift and Coast
2023,Italian,R,LAW,41,86.417,MEDIUM,1,Lift and Coast
2023,Italian,R,LAW,42,86.121,MEDIUM,1,Lift and Coast
2023,Italian,R,LAW,43,86.143,MEDIUM,1,Lift and Coast
2023,Italian,R,LAW,44,85.842,MEDIUM,1,Lift and Coast
2023,Italian,R,LAW,45,86.134,MEDIUM,1,Lift and Coast
2023,Italian,R,LAW,46,86.018,MEDIUM,1,Lift and Coast
2023,Italian,R,LAW,47,86.656,MEDIUM,1,Lift and Coast
2023,Italian,R,LAW,48,86.098,MEDIUM,1,Lift and Coast
2023,Italian,R,LAW,49,87.235,MEDIUM,0,Ritmo de carrera
2023,Italian,R,LAW,50,86.436,MEDIUM,0,Ritmo de carrera
2023,Italian,R,HAM,2,87.837,HARD,0,Ritmo de carrera
2023,Italian,R,HAM,3,87.289,HARD,1,Lift and Coast
2023,Italian,R,HAM,4,87.233,HARD,0,Ritmo de carrera
2023,Italian,R,HAM,5,87.015,HARD,1,Lift and Coast
2023,Italian,R,HAM,6,86.711,HARD,0,Ritmo de carrera
2023,Italian,R,HAM,7,86.7,HARD,0,Ritmo de carrera
2023,Italian,R,HAM,8,86.643,HARD,0,Ritmo de carrera
2023,Italian,R,HAM,9,86.756,HARD,0,Ritmo de carrera
2023,Italian,R,HAM,10,86.995,HARD,0,Ritmo de carrera
2023,Italian,R,HAM,11,87.119,HARD,0,Ritmo de carrera
2023,Italian,R,HAM,12,87.194,HARD,0,Ritmo de carrera
2023,Italian,R,HAM,13,87.292,HARD,0,Ritmo de carrera
2023,Italian,R,HAM,14,87.526,HARD,0,Ritmo de carrera
2023,Italian,R,HAM,15,88.085,HARD,0,Ritmo de carrera
2023,Italian,R,HAM,16,87.24,HARD,0,Ritmo de carrera
2023,Italian,R,HAM,17,87.585,HARD,0,Ritmo de carrera
2023,Italian,R,HAM,18,87.279,HARD,1,Lift and Coast
2023,Italian,R,HAM,19,87.449,HARD,1,Lift and Coast
2023,Italian,R,HAM,20,87.83,HARD,1,Lift and Coast
2023,Italian,R,HAM,21,87.399,HARD,0,Ritmo de carrera
2023,Italian,R,HAM,22,87.154,HARD,0,Ritmo de carrera
2023,Italian,R,HAM,23,87.267,HARD,1,Lift and Coast
2023,Italian,R,HAM,24,87.311,HARD,1,Lift and Coast
2023,Italian,R,HAM,25,87.791,HARD,2,Tracción Comprometida
2023,Italian,R,HAM,26,87.407,HARD,1,Lift and Coast
2023,Italian,R,HAM,29,85.582,MEDIUM,1,Lift and Coast
2023,Italian,R,HAM,30,86.34,MEDIUM,1,Lift and Coast
2023,Italian,R,HAM,31,86.404,MEDIUM,1,Lift and Coast
2023,Italian,R,HAM,32,86.62,MEDIUM,1,Lift and Coast
2023,Italian,R,HAM,33,86.584,MEDIUM,1,Lift and Coast
2023,Italian,R,HAM,34,86.236,MEDIUM,1,Lift and Coast
2023,Italian,R,HAM,35,86.016,MEDIUM,1,Lift and Coast
2023,Italian,R,HAM,36,86.205,MEDIUM,1,Lift and Coast
2023,Italian,R,HAM,37,85.999,MEDIUM,1,Lift and Coast
2023,Italian,R,HAM,38,86.274,MEDIUM,0,Ritmo de carrera
2023,Italian,R,HAM,39,86.249,MEDIUM,1,Lift and Coast
2023,Italian,R,HAM,40,86.658,MEDIUM,0,Ritmo de carrera
2023,Italian,R,HAM,41,87.501,MEDIUM,1,Lift and Coast
2023,Italian,R,HAM,42,86.216,MEDIUM,1,Lift and Coast
2023,Italian,R,HAM,43,86.093,MEDIUM,1,Lift and Coast
2023,Italian,R,HAM,44,87.152,MEDIUM,0,Ritmo de carrera
2023,Italian,R,HAM,45,86.333,MEDIUM,0,Ritmo de carrera
2023,Italian,R,HAM,46,87.193,MEDIUM,2,Tracción Comprometida
2023,Italian,R,HAM,47,86.12,MEDIUM,2,Tracción Comprometida
2023,Italian,R,HAM,48,85.815,MEDIUM,1,Lift and Coast
2023,Italian,R,HAM,49,85.888,MEDIUM,2,Tracción Comprometida
2023,Italian,R,HAM,50,85.927,MEDIUM,2,Tracción Comprometida
2023,Italian,R,HAM,51,86.093,MEDIUM,2,Tracción Comprometida
2023,Italian,R,SAI,1,87.117,MEDIUM,2,Tracción Comprometida
2023,Italian,R,SAI,2,86.006,MEDIUM,1,Lift and Coast
2023,Italian,R,SAI,3,85.976,MEDIUM,2,Tracción Comprometida
2023,Italian,R,SAI,4,86.067,MEDIUM,2,Tracción Comprometida
2023,Italian,R,SAI,5,86.423,MEDIUM,2,Tracción Comprometida
2023,Italian,R,SAI,6,86.615,MEDIUM,2,Tracción Comprometida
2023,Italian,R,SAI,7,86.358,MEDIUM,2,Tracción Comprometida
2023,Italian,R,SAI,8,86.224,MEDIUM,2,Tracción Comprometida
2023,Italian,R,SAI,9,86.476,MEDIUM,2,Tracción Comprometida
2023,Italian,R,SAI,10,86.511,MEDIUM,2,Tracción Comprometida
2023,Italian,R,SAI,11,86.691,MEDIUM,2,Tracción Comprometida
2023,Italian,R,SAI,12,86.408,MEDIUM,2,Tracción Comprometida
2023,Italian,R,SAI,13,86.887,MEDIUM,2,Tracción Comprometida
2023,Italian,R,SAI,14,86.972,MEDIUM,2,Tracción Comprometida
2023,Italian,R,SAI,15,88.219,MEDIUM,2,Tracción Comprometida
2023,Italian,R,SAI,16,87.323,MEDIUM,2,Tracción Comprometida
2023,Italian,R,SAI,17,87.721,MEDIUM,2,Tracción Comprometida
2023,Italian,R,SAI,18,87.512,MEDIUM,2,Tracción Comprometida
2023,Italian,R,SAI,21,86.146,HARD,2,Tracción Comprometida
2023,Italian,R,SAI,22,85.558,HARD,2,Tracción Comprometida
2023,Italian,R,SAI,23,85.793,HARD,2,Tracción Comprometida
2023,Italian,R,SAI,24,85.902,HARD,2,Tracción Comprometida
2023,Italian,R,SAI,25,86.005,HARD,2,Tracción Comprometida
2023,Italian,R,SAI,26,85.836,HARD,3,Vuelta de ataque
2023,Italian,R,SAI,27,86.165,HARD,2,Tracción Comprometida
2023,Italian,R,SAI,28,85.77,HARD,2,Tracción Comprometida
2023,Italian,R,SAI,29,85.72,HARD,3,Vuelta de ataque
2023,Italian,R,SAI,30,85.501,HARD,2,Tracción Comprometida
2023,Italian,R,SAI,31,85.718,HARD,2,Tracción Comprometida
2023,Italian,R,SAI,32,85.896,HARD,2,Tracción Comprometida
2023,Italian,R,SAI,33,85.926,HARD,2,Tracción Comprometida
2023,Italian,R,SAI,34,86.126,HARD,3,Vuelta de ataque
2023,Italian,R,SAI,35,85.789,HARD,2,Tracción Comprometida
2023,Italian,R,SAI,36,86.011,HARD,2,Tracción Comprometida
2023,Italian,R,SAI,37,85.886,HARD,2,Tracción Comprometida
2023,Italian,R,SAI,38,85.705,HARD,2,Tracción Comprometida
2023,Italian,R,SAI,39,85.924,HARD,2,Tracción Comprometida
2023,Italian,R,SAI,40,86.122,HARD,2,Tracción Comprometida
2023,Italian,R,SAI,41,86.738,HARD,2,Tracción Comprometida
2023,Italian,R,SAI,42,86.479,HARD,2,Tracción Comprometida
2023,Italian,R,SAI,43,86.589,HARD,2,Tracción Comprometida
2023,Italian,R,SAI,44,86.43,HARD,2,Tracción Comprometida
2023,Italian,R,SAI,45,86.632,HARD,2,Tracción Comprometida
2023,Italian,R,SAI,46,87.303,HARD,2,Tracción Comprometida
2023,Italian,R,SAI,47,87.096,HARD,2,Tracción Comprometida
2023,Italian,R,SAI,48,86.8,HARD,2,Tracción Comprometida
2023,Italian,R,SAI,49,86.77,HARD,2,Tracción Comprometida
2023,Italian,R,SAI,50,86.776,HARD,2,Tracción Comprometida
2023,Italian,R,SAI,51,87.044,HARD,2,Tracción Comprometida
2023,Italian,R,RUS,1,89.339,MEDIUM,0,Ritmo de carrera
2023,Italian,R,RUS,2,86.686,MEDIUM,0,Ritmo de carrera
2023,Italian,R,RUS,3,86.176,MEDIUM,1,Lift and Coast
2023,Italian,R,RUS,4,86.178,MEDIUM,1,Lift and Coast
2023,Italian,R,RUS,5,86.249,MEDIUM,1,Lift and Coast
2023,Italian,R,RUS,6,86.515,MEDIUM,1,Lift and Coast
2023,Italian,R,RUS,7,86.515,MEDIUM,1,Lift and Coast
2023,Italian,R,RUS,8,86.594,MEDIUM,1,Lift and Coast
2023,Italian,R,RUS,9,86.71,MEDIUM,0,Ritmo de carrera
2023,Italian,R,RUS,10,86.655,MEDIUM,1,Lift and Coast
2023,Italian,R,RUS,11,87.186,MEDIUM,1,Lift and Coast
2023,Italian,R,RUS,12,87.044,MEDIUM,0,Ritmo de carrera
2023,Italian,R,RUS,13,86.962,MEDIUM,1,Lift and Coast
2023,Italian,R,RUS,14,87.285,MEDIUM,1,Lift and Coast
2023,Italian,R,RUS,15,87.005,MEDIUM,1,Lift and Coast
2023,Italian,R,RUS,16,87.976,MEDIUM,0,Ritmo de carrera
2023,Italian,R,RUS,17,87.055,MEDIUM,0,Ritmo de carrera
2023,Italian,R,RUS,18,87.383,MEDIUM,0,Ritmo de carrera
2023,Italian,R,RUS,21,86.456,HARD,1,Lift and Coast
2023,Italian,R,RUS,22,86.715,HARD,0,Ritmo de carrera
2023,Italian,R,RUS,23,86.605,HARD,1,Lift and Coast
2023,Italian,R,RUS,24,86.671,HARD,1,Lift and Coast
2023,Italian,R,RUS,25,86.32,HARD,1,Lift and Coast
2023,Italian,R,RUS,26,86.41,HARD,1,Lift and Coast
2023,Italian,R,RUS,27,86.184,HARD,1,Lift and Coast
2023,Italian,R,RUS,28,86.284,HARD,0,Ritmo de carrera
2023,Italian,R,RUS,29,86.14,HARD,1,Lift and Coast
2023,Italian,R,RUS,30,85.966,HARD,0,Ritmo de carrera
2023,Italian,R,RUS,31,86.148,HARD,1,Lift and Coast
2023,Italian,R,RUS,32,86.059,HARD,1,Lift and Coast
2023,Italian,R,RUS,33,86.161,HARD,1,Lift and Coast
2023,Italian,R,RUS,34,86.119,HARD,0,Ritmo de carrera
2023,Italian,R,RUS,35,86.189,HARD,1,Lift and Coast
2023,Italian,R,RUS,36,86.371,HARD,1,Lift and Coast
2023,Italian,R,RUS,37,85.997,HARD,1,Lift and Coast
2023,Italian,R,RUS,38,85.847,HARD,1,Lift and Coast
2023,Italian,R,RUS,39,86.21,HARD,0,Ritmo de carrera
2023,Italian,R,RUS,40,86.244,HARD,0,Ritmo de carrera
2023,Italian,R,RUS,41,86.614,HARD,0,Ritmo de carrera
2023,Italian,R,RUS,42,86.335,HARD,1,Lift and Coast
2023,Italian,R,RUS,43,86.426,HARD,1,Lift and Coast
2023,Italian,R,RUS,44,86.336,HARD,1,Lift and Coast
2023,Italian,R,RUS,45,86.394,HARD,1,Lift and Coast
2023,Italian,R,RUS,46,86.458,HARD,1,Lift and Coast
2023,Italian,R,RUS,47,86.64,HARD,1,Lift and Coast
2023,Italian,R,RUS,48,86.287,HARD,1,Lift and Coast
2023,Italian,R,RUS,49,86.375,HARD,1,Lift and Coast
2023,Italian,R,RUS,50,86.874,HARD,1,Lift and Coast
2023,Italian,R,RUS,51,86.628,HARD,1,Lift and Coast
2023,Italian,R,BOT,2,88.032,HARD,0,Ritmo de carrera
2023,Italian,R,BOT,3,87.95,HARD,0,Ritmo de carrera
2023,Italian,R,BOT,4,87.119,HARD,0,Ritmo de carrera
2023,Italian,R,BOT,5,87.575,HARD,0,Ritmo de carrera
2023,Italian,R,BOT,6,87.15,HARD,0,Ritmo de carrera
2023,Italian,R,BOT,7,87.36,HARD,0,Ritmo de carrera
2023,Italian,R,BOT,8,87.227,HARD,0,Ritmo de carrera
2023,Italian,R,BOT,9,87.265,HARD,0,Ritmo de carrera
2023,Italian,R,BOT,10,87.863,HARD,0,Ritmo de carrera
2023,Italian,R,BOT,11,87.693,HARD,0,Ritmo de carrera
2023,Italian,R,BOT,12,88.716,HARD,0,Ritmo de carrera
2023,Italian,R,BOT,13,88.007,HARD,0,Ritmo de carrera
2023,Italian,R,BOT,14,87.991,HARD,0,Ritmo de carrera
2023,Italian,R,BOT,15,87.427,HARD,0,Ritmo de carrera
2023,Italian,R,BOT,16,87.824,HARD,1,Lift and Coast
2023,Italian,R,BOT,17,87.47,HARD,0,Ritmo de carrera
2023,Italian,R,BOT,18,87.634,HARD,0,Ritmo de carrera
2023,Italian,R,BOT,19,87.725,HARD,0,Ritmo de carrera
2023,Italian,R,BOT,20,88.438,HARD,0,Ritmo de carrera
2023,Italian,R,BOT,21,89.044,HARD,0,Ritmo de carrera
2023,Italian,R,BOT,22,88.116,HARD,0,Ritmo de carrera
2023,Italian,R,BOT,23,88.123,HARD,0,Ritmo de carrera
2023,Italian,R,BOT,24,88.022,HARD,0,Ritmo de carrera
2023,Italian,R,BOT,27,85.988,MEDIUM,0,Ritmo de carrera
2023,Italian,R,BOT,28,86.486,MEDIUM,0,Ritmo de carrera
2023,Italian,R,BOT,29,86.201,MEDIUM,1,Lift and Coast
2023,Italian,R,BOT,30,86.643,MEDIUM,3,Vuelta de ataque
2023,Italian,R,BOT,31,86.648,MEDIUM,0,Ritmo de carrera
2023,Italian,R,BOT,32,86.606,MEDIUM,1,Lift and Coast
2023,Italian,R,BOT,33,86.873,MEDIUM,0,Ritmo de carrera
2023,Italian,R,BOT,34,86.621,MEDIUM,1,Lift and Coast
2023,Italian,R,BOT,35,86.523,MEDIUM,1,Lift and Coast
2023,Italian,R,BOT,36,86.782,MEDIUM,0,Ritmo de carrera
2023,Italian,R,BOT,37,86.545,MEDIUM,0,Ritmo de carrera
2023,Italian,R,BOT,38,87.093,MEDIUM,0,Ritmo de carrera
2023,Italian,R,BOT,39,86.981,MEDIUM,0,Ritmo de carrera
2023,Italian,R,BOT,40,87.862,MEDIUM,0,Ritmo de carrera
2023,Italian,R,BOT,41,87.203,MEDIUM,0,Ritmo de carrera
2023,Italian,R,BOT,42,86.864,MEDIUM,2,Tracción Comprometida
2023,Italian,R,BOT,43,87.753,MEDIUM,2,Tracción Comprometida
2023,Italian,R,BOT,44,86.962,MEDIUM,0,Ritmo de carrera
2023,Italian,R,BOT,45,86.889,MEDIUM,0,Ritmo de carrera
2023,Italian,R,BOT,46,86.806,MEDIUM,0,Ritmo de carrera
2023,Italian,R,BOT,47,86.736,MEDIUM,0,Ritmo de carrera
2023,Italian,R,BOT,48,87.005,MEDIUM,2,Tracción Comprometida
2023,Italian,R,BOT,49,87.134,MEDIUM,0,Ritmo de carrera
2023,Italian,R,BOT,50,86.95,MEDIUM,0,Ritmo de carrera
2023,Italian,R,PIA,1,90.315,MEDIUM,0,Ritmo de carrera
2023,Italian,R,PIA,2,88.053,MEDIUM,0,Ritmo de carrera
2023,Italian,R,PIA,3,86.982,MEDIUM,1,Lift and Coast
2023,Italian,R,PIA,4,87.004,MEDIUM,0,Ritmo de carrera
2023,Italian,R,PIA,5,86.909,MEDIUM,0,Ritmo de carrera
2023,Italian,R,PIA,6,86.878,MEDIUM,1,Lift and Coast
2023,Italian,R,PIA,7,86.94,MEDIUM,1,Lift and Coast
2023,Italian,R,PIA,8,86.85,MEDIUM,1,Lift and Coast
2023,Italian,R,PIA,9,86.864,MEDIUM,1,Lift and Coast
2023,Italian,R,PIA,10,86.823,MEDIUM,1,Lift and Coast
2023,Italian,R,PIA,11,87.217,MEDIUM,1,Lift and Coast
2023,Italian,R,PIA,12,87.454,MEDIUM,0,Ritmo de carrera
2023,Italian,R,PIA,13,87.518,MEDIUM,1,Lift and Coast
2023,Italian,R,PIA,14,87.371,MEDIUM,0,Ritmo de carrera
2023,Italian,R,PIA,15,87.738,MEDIUM,0,Ritmo de carrera
2023,Italian,R,PIA,16,87.201,MEDIUM,1,Lift and Coast
2023,Italian,R,PIA,17,87.44,MEDIUM,1,Lift and Coast
2023,Italian,R,PIA,18,87.398,MEDIUM,1,Lift and Coast
2023,Italian,R,PIA,19,87.352,MEDIUM,1,Lift and Coast
2023,Italian,R,PIA,20,87.746,MEDIUM,1,Lift and Coast
2023,Italian,R,PIA,21,87.587,MEDIUM,1,Lift and Coast
2023,Italian,R,PIA,22,87.419,MEDIUM,1,Lift and Coast
2023,Italian,R,PIA,25,86.411,HARD,1,Lift and Coast
2023,Italian,R,PIA,26,86.287,HARD,1,Lift and Coast
2023,Italian,R,PIA,27,86.248,HARD,0,Ritmo de carrera
2023,Italian,R,PIA,28,86.611,HARD,1,Lift and Coast
2023,Italian,R,PIA,29,86.132,HARD,1,Lift and Coast
2023,Italian,R,PIA,30,87.074,HARD,1,Lift and Coast
2023,Italian,R,PIA,31,86.86,HARD,2,Tracción Comprometida
2023,Italian,R,PIA,32,86.746,HARD,1,Lift and Coast
2023,Italian,R,PIA,33,86.445,HARD,1,Lift and Coast
2023,Italian,R,PIA,34,86.717,HARD,1,Lift and Coast
2023,Italian,R,PIA,35,86.277,HARD,1,Lift and Coast
2023,Italian,R,PIA,36,86.639,HARD,1,Lift and Coast
2023,Italian,R,PIA,37,86.806,HARD,1,Lift and Coast
2023,Italian,R,PIA,38,87.146,HARD,1,Lift and Coast
2023,Italian,R,PIA,39,87.166,HARD,2,Tracción Comprometida
2023,Italian,R,PIA,40,86.853,HARD,0,Ritmo de carrera
2023,Italian,R,PIA,43,85.072,MEDIUM,1,Lift and Coast
2023,Italian,R,PIA,44,85.69,MEDIUM,0,Ritmo de carrera
2023,Italian,R,PIA,45,86.139,MEDIUM,2,Tracción Comprometida
2023,Italian,R,PIA,46,85.732,MEDIUM,1,Lift and Coast
2023,Italian,R,PIA,47,86.614,MEDIUM,0,Ritmo de carrera
2023,Italian,R,PIA,48,86.067,MEDIUM,2,Tracción Comprometida
2023,Italian,R,PIA,49,85.841,MEDIUM,2,Tracción Comprometida
2023,Italian,R,PIA,50,85.593,MEDIUM,1,Lift and Coast
2023,Monaco,FP3,VER,2,73.794,SOFT,3,Vuelta de ataque
2023,Monaco,FP3,VER,5,73.583,SOFT,3,Vuelta de ataque
2023,Monaco,FP3,VER,8,72.898,SOFT,3,Vuelta de ataque
2023,Monaco,FP3,VER,11,72.776,SOFT,3,Vuelta de ataque
2023,Monaco,FP3,VER,15,72.821,SOFT,3,Vuelta de ataque
2023,Monaco,FP3,SAR,6,74.647,SOFT,3,Vuelta de ataque
2023,Monaco,FP3,SAR,8,74.418,SOFT,3,Vuelta de ataque
2023,Monaco,FP3,SAR,12,73.851,SOFT,3,Vuelta de ataque
2023,Monaco,FP3,SAR,14,75.815,SOFT,3,Vuelta de ataque
2023,Monaco,FP3,NOR,2,75.841,SOFT,3,Vuelta de ataque
2023,Monaco,FP3,NOR,4,74.905,SOFT,1,Lift and Coast
2023,Monaco,FP3,NOR,6,74.589,SOFT,1,Lift and Coast
2023,Monaco,FP3,NOR,8,76.759,SOFT,1,Lift and Coast
2023,Monaco,FP3,NOR,9,75.745,SOFT,3,Vuelta de ataque
2023,Monaco,FP3,NOR,10,75.204,SOFT,1,Lift and Coast
2023,Monaco,FP3,NOR,16,73.396,SOFT,3,Vuelta de ataque
2023,Monaco,FP3,NOR,18,74.841,SOFT,3,Vuelta de ataque
2023,Monaco,FP3,GAS,5,75.592,SOFT,3,Vuelta de ataque
2023,Monaco,FP3,GAS,17,73.453,SOFT,3,Vuelta de ataque
2023,Monaco,FP3,GAS,19,76.375,SOFT,1,Lift and Coast
2023,Monaco,FP3,PER,2,75.641,SOFT,3,Vuelta de ataque
2023,Monaco,FP3,PER,5,74.99,SOFT,3,Vuelta de ataque
2023,Monaco,FP3,PER,8,74.377,SOFT,3,Vuelta de ataque
2023,Monaco,FP3,PER,11,73.587,SOFT,3,Vuelta de ataque
2023,Monaco,FP3,PER,14,73.289,SOFT,3,Vuelta de ataque
2023,Monaco,FP3,PER,17,72.849,SOFT,3,Vuelta de ataque
2023,Monaco,FP3,PER,21,73.013,SOFT,3,Vuelta de ataque
2023,Monaco,FP3,ALO,5,74.602,SOFT,3,Vuelta de ataque
2023,Monaco,FP3,ALO,7,73.697,SOFT,3,Vuelta de ataque
2023,Monaco,FP3,ALO,9,77.589,SOFT,2,Tracción Comprometida
2023,Monaco,FP3,ALO,14,73.777,SOFT,2,Tracción Comprometida
2023,Monaco,FP3,LEC,2,75.423,SOFT,2,Tracción Comprometida
2023,Monaco,FP3,LEC,4,74.911,SOFT,3,Vuelta de ataque
2023,Monaco,FP3,LEC,8,74.332,SOFT,2,Tracción Comprometida
2023,Monaco,FP3,LEC,11,73.475,SOFT,3,Vuelta de ataque
2023,Monaco,FP3,STR,5,75.068,SOFT,0,Ritmo de carrera
2023,Monaco,FP3,STR,10,74.712,SOFT,3,Vuelta de ataque
2023,Monaco,FP3,STR,12,74.377,SOFT,3,Vuelta de ataque
2023,Monaco,FP3,STR,15,72.942,SOFT,3,Vuelta de ataque
2023,Monaco,FP3,STR,18,73.955,SOFT,3,Vuelta de ataque
2023,Monaco,FP3,MAG,2,75.666,SOFT,3,Vuelta de ataque
2023,Monaco,FP3,MAG,6,75.081,SOFT,3,Vuelta de ataque
2023,Monaco,FP3,MAG,8,74.793,SOFT,3,Vuelta de ataque
2023,Monaco,FP3,MAG,11,73.624,SOFT,3,Vuelta de ataque
2023,Monaco,FP3,DEV,5,75.837,SOFT,3,Vuelta de ataque
2023,Monaco,FP3,DEV,9,75.19,SOFT,3,Vuelta de ataque
2023,Monaco,FP3,DEV,19,74.187,SOFT,3,Vuelta de ataque
2023,Monaco,FP3,TSU,6,75.277,SOFT,3,Vuelta de ataque
2023,Monaco,FP3,ALB,2,75.599,SOFT,3,Vuelta de ataque
2023,Monaco,FP3,ALB,4,74.902,SOFT,3,Vuelta de ataque
2023,Monaco,FP3,ALB,7,74.658,SOFT,3,Vuelta de ataque
2023,Monaco,FP3,ALB,10,74.507,SOFT,3,Vuelta de ataque
2023,Monaco,FP3,ALB,13,73.965,SOFT,3,Vuelta de ataque
2023,Monaco,FP3,ALB,15,73.93,SOFT,3,Vuelta de ataque
2023,Monaco,FP3,ALB,18,74.021,SOFT,3,Vuelta de ataque
2023,Monaco,FP3,ZHO,4,75.578,SOFT,3,Vuelta de ataque
2023,Monaco,FP3,ZHO,7,75.025,SOFT,3,Vuelta de ataque
2023,Monaco,FP3,ZHO,10,74.884,SOFT,3,Vuelta de ataque
2023,Monaco,FP3,ZHO,13,74.575,SOFT,3,Vuelta de ataque
2023,Monaco,FP3,ZHO,15,73.772,SOFT,3,Vuelta de ataque
2023,Monaco,FP3,HUL,2,76.326,SOFT,3,Vuelta de ataque
2023,Monaco,FP3,HUL,5,75.191,SOFT,3,Vuelta de ataque
2023,Monaco,FP3,HUL,8,75.198,SOFT,3,Vuelta de ataque
2023,Monaco,FP3,HUL,10,74.894,SOFT,3,Vuelta de ataque
2023,Monaco,FP3,HUL,13,73.65,SOFT,3,Vuelta de ataque
2023,Monaco,FP3,HUL,15,73.732,SOFT,3,Vuelta de ataque
2023,Monaco,FP3,OCO,4,75.19,SOFT,3,Vuelta de ataque
2023,Monaco,FP3,OCO,6,74.294,SOFT,3,Vuelta de ataque
2023,Monaco,FP3,OCO,8,74.031,SOFT,3,Vuelta de ataque
2023,Monaco,FP3,OCO,10,73.983,SOFT,3,Vuelta de ataque
2023,Monaco,FP3,OCO,13,73.496,SOFT,3,Vuelta de ataque
2023,Monaco,FP3,OCO,15,73.71,SOFT,3,Vuelta de ataque
2023,Monaco,FP3,HAM,2,74.675,SOFT,3,Vuelta de ataque
2023,Monaco,FP3,HAM,6,73.552,SOFT,3,Vuelta de ataque
2023,Monaco,FP3,HAM,10,73.486,SOFT,3,Vuelta de ataque
2023,Monaco,FP3,SAI,2,75.056,SOFT,2,Tracción Comprometida
2023,Monaco,FP3,SAI,5,74.902,SOFT,2,Tracción Comprometida
2023,Monaco,FP3,SAI,8,74.129,SOFT,2,Tracción Comprometida
2023,Monaco,FP3,SAI,11,73.379,SOFT,2,Tracción Comprometida
2023,Monaco,FP3,SAI,14,73.261,SOFT,2,Tracción Comprometida
2023,Monaco,FP3,SAI,18,73.724,SOFT,3,Vuelta de ataque
2023,Monaco,FP3,RUS,3,74.382,SOFT,3,Vuelta de ataque
2023,Monaco,FP3,RUS,6,74.005,SOFT,3,Vuelta de ataque
2023,Monaco,FP3,RUS,9,73.78,SOFT,3,Vuelta de ataque
2023,Monaco,FP3,RUS,13,73.59,SOFT,3,Vuelta de ataque
2023,Monaco,FP3,BOT,2,75.946,SOFT,3,Vuelta de ataque
2023,Monaco,FP3,BOT,4,75.287,SOFT,3,Vuelta de ataque
2023,Monaco,FP3,BOT,7,74.992,SOFT,3,Vuelta de ataque
2023,Monaco,FP3,BOT,10,74.389,SOFT,3,Vuelta de ataque
2023,Monaco,FP3,BOT,13,73.861,SOFT,3,Vuelta de ataque
2023,Monaco,FP3,BOT,15,73.521,SOFT,3,Vuelta de ataque
2023,Monaco,FP3,PIA,2,76.453,SOFT,3,Vuelta de ataque
2023,Monaco,FP3,PIA,4,77.323,SOFT,3,Vuelta de ataque
2023,Monaco,FP3,PIA,6,75.386,SOFT,3,Vuelta de ataque
2023,Monaco,FP3,PIA,8,74.769,SOFT,3,Vuelta de ataque
2023,Monaco,FP3,PIA,9,76.257,SOFT,1,Lift and Coast
2023,Monaco,FP3,PIA,12,73.998,SOFT,3,Vuelta de ataque
2023,Monaco,FP3,PIA,14,74.491,SOFT,3,Vuelta de ataque
2023,Monaco,FP3,PIA,16,74.544,SOFT,3,Vuelta de ataque
2023,Monaco,Q,VER,2,73.784,SOFT,3,Vuelta de ataque
2023,Monaco,Q,VER,6,73.038,SOFT,3,Vuelta de ataque
2023,Monaco,Q,VER,8,72.644,SOFT,3,Vuelta de ataque
2023,Monaco,Q,VER,11,72.386,SOFT,3,Vuelta de ataque
2023,Monaco,Q,VER,14,72.038,SOFT,3,Vuelta de ataque
2023,Monaco,Q,VER,17,71.908,SOFT,3,Vuelta de ataque
2023,Monaco,Q,VER,20,72.031,SOFT,3,Vuelta de ataque
2023,Monaco,Q,VER,23,72.102,SOFT,3,Vuelta de ataque
2023,Monaco,Q,VER,29,71.365,SOFT,3,Vuelta de ataque
2023,Monaco,Q,ALO,2,73.884,SOFT,2,Tracción Comprometida
2023,Monaco,Q,ALO,7,72.959,SOFT,3,Vuelta de ataque
2023,Monaco,Q,ALO,12,72.222,SOFT,3,Vuelta de ataque
2023,Monaco,Q,ALO,14,72.107,SOFT,3,Vuelta de ataque
2023,Monaco,Q,ALO,21,71.706,SOFT,3,Vuelta de ataque
2023,Monaco,Q,ALO,24,71.449,SOFT,3,Vuelta de ataque
2023,Monaco,Q,LEC,2,74.074,SOFT,3,Vuelta de ataque
2023,Monaco,Q,LEC,6,73.341,SOFT,3,Vuelta de ataque
2023,Monaco,Q,LEC,8,72.912,SOFT,3,Vuelta de ataque
2023,Monaco,Q,LEC,13,72.347,SOFT,3,Vuelta de ataque
2023,Monaco,Q,LEC,15,72.395,SOFT,3,Vuelta de ataque
2023,Monaco,Q,LEC,18,72.103,SOFT,3,Vuelta de ataque
2023,Monaco,Q,LEC,22,71.759,SOFT,3,Vuelta de ataque
2023,Monaco,Q,OCO,2,74.083,SOFT,3,Vuelta de ataque
2023,Monaco,Q,OCO,4,74.156,SOFT,3,Vuelta de ataque
2023,Monaco,Q,OCO,7,73.019,SOFT,3,Vuelta de ataque
2023,Monaco,Q,OCO,9,73.017,SOFT,3,Vuelta de ataque
2023,Monaco,Q,OCO,11,72.967,SOFT,3,Vuelta de ataque
2023,Monaco,Q,OCO,14,72.248,SOFT,3,Vuelta de ataque
2023,Monaco,Q,OCO,17,72.412,SOFT,3,Vuelta de ataque
2023,Monaco,Q,OCO,22,72.233,SOFT,3,Vuelta de ataque
2023,Monaco,Q,OCO,25,71.553,SOFT,3,Vuelta de ataque
2023,Monaco,Q,SAI,2,75.006,SOFT,2,Tracción Comprometida
2023,Monaco,Q,SAI,6,73.533,SOFT,0,Ritmo de carrera
2023,Monaco,Q,SAI,11,72.717,SOFT,3,Vuelta de ataque
2023,Monaco,Q,SAI,14,72.303,SOFT,0,Ritmo de carrera
2023,Monaco,Q,SAI,21,72.21,SOFT,3,Vuelta de ataque
2023,Monaco,Q,SAI,24,71.735,SOFT,3,Vuelta de ataque
2023,Monaco,Q,SAI,27,71.63,SOFT,3,Vuelta de ataque
2023,Monaco,Q,HAM,2,74.433,SOFT,3,Vuelta de ataque
2023,Monaco,Q,HAM,6,73.849,SOFT,3,Vuelta de ataque
2023,Monaco,Q,HAM,8,73.437,SOFT,3,Vuelta de ataque
2023,Monaco,Q,HAM,12,72.872,SOFT,3,Vuelta de ataque
2023,Monaco,Q,HAM,15,72.815,SOFT,3,Vuelta de ataque
2023,Monaco,Q,HAM,17,72.749,SOFT,3,Vuelta de ataque
2023,Monaco,Q,HAM,20,72.438,SOFT,3,Vuelta de ataque
2023,Monaco,Q,HAM,23,72.156,SOFT,3,Vuelta de ataque
2023,Monaco,Q,HAM,26,72.341,SOFT,3,Vuelta de ataque
2023,Monaco,Q,HAM,29,71.725,SOFT,3,Vuelta de ataque
2023,Monaco,Q,GAS,2,75.881,SOFT,3,Vuelta de ataque
2023,Monaco,Q,GAS,4,73.945,SOFT,3,Vuelta de ataque
2023,Monaco,Q,GAS,7,73.033,SOFT,3,Vuelta de ataque
2023,Monaco,Q,GAS,9,73.664,SOFT,3,Vuelta de ataque
2023,Monaco,Q,GAS,16,73.141,SOFT,3,Vuelta de ataque
2023,Monaco,Q,GAS,21,72.252,SOFT,3,Vuelta de ataque
2023,Monaco,Q,RUS,2,74.331,SOFT,3,Vuelta de ataque
2023,Monaco,Q,RUS,6,73.252,SOFT,3,Vuelta de ataque
2023,Monaco,Q,RUS,8,73.029,SOFT,3,Vuelta de ataque
2023,Monaco,Q,RUS,11,72.769,SOFT,3,Vuelta de ataque
2023,Monaco,Q,RUS,14,72.809,SOFT,3,Vuelta de ataque
2023,Monaco,Q,RUS,16,72.883,SOFT,3,Vuelta de ataque
2023,Monaco,Q,RUS,19,72.151,SOFT,3,Vuelta de ataque
2023,Monaco,Q,RUS,25,71.964,SOFT,3,Vuelta de ataque
2023,Monaco,Q,TSU,2,75.054,SOFT,3,Vuelta de ataque
2023,Monaco,Q,TSU,4,74.324,SOFT,3,Vuelta de ataque
2023,Monaco,Q,TSU,12,74.613,SOFT,3,Vuelta de ataque
2023,Monaco,Q,TSU,20,74.031,SOFT,3,Vuelta de ataque
2023,Monaco,Q,NOR,2,74.215,SOFT,3,Vuelta de ataque
2023,Monaco,Q,NOR,4,73.485,SOFT,3,Vuelta de ataque
2023,Monaco,Q,NOR,7,73.132,SOFT,3,Vuelta de ataque
2023,Monaco,Q,NOR,9,72.877,SOFT,3,Vuelta de ataque
2023,Monaco,Q,NOR,11,72.892,SOFT,3,Vuelta de ataque
2023,Monaco,Q,NOR,14,72.377,SOFT,3,Vuelta de ataque
2023,Monaco,Q,NOR,16,72.421,SOFT,3,Vuelta de ataque
2023,Monaco,Q,NOR,21,72.254,SOFT,3,Vuelta de ataque
2023,Monaco,Q,PIA,2,74.778,SOFT,3,Vuelta de ataque
2023,Monaco,Q,PIA,4,73.642,SOFT,3,Vuelta de ataque
2023,Monaco,Q,PIA,7,73.526,SOFT,3,Vuelta de ataque
2023,Monaco,Q,PIA,9,73.317,SOFT,3,Vuelta de ataque
2023,Monaco,Q,PIA,11,73.006,SOFT,3,Vuelta de ataque
2023,Monaco,Q,PIA,14,72.395,SOFT,3,Vuelta de ataque
2023,Monaco,Q,PIA,16,72.553,SOFT,3,Vuelta de ataque
2023,Monaco,Q,PIA,19,72.396,SOFT,3,Vuelta de ataque
2023,Monaco,Q,PIA,21,73.114,SOFT,3,Vuelta de ataque
2023,Monaco,Q,DEV,2,75.167,SOFT,3,Vuelta de ataque
2023,Monaco,Q,DEV,4,74.453,SOFT,3,Vuelta de ataque
2023,Monaco,Q,DEV,7,73.173,SOFT,3,Vuelta de ataque
2023,Monaco,Q,DEV,14,73.437,SOFT,3,Vuelta de ataque
2023,Monaco,Q,DEV,16,73.496,SOFT,3,Vuelta de ataque
2023,Monaco,Q,ALB,2,75.237,SOFT,2,Tracción Comprometida
2023,Monaco,Q,ALB,7,73.327,SOFT,3,Vuelta de ataque
2023,Monaco,Q,ALB,9,73.346,SOFT,3,Vuelta de ataque
2023,Monaco,Q,ALB,12,72.706,SOFT,3,Vuelta de ataque
2023,Monaco,Q,ALB,15,72.825,SOFT,3,Vuelta de ataque
2023,Monaco,Q,ALB,18,72.527,SOFT,3,Vuelta de ataque
2023,Monaco,Q,STR,2,73.927,SOFT,0,Ritmo de carrera
2023,Monaco,Q,STR,6,73.326,SOFT,3,Vuelta de ataque
2023,Monaco,Q,STR,11,72.722,SOFT,3,Vuelta de ataque
2023,Monaco,Q,STR,18,72.623,SOFT,3,Vuelta de ataque
2023,Monaco,Q,BOT,2,74.338,SOFT,3,Vuelta de ataque
2023,Monaco,Q,BOT,4,74.004,SOFT,3,Vuelta de ataque
2023,Monaco,Q,BOT,7,73.464,SOFT,3,Vuelta de ataque
2023,Monaco,Q,BOT,9,73.468,SOFT,3,Vuelta de ataque
2023,Monaco,Q,BOT,12,73.038,SOFT,3,Vuelta de ataque
2023,Monaco,Q,BOT,15,72.755,SOFT,3,Vuelta de ataque
2023,Monaco,Q,BOT,18,72.684,SOFT,3,Vuelta de ataque
2023,Monaco,Q,BOT,21,72.625,SOFT,3,Vuelta de ataque
2023,Monaco,Q,SAR,2,75.987,SOFT,3,Vuelta de ataque
2023,Monaco,Q,SAR,4,74.648,SOFT,3,Vuelta de ataque
2023,Monaco,Q,SAR,7,73.794,SOFT,3,Vuelta de ataque
2023,Monaco,Q,SAR,9,73.855,SOFT,3,Vuelta de ataque
2023,Monaco,Q,SAR,12,73.113,SOFT,3,Vuelta de ataque
2023,Monaco,Q,MAG,2,74.34,SOFT,3,Vuelta de ataque
2023,Monaco,Q,MAG,6,73.27,SOFT,3,Vuelta de ataque
2023,Monaco,Q,MAG,8,73.836,SOFT,3,Vuelta de ataque
2023,Monaco,Q,HUL,2,74.381,SOFT,3,Vuelta de ataque
2023,Monaco,Q,HUL,6,73.279,SOFT,3,Vuelta de ataque
2023,Monaco,Q,ZHO,2,74.846,SOFT,3,Vuelta de ataque
2023,Monaco,Q,ZHO,7,73.771,SOFT,3,Vuelta de ataque
2023,Monaco,Q,ZHO,9,73.585,SOFT,3,Vuelta de ataque
2023,Monaco,Q,ZHO,12,73.523,SOFT,3,Vuelta de ataque
2023,Monaco,Q,PER,2,73.85,SOFT,3,Vuelta de ataque
2023,Monaco,R,VER,3,79.074,MEDIUM,1,Lift and Coast
2023,Monaco,R,VER,4,78.129,MEDIUM,1,Lift and Coast
2023,Monaco,R,VER,5,78.019,MEDIUM,1,Lift and Coast
2023,Monaco,R,VER,6,77.64,MEDIUM,1,Lift and Coast
2023,Monaco,R,VER,7,77.633,MEDIUM,1,Lift and Coast
2023,Monaco,R,VER,8,77.397,MEDIUM,1,Lift and Coast
2023,Monaco,R,VER,9,77.031,MEDIUM,1,Lift and Coast
2023,Monaco,R,VER,10,77.084,MEDIUM,1,Lift and Coast
2023,Monaco,R,VER,11,76.858,MEDIUM,1,Lift and Coast
2023,Monaco,R,VER,12,76.993,MEDIUM,1,Lift and Coast
2023,Monaco,R,VER,13,77.434,MEDIUM,1,Lift and Coast
2023,Monaco,R,VER,14,77.065,MEDIUM,1,Lift and Coast
2023,Monaco,R,VER,15,77.079,MEDIUM,1,Lift and Coast
2023,Monaco,R,VER,16,76.824,MEDIUM,1,Lift and Coast
2023,Monaco,R,VER,17,76.86,MEDIUM,1,Lift and Coast
2023,Monaco,R,VER,18,76.712,MEDIUM,1,Lift and Coast
2023,Monaco,R,VER,19,76.823,MEDIUM,1,Lift and Coast
2023,Monaco,R,VER,20,77.214,MEDIUM,1,Lift and Coast
2023,Monaco,R,VER,21,76.803,MEDIUM,1,Lift and Coast
2023,Monaco,R,VER,22,76.659,MEDIUM,1,Lift and Coast
2023,Monaco,R,VER,23,76.604,MEDIUM,1,Lift and Coast
2023,Monaco,R,VER,24,76.798,MEDIUM,1,Lift and Coast
2023,Monaco,R,VER,25,77.183,MEDIUM,1,Lift and Coast
2023,Monaco,R,VER,26,77.212,MEDIUM,1,Lift and Coast
2023,Monaco,R,VER,27,77.259,MEDIUM,1,Lift and Coast
2023,Monaco,R,VER,28,77.77,MEDIUM,1,Lift and Coast
2023,Monaco,R,VER,29,78.001,MEDIUM,1,Lift and Coast
2023,Monaco,R,VER,30,78.16,MEDIUM,0,Ritmo de carrera
2023,Monaco,R,VER,31,78.741,MEDIUM,1,Lift and Coast
2023,Monaco,R,VER,32,78.816,MEDIUM,0,Ritmo de carrera
2023,Monaco,R,VER,33,78.946,MEDIUM,2,Tracción Comprometida
2023,Monaco,R,VER,34,78.044,MEDIUM,1,Lift and Coast
2023,Monaco,R,VER,35,78.024,MEDIUM,1,Lift and Coast
2023,Monaco,R,VER,36,77.974,MEDIUM,1,Lift and Coast
2023,Monaco,R,VER,37,77.273,MEDIUM,0,Ritmo de carrera
2023,Monaco,R,VER,38,77.122,MEDIUM,1,Lift and Coast
2023,Monaco,R,VER,39,76.966,MEDIUM,1,Lift and Coast
2023,Monaco,R,VER,40,77.161,MEDIUM,1,Lift and Coast
2023,Monaco,R,VER,41,76.944,MEDIUM,1,Lift and Coast
2023,Monaco,R,VER,42,76.8,MEDIUM,1,Lift and Coast
2023,Monaco,R,VER,43,76.963,MEDIUM,1,Lift and Coast
2023,Monaco,R,VER,44,76.722,MEDIUM,1,Lift and Coast
2023,Monaco,R,VER,45,76.701,MEDIUM,1,Lift and Coast
2023,Monaco,R,VER,46,77.075,MEDIUM,1,Lift and Coast
2023,Monaco,R,VER,47,77.16,MEDIUM,1,Lift and Coast
2023,Monaco,R,VER,48,77.065,MEDIUM,1,Lift and Coast
2023,Monaco,R,VER,49,77.428,MEDIUM,1,Lift and Coast
2023,Monaco,R,VER,50,77.314,MEDIUM,1,Lift and Coast
2023,Monaco,R,VER,51,77.427,MEDIUM,2,Tracción Comprometida
2023,Monaco,R,GAS,2,80.636,HARD,1,Lift and Coast
2023,Monaco,R,GAS,3,80.282,HARD,1,Lift and Coast
2023,Monaco,R,GAS,4,79.577,HARD,1,Lift and Coast
2023,Monaco,R,GAS,5,78.893,HARD,1,Lift and Coast
2023,Monaco,R,GAS,6,78.842,HARD,1,Lift and Coast
2023,Monaco,R,GAS,7,78.604,HARD,1,Lift and Coast
2023,Monaco,R,GAS,8,79.317,HARD,1,Lift and Coast
2023,Monaco,R,GAS,9,78.788,HARD,1,Lift and Coast
2023,Monaco,R,GAS,10,78.31,HARD,1,Lift and Coast
2023,Monaco,R,GAS,11,78.367,HARD,1,Lift and Coast
2023,Monaco,R,GAS,12,78.582,HARD,1,Lift and Coast
2023,Monaco,R,GAS,13,77.713,HARD,1,Lift and Coast
2023,Monaco,R,GAS,14,78.564,HARD,1,Lift and Coast
2023,Monaco,R,GAS,15,78.284,HARD,1,Lift and Coast
2023,Monaco,R,GAS,16,78.298,HARD,1,Lift and Coast
2023,Monaco,R,GAS,18,78.453,HARD,1,Lift and Coast
2023,Monaco,R,GAS,19,78.109,HARD,1,Lift and Coast
2023,Monaco,R,GAS,20,78.587,HARD,1,Lift and Coast
2023,Monaco,R,GAS,21,77.81,HARD,1,Lift and Coast
2023,Monaco,R,GAS,22,78.213,HARD,1,Lift and Coast
2023,Monaco,R,GAS,23,77.942,HARD,1,Lift and Coast
2023,Monaco,R,GAS,24,77.577,HARD,1,Lift and Coast
2023,Monaco,R,GAS,25,77.54,HARD,1,Lift and Coast
2023,Monaco,R,GAS,26,77.912,HARD,1,Lift and Coast
2023,Monaco,R,GAS,27,78.012,HARD,1,Lift and Coast
2023,Monaco,R,GAS,28,77.285,HARD,1,Lift and Coast
2023,Monaco,R,GAS,29,77.373,HARD,1,Lift and Coast
2023,Monaco,R,GAS,30,77.083,HARD,1,Lift and Coast
2023,Monaco,R,GAS,31,78.015,HARD,1,Lift and Coast
2023,Monaco,R,GAS,32,77.384,HARD,1,Lift and Coast
2023,Monaco,R,GAS,33,77.45,HARD,1,Lift and Coast
2023,Monaco,R,GAS,34,77.207,HARD,1,Lift and Coast
2023,Monaco,R,GAS,35,77.421,HARD,1,Lift and Coast
2023,Monaco,R,GAS,36,77.668,HARD,1,Lift and Coast
2023,Monaco,R,GAS,37,77.212,HARD,1,Lift and Coast
2023,Monaco,R,GAS,38,77.556,HARD,1,Lift and Coast
2023,Monaco,R,GAS,39,77.102,HARD,1,Lift and Coast
2023,Monaco,R,GAS,40,77.221,HARD,1,Lift and Coast
2023,Monaco,R,GAS,41,77.654,HARD,1,Lift and Coast
2023,Monaco,R,GAS,42,78.559,HARD,1,Lift and Coast
2023,Monaco,R,GAS,43,77.699,HARD,1,Lift and Coast
2023,Monaco,R,GAS,44,78.042,HARD,1,Lift and Coast
2023,Monaco,R,GAS,45,76.839,HARD,3,Vuelta de ataque
2023,Monaco,R,GAS,46,76.997,HARD,1,Lift and Coast
2023,Monaco,R,GAS,48,79.884,MEDIUM,1,Lift and Coast
2023,Monaco,R,GAS,49,75.831,MEDIUM,3,Vuelta de ataque
2023,Monaco,R,GAS,50,75.955,MEDIUM,3,Vuelta de ataque
2023,Monaco,R,GAS,51,76.711,MEDIUM,3,Vuelta de ataque
2023,Monaco,R,PER,2,79.704,HARD,1,Lift and Coast
2023,Monaco,R,PER,3,76.387,HARD,3,Vuelta de ataque
2023,Monaco,R,PER,4,76.535,HARD,2,Tracción Comprometida
2023,Monaco,R,PER,5,76.269,HARD,2,Tracción Comprometida
2023,Monaco,R,PER,6,76.458,HARD,3,Vuelta de ataque
2023,Monaco,R,PER,7,77.399,HARD,2,Tracción Comprometida
2023,Monaco,R,PER,8,77.937,HARD,1,Lift and Coast
2023,Monaco,R,PER,9,78.254,HARD,2,Tracción Comprometida
2023,Monaco,R,PER,10,79.787,HARD,2,Tracción Comprometida
2023,Monaco,R,PER,11,79.848,HARD,2,Tracción Comprometida
2023,Monaco,R,PER,13,80.797,HARD,2,Tracción Comprometida
2023,Monaco,R,PER,16,80.487,HARD,2,Tracción Comprometida
2023,Monaco,R,PER,18,78.092,HARD,1,Lift and Coast
2023,Monaco,R,PER,19,77.867,HARD,1,Lift and Coast
2023,Monaco,R,PER,20,77.979,HARD,1,Lift and Coast
2023,Monaco,R,PER,21,78.523,HARD,2,Tracción Comprometida
2023,Monaco,R,PER,22,78.803,HARD,1,Lift and Coast
2023,Monaco,R,PER,23,78.604,HARD,2,Tracción Comprometida
2023,Monaco,R,PER,24,78.624,HARD,1,Lift and Coast
2023,Monaco,R,PER,25,78.541,HARD,0,Ritmo de carrera
2023,Monaco,R,PER,26,79.877,HARD,1,Lift and Coast
2023,Monaco,R,PER,27,79.319,HARD,1,Lift and Coast
2023,Monaco,R,PER,28,79.611,HARD,2,Tracción Comprometida
2023,Monaco,R,PER,30,80.771,HARD,1,Lift and Coast
2023,Monaco,R,PER,31,79.292,HARD,2,Tracción Comprometida
2023,Monaco,R,PER,32,79.607,HARD,2,Tracción Comprometida
2023,Monaco,R,PER,35,79.581,MEDIUM,2,Tracción Comprometida
2023,Monaco,R,PER,36,76.882,MEDIUM,2,Tracción Comprometida
2023,Monaco,R,PER,37,76.706,MEDIUM,2,Tracción Comprometida
2023,Monaco,R,PER,38,76.353,MEDIUM,1,Lift and Coast
2023,Monaco,R,PER,39,76.445,MEDIUM,1,Lift and Coast
2023,Monaco,R,PER,40,76.755,MEDIUM,0,Ritmo de carrera
2023,Monaco,R,PER,41,77.959,MEDIUM,2,Tracción Comprometida
2023,Monaco,R,PER,42,77.46,MEDIUM,2,Tracción Comprometida
2023,Monaco,R,PER,43,77.847,MEDIUM,2,Tracción Comprometida
2023,Monaco,R,PER,44,77.616,MEDIUM,2,Tracción Comprometida
2023,Monaco,R,PER,45,77.128,MEDIUM,2,Tracción Comprometida
2023,Monaco,R,PER,46,77.047,MEDIUM,1,Lift and Coast
2023,Monaco,R,PER,47,76.859,MEDIUM,1,Lift and Coast
2023,Monaco,R,PER,48,76.98,MEDIUM,2,Tracción Comprometida
2023,Monaco,R,PER,49,78.524,MEDIUM,1,Lift and Coast
2023,Monaco,R,ALO,2,79.646,HARD,1,Lift and Coast
2023,Monaco,R,ALO,3,79.113,HARD,1,Lift and Coast
2023,Monaco,R,ALO,4,78.776,HARD,1,Lift and Coast
2023,Monaco,R,ALO,5,77.939,HARD,2,Tracción Comprometida
2023,Monaco,R,ALO,6,77.952,HARD,1,Lift and Coast
2023,Monaco,R,ALO,7,77.505,HARD,0,Ritmo de carrera
2023,Monaco,R,ALO,8,77.391,HARD,2,Tracción Comprometida
2023,Monaco,R,ALO,9,77.783,HARD,2,Tracción Comprometida
2023,Monaco,R,ALO,10,77.324,HARD,0,Ritmo de carrera
2023,Monaco,R,ALO,11,77.249,HARD,2,Tracción Comprometida
2023,Monaco,R,ALO,12,77.588,HARD,1,Lift and Coast
2023,Monaco,R,ALO,13,78.443,HARD,0,Ritmo de carrera
2023,Monaco,R,ALO,14,77.508,HARD,0,Ritmo de carrera
2023,Monaco,R,ALO,15,77.444,HARD,0,Ritmo de carrera
2023,Monaco,R,ALO,16,77.17,HARD,0,Ritmo de carrera
2023,Monaco,R,ALO,17,77.699,HARD,0,Ritmo de carrera
2023,Monaco,R,ALO,18,77.528,HARD,0,Ritmo de carrera
2023,Monaco,R,ALO,19,77.258,HARD,0,Ritmo de carrera
2023,Monaco,R,ALO,20,77.13,HARD,0,Ritmo de carrera
2023,Monaco,R,ALO,21,77.664,HARD,0,Ritmo de carrera
2023,Monaco,R,ALO,22,77.947,HARD,0,Ritmo de carrera
2023,Monaco,R,ALO,23,77.272,HARD,0,Ritmo de carrera
2023,Monaco,R,ALO,24,77.285,HARD,0,Ritmo de carrera
2023,Monaco,R,ALO,25,77.182,HARD,2,Tracción Comprometida
2023,Monaco,R,ALO,26,77.141,HARD,0,Ritmo de carrera
2023,Monaco,R,ALO,27,77.228,HARD,0,Ritmo de carrera
2023,Monaco,R,ALO,28,77.562,HARD,0,Ritmo de carrera
2023,Monaco,R,ALO,29,77.111,HARD,2,Tracción Comprometida
2023,Monaco,R,ALO,30,76.965,HARD,0,Ritmo de carrera
2023,Monaco,R,ALO,31,77.259,HARD,0,Ritmo de carrera
2023,Monaco,R,ALO,32,77.637,HARD,0,Ritmo de carrera
2023,Monaco,R,ALO,33,77.816,HARD,0,Ritmo de carrera
2023,Monaco,R,ALO,34,79.297,HARD,2,Tracción Comprometida
2023,Monaco,R,ALO,35,78.634,HARD,2,Tracción Comprometida
2023,Monaco,R,ALO,36,77.876,HARD,0,Ritmo de carrera
2023,Monaco,R,ALO,37,77.974,HARD,0,Ritmo de carrera
2023,Monaco,R,ALO,38,77.141,HARD,0,Ritmo de carrera
2023,Monaco,R,ALO,39,77.705,HARD,2,Tracción Comprometida
2023,Monaco,R,ALO,40,77.63,HARD,2,Tracción Comprometida
2023,Monaco,R,ALO,41,77.016,HARD,0,Ritmo de carrera
2023,Monaco,R,ALO,42,76.719,HARD,0,Ritmo de carrera
2023,Monaco,R,ALO,43,76.674,HARD,2,Tracción Comprometida
2023,Monaco,R,ALO,44,76.919,HARD,0,Ritmo de carrera
2023,Monaco,R,ALO,45,76.862,HARD,2,Tracción Comprometida
2023,Monaco,R,ALO,46,77.114,HARD,0,Ritmo de carrera
2023,Monaco,R,ALO,47,77.108,HARD,3,Vuelta de ataque
2023,Monaco,R,ALO,48,76.931,HARD,3,Vuelta de ataque
2023,Monaco,R,ALO,49,76.992,HARD,2,Tracción Comprometida
2023,Monaco,R,ALO,50,77.408,HARD,3,Vuelta de ataque
2023,Monaco,R,ALO,51,79.991,HARD,2,Tracción Comprometida
2023,Monaco,R,LEC,3,80.021,HARD,2,Tracción Comprometida
2023,Monaco,R,LEC,4,79.468,HARD,2,Tracción Comprometida
2023,Monaco,R,LEC,5,78.837,HARD,2,Tracción Comprometida
2023,Monaco,R,LEC,7,78.645,HARD,2,Tracción Comprometida
2023,Monaco,R,LEC,8,79.165,HARD,2,Tracción Comprometida
2023,Monaco,R,LEC,12,78.15,HARD,2,Tracción Comprometida
2023,Monaco,R,LEC,17,78.234,HARD,2,Tracción Comprometida
2023,Monaco,R,LEC,20,78.365,HARD,2,Tracción Comprometida
2023,Monaco,R,LEC,21,78.127,HARD,2,Tracción Comprometida
2023,Monaco,R,LEC,22,77.886,HARD,2,Tracción Comprometida
2023,Monaco,R,LEC,23,77.922,HARD,2,Tracción Comprometida
2023,Monaco,R,LEC,24,77.586,HARD,2,Tracción Comprometida
2023,Monaco,R,LEC,25,77.619,HARD,2,Tracción Comprometida
2023,Monaco,R,LEC,26,77.879,HARD,2,Tracción Comprometida
2023,Monaco,R,LEC,27,77.602,HARD,2,Tracción Comprometida
2023,Monaco,R,LEC,29,77.065,HARD,2,Tracción Comprometida
2023,Monaco,R,LEC,32,77.282,HARD,2,Tracción Comprometida
2023,Monaco,R,LEC,33,77.163,HARD,2,Tracción Comprometida
2023,Monaco,R,LEC,34,77.461,HARD,2,Tracción Comprometida
2023,Monaco,R,LEC,35,77.467,HARD,2,Tracción Comprometida
2023,Monaco,R,LEC,36,77.491,HARD,2,Tracción Comprometida
2023,Monaco,R,LEC,37,77.361,HARD,2,Tracción Comprometida
2023,Monaco,R,LEC,38,77.483,HARD,2,Tracción Comprometida
2023,Monaco,R,LEC,39,77.213,HARD,2,Tracción Comprometida
2023,Monaco,R,LEC,40,77.237,HARD,2,Tracción Comprometida
2023,Monaco,R,LEC,42,77.801,HARD,2,Tracción Comprometida
2023,Monaco,R,LEC,43,78.451,HARD,2,Tracción Comprometida
2023,Monaco,R,LEC,47,76.358,MEDIUM,2,Tracción Comprometida
2023,Monaco,R,LEC,48,76.971,MEDIUM,2,Tracción Comprometida
2023,Monaco,R,LEC,49,76.283,MEDIUM,2,Tracción Comprometida
2023,Monaco,R,LEC,50,75.956,MEDIUM,2,Tracción Comprometida
2023,Monaco,R,LEC,51,77.017,MEDIUM,2,Tracción Comprometida
2023,Monaco,R,STR,2,79.989,HARD,1,Lift and Coast
2023,Monaco,R,STR,3,79.928,HARD,0,Ritmo de carrera
2023,Monaco,R,STR,4,79.998,HARD,1,Lift and Coast
2023,Monaco,R,STR,5,80.438,HARD,1,Lift and Coast
2023,Monaco,R,STR,8,78.733,HARD,0,Ritmo de carrera
2023,Monaco,R,STR,9,78.659,HARD,1,Lift and Coast
2023,Monaco,R,STR,10,79.893,HARD,0,Ritmo de carrera
2023,Monaco,R,STR,11,79.758,HARD,0,Ritmo de carrera
2023,Monaco,R,STR,13,80.847,HARD,0,Ritmo de carrera
2023,Monaco,R,STR,15,80.203,HARD,0,Ritmo de carrera
2023,Monaco,R,STR,16,80.545,HARD,0,Ritmo de carrera
2023,Monaco,R,STR,18,77.769,HARD,0,Ritmo de carrera
2023,Monaco,R,STR,19,77.915,HARD,0,Ritmo de carrera
2023,Monaco,R,STR,20,78.061,HARD,0,Ritmo de carrera
2023,Monaco,R,STR,21,78.594,HARD,0,Ritmo de carrera
2023,Monaco,R,STR,22,78.548,HARD,1,Lift and Coast
2023,Monaco,R,STR,23,78.927,HARD,0,Ritmo de carrera
2023,Monaco,R,STR,24,78.439,HARD,0,Ritmo de carrera
2023,Monaco,R,STR,25,79.058,HARD,0,Ritmo de carrera
2023,Monaco,R,STR,26,78.926,HARD,1,Lift and Coast
2023,Monaco,R,STR,30,79.86,HARD,0,Ritmo de carrera
2023,Monaco,R,STR,32,79.387,HARD,0,Ritmo de carrera
2023,Monaco,R,STR,34,78.583,HARD,0,Ritmo de carrera
2023,Monaco,R,STR,36,79.544,HARD,0,Ritmo de carrera
2023,Monaco,R,STR,37,78.76,HARD,0,Ritmo de carrera
2023,Monaco,R,STR,38,78.424,HARD,0,Ritmo de carrera
2023,Monaco,R,STR,39,78.498,HARD,0,Ritmo de carrera
2023,Monaco,R,STR,40,78.498,HARD,0,Ritmo de carrera
2023,Monaco,R,STR,41,78.574,HARD,0,Ritmo de carrera
2023,Monaco,R,STR,42,78.732,HARD,0,Ritmo de carrera
2023,Monaco,R,STR,43,78.898,HARD,0,Ritmo de carrera
2023,Monaco,R,STR,44,78.533,HARD,0,Ritmo de carrera
2023,Monaco,R,STR,45,78.374,HARD,0,Ritmo de carrera
2023,Monaco,R,STR,47,79.033,HARD,0,Ritmo de carrera
2023,Monaco,R,STR,48,78.573,HARD,0,Ritmo de carrera
2023,Monaco,R,STR,49,78.418,HARD,0,Ritmo de carrera
2023,Monaco,R,STR,50,80.218,HARD,0,Ritmo de carrera
2023,Monaco,R,SAR,2,79.658,MEDIUM,0,Ritmo de carrera
2023,Monaco,R,SAR,3,80.219,MEDIUM,1,Lift and Coast
2023,Monaco,R,SAR,4,80.246,MEDIUM,0,Ritmo de carrera
2023,Monaco,R,SAR,5,80.214,MEDIUM,0,Ritmo de carrera
2023,Monaco,R,SAR,6,79.312,MEDIUM,0,Ritmo de carrera
2023,Monaco,R,SAR,7,79.239,MEDIUM,2,Tracción Comprometida
2023,Monaco,R,SAR,8,78.947,MEDIUM,2,Tracción Comprometida
2023,Monaco,R,SAR,9,79.529,MEDIUM,0,Ritmo de carrera
2023,Monaco,R,SAR,10,80.334,MEDIUM,0,Ritmo de carrera
2023,Monaco,R,SAR,11,80.089,MEDIUM,1,Lift and Coast
2023,Monaco,R,SAR,12,80.638,MEDIUM,2,Tracción Comprometida
2023,Monaco,R,SAR,13,80.702,MEDIUM,0,Ritmo de carrera
2023,Monaco,R,SAR,14,80.318,MEDIUM,0,Ritmo de carrera
2023,Monaco,R,SAR,15,80.28,MEDIUM,1,Lift and Coast
2023,Monaco,R,SAR,16,80.471,MEDIUM,2,Tracción Comprometida
2023,Monaco,R,SAR,22,77.483,HARD,0,Ritmo de carrera
2023,Monaco,R,SAR,24,80.682,SOFT,2,Tracción Comprometida
2023,Monaco,R,SAR,25,77.894,SOFT,2,Tracción Comprometida
2023,Monaco,R,SAR,26,78.033,SOFT,0,Ritmo de carrera
2023,Monaco,R,SAR,27,77.875,SOFT,1,Lift and Coast
2023,Monaco,R,SAR,28,77.74,SOFT,1,Lift and Coast
2023,Monaco,R,SAR,29,77.753,SOFT,1,Lift and Coast
2023,Monaco,R,SAR,30,77.535,SOFT,1,Lift and Coast
2023,Monaco,R,SAR,31,77.493,SOFT,0,Ritmo de carrera
2023,Monaco,R,SAR,32,77.302,SOFT,1,Lift and Coast
2023,Monaco,R,SAR,33,77.344,SOFT,1,Lift and Coast
2023,Monaco,R,SAR,34,77.666,SOFT,1,Lift and Coast
2023,Monaco,R,SAR,35,78.638,SOFT,0,Ritmo de carrera
2023,Monaco,R,SAR,36,77.372,SOFT,1,Lift and Coast
2023,Monaco,R,SAR,37,77.383,SOFT,0,Ritmo de carrera
2023,Monaco,R,SAR,38,80.017,SOFT,0,Ritmo de carrera
2023,Monaco,R,SAR,40,79.469,SOFT,0,Ritmo de carrera
2023,Monaco,R,SAR,41,78.519,SOFT,1,Lift and Coast
2023,Monaco,R,SAR,42,78.625,SOFT,0,Ritmo de carrera
2023,Monaco,R,SAR,43,78.773,SOFT,1,Lift and Coast
2023,Monaco,R,SAR,45,79.618,SOFT,1,Lift and Coast
2023,Monaco,R,SAR,46,79.028,SOFT,1,Lift and Coast
2023,Monaco,R,SAR,47,78.91,SOFT,0,Ritmo de carrera
2023,Monaco,R,SAR,48,79.212,SOFT,1,Lift and Coast
2023,Monaco,R,MAG,2,80.175,HARD,0,Ritmo de carrera
2023,Monaco,R,MAG,3,79.929,HARD,2,Tracción Comprometida
2023,Monaco,R,MAG,4,80.407,HARD,0,Ritmo de carrera
2023,Monaco,R,MAG,5,80.224,HARD,1,Lift and Coast
2023,Monaco,R,MAG,6,79.352,HARD,1,Lift and Coast
2023,Monaco,R,MAG,7,79.512,HARD,1,Lift and Coast
2023,Monaco,R,MAG,8,79.052,HARD,1,Lift and Coast
2023,Monaco,R,MAG,9,78.914,HARD,1,Lift and Coast
2023,Monaco,R,MAG,10,79.929,HARD,1,Lift and Coast
2023,Monaco,R,MAG,11,79.824,HARD,2,Tracción Comprometida
2023,Monaco,R,MAG,12,80.487,HARD,2,Tracción Comprometida
2023,Monaco,R,MAG,13,80.886,HARD,2,Tracción Comprometida
2023,Monaco,R,MAG,14,80.328,HARD,0,Ritmo de carrera
2023,Monaco,R,MAG,15,80.287,HARD,2,Tracción Comprometida
2023,Monaco,R,MAG,16,80.464,HARD,2,Tracción Comprometida
2023,Monaco,R,MAG,17,79.206,HARD,2,Tracción Comprometida
2023,Monaco,R,MAG,18,78.727,HARD,1,Lift and Coast
2023,Monaco,R,MAG,19,78.445,HARD,2,Tracción Comprometida
2023,Monaco,R,MAG,20,78.354,HARD,1,Lift and Coast
2023,Monaco,R,MAG,21,78.8,HARD,0,Ritmo de carrera
2023,Monaco,R,MAG,22,78.767,HARD,0,Ritmo de carrera
2023,Monaco,R,MAG,23,78.926,HARD,2,Tracción Comprometida
2023,Monaco,R,MAG,24,78.497,HARD,1,Lift and Coast
2023,Monaco,R,MAG,25,78.694,HARD,0,Ritmo de carrera
2023,Monaco,R,MAG,26,79.023,HARD,3,Vuelta de ataque
2023,Monaco,R,MAG,27,79.849,HARD,2,Tracción Comprometida
2023,Monaco,R,MAG,28,79.768,HARD,2,Tracción Comprometida
2023,Monaco,R,MAG,29,79.91,HARD,2,Tracción Comprometida
2023,Monaco,R,MAG,30,79.753,HARD,2,Tracción Comprometida
2023,Monaco,R,MAG,31,79.276,HARD,2,Tracción Comprometida
2023,Monaco,R,MAG,33,80.882,HARD,2,Tracción Comprometida
2023,Monaco,R,MAG,34,78.747,HARD,2,Tracción Comprometida
2023,Monaco,R,MAG,35,79.274,HARD,0,Ritmo de carrera
2023,Monaco,R,MAG,36,80.942,HARD,2,Tracción Comprometida
2023,Monaco,R,MAG,37,78.849,HARD,2,Tracción Comprometida
2023,Monaco,R,MAG,38,78.498,HARD,0,Ritmo de carrera
2023,Monaco,R,MAG,39,78.634,HARD,0,Ritmo de carrera
2023,Monaco,R,MAG,40,78.508,HARD,3,Vuelta de ataque
2023,Monaco,R,MAG,41,78.351,HARD,3,Vuelta de ataque
2023,Monaco,R,MAG,42,78.63,HARD,3,Vuelta de ataque
2023,Monaco,R,MAG,43,78.522,HARD,3,Vuelta de ataque
2023,Monaco,R,MAG,44,78.447,HARD,3,Vuelta de ataque
2023,Monaco,R,MAG,45,78.92,HARD,2,Tracción Comprometida
2023,Monaco,R,MAG,46,78.384,HARD,2,Tracción Comprometida
2023,Monaco,R,MAG,47,78.685,HARD,2,Tracción Comprometida
2023,Monaco,R,MAG,48,78.745,HARD,2,Tracción Comprometida
2023,Monaco,R,MAG,49,78.854,HARD,2,Tracción Comprometida
2023,Monaco,R,MAG,50,80.301,HARD,2,Tracción Comprometida
2023,Monaco,R,DEV,3,80.58,MEDIUM,1,Lift and Coast
2023,Monaco,R,DEV,4,80.376,MEDIUM,1,Lift and Coast
2023,Monaco,R,DEV,5,79.79,MEDIUM,2,Tracción Comprometida
2023,Monaco,R,DEV,6,79.224,MEDIUM,1,Lift and Coast
2023,Monaco,R,DEV,7,79.038,MEDIUM,1,Lift and Coast
2023,Monaco,R,DEV,8,78.743,MEDIUM,1,Lift and Coast
2023,Monaco,R,DEV,9,79.454,MEDIUM,1,Lift and Coast
2023,Monaco,R,DEV,10,78.957,MEDIUM,1,Lift and Coast
2023,Monaco,R,DEV,11,79.07,MEDIUM,1,Lift and Coast
2023,Monaco,R,DEV,12,80.182,MEDIUM,1,Lift and Coast
2023,Monaco,R,DEV,13,79.419,MEDIUM,1,Lift and Coast
2023,Monaco,R,DEV,14,79.479,MEDIUM,1,Lift and Coast
2023,Monaco,R,DEV,15,79.081,MEDIUM,1,Lift and Coast
2023,Monaco,R,DEV,16,79.004,MEDIUM,1,Lift and Coast
2023,Monaco,R,DEV,17,79.182,MEDIUM,1,Lift and Coast
2023,Monaco,R,DEV,18,79.281,MEDIUM,1,Lift and Coast
2023,Monaco,R,DEV,19,79.234,MEDIUM,1,Lift and Coast
2023,Monaco,R,DEV,20,79.188,MEDIUM,1,Lift and Coast
2023,Monaco,R,DEV,21,79.398,MEDIUM,1,Lift and Coast
2023,Monaco,R,DEV,22,79.578,MEDIUM,1,Lift and Coast
2023,Monaco,R,DEV,23,79.699,MEDIUM,1,Lift and Coast
2023,Monaco,R,DEV,24,80.198,MEDIUM,1,Lift and Coast
2023,Monaco,R,DEV,25,80.132,MEDIUM,1,Lift and Coast
2023,Monaco,R,DEV,26,80.163,MEDIUM,1,Lift and Coast
2023,Monaco,R,DEV,27,80.154,MEDIUM,1,Lift and Coast
2023,Monaco,R,DEV,28,79.973,MEDIUM,1,Lift and Coast
2023,Monaco,R,DEV,29,80.009,MEDIUM,1,Lift and Coast
2023,Monaco,R,DEV,30,79.267,MEDIUM,1,Lift and Coast
2023,Monaco,R,DEV,32,78.941,MEDIUM,1,Lift and Coast
2023,Monaco,R,DEV,33,79.071,MEDIUM,1,Lift and Coast
2023,Monaco,R,DEV,35,80.911,MEDIUM,1,Lift and Coast
2023,Monaco,R,DEV,36,79.072,MEDIUM,1,Lift and Coast
2023,Monaco,R,DEV,37,79.096,MEDIUM,1,Lift and Coast
2023,Monaco,R,DEV,38,78.75,MEDIUM,1,Lift and Coast
2023,Monaco,R,DEV,41,78.207,MEDIUM,1,Lift and Coast
2023,Monaco,R,DEV,43,77.561,MEDIUM,1,Lift and Coast
2023,Monaco,R,DEV,44,77.646,MEDIUM,1,Lift and Coast
2023,Monaco,R,DEV,45,77.746,MEDIUM,1,Lift and Coast
2023,Monaco,R,DEV,46,77.785,MEDIUM,1,Lift and Coast
2023,Monaco,R,DEV,47,77.579,MEDIUM,1,Lift and Coast
2023,Monaco,R,DEV,48,77.608,MEDIUM,1,Lift and Coast
2023,Monaco,R,DEV,49,78.016,MEDIUM,1,Lift and Coast
2023,Monaco,R,DEV,50,78.497,MEDIUM,1,Lift and Coast
2023,Monaco,R,TSU,3,80.281,MEDIUM,1,Lift and Coast
2023,Monaco,R,TSU,4,80.032,MEDIUM,1,Lift and Coast
2023,Monaco,R,TSU,5,79.296,MEDIUM,1,Lift and Coast
2023,Monaco,R,TSU,6,78.73,MEDIUM,1,Lift and Coast
2023,Monaco,R,TSU,7,78.712,MEDIUM,1,Lift and Coast
2023,Monaco,R,TSU,8,78.951,MEDIUM,1,Lift and Coast
2023,Monaco,R,TSU,9,78.859,MEDIUM,1,Lift and Coast
2023,Monaco,R,TSU,10,78.697,MEDIUM,1,Lift and Coast
2023,Monaco,R,TSU,11,79.297,MEDIUM,1,Lift and Coast
2023,Monaco,R,TSU,13,78.8,MEDIUM,1,Lift and Coast
2023,Monaco,R,TSU,14,78.481,MEDIUM,1,Lift and Coast
2023,Monaco,R,TSU,15,78.439,MEDIUM,1,Lift and Coast
2023,Monaco,R,TSU,16,78.246,MEDIUM,1,Lift and Coast
2023,Monaco,R,TSU,17,78.368,MEDIUM,1,Lift and Coast
2023,Monaco,R,TSU,23,79.239,MEDIUM,1,Lift and Coast
2023,Monaco,R,TSU,25,79.335,MEDIUM,1,Lift and Coast
2023,Monaco,R,TSU,26,79.272,MEDIUM,1,Lift and Coast
2023,Monaco,R,TSU,27,78.465,MEDIUM,1,Lift and Coast
2023,Monaco,R,TSU,28,78.369,MEDIUM,1,Lift and Coast
2023,Monaco,R,TSU,29,78.2,MEDIUM,1,Lift and Coast
2023,Monaco,R,TSU,30,78.335,MEDIUM,1,Lift and Coast
2023,Monaco,R,TSU,33,78.457,MEDIUM,1,Lift and Coast
2023,Monaco,R,TSU,34,78.039,MEDIUM,1,Lift and Coast
2023,Monaco,R,TSU,35,77.75,MEDIUM,1,Lift and Coast
2023,Monaco,R,TSU,38,78.195,MEDIUM,1,Lift and Coast
2023,Monaco,R,TSU,39,78.338,MEDIUM,1,Lift and Coast
2023,Monaco,R,TSU,40,78.328,MEDIUM,1,Lift and Coast
2023,Monaco,R,TSU,42,78.189,MEDIUM,1,Lift and Coast
2023,Monaco,R,TSU,43,78.046,MEDIUM,1,Lift and Coast
2023,Monaco,R,TSU,44,78.0,MEDIUM,1,Lift and Coast
2023,Monaco,R,TSU,45,77.879,MEDIUM,1,Lift and Coast
2023,Monaco,R,TSU,46,77.956,MEDIUM,1,Lift and Coast
2023,Monaco,R,TSU,47,78.169,MEDIUM,1,Lift and Coast
2023,Monaco,R,TSU,49,78.32,MEDIUM,1,Lift and Coast
2023,Monaco,R,ALB,3,80.703,MEDIUM,1,Lift and Coast
2023,Monaco,R,ALB,4,80.276,MEDIUM,1,Lift and Coast
2023,Monaco,R,ALB,5,79.967,MEDIUM,1,Lift and Coast
2023,Monaco,R,ALB,6,79.165,MEDIUM,2,Tracción Comprometida
2023,Monaco,R,ALB,7,79.055,MEDIUM,1,Lift and Coast
2023,Monaco,R,ALB,8,78.796,MEDIUM,1,Lift and Coast
2023,Monaco,R,ALB,9,79.293,MEDIUM,1,Lift and Coast
2023,Monaco,R,ALB,10,79.338,MEDIUM,1,Lift and Coast
2023,Monaco,R,ALB,11,79.278,MEDIUM,1,Lift and Coast
2023,Monaco,R,ALB,12,80.31,MEDIUM,2,Tracción Comprometida
2023,Monaco,R,ALB,13,79.885,MEDIUM,0,Ritmo de carrera
2023,Monaco,R,ALB,14,80.259,MEDIUM,2,Tracción Comprometida
2023,Monaco,R,ALB,15,80.892,MEDIUM,1,Lift and Coast
2023,Monaco,R,ALB,16,80.443,MEDIUM,0,Ritmo de carrera
2023,Monaco,R,ALB,17,80.624,MEDIUM,2,Tracción Comprometida
2023,Monaco,R,ALB,20,78.47,HARD,2,Tracción Comprometida
2023,Monaco,R,ALB,21,77.131,HARD,1,Lift and Coast
2023,Monaco,R,ALB,22,77.105,HARD,2,Tracción Comprometida
2023,Monaco,R,ALB,23,77.064,HARD,0,Ritmo de carrera
2023,Monaco,R,ALB,24,76.672,HARD,1,Lift and Coast
2023,Monaco,R,ALB,25,76.793,HARD,0,Ritmo de carrera
2023,Monaco,R,ALB,26,76.962,HARD,1,Lift and Coast
2023,Monaco,R,ALB,27,77.36,HARD,2,Tracción Comprometida
2023,Monaco,R,ALB,28,78.528,HARD,1,Lift and Coast
2023,Monaco,R,ALB,29,78.952,HARD,0,Ritmo de carrera
2023,Monaco,R,ALB,30,79.457,HARD,0,Ritmo de carrera
2023,Monaco,R,ALB,31,79.152,HARD,2,Tracción Comprometida
2023,Monaco,R,ALB,32,79.589,HARD,2,Tracción Comprometida
2023,Monaco,R,ALB,34,80.731,HARD,1,Lift and Coast
2023,Monaco,R,ALB,35,78.619,HARD,0,Ritmo de carrera
2023,Monaco,R,ALB,36,78.804,HARD,0,Ritmo de carrera
2023,Monaco,R,ALB,37,79.143,HARD,2,Tracción Comprometida
2023,Monaco,R,ALB,38,78.633,HARD,1,Lift and Coast
2023,Monaco,R,ALB,39,78.774,HARD,1,Lift and Coast
2023,Monaco,R,ALB,40,78.476,HARD,2,Tracción Comprometida
2023,Monaco,R,ALB,41,78.825,HARD,2,Tracción Comprometida
2023,Monaco,R,ALB,42,78.93,HARD,2,Tracción Comprometida
2023,Monaco,R,ALB,43,78.486,HARD,1,Lift and Coast
2023,Monaco,R,ALB,44,78.767,HARD,0,Ritmo de carrera
2023,Monaco,R,ALB,45,78.829,HARD,0,Ritmo de carrera
2023,Monaco,R,ALB,46,78.9,HARD,1,Lift and Coast
2023,Monaco,R,ALB,47,78.528,HARD,0,Ritmo de carrera
2023,Monaco,R,ALB,48,78.882,HARD,0,Ritmo de carrera
2023,Monaco,R,ALB,49,80.597,HARD,1,Lift and Coast
2023,Monaco,R,ALB,50,80.166,HARD,2,Tracción Comprometida
2023,Monaco,R,ZHO,2,80.757,HARD,0,Ritmo de carrera
2023,Monaco,R,ZHO,3,77.003,HARD,3,Vuelta de ataque
2023,Monaco,R,ZHO,4,76.946,HARD,3,Vuelta de ataque
2023,Monaco,R,ZHO,5,76.926,HARD,3,Vuelta de ataque
2023,Monaco,R,ZHO,6,77.205,HARD,3,Vuelta de ataque
2023,Monaco,R,ZHO,7,77.408,HARD,0,Ritmo de carrera
2023,Monaco,R,ZHO,8,77.254,HARD,0,Ritmo de carrera
2023,Monaco,R,ZHO,9,77.523,HARD,3,Vuelta de ataque
2023,Monaco,R,ZHO,10,78.449,HARD,0,Ritmo de carrera
2023,Monaco,R,ZHO,11,79.602,HARD,0,Ritmo de carrera
2023,Monaco,R,ZHO,12,80.319,HARD,2,Tracción Comprometida
2023,Monaco,R,ZHO,13,80.561,HARD,0,Ritmo de carrera
2023,Monaco,R,ZHO,14,80.653,HARD,2,Tracción Comprometida
2023,Monaco,R,ZHO,15,80.398,HARD,0,Ritmo de carrera
2023,Monaco,R,ZHO,16,80.727,HARD,0,Ritmo de carrera
2023,Monaco,R,ZHO,17,80.669,HARD,0,Ritmo de carrera
2023,Monaco,R,ZHO,20,80.574,HARD,0,Ritmo de carrera
2023,Monaco,R,ZHO,21,78.245,HARD,0,Ritmo de carrera
2023,Monaco,R,ZHO,22,77.588,HARD,3,Vuelta de ataque
2023,Monaco,R,ZHO,23,77.45,HARD,0,Ritmo de carrera
2023,Monaco,R,ZHO,24,77.465,HARD,0,Ritmo de carrera
2023,Monaco,R,ZHO,25,77.771,HARD,0,Ritmo de carrera
2023,Monaco,R,ZHO,26,78.161,HARD,0,Ritmo de carrera
2023,Monaco,R,ZHO,27,78.097,HARD,0,Ritmo de carrera
2023,Monaco,R,ZHO,28,80.78,HARD,2,Tracción Comprometida
2023,Monaco,R,ZHO,29,78.863,HARD,0,Ritmo de carrera
2023,Monaco,R,ZHO,30,79.5,HARD,0,Ritmo de carrera
2023,Monaco,R,ZHO,31,79.192,HARD,0,Ritmo de carrera
2023,Monaco,R,ZHO,32,79.626,HARD,0,Ritmo de carrera
2023,Monaco,R,ZHO,34,80.587,HARD,0,Ritmo de carrera
2023,Monaco,R,ZHO,35,78.586,HARD,0,Ritmo de carrera
2023,Monaco,R,ZHO,36,78.846,HARD,2,Tracción Comprometida
2023,Monaco,R,ZHO,37,79.099,HARD,0,Ritmo de carrera
2023,Monaco,R,ZHO,38,78.681,HARD,0,Ritmo de carrera
2023,Monaco,R,ZHO,39,78.659,HARD,0,Ritmo de carrera
2023,Monaco,R,ZHO,40,78.607,HARD,0,Ritmo de carrera
2023,Monaco,R,ZHO,41,78.831,HARD,0,Ritmo de carrera
2023,Monaco,R,ZHO,42,78.666,HARD,0,Ritmo de carrera
2023,Monaco,R,ZHO,43,78.701,HARD,2,Tracción Comprometida
2023,Monaco,R,ZHO,44,78.721,HARD,0,Ritmo de carrera
2023,Monaco,R,ZHO,45,78.762,HARD,0,Ritmo de carrera
2023,Monaco,R,ZHO,46,78.66,HARD,0,Ritmo de carrera
2023,Monaco,R,ZHO,47,78.809,HARD,0,Ritmo de carrera
2023,Monaco,R,ZHO,48,78.947,HARD,0,Ritmo de carrera
2023,Monaco,R,ZHO,49,79.065,HARD,2,Tracción Comprometida
2023,Monaco,R,HUL,2,80.434,HARD,0,Ritmo de carrera
2023,Monaco,R,HUL,3,77.221,HARD,0,Ritmo de carrera
2023,Monaco,R,HUL,4,77.148,HARD,3,Vuelta de ataque
2023,Monaco,R,HUL,5,77.045,HARD,0,Ritmo de carrera
2023,Monaco,R,HUL,6,76.991,HARD,0,Ritmo de carrera
2023,Monaco,R,HUL,7,77.333,HARD,0,Ritmo de carrera
2023,Monaco,R,HUL,8,77.237,HARD,0,Ritmo de carrera
2023,Monaco,R,HUL,9,77.433,HARD,0,Ritmo de carrera
2023,Monaco,R,HUL,10,78.028,HARD,0,Ritmo de carrera
2023,Monaco,R,HUL,11,79.596,HARD,2,Tracción Comprometida
2023,Monaco,R,HUL,12,80.164,HARD,0,Ritmo de carrera
2023,Monaco,R,HUL,13,80.824,HARD,2,Tracción Comprometida
2023,Monaco,R,HUL,16,80.281,HARD,1,Lift and Coast
2023,Monaco,R,HUL,17,80.171,HARD,2,Tracción Comprometida
2023,Monaco,R,HUL,20,77.642,HARD,0,Ritmo de carrera
2023,Monaco,R,HUL,21,77.201,HARD,0,Ritmo de carrera
2023,Monaco,R,HUL,22,77.845,HARD,2,Tracción Comprometida
2023,Monaco,R,HUL,23,78.009,HARD,0,Ritmo de carrera
2023,Monaco,R,HUL,24,78.363,HARD,0,Ritmo de carrera
2023,Monaco,R,HUL,25,78.23,HARD,0,Ritmo de carrera
2023,Monaco,R,HUL,26,78.664,HARD,2,Tracción Comprometida
2023,Monaco,R,HUL,27,78.956,HARD,1,Lift and Coast
2023,Monaco,R,HUL,28,79.589,HARD,0,Ritmo de carrera
2023,Monaco,R,HUL,30,78.92,HARD,0,Ritmo de carrera
2023,Monaco,R,HUL,31,79.756,HARD,0,Ritmo de carrera
2023,Monaco,R,HUL,32,79.708,HARD,2,Tracción Comprometida
2023,Monaco,R,HUL,35,78.327,HARD,0,Ritmo de carrera
2023,Monaco,R,HUL,36,79.148,HARD,1,Lift and Coast
2023,Monaco,R,HUL,37,79.009,HARD,0,Ritmo de carrera
2023,Monaco,R,HUL,38,78.602,HARD,0,Ritmo de carrera
2023,Monaco,R,HUL,39,78.557,HARD,0,Ritmo de carrera
2023,Monaco,R,HUL,40,78.692,HARD,2,Tracción Comprometida
2023,Monaco,R,HUL,41,78.606,HARD,2,Tracción Comprometida
2023,Monaco,R,HUL,42,78.838,HARD,2,Tracción Comprometida
2023,Monaco,R,HUL,43,78.991,HARD,2,Tracción Comprometida
2023,Monaco,R,HUL,44,78.467,HARD,2,Tracción Comprometida
2023,Monaco,R,HUL,45,78.751,HARD,2,Tracción Comprometida
2023,Monaco,R,HUL,46,78.608,HARD,2,Tracción Comprometida
2023,Monaco,R,HUL,47,78.857,HARD,0,Ritmo de carrera
2023,Monaco,R,HUL,48,78.789,HARD,2,Tracción Comprometida
2023,Monaco,R,HUL,49,79.036,HARD,2,Tracción Comprometida
2023,Monaco,R,HUL,50,80.238,HARD,2,Tracción Comprometida
2023,Monaco,R,OCO,2,80.301,MEDIUM,2,Tracción Comprometida
2023,Monaco,R,OCO,3,79.704,MEDIUM,1,Lift and Coast
2023,Monaco,R,OCO,4,79.314,MEDIUM,1,Lift and Coast
2023,Monaco,R,OCO,5,79.041,MEDIUM,2,Tracción Comprometida
2023,Monaco,R,OCO,6,78.731,MEDIUM,2,Tracción Comprometida
2023,Monaco,R,OCO,7,78.782,MEDIUM,1,Lift and Coast
2023,Monaco,R,OCO,8,78.533,MEDIUM,1,Lift and Coast
2023,Monaco,R,OCO,9,78.594,MEDIUM,1,Lift and Coast
2023,Monaco,R,OCO,10,78.46,MEDIUM,1,Lift and Coast
2023,Monaco,R,OCO,11,78.271,MEDIUM,2,Tracción Comprometida
2023,Monaco,R,OCO,12,78.515,MEDIUM,2,Tracción Comprometida
2023,Monaco,R,OCO,13,78.025,MEDIUM,2,Tracción Comprometida
2023,Monaco,R,OCO,14,78.055,MEDIUM,0,Ritmo de carrera
2023,Monaco,R,OCO,15,78.018,MEDIUM,2,Tracción Comprometida
2023,Monaco,R,OCO,16,77.948,MEDIUM,2,Tracción Comprometida
2023,Monaco,R,OCO,17,78.372,MEDIUM,2,Tracción Comprometida
2023,Monaco,R,OCO,18,78.22,MEDIUM,2,Tracción Comprometida
2023,Monaco,R,OCO,19,78.074,MEDIUM,0,Ritmo de carrera
2023,Monaco,R,OCO,20,78.087,MEDIUM,1,Lift and Coast
2023,Monaco,R,OCO,21,78.161,MEDIUM,2,Tracción Comprometida
2023,Monaco,R,OCO,22,78.057,MEDIUM,2,Tracción Comprometida
2023,Monaco,R,OCO,23,77.873,MEDIUM,2,Tracción Comprometida
2023,Monaco,R,OCO,24,77.498,MEDIUM,0,Ritmo de carrera
2023,Monaco,R,OCO,25,77.451,MEDIUM,2,Tracción Comprometida
2023,Monaco,R,OCO,26,77.433,MEDIUM,2,Tracción Comprometida
2023,Monaco,R,OCO,27,77.145,MEDIUM,0,Ritmo de carrera
2023,Monaco,R,OCO,28,76.938,MEDIUM,2,Tracción Comprometida
2023,Monaco,R,OCO,29,77.179,MEDIUM,2,Tracción Comprometida
2023,Monaco,R,OCO,30,77.334,MEDIUM,2,Tracción Comprometida
2023,Monaco,R,OCO,31,77.331,MEDIUM,2,Tracción Comprometida
2023,Monaco,R,OCO,33,79.289,HARD,2,Tracción Comprometida
2023,Monaco,R,OCO,34,76.95,HARD,0,Ritmo de carrera
2023,Monaco,R,OCO,35,77.095,HARD,2,Tracción Comprometida
2023,Monaco,R,OCO,36,77.304,HARD,2,Tracción Comprometida
2023,Monaco,R,OCO,37,77.14,HARD,2,Tracción Comprometida
2023,Monaco,R,OCO,38,77.048,HARD,0,Ritmo de carrera
2023,Monaco,R,OCO,39,77.169,HARD,0,Ritmo de carrera
2023,Monaco,R,OCO,40,77.025,HARD,0,Ritmo de carrera
2023,Monaco,R,OCO,41,76.528,HARD,2,Tracción Comprometida
2023,Monaco,R,OCO,42,77.01,HARD,0,Ritmo de carrera
2023,Monaco,R,OCO,43,77.002,HARD,0,Ritmo de carrera
2023,Monaco,R,OCO,44,77.033,HARD,0,Ritmo de carrera
2023,Monaco,R,OCO,45,77.271,HARD,0,Ritmo de carrera
2023,Monaco,R,OCO,46,76.775,HARD,0,Ritmo de carrera
2023,Monaco,R,OCO,47,76.962,HARD,0,Ritmo de carrera
2023,Monaco,R,OCO,48,76.968,HARD,0,Ritmo de carrera
2023,Monaco,R,OCO,49,77.09,HARD,2,Tracción Comprometida
2023,Monaco,R,OCO,50,77.836,HARD,0,Ritmo de carrera
2023,Monaco,R,OCO,51,79.453,HARD,2,Tracción Comprometida
2023,Monaco,R,NOR,6,79.045,MEDIUM,1,Lift and Coast
2023,Monaco,R,NOR,7,78.652,MEDIUM,1,Lift and Coast
2023,Monaco,R,NOR,8,78.651,MEDIUM,1,Lift and Coast
2023,Monaco,R,NOR,11,79.148,MEDIUM,1,Lift and Coast
2023,Monaco,R,NOR,13,78.978,MEDIUM,1,Lift and Coast
2023,Monaco,R,NOR,14,78.856,MEDIUM,1,Lift and Coast
2023,Monaco,R,NOR,15,78.855,MEDIUM,1,Lift and Coast
2023,Monaco,R,NOR,16,78.988,MEDIUM,1,Lift and Coast
2023,Monaco,R,NOR,17,78.937,MEDIUM,1,Lift and Coast
2023,Monaco,R,NOR,18,79.01,MEDIUM,1,Lift and Coast
2023,Monaco,R,NOR,20,78.985,MEDIUM,1,Lift and Coast
2023,Monaco,R,NOR,21,79.074,MEDIUM,1,Lift and Coast
2023,Monaco,R,NOR,22,78.882,MEDIUM,1,Lift and Coast
2023,Monaco,R,NOR,24,78.681,MEDIUM,1,Lift and Coast
2023,Monaco,R,NOR,25,78.78,MEDIUM,1,Lift and Coast
2023,Monaco,R,NOR,26,79.067,MEDIUM,1,Lift and Coast
2023,Monaco,R,NOR,27,79.109,MEDIUM,1,Lift and Coast
2023,Monaco,R,NOR,28,78.771,MEDIUM,1,Lift and Coast
2023,Monaco,R,NOR,29,78.906,MEDIUM,1,Lift and Coast
2023,Monaco,R,NOR,30,78.568,MEDIUM,1,Lift and Coast
2023,Monaco,R,NOR,31,78.454,MEDIUM,1,Lift and Coast
2023,Monaco,R,NOR,32,77.914,MEDIUM,1,Lift and Coast
2023,Monaco,R,NOR,33,78.042,MEDIUM,1,Lift and Coast
2023,Monaco,R,NOR,34,78.026,MEDIUM,1,Lift and Coast
2023,Monaco,R,NOR,35,78.192,MEDIUM,1,Lift and Coast
2023,Monaco,R,NOR,36,78.05,MEDIUM,1,Lift and Coast
2023,Monaco,R,NOR,38,78.214,MEDIUM,1,Lift and Coast
2023,Monaco,R,NOR,39,78.151,MEDIUM,1,Lift and Coast
2023,Monaco,R,NOR,40,78.529,MEDIUM,1,Lift and Coast
2023,Monaco,R,NOR,41,78.409,MEDIUM,1,Lift and Coast
2023,Monaco,R,NOR,42,78.149,MEDIUM,1,Lift and Coast
2023,Monaco,R,NOR,43,78.045,MEDIUM,1,Lift and Coast
2023,Monaco,R,NOR,44,77.991,MEDIUM,1,Lift and Coast
2023,Monaco,R,NOR,45,77.862,MEDIUM,1,Lift and Coast
2023,Monaco,R,NOR,46,77.844,MEDIUM,1,Lift and Coast
2023,Monaco,R,NOR,47,78.234,MEDIUM,1,Lift and Coast
2023,Monaco,R,NOR,48,78.297,MEDIUM,1,Lift and Coast
2023,Monaco,R,NOR,49,78.152,MEDIUM,1,Lift and Coast
2023,Monaco,R,HAM,2,80.527,MEDIUM,2,Tracción Comprometida
2023,Monaco,R,HAM,3,80.105,MEDIUM,1,Lift and Coast
2023,Monaco,R,HAM,6,78.958,MEDIUM,1,Lift and Coast
2023,Monaco,R,HAM,7,78.651,MEDIUM,2,Tracción Comprometida
2023,Monaco,R,HAM,8,79.051,MEDIUM,1,Lift and Coast
2023,Monaco,R,HAM,9,78.829,MEDIUM,1,Lift and Coast
2023,Monaco,R,HAM,10,78.173,MEDIUM,1,Lift and Coast
2023,Monaco,R,HAM,11,77.926,MEDIUM,0,Ritmo de carrera
2023,Monaco,R,HAM,12,78.23,MEDIUM,2,Tracción Comprometida
2023,Monaco,R,HAM,13,78.084,MEDIUM,2,Tracción Comprometida
2023,Monaco,R,HAM,14,78.422,MEDIUM,1,Lift and Coast
2023,Monaco,R,HAM,15,78.189,MEDIUM,1,Lift and Coast
2023,Monaco,R,HAM,16,78.31,MEDIUM,2,Tracción Comprometida
2023,Monaco,R,HAM,17,78.254,MEDIUM,2,Tracción Comprometida
2023,Monaco,R,HAM,18,78.37,MEDIUM,1,Lift and Coast
2023,Monaco,R,HAM,19,78.207,MEDIUM,2,Tracción Comprometida
2023,Monaco,R,HAM,20,78.121,MEDIUM,1,Lift and Coast
2023,Monaco,R,HAM,21,78.311,MEDIUM,1,Lift and Coast
2023,Monaco,R,HAM,22,77.393,MEDIUM,1,Lift and Coast
2023,Monaco,R,HAM,23,78.053,MEDIUM,1,Lift and Coast
2023,Monaco,R,HAM,24,77.431,MEDIUM,1,Lift and Coast
2023,Monaco,R,HAM,25,77.643,MEDIUM,2,Tracción Comprometida
2023,Monaco,R,HAM,26,77.716,MEDIUM,1,Lift and Coast
2023,Monaco,R,HAM,27,77.322,MEDIUM,1,Lift and Coast
2023,Monaco,R,HAM,28,77.334,MEDIUM,2,Tracción Comprometida
2023,Monaco,R,HAM,29,77.372,MEDIUM,0,Ritmo de carrera
2023,Monaco,R,HAM,30,77.742,MEDIUM,2,Tracción Comprometida
2023,Monaco,R,HAM,32,78.165,HARD,2,Tracción Comprometida
2023,Monaco,R,HAM,33,75.65,HARD,2,Tracción Comprometida
2023,Monaco,R,HAM,34,78.357,HARD,2,Tracción Comprometida
2023,Monaco,R,HAM,35,77.159,HARD,1,Lift and Coast
2023,Monaco,R,HAM,36,77.688,HARD,1,Lift and Coast
2023,Monaco,R,HAM,37,77.711,HARD,0,Ritmo de carrera
2023,Monaco,R,HAM,38,77.167,HARD,1,Lift and Coast
2023,Monaco,R,HAM,39,77.293,HARD,2,Tracción Comprometida
2023,Monaco,R,HAM,40,76.962,HARD,1,Lift and Coast
2023,Monaco,R,HAM,41,76.588,HARD,0,Ritmo de carrera
2023,Monaco,R,HAM,42,76.58,HARD,0,Ritmo de carrera
2023,Monaco,R,HAM,43,76.529,HARD,1,Lift and Coast
2023,Monaco,R,HAM,44,76.88,HARD,1,Lift and Coast
2023,Monaco,R,HAM,45,78.833,HARD,2,Tracción Comprometida
2023,Monaco,R,HAM,46,76.85,HARD,1,Lift and Coast
2023,Monaco,R,HAM,47,76.257,HARD,1,Lift and Coast
2023,Monaco,R,HAM,48,76.86,HARD,1,Lift and Coast
2023,Monaco,R,HAM,50,77.11,HARD,1,Lift and Coast
2023,Monaco,R,HAM,51,78.294,HARD,2,Tracción Comprometida
2023,Monaco,R,SAI,2,80.593,HARD,2,Tracción Comprometida
2023,Monaco,R,SAI,3,79.958,HARD,2,Tracción Comprometida
2023,Monaco,R,SAI,4,79.482,HARD,2,Tracción Comprometida
2023,Monaco,R,SAI,5,78.723,HARD,2,Tracción Comprometida
2023,Monaco,R,SAI,6,78.764,HARD,2,Tracción Comprometida
2023,Monaco,R,SAI,7,78.697,HARD,2,Tracción Comprometida
2023,Monaco,R,SAI,8,78.637,HARD,2,Tracción Comprometida
2023,Monaco,R,SAI,9,78.306,HARD,2,Tracción Comprometida
2023,Monaco,R,SAI,10,78.07,HARD,2,Tracción Comprometida
2023,Monaco,R,SAI,12,78.947,HARD,2,Tracción Comprometida
2023,Monaco,R,SAI,13,78.286,HARD,2,Tracción Comprometida
2023,Monaco,R,SAI,14,78.107,HARD,2,Tracción Comprometida
2023,Monaco,R,SAI,15,77.883,HARD,2,Tracción Comprometida
2023,Monaco,R,SAI,16,78.239,HARD,2,Tracción Comprometida
2023,Monaco,R,SAI,17,78.36,HARD,2,Tracción Comprometida
2023,Monaco,R,SAI,18,78.178,HARD,2,Tracción Comprometida
2023,Monaco,R,SAI,19,77.999,HARD,2,Tracción Comprometida
2023,Monaco,R,SAI,20,78.032,HARD,2,Tracción Comprometida
2023,Monaco,R,SAI,21,78.006,HARD,2,Tracción Comprometida
2023,Monaco,R,SAI,22,78.007,HARD,2,Tracción Comprometida
2023,Monaco,R,SAI,23,78.006,HARD,2,Tracción Comprometida
2023,Monaco,R,SAI,24,77.912,HARD,2,Tracción Comprometida
2023,Monaco,R,SAI,25,77.464,HARD,2,Tracción Comprometida
2023,Monaco,R,SAI,26,77.366,HARD,2,Tracción Comprometida
2023,Monaco,R,SAI,27,77.318,HARD,0,Ritmo de carrera
2023,Monaco,R,SAI,28,77.316,HARD,2,Tracción Comprometida
2023,Monaco,R,SAI,29,77.171,HARD,2,Tracción Comprometida
2023,Monaco,R,SAI,30,77.22,HARD,2,Tracción Comprometida
2023,Monaco,R,SAI,31,77.465,HARD,2,Tracción Comprometida
2023,Monaco,R,SAI,32,77.18,HARD,0,Ritmo de carrera
2023,Monaco,R,SAI,34,80.767,MEDIUM,2,Tracción Comprometida
2023,Monaco,R,SAI,35,76.628,MEDIUM,2,Tracción Comprometida
2023,Monaco,R,SAI,36,77.979,MEDIUM,2,Tracción Comprometida
2023,Monaco,R,SAI,37,77.565,MEDIUM,2,Tracción Comprometida
2023,Monaco,R,SAI,38,76.786,MEDIUM,2,Tracción Comprometida
2023,Monaco,R,SAI,39,77.175,MEDIUM,2,Tracción Comprometida
2023,Monaco,R,SAI,40,77.023,MEDIUM,3,Vuelta de ataque
2023,Monaco,R,SAI,41,76.651,MEDIUM,2,Tracción Comprometida
2023,Monaco,R,SAI,42,76.467,MEDIUM,0,Ritmo de carrera
2023,Monaco,R,SAI,43,76.449,MEDIUM,0,Ritmo de carrera
2023,Monaco,R,SAI,44,77.76,MEDIUM,2,Tracción Comprometida
2023,Monaco,R,SAI,45,77.146,MEDIUM,2,Tracción Comprometida
2023,Monaco,R,SAI,46,77.22,MEDIUM,2,Tracción Comprometida
2023,Monaco,R,SAI,47,76.732,MEDIUM,2,Tracción Comprometida
2023,Monaco,R,SAI,48,76.561,MEDIUM,2,Tracción Comprometida
2023,Monaco,R,SAI,49,77.014,MEDIUM,2,Tracción Comprometida
2023,Monaco,R,SAI,50,76.917,MEDIUM,2,Tracción Comprometida
2023,Monaco,R,RUS,3,80.291,HARD,2,Tracción Comprometida
2023,Monaco,R,RUS,4,80.03,HARD,1,Lift and Coast
2023,Monaco,R,RUS,6,78.945,HARD,2,Tracción Comprometida
2023,Monaco,R,RUS,7,78.583,HARD,1,Lift and Coast
2023,Monaco,R,RUS,8,78.99,HARD,2,Tracción Comprometida
2023,Monaco,R,RUS,9,79.025,HARD,1,Lift and Coast
2023,Monaco,R,RUS,10,78.566,HARD,1,Lift and Coast
2023,Monaco,R,RUS,11,78.483,HARD,1,Lift and Coast
2023,Monaco,R,RUS,12,78.459,HARD,0,Ritmo de carrera
2023,Monaco,R,RUS,13,77.787,HARD,0,Ritmo de carrera
2023,Monaco,R,RUS,14,78.286,HARD,2,Tracción Comprometida
2023,Monaco,R,RUS,15,78.531,HARD,1,Lift and Coast
2023,Monaco,R,RUS,16,78.502,HARD,1,Lift and Coast
2023,Monaco,R,RUS,17,78.244,HARD,1,Lift and Coast
2023,Monaco,R,RUS,18,78.229,HARD,1,Lift and Coast
2023,Monaco,R,RUS,19,78.299,HARD,1,Lift and Coast
2023,Monaco,R,RUS,20,78.32,HARD,1,Lift and Coast
2023,Monaco,R,RUS,21,78.086,HARD,0,Ritmo de carrera
2023,Monaco,R,RUS,22,77.879,HARD,1,Lift and Coast
2023,Monaco,R,RUS,24,77.709,HARD,1,Lift and Coast
2023,Monaco,R,RUS,25,77.648,HARD,1,Lift and Coast
2023,Monaco,R,RUS,26,77.9,HARD,1,Lift and Coast
2023,Monaco,R,RUS,27,77.837,HARD,1,Lift and Coast
2023,Monaco,R,RUS,28,77.353,HARD,1,Lift and Coast
2023,Monaco,R,RUS,29,77.332,HARD,1,Lift and Coast
2023,Monaco,R,RUS,30,77.3,HARD,1,Lift and Coast
2023,Monaco,R,RUS,31,77.404,HARD,1,Lift and Coast
2023,Monaco,R,RUS,32,77.474,HARD,1,Lift and Coast
2023,Monaco,R,RUS,33,77.556,HARD,1,Lift and Coast
2023,Monaco,R,RUS,34,77.569,HARD,0,Ritmo de carrera
2023,Monaco,R,RUS,35,77.568,HARD,0,Ritmo de carrera
2023,Monaco,R,RUS,36,77.111,HARD,0,Ritmo de carrera
2023,Monaco,R,RUS,37,77.335,HARD,1,Lift and Coast
2023,Monaco,R,RUS,38,77.195,HARD,1,Lift and Coast
2023,Monaco,R,RUS,39,77.339,HARD,1,Lift and Coast
2023,Monaco,R,RUS,40,77.215,HARD,0,Ritmo de carrera
2023,Monaco,R,RUS,41,77.323,HARD,1,Lift and Coast
2023,Monaco,R,RUS,42,77.979,HARD,1,Lift and Coast
2023,Monaco,R,RUS,43,77.847,HARD,1,Lift and Coast
2023,Monaco,R,RUS,44,77.967,HARD,0,Ritmo de carrera
2023,Monaco,R,RUS,45,77.545,HARD,0,Ritmo de carrera
2023,Monaco,R,RUS,46,77.068,HARD,0,Ritmo de carrera
2023,Monaco,R,RUS,48,76.798,HARD,0,Ritmo de carrera
2023,Monaco,R,RUS,49,77.223,HARD,1,Lift and Coast
2023,Monaco,R,RUS,50,77.635,HARD,1,Lift and Coast
2023,Monaco,R,RUS,51,79.64,HARD,0,Ritmo de carrera
2023,Monaco,R,BOT,2,80.021,HARD,2,Tracción Comprometida
2023,Monaco,R,BOT,3,80.142,HARD,0,Ritmo de carrera
2023,Monaco,R,BOT,4,80.341,HARD,0,Ritmo de carrera
2023,Monaco,R,BOT,5,80.022,HARD,0,Ritmo de carrera
2023,Monaco,R,BOT,6,79.165,HARD,0,Ritmo de carrera
2023,Monaco,R,BOT,7,79.167,HARD,0,Ritmo de carrera
2023,Monaco,R,BOT,8,78.774,HARD,0,Ritmo de carrera
2023,Monaco,R,BOT,9,79.007,HARD,0,Ritmo de carrera
2023,Monaco,R,BOT,10,79.527,HARD,0,Ritmo de carrera
2023,Monaco,R,BOT,11,79.38,HARD,0,Ritmo de carrera
2023,Monaco,R,BOT,12,80.206,HARD,2,Tracción Comprometida
2023,Monaco,R,BOT,13,79.511,HARD,2,Tracción Comprometida
2023,Monaco,R,BOT,14,80.067,HARD,0,Ritmo de carrera
2023,Monaco,R,BOT,15,80.912,HARD,0,Ritmo de carrera
2023,Monaco,R,BOT,16,80.48,HARD,0,Ritmo de carrera
2023,Monaco,R,BOT,17,80.577,HARD,2,Tracción Comprometida
2023,Monaco,R,BOT,18,78.764,HARD,2,Tracción Comprometida
2023,Monaco,R,BOT,19,77.824,HARD,1,Lift and Coast
2023,Monaco,R,BOT,20,78.024,HARD,0,Ritmo de carrera
2023,Monaco,R,BOT,21,78.024,HARD,0,Ritmo de carrera
2023,Monaco,R,BOT,22,78.26,HARD,1,Lift and Coast
2023,Monaco,R,BOT,23,78.737,HARD,0,Ritmo de carrera
2023,Monaco,R,BOT,24,80.068,HARD,0,Ritmo de carrera
2023,Monaco,R,BOT,25,80.203,HARD,0,Ritmo de carrera
2023,Monaco,R,BOT,26,80.222,HARD,0,Ritmo de carrera
2023,Monaco,R,BOT,27,80.162,HARD,0,Ritmo de carrera
2023,Monaco,R,BOT,28,79.853,HARD,0,Ritmo de carrera
2023,Monaco,R,BOT,29,80.208,HARD,0,Ritmo de carrera
2023,Monaco,R,BOT,30,79.393,HARD,1,Lift and Coast
2023,Monaco,R,BOT,31,79.021,HARD,0,Ritmo de carrera
2023,Monaco,R,BOT,32,79.47,HARD,0,Ritmo de carrera
2023,Monaco,R,BOT,33,78.655,HARD,0,Ritmo de carrera
2023,Monaco,R,BOT,34,80.226,HARD,2,Tracción Comprometida
2023,Monaco,R,BOT,35,79.889,HARD,1,Lift and Coast
2023,Monaco,R,BOT,36,79.139,HARD,0,Ritmo de carrera
2023,Monaco,R,BOT,37,79.112,HARD,0,Ritmo de carrera
2023,Monaco,R,BOT,38,80.07,HARD,0,Ritmo de carrera
2023,Monaco,R,BOT,39,78.876,HARD,2,Tracción Comprometida
2023,Monaco,R,BOT,40,78.968,HARD,0,Ritmo de carrera
2023,Monaco,R,BOT,41,78.706,HARD,1,Lift and Coast
2023,Monaco,R,BOT,42,78.435,HARD,0,Ritmo de carrera
2023,Monaco,R,BOT,43,78.685,HARD,0,Ritmo de carrera
2023,Monaco,R,BOT,44,78.606,HARD,0,Ritmo de carrera
2023,Monaco,R,BOT,45,78.202,HARD,1,Lift and Coast
2023,Monaco,R,BOT,46,78.153,HARD,1,Lift and Coast
2023,Monaco,R,BOT,47,78.343,HARD,0,Ritmo de carrera
2023,Monaco,R,BOT,48,78.151,HARD,0,Ritmo de carrera
2023,Monaco,R,BOT,49,78.383,HARD,0,Ritmo de carrera
2023,Monaco,R,BOT,50,79.704,HARD,0,Ritmo de carrera
2023,Monaco,R,PIA,3,80.532,HARD,2,Tracción Comprometida
2023,Monaco,R,PIA,4,80.408,HARD,1,Lift and Coast
2023,Monaco,R,PIA,5,79.707,HARD,1,Lift and Coast
2023,Monaco,R,PIA,6,79.247,HARD,2,Tracción Comprometida
2023,Monaco,R,PIA,7,78.869,HARD,1,Lift and Coast
2023,Monaco,R,PIA,8,78.828,HARD,1,Lift and Coast
2023,Monaco,R,PIA,9,79.346,HARD,1,Lift and Coast
2023,Monaco,R,PIA,10,79.015,HARD,1,Lift and Coast
2023,Monaco,R,PIA,11,78.9,HARD,1,Lift and Coast
2023,Monaco,R,PIA,12,80.302,HARD,1,Lift and Coast
2023,Monaco,R,PIA,13,79.265,HARD,1,Lift and Coast
2023,Monaco,R,PIA,14,79.285,HARD,1,Lift and Coast
2023,Monaco,R,PIA,15,79.134,HARD,1,Lift and Coast
2023,Monaco,R,PIA,16,78.718,HARD,1,Lift and Coast
2023,Monaco,R,PIA,17,79.053,HARD,1,Lift and Coast
2023,Monaco,R,PIA,18,78.765,HARD,1,Lift and Coast
2023,Monaco,R,PIA,19,79.416,HARD,1,Lift and Coast
2023,Monaco,R,PIA,20,79.281,HARD,1,Lift and Coast
2023,Monaco,R,PIA,21,79.065,HARD,1,Lift and Coast
2023,Monaco,R,PIA,22,79.025,HARD,1,Lift and Coast
2023,Monaco,R,PIA,23,79.52,HARD,1,Lift and Coast
2023,Monaco,R,PIA,24,79.359,HARD,1,Lift and Coast
2023,Monaco,R,PIA,25,79.382,HARD,1,Lift and Coast
2023,Monaco,R,PIA,26,80.198,HARD,1,Lift and Coast
2023,Monaco,R,PIA,27,79.524,HARD,1,Lift and Coast
2023,Monaco,R,PIA,28,78.485,HARD,1,Lift and Coast
2023,Monaco,R,PIA,29,78.335,HARD,1,Lift and Coast
2023,Monaco,R,PIA,30,78.363,HARD,1,Lift and Coast
2023,Monaco,R,PIA,31,78.115,HARD,1,Lift and Coast
2023,Monaco,R,PIA,32,78.39,HARD,1,Lift and Coast
2023,Monaco,R,PIA,33,78.259,HARD,1,Lift and Coast
2023,Monaco,R,PIA,34,78.311,HARD,1,Lift and Coast
2023,Monaco,R,PIA,35,78.328,HARD,1,Lift and Coast
2023,Monaco,R,PIA,36,77.701,HARD,1,Lift and Coast
2023,Monaco,R,PIA,37,77.842,HARD,1,Lift and Coast
2023,Monaco,R,PIA,38,77.73,HARD,1,Lift and Coast
2023,Monaco,R,PIA,39,77.873,HARD,1,Lift and Coast
2023,Monaco,R,PIA,40,78.184,HARD,1,Lift and Coast
2023,Monaco,R,PIA,41,78.555,HARD,1,Lift and Coast
2023,Monaco,R,PIA,42,78.065,HARD,1,Lift and Coast
2023,Monaco,R,PIA,43,78.148,HARD,1,Lift and Coast
2023,Monaco,R,PIA,44,78.041,HARD,1,Lift and Coast
2023,Monaco,R,PIA,45,77.846,HARD,1,Lift and Coast
2023,Monaco,R,PIA,46,77.516,HARD,1,Lift and Coast
2023,Monaco,R,PIA,47,77.513,HARD,1,Lift and Coast
2023,Monaco,R,PIA,48,78.001,HARD,1,Lift and Coast
2023,Monaco,R,PIA,50,78.201,HARD,1,Lift and Coast
2023,Bahrain,FP3,VER,2,93.704,HARD,0,Ritmo de carrera
2023,Bahrain,FP3,VER,9,92.345,SOFT,3,Vuelta de ataque
2023,Bahrain,FP3,SAR,2,95.005,SOFT,3,Vuelta de ataque
2023,Bahrain,FP3,SAR,5,97.414,SOFT,1,Lift and Coast
2023,Bahrain,FP3,SAR,8,93.665,SOFT,3,Vuelta de ataque
2023,Bahrain,FP3,SAR,11,93.96,SOFT,3,Vuelta de ataque
2023,Bahrain,FP3,NOR,2,94.633,SOFT,3,Vuelta de ataque
2023,Bahrain,FP3,NOR,6,94.321,SOFT,3,Vuelta de ataque
2023,Bahrain,FP3,NOR,9,95.986,SOFT,3,Vuelta de ataque
2023,Bahrain,FP3,NOR,12,93.202,SOFT,3,Vuelta de ataque
2023,Bahrain,FP3,GAS,2,93.928,SOFT,3,Vuelta de ataque
2023,Bahrain,FP3,GAS,5,94.091,SOFT,1,Lift and Coast
2023,Bahrain,FP3,GAS,10,93.064,SOFT,3,Vuelta de ataque
2023,Bahrain,FP3,PER,2,94.049,HARD,3,Vuelta de ataque
2023,Bahrain,FP3,PER,5,95.096,HARD,0,Ritmo de carrera
2023,Bahrain,FP3,PER,8,92.446,SOFT,3,Vuelta de ataque
2023,Bahrain,FP3,ALO,2,93.121,SOFT,3,Vuelta de ataque
2023,Bahrain,FP3,ALO,7,92.34,SOFT,3,Vuelta de ataque
2023,Bahrain,FP3,ALO,9,92.655,SOFT,3,Vuelta de ataque
2023,Bahrain,FP3,LEC,2,93.574,SOFT,3,Vuelta de ataque
2023,Bahrain,FP3,LEC,5,93.567,SOFT,3,Vuelta de ataque
2023,Bahrain,FP3,LEC,8,94.08,SOFT,0,Ritmo de carrera
2023,Bahrain,FP3,LEC,18,92.624,SOFT,3,Vuelta de ataque
2023,Bahrain,FP3,STR,2,94.168,SOFT,3,Vuelta de ataque
2023,Bahrain,FP3,STR,5,94.068,SOFT,3,Vuelta de ataque
2023,Bahrain,FP3,STR,9,92.919,SOFT,3,Vuelta de ataque
2023,Bahrain,FP3,STR,12,94.228,SOFT,0,Ritmo de carrera
2023,Bahrain,FP3,MAG,2,96.24,MEDIUM,3,Vuelta de ataque
2023,Bahrain,FP3,MAG,4,96.447,MEDIUM,3,Vuelta de ataque
2023,Bahrain,FP3,MAG,16,93.381,SOFT,3,Vuelta de ataque
2023,Bahrain,FP3,MAG,19,95.032,SOFT,3,Vuelta de ataque
2023,Bahrain,FP3,DEV,2,95.011,SOFT,3,Vuelta de ataque
2023,Bahrain,FP3,DEV,5,94.944,SOFT,3,Vuelta de ataque
2023,Bahrain,FP3,DEV,8,95.328,SOFT,3,Vuelta de ataque
2023,Bahrain,FP3,DEV,12,94.082,SOFT,3,Vuelta de ataque
2023,Bahrain,FP3,DEV,15,94.351,SOFT,3,Vuelta de ataque
2023,Bahrain,FP3,TSU,2,94.109,SOFT,3,Vuelta de ataque
2023,Bahrain,FP3,TSU,5,94.202,SOFT,3,Vuelta de ataque
2023,Bahrain,FP3,TSU,9,93.475,SOFT,3,Vuelta de ataque
2023,Bahrain,FP3,TSU,12,93.543,SOFT,3,Vuelta de ataque
2023,Bahrain,FP3,ALB,2,94.006,SOFT,3,Vuelta de ataque
2023,Bahrain,FP3,ALB,5,94.485,SOFT,3,Vuelta de ataque
2023,Bahrain,FP3,ALB,8,93.882,SOFT,3,Vuelta de ataque
2023,Bahrain,FP3,ALB,11,94.023,SOFT,3,Vuelta de ataque
2023,Bahrain,FP3,ZHO,2,94.073,SOFT,3,Vuelta de ataque
2023,Bahrain,FP3,ZHO,5,94.232,SOFT,3,Vuelta de ataque
2023,Bahrain,FP3,ZHO,8,93.18,SOFT,3,Vuelta de ataque
2023,Bahrain,FP3,HUL,2,96.15,MEDIUM,3,Vuelta de ataque
2023,Bahrain,FP3,HUL,4,96.319,MEDIUM,3,Vuelta de ataque
2023,Bahrain,FP3,HUL,17,93.423,SOFT,3,Vuelta de ataque
2023,Bahrain,FP3,HUL,19,94.187,SOFT,3,Vuelta de ataque
2023,Bahrain,FP3,OCO,2,93.812,SOFT,3,Vuelta de ataque
2023,Bahrain,FP3,OCO,5,94.188,SOFT,3,Vuelta de ataque
2023,Bahrain,FP3,OCO,9,93.116,SOFT,3,Vuelta de ataque
2023,Bahrain,FP3,OCO,12,93.73,SOFT,3,Vuelta de ataque
2023,Bahrain,FP3,OCO,13,96.585,SOFT,2,Tracción Comprometida
2023,Bahrain,FP3,OCO,14,96.106,SOFT,2,Tracción Comprometida
2023,Bahrain,FP3,HAM,2,93.508,SOFT,3,Vuelta de ataque
2023,Bahrain,FP3,HAM,5,93.495,SOFT,3,Vuelta de ataque
2023,Bahrain,FP3,HAM,8,96.389,SOFT,1,Lift and Coast
2023,Bahrain,FP3,HAM,9,96.476,SOFT,1,Lift and Coast
2023,Bahrain,FP3,HAM,10,96.518,SOFT,1,Lift and Coast
2023,Bahrain,FP3,HAM,13,92.555,SOFT,3,Vuelta de ataque
2023,Bahrain,FP3,HAM,16,93.211,SOFT,3,Vuelta de ataque
2023,Bahrain,FP3,SAI,3,93.523,SOFT,3,Vuelta de ataque
2023,Bahrain,FP3,SAI,6,93.565,SOFT,3,Vuelta de ataque
2023,Bahrain,FP3,SAI,9,96.337,SOFT,0,Ritmo de carrera
2023,Bahrain,FP3,SAI,18,92.945,SOFT,3,Vuelta de ataque
2023,Bahrain,FP3,RUS,2,94.102,SOFT,3,Vuelta de ataque
2023,Bahrain,FP3,RUS,5,94.262,SOFT,3,Vuelta de ataque
2023,Bahrain,FP3,RUS,9,97.275,SOFT,1,Lift and Coast
2023,Bahrain,FP3,RUS,10,97.229,SOFT,1,Lift and Coast
2023,Bahrain,FP3,RUS,11,96.373,SOFT,3,Vuelta de ataque
2023,Bahrain,FP3,RUS,14,92.731,SOFT,3,Vuelta de ataque
2023,Bahrain,FP3,BOT,2,93.873,SOFT,3,Vuelta de ataque
2023,Bahrain,FP3,BOT,5,94.356,SOFT,2,Tracción Comprometida
2023,Bahrain,FP3,BOT,9,93.629,SOFT,2,Tracción Comprometida
2023,Bahrain,FP3,PIA,2,94.054,SOFT,3,Vuelta de ataque
2023,Bahrain,FP3,PIA,5,94.668,SOFT,3,Vuelta de ataque
2023,Bahrain,FP3,PIA,8,93.045,SOFT,3,Vuelta de ataque
2023,Bahrain,Q,VER,3,91.295,SOFT,3,Vuelta de ataque
2023,Bahrain,Q,VER,8,90.503,SOFT,3,Vuelta de ataque
2023,Bahrain,Q,VER,11,89.897,SOFT,3,Vuelta de ataque
2023,Bahrain,Q,VER,14,89.708,SOFT,3,Vuelta de ataque
2023,Bahrain,Q,PER,3,91.479,SOFT,3,Vuelta de ataque
2023,Bahrain,Q,PER,8,90.746,SOFT,3,Vuelta de ataque
2023,Bahrain,Q,PER,11,90.131,SOFT,3,Vuelta de ataque
2023,Bahrain,Q,PER,14,89.846,SOFT,3,Vuelta de ataque
2023,Bahrain,Q,LEC,5,91.094,SOFT,3,Vuelta de ataque
2023,Bahrain,Q,LEC,10,91.699,SOFT,3,Vuelta de ataque
2023,Bahrain,Q,LEC,13,90.282,SOFT,3,Vuelta de ataque
2023,Bahrain,Q,LEC,16,90.0,SOFT,3,Vuelta de ataque
2023,Bahrain,Q,SAI,2,92.408,MEDIUM,3,Vuelta de ataque
2023,Bahrain,Q,SAI,5,90.993,SOFT,3,Vuelta de ataque
2023,Bahrain,Q,SAI,8,91.463,SOFT,3,Vuelta de ataque
2023,Bahrain,Q,SAI,11,90.515,SOFT,3,Vuelta de ataque
2023,Bahrain,Q,SAI,14,90.361,SOFT,3,Vuelta de ataque
2023,Bahrain,Q,SAI,17,90.154,SOFT,3,Vuelta de ataque
2023,Bahrain,Q,ALO,2,91.158,SOFT,3,Vuelta de ataque
2023,Bahrain,Q,ALO,5,91.228,SOFT,3,Vuelta de ataque
2023,Bahrain,Q,ALO,8,91.094,SOFT,3,Vuelta de ataque
2023,Bahrain,Q,ALO,11,90.645,SOFT,3,Vuelta de ataque
2023,Bahrain,Q,ALO,14,90.336,SOFT,3,Vuelta de ataque
2023,Bahrain,Q,RUS,2,91.057,SOFT,3,Vuelta de ataque
2023,Bahrain,Q,RUS,5,91.718,SOFT,3,Vuelta de ataque
2023,Bahrain,Q,RUS,8,91.086,SOFT,3,Vuelta de ataque
2023,Bahrain,Q,RUS,11,90.507,SOFT,3,Vuelta de ataque
2023,Bahrain,Q,RUS,14,90.34,SOFT,3,Vuelta de ataque
2023,Bahrain,Q,HAM,2,91.543,SOFT,3,Vuelta de ataque
2023,Bahrain,Q,HAM,5,91.654,SOFT,3,Vuelta de ataque
2023,Bahrain,Q,HAM,8,90.901,SOFT,3,Vuelta de ataque
2023,Bahrain,Q,HAM,11,90.513,SOFT,3,Vuelta de ataque
2023,Bahrain,Q,HAM,14,90.384,SOFT,3,Vuelta de ataque
2023,Bahrain,Q,STR,2,91.617,SOFT,3,Vuelta de ataque
2023,Bahrain,Q,STR,5,91.184,SOFT,3,Vuelta de ataque
2023,Bahrain,Q,STR,8,92.305,SOFT,3,Vuelta de ataque
2023,Bahrain,Q,STR,11,91.127,SOFT,3,Vuelta de ataque
2023,Bahrain,Q,STR,14,91.926,SOFT,3,Vuelta de ataque
2023,Bahrain,Q,STR,17,90.836,SOFT,3,Vuelta de ataque
2023,Bahrain,Q,OCO,2,91.688,SOFT,3,Vuelta de ataque
2023,Bahrain,Q,OCO,5,91.508,SOFT,3,Vuelta de ataque
2023,Bahrain,Q,OCO,8,92.367,SOFT,3,Vuelta de ataque
2023,Bahrain,Q,OCO,11,90.914,SOFT,3,Vuelta de ataque
2023,Bahrain,Q,OCO,14,90.984,SOFT,3,Vuelta de ataque
2023,Bahrain,Q,HUL,4,92.36,SOFT,3,Vuelta de ataque
2023,Bahrain,Q,HUL,7,91.204,SOFT,3,Vuelta de ataque
2023,Bahrain,Q,HUL,10,91.932,SOFT,3,Vuelta de ataque
2023,Bahrain,Q,HUL,13,90.809,SOFT,3,Vuelta de ataque
2023,Bahrain,Q,HUL,16,91.055,SOFT,3,Vuelta de ataque
2023,Bahrain,Q,NOR,3,92.555,SOFT,3,Vuelta de ataque
2023,Bahrain,Q,NOR,6,91.652,SOFT,3,Vuelta de ataque
2023,Bahrain,Q,NOR,9,92.191,SOFT,3,Vuelta de ataque
2023,Bahrain,Q,NOR,12,91.381,SOFT,3,Vuelta de ataque
2023,Bahrain,Q,BOT,2,91.952,SOFT,3,Vuelta de ataque
2023,Bahrain,Q,BOT,5,91.504,SOFT,3,Vuelta de ataque
2023,Bahrain,Q,BOT,8,92.17,SOFT,3,Vuelta de ataque
2023,Bahrain,Q,BOT,11,91.443,SOFT,3,Vuelta de ataque
2023,Bahrain,Q,ZHO,2,91.947,SOFT,3,Vuelta de ataque
2023,Bahrain,Q,ZHO,5,91.615,SOFT,3,Vuelta de ataque
2023,Bahrain,Q,ZHO,8,92.233,SOFT,3,Vuelta de ataque
2023,Bahrain,Q,ZHO,11,91.473,SOFT,3,Vuelta de ataque
2023,Bahrain,Q,TSU,2,92.132,SOFT,3,Vuelta de ataque
2023,Bahrain,Q,TSU,5,91.747,SOFT,3,Vuelta de ataque
2023,Bahrain,Q,TSU,8,91.4,SOFT,3,Vuelta de ataque
2023,Bahrain,Q,TSU,11,92.72,SOFT,3,Vuelta de ataque
2023,Bahrain,Q,TSU,14,92.51,SOFT,3,Vuelta de ataque
2023,Bahrain,Q,ALB,2,92.094,SOFT,3,Vuelta de ataque
2023,Bahrain,Q,ALB,5,91.461,SOFT,3,Vuelta de ataque
2023,Bahrain,Q,SAR,2,92.673,SOFT,3,Vuelta de ataque
2023,Bahrain,Q,SAR,5,91.652,SOFT,3,Vuelta de ataque
2023,Bahrain,Q,MAG,2,92.07,SOFT,3,Vuelta de ataque
2023,Bahrain,Q,MAG,5,91.892,SOFT,3,Vuelta de ataque
2023,Bahrain,Q,PIA,3,92.633,SOFT,3,Vuelta de ataque
2023,Bahrain,Q,PIA,6,92.101,SOFT,3,Vuelta de ataque
2023,Bahrain,Q,DEV,2,92.849,SOFT,3,Vuelta de ataque
2023,Bahrain,Q,DEV,5,92.121,SOFT,3,Vuelta de ataque
2023,Bahrain,Q,DEV,8,92.279,SOFT,3,Vuelta de ataque
2023,Bahrain,Q,GAS,2,92.181,SOFT,3,Vuelta de ataque
2023,Bahrain,Q,GAS,5,91.818,SOFT,3,Vuelta de ataque
2023,Bahrain,R,VER,1,99.019,SOFT,1,Lift and Coast
2023,Bahrain,R,VER,2,97.974,SOFT,1,Lift and Coast
2023,Bahrain,R,VER,3,98.006,SOFT,1,Lift and Coast
2023,Bahrain,R,VER,4,97.976,SOFT,1,Lift and Coast
2023,Bahrain,R,VER,5,98.035,SOFT,1,Lift and Coast
2023,Bahrain,R,VER,6,97.986,SOFT,1,Lift and Coast
2023,Bahrain,R,VER,7,98.021,SOFT,1,Lift and Coast
2023,Bahrain,R,VER,8,98.154,SOFT,1,Lift and Coast
2023,Bahrain,R,VER,9,98.278,SOFT,1,Lift and Coast
2023,Bahrain,R,VER,10,98.369,SOFT,1,Lift and Coast
2023,Bahrain,R,VER,11,98.483,SOFT,1,Lift and Coast
2023,Bahrain,R,VER,12,98.591,SOFT,1,Lift and Coast
2023,Bahrain,R,VER,13,98.482,SOFT,1,Lift and Coast
2023,Bahrain,R,VER,16,97.801,SOFT,1,Lift and Coast
2023,Bahrain,R,VER,17,97.648,SOFT,1,Lift and Coast
2023,Bahrain,R,VER,18,97.614,SOFT,1,Lift and Coast
2023,Bahrain,R,VER,19,97.712,SOFT,1,Lift and Coast
2023,Bahrain,R,VER,20,97.788,SOFT,1,Lift and Coast
2023,Bahrain,R,VER,21,97.582,SOFT,1,Lift and Coast
2023,Bahrain,R,VER,22,97.651,SOFT,1,Lift and Coast
2023,Bahrain,R,VER,23,97.552,SOFT,1,Lift and Coast
2023,Bahrain,R,VER,24,97.387,SOFT,1,Lift and Coast
2023,Bahrain,R,VER,25,97.372,SOFT,1,Lift and Coast
2023,Bahrain,R,VER,26,97.682,SOFT,1,Lift and Coast
2023,Bahrain,R,VER,27,97.379,SOFT,1,Lift and Coast
2023,Bahrain,R,VER,28,97.651,SOFT,1,Lift and Coast
2023,Bahrain,R,VER,29,97.571,SOFT,1,Lift and Coast
2023,Bahrain,R,VER,30,97.549,SOFT,1,Lift and Coast
2023,Bahrain,R,VER,31,97.431,SOFT,1,Lift and Coast
2023,Bahrain,R,VER,32,97.691,SOFT,1,Lift and Coast
2023,Bahrain,R,VER,33,97.686,SOFT,1,Lift and Coast
2023,Bahrain,R,VER,34,97.839,SOFT,1,Lift and Coast
2023,Bahrain,R,VER,35,97.85,SOFT,1,Lift and Coast
2023,Bahrain,R,VER,38,96.297,HARD,1,Lift and Coast
2023,Bahrain,R,VER,39,96.446,HARD,1,Lift and Coast
2023,Bahrain,R,VER,40,96.942,HARD,1,Lift and Coast
2023,Bahrain,R,VER,43,96.89,HARD,1,Lift and Coast
2023,Bahrain,R,VER,44,96.236,HARD,1,Lift and Coast
2023,Bahrain,R,VER,45,97.015,HARD,1,Lift and Coast
2023,Bahrain,R,VER,46,96.701,HARD,1,Lift and Coast
2023,Bahrain,R,VER,47,97.009,HARD,1,Lift and Coast
2023,Bahrain,R,VER,48,96.918,HARD,1,Lift and Coast
2023,Bahrain,R,VER,49,96.962,HARD,1,Lift and Coast
2023,Bahrain,R,VER,50,97.25,HARD,1,Lift and Coast
2023,Bahrain,R,VER,51,97.427,HARD,1,Lift and Coast
2023,Bahrain,R,VER,52,96.919,HARD,1,Lift and Coast
2023,Bahrain,R,VER,54,96.678,HARD,1,Lift and Coast
2023,Bahrain,R,VER,55,96.322,HARD,1,Lift and Coast
2023,Bahrain,R,VER,56,97.205,HARD,1,Lift and Coast
2023,Bahrain,R,VER,57,96.373,HARD,0,Ritmo de carrera
2023,Bahrain,R,GAS,2,100.438,SOFT,0,Ritmo de carrera
2023,Bahrain,R,GAS,11,98.762,HARD,0,Ritmo de carrera
2023,Bahrain,R,GAS,12,98.928,HARD,1,Lift and Coast
2023,Bahrain,R,GAS,13,99.349,HARD,1,Lift and Coast
2023,Bahrain,R,GAS,14,98.859,HARD,1,Lift and Coast
2023,Bahrain,R,GAS,15,98.985,HARD,1,Lift and Coast
2023,Bahrain,R,GAS,16,98.945,HARD,1,Lift and Coast
2023,Bahrain,R,GAS,17,99.011,HARD,0,Ritmo de carrera
2023,Bahrain,R,GAS,18,99.029,HARD,1,Lift and Coast
2023,Bahrain,R,GAS,19,99.066,HARD,1,Lift and Coast
2023,Bahrain,R,GAS,20,99.017,HARD,1,Lift and Coast
2023,Bahrain,R,GAS,21,99.327,HARD,1,Lift and Coast
2023,Bahrain,R,GAS,22,99.485,HARD,1,Lift and Coast
2023,Bahrain,R,GAS,23,99.263,HARD,0,Ritmo de carrera
2023,Bahrain,R,GAS,24,99.761,HARD,1,Lift and Coast
2023,Bahrain,R,GAS,27,98.729,HARD,0,Ritmo de carrera
2023,Bahrain,R,GAS,28,97.761,HARD,1,Lift and Coast
2023,Bahrain,R,GAS,29,98.012,HARD,1,Lift and Coast
2023,Bahrain,R,GAS,30,97.76,HARD,0,Ritmo de carrera
2023,Bahrain,R,GAS,31,97.968,HARD,0,Ritmo de carrera
2023,Bahrain,R,GAS,32,98.012,HARD,0,Ritmo de carrera
2023,Bahrain,R,GAS,33,97.974,HARD,0,Ritmo de carrera
2023,Bahrain,R,GAS,34,98.022,HARD,0,Ritmo de carrera
2023,Bahrain,R,GAS,35,98.088,HARD,0,Ritmo de carrera
2023,Bahrain,R,GAS,36,98.184,HARD,1,Lift and Coast
2023,Bahrain,R,GAS,37,98.133,HARD,0,Ritmo de carrera
2023,Bahrain,R,GAS,38,98.108,HARD,1,Lift and Coast
2023,Bahrain,R,GAS,39,98.537,HARD,1,Lift and Coast
2023,Bahrain,R,GAS,42,95.068,SOFT,0,Ritmo de carrera
2023,Bahrain,R,GAS,43,95.942,SOFT,1,Lift and Coast
2023,Bahrain,R,GAS,44,95.792,SOFT,1,Lift and Coast
2023,Bahrain,R,GAS,45,96.186,SOFT,1,Lift and Coast
2023,Bahrain,R,GAS,46,96.041,SOFT,1,Lift and Coast
2023,Bahrain,R,GAS,47,96.12,SOFT,1,Lift and Coast
2023,Bahrain,R,GAS,48,96.368,SOFT,1,Lift and Coast
2023,Bahrain,R,GAS,49,96.803,SOFT,1,Lift and Coast
2023,Bahrain,R,GAS,50,96.551,SOFT,1,Lift and Coast
2023,Bahrain,R,GAS,51,96.635,SOFT,1,Lift and Coast
2023,Bahrain,R,GAS,52,96.891,SOFT,1,Lift and Coast
2023,Bahrain,R,GAS,53,96.979,SOFT,1,Lift and Coast
2023,Bahrain,R,GAS,54,97.222,SOFT,0,Ritmo de carrera
2023,Bahrain,R,GAS,55,97.559,SOFT,0,Ritmo de carrera
2023,Bahrain,R,GAS,56,97.845,SOFT,1,Lift and Coast
2023,Bahrain,R,GAS,57,98.147,SOFT,0,Ritmo de carrera
2023,Bahrain,R,PER,2,98.862,SOFT,1,Lift and Coast
2023,Bahrain,R,PER,3,98.83,SOFT,0,Ritmo de carrera
2023,Bahrain,R,PER,4,98.758,SOFT,0,Ritmo de carrera
2023,Bahrain,R,PER,5,98.404,SOFT,0,Ritmo de carrera
2023,Bahrain,R,PER,6,98.718,SOFT,0,Ritmo de carrera
2023,Bahrain,R,PER,7,98.804,SOFT,1,Lift and Coast
2023,Bahrain,R,PER,8,99.172,SOFT,2,Tracción Comprometida
2023,Bahrain,R,PER,9,98.914,SOFT,0,Ritmo de carrera
2023,Bahrain,R,PER,10,99.085,SOFT,1,Lift and Coast
2023,Bahrain,R,PER,11,99.249,SOFT,1,Lift and Coast
2023,Bahrain,R,PER,12,99.197,SOFT,1,Lift and Coast
2023,Bahrain,R,PER,13,99.336,SOFT,0,Ritmo de carrera
2023,Bahrain,R,PER,14,98.739,SOFT,0,Ritmo de carrera
2023,Bahrain,R,PER,15,98.608,SOFT,2,Tracción Comprometida
2023,Bahrain,R,PER,16,98.77,SOFT,0,Ritmo de carrera
2023,Bahrain,R,PER,19,97.659,SOFT,1,Lift and Coast
2023,Bahrain,R,PER,20,97.448,SOFT,1,Lift and Coast
2023,Bahrain,R,PER,21,97.24,SOFT,1,Lift and Coast
2023,Bahrain,R,PER,22,97.169,SOFT,0,Ritmo de carrera
2023,Bahrain,R,PER,23,97.304,SOFT,0,Ritmo de carrera
2023,Bahrain,R,PER,24,97.352,SOFT,0,Ritmo de carrera
2023,Bahrain,R,PER,25,98.418,SOFT,0,Ritmo de carrera
2023,Bahrain,R,PER,26,97.454,SOFT,1,Lift and Coast
2023,Bahrain,R,PER,27,97.387,SOFT,1,Lift and Coast
2023,Bahrain,R,PER,28,97.211,SOFT,1,Lift and Coast
2023,Bahrain,R,PER,29,97.733,SOFT,0,Ritmo de carrera
2023,Bahrain,R,PER,30,97.4,SOFT,2,Tracción Comprometida
2023,Bahrain,R,PER,31,97.919,SOFT,0,Ritmo de carrera
2023,Bahrain,R,PER,32,97.722,SOFT,1,Lift and Coast
2023,Bahrain,R,PER,33,97.869,SOFT,2,Tracción Comprometida
2023,Bahrain,R,PER,36,96.82,HARD,1,Lift and Coast
2023,Bahrain,R,PER,37,96.344,HARD,1,Lift and Coast
2023,Bahrain,R,PER,38,96.431,HARD,1,Lift and Coast
2023,Bahrain,R,PER,39,96.429,HARD,1,Lift and Coast
2023,Bahrain,R,PER,40,97.114,HARD,1,Lift and Coast
2023,Bahrain,R,PER,42,99.657,HARD,2,Tracción Comprometida
2023,Bahrain,R,PER,43,96.554,HARD,2,Tracción Comprometida
2023,Bahrain,R,PER,44,96.978,HARD,0,Ritmo de carrera
2023,Bahrain,R,PER,45,96.928,HARD,1,Lift and Coast
2023,Bahrain,R,PER,46,97.257,HARD,1,Lift and Coast
2023,Bahrain,R,PER,47,96.661,HARD,1,Lift and Coast
2023,Bahrain,R,PER,48,96.859,HARD,0,Ritmo de carrera
2023,Bahrain,R,PER,49,97.049,HARD,2,Tracción Comprometida
2023,Bahrain,R,PER,50,97.731,HARD,1,Lift and Coast
2023,Bahrain,R,PER,51,97.049,HARD,0,Ritmo de carrera
2023,Bahrain,R,PER,52,97.062,HARD,0,Ritmo de carrera
2023,Bahrain,R,PER,53,97.345,HARD,1,Lift and Coast
2023,Bahrain,R,PER,54,97.296,HARD,0,Ritmo de carrera
2023,Bahrain,R,PER,55,97.092,HARD,0,Ritmo de carrera
2023,Bahrain,R,PER,56,96.565,HARD,2,Tracción Comprometida
2023,Bahrain,R,PER,57,96.558,HARD,0,Ritmo de carrera
2023,Bahrain,R,ALO,2,99.792,SOFT,0,Ritmo de carrera
2023,Bahrain,R,ALO,3,99.1,SOFT,0,Ritmo de carrera
2023,Bahrain,R,ALO,4,99.548,SOFT,0,Ritmo de carrera
2023,Bahrain,R,ALO,5,99.662,SOFT,1,Lift and Coast
2023,Bahrain,R,ALO,6,99.674,SOFT,2,Tracción Comprometida
2023,Bahrain,R,ALO,7,99.729,SOFT,0,Ritmo de carrera
2023,Bahrain,R,ALO,8,99.959,SOFT,2,Tracción Comprometida
2023,Bahrain,R,ALO,9,100.275,SOFT,2,Tracción Comprometida
2023,Bahrain,R,ALO,10,100.203,SOFT,0,Ritmo de carrera
2023,Bahrain,R,ALO,13,100.341,SOFT,0,Ritmo de carrera
2023,Bahrain,R,ALO,16,97.542,HARD,0,Ritmo de carrera
2023,Bahrain,R,ALO,17,98.139,HARD,2,Tracción Comprometida
2023,Bahrain,R,ALO,18,98.124,HARD,1,Lift and Coast
2023,Bahrain,R,ALO,19,98.361,HARD,2,Tracción Comprometida
2023,Bahrain,R,ALO,20,98.318,HARD,1,Lift and Coast
2023,Bahrain,R,ALO,21,98.407,HARD,1,Lift and Coast
2023,Bahrain,R,ALO,22,98.2,HARD,0,Ritmo de carrera
2023,Bahrain,R,ALO,23,97.853,HARD,0,Ritmo de carrera
2023,Bahrain,R,ALO,24,97.878,HARD,0,Ritmo de carrera
2023,Bahrain,R,ALO,25,98.139,HARD,0,Ritmo de carrera
2023,Bahrain,R,ALO,26,98.127,HARD,0,Ritmo de carrera
2023,Bahrain,R,ALO,27,98.612,HARD,1,Lift and Coast
2023,Bahrain,R,ALO,28,98.199,HARD,1,Lift and Coast
2023,Bahrain,R,ALO,29,98.585,HARD,2,Tracción Comprometida
2023,Bahrain,R,ALO,30,98.282,HARD,2,Tracción Comprometida
2023,Bahrain,R,ALO,31,98.009,HARD,3,Vuelta de ataque
2023,Bahrain,R,ALO,32,97.871,HARD,3,Vuelta de ataque
2023,Bahrain,R,ALO,33,97.769,HARD,2,Tracción Comprometida
2023,Bahrain,R,ALO,34,100.353,HARD,0,Ritmo de carrera
2023,Bahrain,R,ALO,36,96.156,HARD,3,Vuelta de ataque
2023,Bahrain,R,ALO,37,97.431,HARD,0,Ritmo de carrera
2023,Bahrain,R,ALO,38,97.002,HARD,2,Tracción Comprometida
2023,Bahrain,R,ALO,39,97.243,HARD,2,Tracción Comprometida
2023,Bahrain,R,ALO,40,97.208,HARD,1,Lift and Coast
2023,Bahrain,R,ALO,42,96.334,HARD,2,Tracción Comprometida
2023,Bahrain,R,ALO,43,96.911,HARD,3,Vuelta de ataque
2023,Bahrain,R,ALO,44,97.022,HARD,0,Ritmo de carrera
2023,Bahrain,R,ALO,45,97.931,HARD,0,Ritmo de carrera
2023,Bahrain,R,ALO,46,97.087,HARD,2,Tracción Comprometida
2023,Bahrain,R,ALO,47,97.326,HARD,1,Lift and Coast
2023,Bahrain,R,ALO,48,96.783,HARD,1,Lift and Coast
2023,Bahrain,R,ALO,49,96.726,HARD,3,Vuelta de ataque
2023,Bahrain,R,ALO,50,96.331,HARD,3,Vuelta de ataque
2023,Bahrain,R,ALO,51,96.96,HARD,3,Vuelta de ataque
2023,Bahrain,R,ALO,52,97.01,HARD,2,Tracción Comprometida
2023,Bahrain,R,ALO,53,97.01,HARD,0,Ritmo de carrera
2023,Bahrain,R,ALO,54,97.599,HARD,2,Tracción Comprometida
2023,Bahrain,R,ALO,55,97.662,HARD,1,Lift and Coast
2023,Bahrain,R,ALO,56,97.473,HARD,0,Ritmo de carrera
2023,Bahrain,R,ALO,57,97.422,HARD,0,Ritmo de carrera
2023,Bahrain,R,LEC,1,100.23,SOFT,2,Tracción Comprometida
2023,Bahrain,R,LEC,2,98.75,SOFT,0,Ritmo de carrera
2023,Bahrain,R,LEC,3,98.658,SOFT,0,Ritmo de carrera
2023,Bahrain,R,LEC,4,98.825,SOFT,1,Lift and Coast
2023,Bahrain,R,LEC,5,98.664,SOFT,2,Tracción Comprometida
2023,Bahrain,R,LEC,6,98.572,SOFT,2,Tracción Comprometida
2023,Bahrain,R,LEC,7,98.691,SOFT,2,Tracción Comprometida
2023,Bahrain,R,LEC,8,98.614,SOFT,2,Tracción Comprometida
2023,Bahrain,R,LEC,9,98.828,SOFT,2,Tracción Comprometida
2023,Bahrain,R,LEC,10,99.073,SOFT,2,Tracción Comprometida
2023,Bahrain,R,LEC,11,99.212,SOFT,2,Tracción Comprometida
2023,Bahrain,R,LEC,12,99.489,SOFT,2,Tracción Comprometida
2023,Bahrain,R,LEC,15,98.477,HARD,2,Tracción Comprometida
2023,Bahrain,R,LEC,16,97.953,HARD,0,Ritmo de carrera
2023,Bahrain,R,LEC,17,98.031,HARD,0,Ritmo de carrera
2023,Bahrain,R,LEC,18,97.798,HARD,3,Vuelta de ataque
2023,Bahrain,R,LEC,19,97.858,HARD,1,Lift and Coast
2023,Bahrain,R,LEC,20,97.631,HARD,3,Vuelta de ataque
2023,Bahrain,R,LEC,21,97.753,HARD,2,Tracción Comprometida
2023,Bahrain,R,LEC,22,98.162,HARD,2,Tracción Comprometida
2023,Bahrain,R,LEC,23,98.054,HARD,1,Lift and Coast
2023,Bahrain,R,LEC,24,97.972,HARD,2,Tracción Comprometida
2023,Bahrain,R,LEC,25,98.541,HARD,2,Tracción Comprometida
2023,Bahrain,R,LEC,26,99.668,HARD,2,Tracción Comprometida
2023,Bahrain,R,LEC,27,98.814,HARD,0,Ritmo de carrera
2023,Bahrain,R,LEC,28,98.618,HARD,2,Tracción Comprometida
2023,Bahrain,R,LEC,29,98.447,HARD,2,Tracción Comprometida
2023,Bahrain,R,LEC,30,98.39,HARD,2,Tracción Comprometida
2023,Bahrain,R,LEC,31,98.746,HARD,2,Tracción Comprometida
2023,Bahrain,R,LEC,32,98.948,HARD,2,Tracción Comprometida
2023,Bahrain,R,LEC,35,98.073,HARD,1,Lift and Coast
2023,Bahrain,R,LEC,36,97.313,HARD,1,Lift and Coast
2023,Bahrain,R,LEC,37,97.17,HARD,2,Tracción Comprometida
2023,Bahrain,R,LEC,38,97.17,HARD,2,Tracción Comprometida
2023,Bahrain,R,LEC,39,97.287,HARD,2,Tracción Comprometida
2023,Bahrain,R,STR,2,99.892,SOFT,0,Ritmo de carrera
2023,Bahrain,R,STR,3,99.625,SOFT,0,Ritmo de carrera
2023,Bahrain,R,STR,4,99.745,SOFT,0,Ritmo de carrera
2023,Bahrain,R,STR,5,99.144,SOFT,2,Tracción Comprometida
2023,Bahrain,R,STR,6,99.714,SOFT,1,Lift and Coast
2023,Bahrain,R,STR,7,99.945,SOFT,1,Lift and Coast
2023,Bahrain,R,STR,8,99.801,SOFT,1,Lift and Coast
2023,Bahrain,R,STR,9,100.106,SOFT,0,Ritmo de carrera
2023,Bahrain,R,STR,10,100.192,SOFT,1,Lift and Coast
2023,Bahrain,R,STR,14,100.002,SOFT,1,Lift and Coast
2023,Bahrain,R,STR,17,97.507,HARD,1,Lift and Coast
2023,Bahrain,R,STR,18,98.127,HARD,1,Lift and Coast
2023,Bahrain,R,STR,19,98.587,HARD,1,Lift and Coast
2023,Bahrain,R,STR,20,98.038,HARD,2,Tracción Comprometida
2023,Bahrain,R,STR,21,98.273,HARD,1,Lift and Coast
2023,Bahrain,R,STR,22,98.73,HARD,1,Lift and Coast
2023,Bahrain,R,STR,23,98.295,HARD,0,Ritmo de carrera
2023,Bahrain,R,STR,24,98.478,HARD,1,Lift and Coast
2023,Bahrain,R,STR,25,98.25,HARD,2,Tracción Comprometida
2023,Bahrain,R,STR,26,98.482,HARD,0,Ritmo de carrera
2023,Bahrain,R,STR,27,99.021,HARD,0,Ritmo de carrera
2023,Bahrain,R,STR,28,98.723,HARD,1,Lift and Coast
2023,Bahrain,R,STR,29,98.71,HARD,1,Lift and Coast
2023,Bahrain,R,STR,32,96.546,HARD,1,Lift and Coast
2023,Bahrain,R,STR,33,97.21,HARD,1,Lift and Coast
2023,Bahrain,R,STR,34,97.168,HARD,1,Lift and Coast
2023,Bahrain,R,STR,35,97.521,HARD,1,Lift and Coast
2023,Bahrain,R,STR,36,97.72,HARD,1,Lift and Coast
2023,Bahrain,R,STR,37,97.68,HARD,1,Lift and Coast
2023,Bahrain,R,STR,38,97.274,HARD,1,Lift and Coast
2023,Bahrain,R,STR,39,97.456,HARD,1,Lift and Coast
2023,Bahrain,R,STR,40,97.916,HARD,1,Lift and Coast
2023,Bahrain,R,STR,42,97.298,HARD,1,Lift and Coast
2023,Bahrain,R,STR,43,97.304,HARD,1,Lift and Coast
2023,Bahrain,R,STR,44,97.299,HARD,0,Ritmo de carrera
2023,Bahrain,R,STR,45,97.222,HARD,0,Ritmo de carrera
2023,Bahrain,R,STR,46,97.562,HARD,0,Ritmo de carrera
2023,Bahrain,R,STR,47,97.257,HARD,0,Ritmo de carrera
2023,Bahrain,R,STR,48,97.448,HARD,1,Lift and Coast
2023,Bahrain,R,STR,49,97.551,HARD,1,Lift and Coast
2023,Bahrain,R,STR,50,97.388,HARD,3,Vuelta de ataque
2023,Bahrain,R,STR,51,97.866,HARD,0,Ritmo de carrera
2023,Bahrain,R,STR,52,97.579,HARD,2,Tracción Comprometida
2023,Bahrain,R,STR,53,98.379,HARD,3,Vuelta de ataque
2023,Bahrain,R,STR,54,97.597,HARD,0,Ritmo de carrera
2023,Bahrain,R,STR,55,97.701,HARD,3,Vuelta de ataque
2023,Bahrain,R,STR,56,98.11,HARD,2,Tracción Comprometida
2023,Bahrain,R,STR,57,97.991,HARD,0,Ritmo de carrera
2023,Bahrain,R,SAR,2,100.467,SOFT,0,Ritmo de carrera
2023,Bahrain,R,SAR,3,100.349,SOFT,1,Lift and Coast
2023,Bahrain,R,SAR,14,98.413,SOFT,1,Lift and Coast
2023,Bahrain,R,SAR,15,99.033,SOFT,1,Lift and Coast
2023,Bahrain,R,SAR,16,98.988,SOFT,0,Ritmo de carrera
2023,Bahrain,R,SAR,17,99.439,SOFT,0,Ritmo de carrera
2023,Bahrain,R,SAR,18,99.399,SOFT,1,Lift and Coast
2023,Bahrain,R,SAR,19,99.22,SOFT,1,Lift and Coast
2023,Bahrain,R,SAR,20,99.186,SOFT,2,Tracción Comprometida
2023,Bahrain,R,SAR,21,99.612,SOFT,1,Lift and Coast
2023,Bahrain,R,SAR,22,99.362,SOFT,0,Ritmo de carrera
2023,Bahrain,R,SAR,23,99.692,SOFT,1,Lift and Coast
2023,Bahrain,R,SAR,24,99.872,SOFT,1,Lift and Coast
2023,Bahrain,R,SAR,25,99.834,SOFT,0,Ritmo de carrera
2023,Bahrain,R,SAR,26,100.006,SOFT,1,Lift and Coast
2023,Bahrain,R,SAR,27,99.602,SOFT,1,Lift and Coast
2023,Bahrain,R,SAR,28,99.62,SOFT,1,Lift and Coast
2023,Bahrain,R,SAR,29,99.673,SOFT,1,Lift and Coast
2023,Bahrain,R,SAR,32,97.613,HARD,2,Tracción Comprometida
2023,Bahrain,R,SAR,33,97.862,HARD,1,Lift and Coast
2023,Bahrain,R,SAR,34,97.902,HARD,1,Lift and Coast
2023,Bahrain,R,SAR,35,98.029,HARD,1,Lift and Coast
2023,Bahrain,R,SAR,36,97.717,HARD,1,Lift and Coast
2023,Bahrain,R,SAR,37,97.831,HARD,1,Lift and Coast
2023,Bahrain,R,SAR,38,98.015,HARD,1,Lift and Coast
2023,Bahrain,R,SAR,39,97.971,HARD,1,Lift and Coast
2023,Bahrain,R,SAR,42,96.037,SOFT,0,Ritmo de carrera
2023,Bahrain,R,SAR,43,96.801,SOFT,0,Ritmo de carrera
2023,Bahrain,R,SAR,44,97.407,SOFT,2,Tracción Comprometida
2023,Bahrain,R,SAR,45,97.462,SOFT,0,Ritmo de carrera
2023,Bahrain,R,SAR,46,98.441,SOFT,0,Ritmo de carrera
2023,Bahrain,R,SAR,47,97.227,SOFT,0,Ritmo de carrera
2023,Bahrain,R,SAR,48,97.068,SOFT,1,Lift and Coast
2023,Bahrain,R,SAR,49,97.225,SOFT,2,Tracción Comprometida
2023,Bahrain,R,SAR,50,97.29,SOFT,1,Lift and Coast
2023,Bahrain,R,SAR,51,97.472,SOFT,1,Lift and Coast
2023,Bahrain,R,SAR,52,97.456,SOFT,1,Lift and Coast
2023,Bahrain,R,SAR,53,97.662,SOFT,1,Lift and Coast
2023,Bahrain,R,SAR,54,97.936,SOFT,1,Lift and Coast
2023,Bahrain,R,SAR,55,98.316,SOFT,1,Lift and Coast
2023,Bahrain,R,SAR,56,99.626,SOFT,2,Tracción Comprometida
2023,Bahrain,R,MAG,17,98.319,HARD,0,Ritmo de carrera
2023,Bahrain,R,MAG,18,98.274,HARD,0,Ritmo de carrera
2023,Bahrain,R,MAG,19,98.803,HARD,1,Lift and Coast
2023,Bahrain,R,MAG,20,99.083,HARD,0,Ritmo de carrera
2023,Bahrain,R,MAG,21,99.086,HARD,1,Lift and Coast
2023,Bahrain,R,MAG,22,98.913,HARD,1,Lift and Coast
2023,Bahrain,R,MAG,23,99.027,HARD,0,Ritmo de carrera
2023,Bahrain,R,MAG,24,98.947,HARD,1,Lift and Coast
2023,Bahrain,R,MAG,25,99.476,HARD,1,Lift and Coast
2023,Bahrain,R,MAG,26,99.601,HARD,1,Lift and Coast
2023,Bahrain,R,MAG,27,99.298,HARD,1,Lift and Coast
2023,Bahrain,R,MAG,28,99.316,HARD,1,Lift and Coast
2023,Bahrain,R,MAG,31,98.593,SOFT,1,Lift and Coast
2023,Bahrain,R,MAG,32,97.644,SOFT,1,Lift and Coast
2023,Bahrain,R,MAG,33,97.097,SOFT,1,Lift and Coast
2023,Bahrain,R,MAG,34,97.528,SOFT,0,Ritmo de carrera
2023,Bahrain,R,MAG,35,97.46,SOFT,1,Lift and Coast
2023,Bahrain,R,MAG,36,97.754,SOFT,1,Lift and Coast
2023,Bahrain,R,MAG,37,97.998,SOFT,1,Lift and Coast
2023,Bahrain,R,MAG,38,98.303,SOFT,1,Lift and Coast
2023,Bahrain,R,MAG,39,98.587,SOFT,1,Lift and Coast
2023,Bahrain,R,MAG,42,96.471,SOFT,1,Lift and Coast
2023,Bahrain,R,MAG,43,96.942,SOFT,1,Lift and Coast
2023,Bahrain,R,MAG,44,96.588,SOFT,3,Vuelta de ataque
2023,Bahrain,R,MAG,45,97.126,SOFT,1,Lift and Coast
2023,Bahrain,R,MAG,46,97.589,SOFT,1,Lift and Coast
2023,Bahrain,R,MAG,47,97.629,SOFT,0,Ritmo de carrera
2023,Bahrain,R,MAG,48,97.607,SOFT,1,Lift and Coast
2023,Bahrain,R,MAG,49,97.739,SOFT,1,Lift and Coast
2023,Bahrain,R,MAG,50,98.315,SOFT,2,Tracción Comprometida
2023,Bahrain,R,MAG,51,98.157,SOFT,1,Lift and Coast
2023,Bahrain,R,MAG,52,97.963,SOFT,3,Vuelta de ataque
2023,Bahrain,R,MAG,53,97.982,SOFT,0,Ritmo de carrera
2023,Bahrain,R,MAG,54,99.651,SOFT,1,Lift and Coast
2023,Bahrain,R,MAG,55,98.446,SOFT,0,Ritmo de carrera
2023,Bahrain,R,MAG,56,98.779,SOFT,1,Lift and Coast
2023,Bahrain,R,DEV,4,100.373,SOFT,0,Ritmo de carrera
2023,Bahrain,R,DEV,13,98.924,HARD,1,Lift and Coast
2023,Bahrain,R,DEV,14,98.829,HARD,1,Lift and Coast
2023,Bahrain,R,DEV,15,98.868,HARD,1,Lift and Coast
2023,Bahrain,R,DEV,16,99.127,HARD,1,Lift and Coast
2023,Bahrain,R,DEV,17,98.996,HARD,1,Lift and Coast
2023,Bahrain,R,DEV,18,99.054,HARD,1,Lift and Coast
2023,Bahrain,R,DEV,19,99.078,HARD,1,Lift and Coast
2023,Bahrain,R,DEV,20,99.182,HARD,1,Lift and Coast
2023,Bahrain,R,DEV,21,99.182,HARD,1,Lift and Coast
2023,Bahrain,R,DEV,22,99.296,HARD,1,Lift and Coast
2023,Bahrain,R,DEV,23,99.542,HARD,1,Lift and Coast
2023,Bahrain,R,DEV,24,99.807,HARD,1,Lift and Coast
2023,Bahrain,R,DEV,26,99.97,HARD,1,Lift and Coast
2023,Bahrain,R,DEV,29,98.121,HARD,1,Lift and Coast
2023,Bahrain,R,DEV,30,97.709,HARD,1,Lift and Coast
2023,Bahrain,R,DEV,31,97.909,HARD,1,Lift and Coast
2023,Bahrain,R,DEV,32,97.902,HARD,1,Lift and Coast
2023,Bahrain,R,DEV,33,97.933,HARD,1,Lift and Coast
2023,Bahrain,R,DEV,34,98.266,HARD,1,Lift and Coast
2023,Bahrain,R,DEV,35,98.123,HARD,1,Lift and Coast
2023,Bahrain,R,DEV,36,98.206,HARD,1,Lift and Coast
2023,Bahrain,R,DEV,37,98.423,HARD,1,Lift and Coast
2023,Bahrain,R,DEV,38,98.379,HARD,1,Lift and Coast
2023,Bahrain,R,DEV,39,98.535,HARD,1,Lift and Coast
2023,Bahrain,R,DEV,42,99.873,HARD,1,Lift and Coast
2023,Bahrain,R,DEV,43,100.177,HARD,0,Ritmo de carrera
2023,Bahrain,R,DEV,44,99.588,HARD,1,Lift and Coast
2023,Bahrain,R,DEV,45,98.889,HARD,1,Lift and Coast
2023,Bahrain,R,DEV,46,98.871,HARD,1,Lift and Coast
2023,Bahrain,R,DEV,47,98.921,HARD,1,Lift and Coast
2023,Bahrain,R,DEV,48,100.441,HARD,1,Lift and Coast
2023,Bahrain,R,DEV,49,98.985,HARD,1,Lift and Coast
2023,Bahrain,R,DEV,50,99.089,HARD,1,Lift and Coast
2023,Bahrain,R,DEV,51,100.475,HARD,0,Ritmo de carrera
2023,Bahrain,R,DEV,52,100.33,HARD,1,Lift and Coast
2023,Bahrain,R,DEV,53,99.15,HARD,1,Lift and Coast
2023,Bahrain,R,DEV,54,98.885,HARD,1,Lift and Coast
2023,Bahrain,R,DEV,55,99.239,HARD,0,Ritmo de carrera
2023,Bahrain,R,DEV,56,99.161,HARD,1,Lift and Coast
2023,Bahrain,R,TSU,3,100.243,SOFT,1,Lift and Coast
2023,Bahrain,R,TSU,4,99.95,SOFT,1,Lift and Coast
2023,Bahrain,R,TSU,12,99.143,HARD,1,Lift and Coast
2023,Bahrain,R,TSU,13,99.471,HARD,1,Lift and Coast
2023,Bahrain,R,TSU,14,98.742,HARD,1,Lift and Coast
2023,Bahrain,R,TSU,15,98.975,HARD,1,Lift and Coast
2023,Bahrain,R,TSU,16,99.061,HARD,1,Lift and Coast
2023,Bahrain,R,TSU,17,99.021,HARD,1,Lift and Coast
2023,Bahrain,R,TSU,18,99.302,HARD,1,Lift and Coast
2023,Bahrain,R,TSU,19,99.17,HARD,1,Lift and Coast
2023,Bahrain,R,TSU,20,99.282,HARD,1,Lift and Coast
2023,Bahrain,R,TSU,21,99.325,HARD,1,Lift and Coast
2023,Bahrain,R,TSU,22,99.439,HARD,1,Lift and Coast
2023,Bahrain,R,TSU,23,99.632,HARD,1,Lift and Coast
2023,Bahrain,R,TSU,24,100.109,HARD,1,Lift and Coast
2023,Bahrain,R,TSU,25,99.746,HARD,1,Lift and Coast
2023,Bahrain,R,TSU,28,97.824,HARD,0,Ritmo de carrera
2023,Bahrain,R,TSU,29,97.779,HARD,0,Ritmo de carrera
2023,Bahrain,R,TSU,30,98.147,HARD,1,Lift and Coast
2023,Bahrain,R,TSU,31,97.813,HARD,0,Ritmo de carrera
2023,Bahrain,R,TSU,32,98.017,HARD,1,Lift and Coast
2023,Bahrain,R,TSU,33,98.094,HARD,0,Ritmo de carrera
2023,Bahrain,R,TSU,34,98.13,HARD,1,Lift and Coast
2023,Bahrain,R,TSU,35,98.163,HARD,0,Ritmo de carrera
2023,Bahrain,R,TSU,36,98.059,HARD,1,Lift and Coast
2023,Bahrain,R,TSU,37,98.075,HARD,1,Lift and Coast
2023,Bahrain,R,TSU,38,98.084,HARD,1,Lift and Coast
2023,Bahrain,R,TSU,39,98.419,HARD,0,Ritmo de carrera
2023,Bahrain,R,TSU,42,96.637,SOFT,1,Lift and Coast
2023,Bahrain,R,TSU,43,97.028,SOFT,1,Lift and Coast
2023,Bahrain,R,TSU,44,97.01,SOFT,1,Lift and Coast
2023,Bahrain,R,TSU,45,97.021,SOFT,1,Lift and Coast
2023,Bahrain,R,TSU,46,97.258,SOFT,1,Lift and Coast
2023,Bahrain,R,TSU,47,97.359,SOFT,1,Lift and Coast
2023,Bahrain,R,TSU,48,97.238,SOFT,1,Lift and Coast
2023,Bahrain,R,TSU,49,97.528,SOFT,1,Lift and Coast
2023,Bahrain,R,TSU,50,97.624,SOFT,1,Lift and Coast
2023,Bahrain,R,TSU,51,97.706,SOFT,1,Lift and Coast
2023,Bahrain,R,TSU,52,97.59,SOFT,1,Lift and Coast
2023,Bahrain,R,TSU,53,97.675,SOFT,0,Ritmo de carrera
2023,Bahrain,R,TSU,54,97.72,SOFT,1,Lift and Coast
2023,Bahrain,R,TSU,55,97.945,SOFT,0,Ritmo de carrera
2023,Bahrain,R,TSU,56,98.102,SOFT,1,Lift and Coast
2023,Bahrain,R,TSU,57,98.246,SOFT,1,Lift and Coast
2023,Bahrain,R,ALB,2,100.43,SOFT,0,Ritmo de carrera
2023,Bahrain,R,ALB,3,100.143,SOFT,0,Ritmo de carrera
2023,Bahrain,R,ALB,4,99.761,SOFT,0,Ritmo de carrera
2023,Bahrain,R,ALB,13,98.649,SOFT,1,Lift and Coast
2023,Bahrain,R,ALB,14,98.472,SOFT,1,Lift and Coast
2023,Bahrain,R,ALB,15,99.158,SOFT,1,Lift and Coast
2023,Bahrain,R,ALB,16,99.253,SOFT,1,Lift and Coast
2023,Bahrain,R,ALB,17,99.094,SOFT,1,Lift and Coast
2023,Bahrain,R,ALB,18,99.049,SOFT,1,Lift and Coast
2023,Bahrain,R,ALB,19,99.272,SOFT,1,Lift and Coast
2023,Bahrain,R,ALB,20,99.299,SOFT,1,Lift and Coast
2023,Bahrain,R,ALB,21,99.591,SOFT,1,Lift and Coast
2023,Bahrain,R,ALB,22,99.588,SOFT,1,Lift and Coast
2023,Bahrain,R,ALB,23,99.802,SOFT,2,Tracción Comprometida
2023,Bahrain,R,ALB,24,99.89,SOFT,1,Lift and Coast
2023,Bahrain,R,ALB,25,99.832,SOFT,2,Tracción Comprometida
2023,Bahrain,R,ALB,28,97.503,HARD,2,Tracción Comprometida
2023,Bahrain,R,ALB,29,98.127,HARD,1,Lift and Coast
2023,Bahrain,R,ALB,30,97.931,HARD,1,Lift and Coast
2023,Bahrain,R,ALB,31,98.104,HARD,2,Tracción Comprometida
2023,Bahrain,R,ALB,32,97.919,HARD,2,Tracción Comprometida
2023,Bahrain,R,ALB,33,98.104,HARD,1,Lift and Coast
2023,Bahrain,R,ALB,34,97.961,HARD,2,Tracción Comprometida
2023,Bahrain,R,ALB,35,97.984,HARD,1,Lift and Coast
2023,Bahrain,R,ALB,36,98.176,HARD,2,Tracción Comprometida
2023,Bahrain,R,ALB,37,98.038,HARD,2,Tracción Comprometida
2023,Bahrain,R,ALB,38,98.33,HARD,2,Tracción Comprometida
2023,Bahrain,R,ALB,39,98.346,HARD,1,Lift and Coast
2023,Bahrain,R,ALB,42,97.211,SOFT,2,Tracción Comprometida
2023,Bahrain,R,ALB,43,97.144,SOFT,2,Tracción Comprometida
2023,Bahrain,R,ALB,44,97.327,SOFT,1,Lift and Coast
2023,Bahrain,R,ALB,45,97.503,SOFT,1,Lift and Coast
2023,Bahrain,R,ALB,46,97.577,SOFT,1,Lift and Coast
2023,Bahrain,R,ALB,47,97.545,SOFT,1,Lift and Coast
2023,Bahrain,R,ALB,48,97.684,SOFT,2,Tracción Comprometida
2023,Bahrain,R,ALB,49,97.609,SOFT,2,Tracción Comprometida
2023,Bahrain,R,ALB,50,97.695,SOFT,1,Lift and Coast
2023,Bahrain,R,ALB,51,97.727,SOFT,1,Lift and Coast
2023,Bahrain,R,ALB,52,97.861,SOFT,1,Lift and Coast
2023,Bahrain,R,ALB,53,97.778,SOFT,1,Lift and Coast
2023,Bahrain,R,ALB,54,97.78,SOFT,1,Lift and Coast
2023,Bahrain,R,ALB,55,97.803,SOFT,2,Tracción Comprometida
2023,Bahrain,R,ALB,56,98.159,SOFT,2,Tracción Comprometida
2023,Bahrain,R,ALB,57,98.137,SOFT,2,Tracción Comprometida
2023,Bahrain,R,ZHO,14,99.33,HARD,0,Ritmo de carrera
2023,Bahrain,R,ZHO,15,99.229,HARD,0,Ritmo de carrera
2023,Bahrain,R,ZHO,16,98.998,HARD,0,Ritmo de carrera
2023,Bahrain,R,ZHO,17,99.143,HARD,1,Lift and Coast
2023,Bahrain,R,ZHO,18,98.873,HARD,2,Tracción Comprometida
2023,Bahrain,R,ZHO,19,98.794,HARD,3,Vuelta de ataque
2023,Bahrain,R,ZHO,20,98.896,HARD,0,Ritmo de carrera
2023,Bahrain,R,ZHO,21,98.888,HARD,1,Lift and Coast
2023,Bahrain,R,ZHO,22,99.115,HARD,0,Ritmo de carrera
2023,Bahrain,R,ZHO,23,99.462,HARD,0,Ritmo de carrera
2023,Bahrain,R,ZHO,24,99.503,HARD,0,Ritmo de carrera
2023,Bahrain,R,ZHO,25,99.066,HARD,0,Ritmo de carrera
2023,Bahrain,R,ZHO,26,99.427,HARD,3,Vuelta de ataque
2023,Bahrain,R,ZHO,27,99.235,HARD,3,Vuelta de ataque
2023,Bahrain,R,ZHO,28,99.412,HARD,1,Lift and Coast
2023,Bahrain,R,ZHO,29,99.361,HARD,1,Lift and Coast
2023,Bahrain,R,ZHO,30,99.382,HARD,1,Lift and Coast
2023,Bahrain,R,ZHO,31,99.67,HARD,1,Lift and Coast
2023,Bahrain,R,ZHO,34,97.037,SOFT,3,Vuelta de ataque
2023,Bahrain,R,ZHO,35,97.55,SOFT,3,Vuelta de ataque
2023,Bahrain,R,ZHO,36,97.957,SOFT,3,Vuelta de ataque
2023,Bahrain,R,ZHO,37,98.003,SOFT,1,Lift and Coast
2023,Bahrain,R,ZHO,38,98.422,SOFT,0,Ritmo de carrera
2023,Bahrain,R,ZHO,39,98.368,SOFT,0,Ritmo de carrera
2023,Bahrain,R,ZHO,42,99.904,SOFT,0,Ritmo de carrera
2023,Bahrain,R,ZHO,43,98.311,SOFT,1,Lift and Coast
2023,Bahrain,R,ZHO,44,97.974,SOFT,1,Lift and Coast
2023,Bahrain,R,ZHO,45,97.95,SOFT,1,Lift and Coast
2023,Bahrain,R,ZHO,46,98.336,SOFT,3,Vuelta de ataque
2023,Bahrain,R,ZHO,47,99.553,SOFT,1,Lift and Coast
2023,Bahrain,R,ZHO,48,98.596,SOFT,1,Lift and Coast
2023,Bahrain,R,ZHO,49,98.628,SOFT,1,Lift and Coast
2023,Bahrain,R,ZHO,50,99.893,SOFT,2,Tracción Comprometida
2023,Bahrain,R,ZHO,51,98.719,SOFT,2,Tracción Comprometida
2023,Bahrain,R,ZHO,52,98.713,SOFT,1,Lift and Coast
2023,Bahrain,R,ZHO,53,98.634,SOFT,3,Vuelta de ataque
2023,Bahrain,R,ZHO,56,93.996,SOFT,3,Vuelta de ataque
2023,Bahrain,R,HUL,3,100.484,SOFT,1,Lift and Coast
2023,Bahrain,R,HUL,13,99.406,HARD,0,Ritmo de carrera
2023,Bahrain,R,HUL,14,98.847,HARD,0,Ritmo de carrera
2023,Bahrain,R,HUL,15,98.972,HARD,1,Lift and Coast
2023,Bahrain,R,HUL,16,99.136,HARD,0,Ritmo de carrera
2023,Bahrain,R,HUL,17,99.396,HARD,0,Ritmo de carrera
2023,Bahrain,R,HUL,18,100.323,HARD,0,Ritmo de carrera
2023,Bahrain,R,HUL,19,99.633,HARD,1,Lift and Coast
2023,Bahrain,R,HUL,20,99.495,HARD,1,Lift and Coast
2023,Bahrain,R,HUL,21,99.703,HARD,1,Lift and Coast
2023,Bahrain,R,HUL,22,99.934,HARD,1,Lift and Coast
2023,Bahrain,R,HUL,23,99.866,HARD,1,Lift and Coast
2023,Bahrain,R,HUL,24,99.855,HARD,1,Lift and Coast
2023,Bahrain,R,HUL,25,100.295,HARD,0,Ritmo de carrera
2023,Bahrain,R,HUL,28,96.981,HARD,1,Lift and Coast
2023,Bahrain,R,HUL,29,97.398,HARD,1,Lift and Coast
2023,Bahrain,R,HUL,30,97.617,HARD,1,Lift and Coast
2023,Bahrain,R,HUL,31,97.891,HARD,1,Lift and Coast
2023,Bahrain,R,HUL,32,97.806,HARD,0,Ritmo de carrera
2023,Bahrain,R,HUL,33,97.761,HARD,3,Vuelta de ataque
2023,Bahrain,R,HUL,34,97.895,HARD,1,Lift and Coast
2023,Bahrain,R,HUL,35,98.093,HARD,1,Lift and Coast
2023,Bahrain,R,HUL,36,98.245,HARD,1,Lift and Coast
2023,Bahrain,R,HUL,37,98.108,HARD,1,Lift and Coast
2023,Bahrain,R,HUL,38,98.191,HARD,1,Lift and Coast
2023,Bahrain,R,HUL,39,98.184,HARD,1,Lift and Coast
2023,Bahrain,R,HUL,42,96.616,SOFT,2,Tracción Comprometida
2023,Bahrain,R,HUL,43,96.793,SOFT,0,Ritmo de carrera
2023,Bahrain,R,HUL,44,97.076,SOFT,1,Lift and Coast
2023,Bahrain,R,HUL,45,97.314,SOFT,1,Lift and Coast
2023,Bahrain,R,HUL,46,99.972,SOFT,1,Lift and Coast
2023,Bahrain,R,HUL,47,96.806,SOFT,1,Lift and Coast
2023,Bahrain,R,HUL,48,97.086,SOFT,1,Lift and Coast
2023,Bahrain,R,HUL,49,97.077,SOFT,1,Lift and Coast
2023,Bahrain,R,HUL,50,97.242,SOFT,1,Lift and Coast
2023,Bahrain,R,HUL,51,97.306,SOFT,1,Lift and Coast
2023,Bahrain,R,HUL,52,97.917,SOFT,0,Ritmo de carrera
2023,Bahrain,R,HUL,53,98.067,SOFT,1,Lift and Coast
2023,Bahrain,R,HUL,54,98.458,SOFT,1,Lift and Coast
2023,Bahrain,R,HUL,55,98.564,SOFT,1,Lift and Coast
2023,Bahrain,R,HUL,56,99.206,SOFT,1,Lift and Coast
2023,Bahrain,R,OCO,2,100.408,SOFT,1,Lift and Coast
2023,Bahrain,R,OCO,3,99.948,SOFT,0,Ritmo de carrera
2023,Bahrain,R,OCO,4,99.543,SOFT,0,Ritmo de carrera
2023,Bahrain,R,OCO,5,100.281,SOFT,1,Lift and Coast
2023,Bahrain,R,OCO,6,100.331,SOFT,1,Lift and Coast
2023,Bahrain,R,OCO,7,100.488,SOFT,0,Ritmo de carrera
2023,Bahrain,R,OCO,8,100.562,SOFT,0,Ritmo de carrera
2023,Bahrain,R,OCO,14,98.649,HARD,0,Ritmo de carrera
2023,Bahrain,R,OCO,17,98.78,HARD,1,Lift and Coast
2023,Bahrain,R,OCO,18,98.886,HARD,1,Lift and Coast
2023,Bahrain,R,OCO,19,98.817,HARD,1,Lift and Coast
2023,Bahrain,R,OCO,20,98.809,HARD,1,Lift and Coast
2023,Bahrain,R,OCO,21,98.976,HARD,1,Lift and Coast
2023,Bahrain,R,OCO,22,99.028,HARD,0,Ritmo de carrera
2023,Bahrain,R,OCO,23,100.052,HARD,2,Tracción Comprometida
2023,Bahrain,R,OCO,24,99.382,HARD,2,Tracción Comprometida
2023,Bahrain,R,OCO,25,99.435,HARD,1,Lift and Coast
2023,Bahrain,R,OCO,26,99.521,HARD,2,Tracción Comprometida
2023,Bahrain,R,OCO,27,99.594,HARD,2,Tracción Comprometida
2023,Bahrain,R,OCO,28,100.026,HARD,2,Tracción Comprometida
2023,Bahrain,R,OCO,30,99.757,HARD,1,Lift and Coast
2023,Bahrain,R,OCO,31,99.748,HARD,2,Tracción Comprometida
2023,Bahrain,R,OCO,34,96.797,HARD,0,Ritmo de carrera
2023,Bahrain,R,OCO,35,96.964,HARD,0,Ritmo de carrera
2023,Bahrain,R,OCO,36,97.364,HARD,0,Ritmo de carrera
2023,Bahrain,R,OCO,37,97.338,HARD,1,Lift and Coast
2023,Bahrain,R,OCO,38,97.216,HARD,1,Lift and Coast
2023,Bahrain,R,OCO,39,97.523,HARD,1,Lift and Coast
2023,Bahrain,R,NOR,2,100.433,SOFT,0,Ritmo de carrera
2023,Bahrain,R,NOR,3,99.777,SOFT,0,Ritmo de carrera
2023,Bahrain,R,NOR,12,99.314,HARD,2,Tracción Comprometida
2023,Bahrain,R,NOR,13,99.51,HARD,1,Lift and Coast
2023,Bahrain,R,NOR,14,99.243,HARD,1,Lift and Coast
2023,Bahrain,R,NOR,15,98.87,HARD,0,Ritmo de carrera
2023,Bahrain,R,NOR,16,98.86,HARD,2,Tracción Comprometida
2023,Bahrain,R,NOR,19,97.966,SOFT,1,Lift and Coast
2023,Bahrain,R,NOR,20,98.345,SOFT,1,Lift and Coast
2023,Bahrain,R,NOR,21,98.297,SOFT,0,Ritmo de carrera
2023,Bahrain,R,NOR,22,98.908,SOFT,2,Tracción Comprometida
2023,Bahrain,R,NOR,23,98.291,SOFT,2,Tracción Comprometida
2023,Bahrain,R,NOR,24,98.696,SOFT,2,Tracción Comprometida
2023,Bahrain,R,NOR,25,98.447,SOFT,1,Lift and Coast
2023,Bahrain,R,NOR,26,98.44,SOFT,2,Tracción Comprometida
2023,Bahrain,R,NOR,29,97.26,MEDIUM,2,Tracción Comprometida
2023,Bahrain,R,NOR,30,97.605,MEDIUM,2,Tracción Comprometida
2023,Bahrain,R,NOR,31,97.768,MEDIUM,0,Ritmo de carrera
2023,Bahrain,R,NOR,32,98.111,MEDIUM,2,Tracción Comprometida
2023,Bahrain,R,NOR,33,97.52,MEDIUM,2,Tracción Comprometida
2023,Bahrain,R,NOR,34,97.987,MEDIUM,2,Tracción Comprometida
2023,Bahrain,R,NOR,35,97.87,MEDIUM,2,Tracción Comprometida
2023,Bahrain,R,NOR,36,99.886,MEDIUM,2,Tracción Comprometida
2023,Bahrain,R,NOR,37,100.197,MEDIUM,0,Ritmo de carrera
2023,Bahrain,R,NOR,39,98.347,HARD,0,Ritmo de carrera
2023,Bahrain,R,NOR,41,96.705,HARD,0,Ritmo de carrera
2023,Bahrain,R,NOR,42,96.668,HARD,0,Ritmo de carrera
2023,Bahrain,R,NOR,43,96.687,HARD,3,Vuelta de ataque
2023,Bahrain,R,NOR,44,97.219,HARD,1,Lift and Coast
2023,Bahrain,R,NOR,45,97.426,HARD,0,Ritmo de carrera
2023,Bahrain,R,NOR,46,97.656,HARD,0,Ritmo de carrera
2023,Bahrain,R,NOR,47,100.433,HARD,0,Ritmo de carrera
2023,Bahrain,R,NOR,49,99.08,SOFT,0,Ritmo de carrera
2023,Bahrain,R,NOR,50,95.257,SOFT,3,Vuelta de ataque
2023,Bahrain,R,NOR,51,95.822,SOFT,3,Vuelta de ataque
2023,Bahrain,R,NOR,52,96.152,SOFT,3,Vuelta de ataque
2023,Bahrain,R,NOR,53,96.5,SOFT,3,Vuelta de ataque
2023,Bahrain,R,HAM,2,99.166,SOFT,0,Ritmo de carrera
2023,Bahrain,R,HAM,3,99.22,SOFT,1,Lift and Coast
2023,Bahrain,R,HAM,4,99.198,SOFT,2,Tracción Comprometida
2023,Bahrain,R,HAM,5,99.335,SOFT,1,Lift and Coast
2023,Bahrain,R,HAM,6,99.756,SOFT,2,Tracción Comprometida
2023,Bahrain,R,HAM,7,99.757,SOFT,2,Tracción Comprometida
2023,Bahrain,R,HAM,8,100.267,SOFT,2,Tracción Comprometida
2023,Bahrain,R,HAM,9,100.323,SOFT,2,Tracción Comprometida
2023,Bahrain,R,HAM,10,100.289,SOFT,0,Ritmo de carrera
2023,Bahrain,R,HAM,14,98.308,HARD,1,Lift and Coast
2023,Bahrain,R,HAM,15,98.527,HARD,2,Tracción Comprometida
2023,Bahrain,R,HAM,16,98.617,HARD,1,Lift and Coast
2023,Bahrain,R,HAM,17,98.704,HARD,2,Tracción Comprometida
2023,Bahrain,R,HAM,18,98.69,HARD,0,Ritmo de carrera
2023,Bahrain,R,HAM,19,98.684,HARD,2,Tracción Comprometida
2023,Bahrain,R,HAM,20,98.478,HARD,1,Lift and Coast
2023,Bahrain,R,HAM,21,98.581,HARD,2,Tracción Comprometida
2023,Bahrain,R,HAM,22,98.46,HARD,0,Ritmo de carrera
2023,Bahrain,R,HAM,23,98.384,HARD,1,Lift and Coast
2023,Bahrain,R,HAM,24,98.367,HARD,2,Tracción Comprometida
2023,Bahrain,R,HAM,25,98.29,HARD,1,Lift and Coast
2023,Bahrain,R,HAM,26,98.339,HARD,0,Ritmo de carrera
2023,Bahrain,R,HAM,27,98.369,HARD,1,Lift and Coast
2023,Bahrain,R,HAM,28,98.265,HARD,1,Lift and Coast
2023,Bahrain,R,HAM,29,98.38,HARD,0,Ritmo de carrera
2023,Bahrain,R,HAM,32,97.563,HARD,2,Tracción Comprometida
2023,Bahrain,R,HAM,33,97.549,HARD,2,Tracción Comprometida
2023,Bahrain,R,HAM,34,98.135,HARD,2,Tracción Comprometida
2023,Bahrain,R,HAM,35,96.831,HARD,0,Ritmo de carrera
2023,Bahrain,R,HAM,36,96.546,HARD,2,Tracción Comprometida
2023,Bahrain,R,HAM,37,97.388,HARD,0,Ritmo de carrera
2023,Bahrain,R,HAM,38,98.304,HARD,2,Tracción Comprometida
2023,Bahrain,R,HAM,39,97.478,HARD,0,Ritmo de carrera
2023,Bahrain,R,HAM,40,97.494,HARD,0,Ritmo de carrera
2023,Bahrain,R,HAM,42,97.061,HARD,2,Tracción Comprometida
2023,Bahrain,R,HAM,43,97.111,HARD,0,Ritmo de carrera
2023,Bahrain,R,HAM,44,97.048,HARD,1,Lift and Coast
2023,Bahrain,R,HAM,45,97.661,HARD,0,Ritmo de carrera
2023,Bahrain,R,HAM,46,97.779,HARD,0,Ritmo de carrera
2023,Bahrain,R,HAM,47,98.517,HARD,0,Ritmo de carrera
2023,Bahrain,R,HAM,48,97.844,HARD,0,Ritmo de carrera
2023,Bahrain,R,HAM,49,97.954,HARD,0,Ritmo de carrera
2023,Bahrain,R,HAM,50,97.77,HARD,0,Ritmo de carrera
2023,Bahrain,R,HAM,51,98.014,HARD,0,Ritmo de carrera
2023,Bahrain,R,HAM,52,97.803,HARD,0,Ritmo de carrera
2023,Bahrain,R,HAM,53,97.988,HARD,2,Tracción Comprometida
2023,Bahrain,R,HAM,54,98.076,HARD,1,Lift and Coast
2023,Bahrain,R,HAM,55,97.955,HARD,0,Ritmo de carrera
2023,Bahrain,R,HAM,56,98.111,HARD,2,Tracción Comprometida
2023,Bahrain,R,HAM,57,98.255,HARD,2,Tracción Comprometida
2023,Bahrain,R,SAI,2,98.933,SOFT,0,Ritmo de carrera
2023,Bahrain,R,SAI,3,99.042,SOFT,0,Ritmo de carrera
2023,Bahrain,R,SAI,4,98.985,SOFT,0,Ritmo de carrera
2023,Bahrain,R,SAI,5,99.128,SOFT,1,Lift and Coast
2023,Bahrain,R,SAI,6,99.474,SOFT,2,Tracción Comprometida
2023,Bahrain,R,SAI,7,99.502,SOFT,0,Ritmo de carrera
2023,Bahrain,R,SAI,8,99.779,SOFT,2,Tracción Comprometida
2023,Bahrain,R,SAI,9,99.744,SOFT,1,Lift and Coast
2023,Bahrain,R,SAI,10,100.102,SOFT,1,Lift and Coast
2023,Bahrain,R,SAI,11,100.507,SOFT,0,Ritmo de carrera
2023,Bahrain,R,SAI,12,100.52,SOFT,0,Ritmo de carrera
2023,Bahrain,R,SAI,15,97.985,HARD,1,Lift and Coast
2023,Bahrain,R,SAI,16,98.433,HARD,1,Lift and Coast
2023,Bahrain,R,SAI,17,98.161,HARD,1,Lift and Coast
2023,Bahrain,R,SAI,18,98.287,HARD,1,Lift and Coast
2023,Bahrain,R,SAI,19,98.21,HARD,1,Lift and Coast
2023,Bahrain,R,SAI,20,98.096,HARD,1,Lift and Coast
2023,Bahrain,R,SAI,21,98.24,HARD,0,Ritmo de carrera
2023,Bahrain,R,SAI,22,98.453,HARD,1,Lift and Coast
2023,Bahrain,R,SAI,23,98.597,HARD,2,Tracción Comprometida
2023,Bahrain,R,SAI,24,98.314,HARD,3,Vuelta de ataque
2023,Bahrain,R,SAI,25,98.571,HARD,2,Tracción Comprometida
2023,Bahrain,R,SAI,26,98.331,HARD,1,Lift and Coast
2023,Bahrain,R,SAI,27,98.423,HARD,1,Lift and Coast
2023,Bahrain,R,SAI,28,98.474,HARD,2,Tracción Comprometida
2023,Bahrain,R,SAI,29,98.55,HARD,1,Lift and Coast
2023,Bahrain,R,SAI,30,98.601,HARD,1,Lift and Coast
2023,Bahrain,R,SAI,33,97.548,HARD,1,Lift and Coast
2023,Bahrain,R,SAI,34,97.475,HARD,1,Lift and Coast
2023,Bahrain,R,SAI,35,97.441,HARD,1,Lift and Coast
2023,Bahrain,R,SAI,36,97.706,HARD,1,Lift and Coast
2023,Bahrain,R,SAI,37,97.13,HARD,3,Vuelta de ataque
2023,Bahrain,R,SAI,38,97.444,HARD,0,Ritmo de carrera
2023,Bahrain,R,SAI,39,97.403,HARD,2,Tracción Comprometida
2023,Bahrain,R,SAI,40,97.587,HARD,1,Lift and Coast
2023,Bahrain,R,SAI,42,97.375,HARD,0,Ritmo de carrera
2023,Bahrain,R,SAI,43,97.294,HARD,3,Vuelta de ataque
2023,Bahrain,R,SAI,44,97.389,HARD,2,Tracción Comprometida
2023,Bahrain,R,SAI,45,99.561,HARD,0,Ritmo de carrera
2023,Bahrain,R,SAI,46,97.844,HARD,0,Ritmo de carrera
2023,Bahrain,R,SAI,47,98.222,HARD,0,Ritmo de carrera
2023,Bahrain,R,SAI,48,97.897,HARD,2,Tracción Comprometida
2023,Bahrain,R,SAI,49,97.765,HARD,0,Ritmo de carrera
2023,Bahrain,R,SAI,50,97.604,HARD,3,Vuelta de ataque
2023,Bahrain,R,SAI,51,97.672,HARD,0,Ritmo de carrera
2023,Bahrain,R,SAI,52,97.49,HARD,3,Vuelta de ataque
2023,Bahrain,R,SAI,53,97.66,HARD,1,Lift and Coast
2023,Bahrain,R,SAI,54,97.694,HARD,1,Lift and Coast
2023,Bahrain,R,SAI,55,97.821,HARD,1,Lift and Coast
2023,Bahrain,R,SAI,56,98.126,HARD,2,Tracción Comprometida
2023,Bahrain,R,SAI,57,98.021,HARD,1,Lift and Coast
2023,Bahrain,R,RUS,2,99.59,SOFT,1,Lift and Coast
2023,Bahrain,R,RUS,3,99.093,SOFT,0,Ritmo de carrera
2023,Bahrain,R,RUS,4,99.261,SOFT,0,Ritmo de carrera
2023,Bahrain,R,RUS,5,99.549,SOFT,0,Ritmo de carrera
2023,Bahrain,R,RUS,6,99.493,SOFT,0,Ritmo de carrera
2023,Bahrain,R,RUS,7,100.056,SOFT,0,Ritmo de carrera
2023,Bahrain,R,RUS,8,100.31,SOFT,0,Ritmo de carrera
2023,Bahrain,R,RUS,9,100.42,SOFT,0,Ritmo de carrera
2023,Bahrain,R,RUS,10,100.532,SOFT,0,Ritmo de carrera
2023,Bahrain,R,RUS,15,97.46,HARD,0,Ritmo de carrera
2023,Bahrain,R,RUS,16,97.833,HARD,0,Ritmo de carrera
2023,Bahrain,R,RUS,17,98.604,HARD,1,Lift and Coast
2023,Bahrain,R,RUS,18,98.427,HARD,0,Ritmo de carrera
2023,Bahrain,R,RUS,19,98.512,HARD,1,Lift and Coast
2023,Bahrain,R,RUS,20,98.578,HARD,1,Lift and Coast
2023,Bahrain,R,RUS,21,98.555,HARD,1,Lift and Coast
2023,Bahrain,R,RUS,22,98.438,HARD,0,Ritmo de carrera
2023,Bahrain,R,RUS,23,98.773,HARD,1,Lift and Coast
2023,Bahrain,R,RUS,24,98.643,HARD,1,Lift and Coast
2023,Bahrain,R,RUS,25,98.487,HARD,0,Ritmo de carrera
2023,Bahrain,R,RUS,26,98.462,HARD,1,Lift and Coast
2023,Bahrain,R,RUS,27,98.625,HARD,1,Lift and Coast
2023,Bahrain,R,RUS,28,98.448,HARD,1,Lift and Coast
2023,Bahrain,R,RUS,29,98.792,HARD,0,Ritmo de carrera
2023,Bahrain,R,RUS,30,98.541,HARD,1,Lift and Coast
2023,Bahrain,R,RUS,33,97.221,HARD,0,Ritmo de carrera
2023,Bahrain,R,RUS,34,97.311,HARD,0,Ritmo de carrera
2023,Bahrain,R,RUS,35,97.592,HARD,0,Ritmo de carrera
2023,Bahrain,R,RUS,36,97.607,HARD,0,Ritmo de carrera
2023,Bahrain,R,RUS,37,97.822,HARD,1,Lift and Coast
2023,Bahrain,R,RUS,38,97.66,HARD,1,Lift and Coast
2023,Bahrain,R,RUS,39,97.495,HARD,0,Ritmo de carrera
2023,Bahrain,R,RUS,40,98.085,HARD,0,Ritmo de carrera
2023,Bahrain,R,RUS,42,97.035,HARD,0,Ritmo de carrera
2023,Bahrain,R,RUS,43,97.48,HARD,0,Ritmo de carrera
2023,Bahrain,R,RUS,44,97.597,HARD,0,Ritmo de carrera
2023,Bahrain,R,RUS,45,97.316,HARD,0,Ritmo de carrera
2023,Bahrain,R,RUS,46,97.571,HARD,0,Ritmo de carrera
2023,Bahrain,R,RUS,47,97.432,HARD,0,Ritmo de carrera
2023,Bahrain,R,RUS,48,97.52,HARD,0,Ritmo de carrera
2023,Bahrain,R,RUS,49,97.718,HARD,0,Ritmo de carrera
2023,Bahrain,R,RUS,50,97.383,HARD,0,Ritmo de carrera
2023,Bahrain,R,RUS,51,97.825,HARD,1,Lift and Coast
2023,Bahrain,R,RUS,52,97.589,HARD,0,Ritmo de carrera
2023,Bahrain,R,RUS,53,97.841,HARD,1,Lift and Coast
2023,Bahrain,R,RUS,54,97.923,HARD,0,Ritmo de carrera
2023,Bahrain,R,RUS,55,97.86,HARD,0,Ritmo de carrera
2023,Bahrain,R,RUS,56,97.636,HARD,1,Lift and Coast
2023,Bahrain,R,RUS,57,97.767,HARD,0,Ritmo de carrera
2023,Bahrain,R,BOT,2,99.956,SOFT,2,Tracción Comprometida
2023,Bahrain,R,BOT,3,99.397,SOFT,2,Tracción Comprometida
2023,Bahrain,R,BOT,4,99.823,SOFT,3,Vuelta de ataque
2023,Bahrain,R,BOT,6,100.265,SOFT,1,Lift and Coast
2023,Bahrain,R,BOT,7,100.564,SOFT,3,Vuelta de ataque
2023,Bahrain,R,BOT,8,100.387,SOFT,1,Lift and Coast
2023,Bahrain,R,BOT,9,100.275,SOFT,1,Lift and Coast
2023,Bahrain,R,BOT,13,98.03,HARD,3,Vuelta de ataque
2023,Bahrain,R,BOT,14,98.098,HARD,1,Lift and Coast
2023,Bahrain,R,BOT,15,98.851,HARD,3,Vuelta de ataque
2023,Bahrain,R,BOT,16,98.494,HARD,3,Vuelta de ataque
2023,Bahrain,R,BOT,17,99.973,HARD,3,Vuelta de ataque
2023,Bahrain,R,BOT,18,100.24,HARD,0,Ritmo de carrera
2023,Bahrain,R,BOT,19,99.497,HARD,3,Vuelta de ataque
2023,Bahrain,R,BOT,20,100.442,HARD,0,Ritmo de carrera
2023,Bahrain,R,BOT,21,99.355,HARD,1,Lift and Coast
2023,Bahrain,R,BOT,22,99.356,HARD,1,Lift and Coast
2023,Bahrain,R,BOT,23,99.311,HARD,1,Lift and Coast
2023,Bahrain,R,BOT,24,99.427,HARD,3,Vuelta de ataque
2023,Bahrain,R,BOT,25,99.49,HARD,1,Lift and Coast
2023,Bahrain,R,BOT,26,99.5,HARD,1,Lift and Coast
2023,Bahrain,R,BOT,27,99.287,HARD,1,Lift and Coast
2023,Bahrain,R,BOT,28,99.016,HARD,3,Vuelta de ataque
2023,Bahrain,R,BOT,31,97.379,HARD,1,Lift and Coast
2023,Bahrain,R,BOT,32,97.675,HARD,3,Vuelta de ataque
2023,Bahrain,R,BOT,33,97.775,HARD,1,Lift and Coast
2023,Bahrain,R,BOT,34,97.774,HARD,1,Lift and Coast
2023,Bahrain,R,BOT,35,97.817,HARD,1,Lift and Coast
2023,Bahrain,R,BOT,36,97.827,HARD,1,Lift and Coast
2023,Bahrain,R,BOT,37,97.774,HARD,1,Lift and Coast
2023,Bahrain,R,BOT,38,97.658,HARD,1,Lift and Coast
2023,Bahrain,R,BOT,39,97.784,HARD,1,Lift and Coast
2023,Bahrain,R,BOT,42,97.736,HARD,3,Vuelta de ataque
2023,Bahrain,R,BOT,43,97.813,HARD,1,Lift and Coast
2023,Bahrain,R,BOT,44,97.868,HARD,3,Vuelta de ataque
2023,Bahrain,R,BOT,45,97.688,HARD,1,Lift and Coast
2023,Bahrain,R,BOT,46,97.83,HARD,3,Vuelta de ataque
2023,Bahrain,R,BOT,47,97.815,HARD,3,Vuelta de ataque
2023,Bahrain,R,BOT,48,97.5,HARD,3,Vuelta de ataque
2023,Bahrain,R,BOT,49,97.85,HARD,3,Vuelta de ataque
2023,Bahrain,R,BOT,50,97.71,HARD,3,Vuelta de ataque
2023,Bahrain,R,BOT,51,97.816,HARD,3,Vuelta de ataque
2023,Bahrain,R,BOT,52,97.947,HARD,3,Vuelta de ataque
2023,Bahrain,R,BOT,53,97.856,HARD,3,Vuelta de ataque
2023,Bahrain,R,BOT,54,97.738,HARD,3,Vuelta de ataque
2023,Bahrain,R,BOT,55,97.807,HARD,1,Lift and Coast
2023,Bahrain,R,BOT,56,98.16,HARD,3,Vuelta de ataque
2023,Bahrain,R,BOT,57,98.407,HARD,1,Lift and Coast
2023,British,FP3,VER,2,88.836,MEDIUM,3,Vuelta de ataque
2023,British,FP3,VER,5,88.266,MEDIUM,3,Vuelta de ataque
2023,British,FP3,VER,10,93.494,MEDIUM,1,Lift and Coast
2023,British,FP3,SAR,2,90.102,MEDIUM,1,Lift and Coast
2023,British,FP3,SAR,4,89.838,MEDIUM,3,Vuelta de ataque
2023,British,FP3,SAR,6,89.418,MEDIUM,1,Lift and Coast
2023,British,FP3,SAR,9,88.151,SOFT,3,Vuelta de ataque
2023,British,FP3,NOR,2,89.995,MEDIUM,3,Vuelta de ataque
2023,British,FP3,NOR,4,89.071,MEDIUM,1,Lift and Coast
2023,British,FP3,NOR,7,88.563,MEDIUM,3,Vuelta de ataque
2023,British,FP3,GAS,2,90.279,MEDIUM,1,Lift and Coast
2023,British,FP3,GAS,4,89.51,MEDIUM,3,Vuelta de ataque
2023,British,FP3,GAS,6,89.537,MEDIUM,3,Vuelta de ataque
2023,British,FP3,GAS,9,87.893,SOFT,3,Vuelta de ataque
2023,British,FP3,PER,2,89.786,MEDIUM,3,Vuelta de ataque
2023,British,FP3,PER,5,88.904,MEDIUM,3,Vuelta de ataque
2023,British,FP3,PER,8,93.286,MEDIUM,1,Lift and Coast
2023,British,FP3,ALO,4,89.244,MEDIUM,3,Vuelta de ataque
2023,British,FP3,ALO,6,88.956,MEDIUM,3,Vuelta de ataque
2023,British,FP3,ALO,10,87.784,SOFT,3,Vuelta de ataque
2023,British,FP3,LEC,2,89.0,SOFT,3,Vuelta de ataque
2023,British,FP3,LEC,6,88.068,SOFT,3,Vuelta de ataque
2023,British,FP3,LEC,8,87.419,SOFT,2,Tracción Comprometida
2023,British,FP3,STR,3,89.475,MEDIUM,3,Vuelta de ataque
2023,British,FP3,STR,5,88.774,MEDIUM,3,Vuelta de ataque
2023,British,FP3,STR,8,88.62,SOFT,3,Vuelta de ataque
2023,British,FP3,MAG,2,89.688,MEDIUM,3,Vuelta de ataque
2023,British,FP3,MAG,4,89.207,MEDIUM,3,Vuelta de ataque
2023,British,FP3,MAG,7,92.98,SOFT,1,Lift and Coast
2023,British,FP3,DEV,3,90.618,MEDIUM,1,Lift and Coast
2023,British,FP3,DEV,5,89.561,MEDIUM,1,Lift and Coast
2023,British,FP3,DEV,7,89.682,MEDIUM,3,Vuelta de ataque
2023,British,FP3,DEV,10,88.504,SOFT,3,Vuelta de ataque
2023,British,FP3,TSU,2,90.431,MEDIUM,1,Lift and Coast
2023,British,FP3,TSU,5,89.695,MEDIUM,3,Vuelta de ataque
2023,British,FP3,TSU,7,89.114,MEDIUM,1,Lift and Coast
2023,British,FP3,TSU,10,88.337,SOFT,3,Vuelta de ataque
2023,British,FP3,ALB,2,89.815,MEDIUM,2,Tracción Comprometida
2023,British,FP3,ALB,4,89.12,MEDIUM,2,Tracción Comprometida
2023,British,FP3,ALB,7,87.592,SOFT,3,Vuelta de ataque
2023,British,FP3,OCO,2,90.245,MEDIUM,3,Vuelta de ataque
2023,British,FP3,OCO,4,89.663,MEDIUM,3,Vuelta de ataque
2023,British,FP3,OCO,6,89.233,MEDIUM,3,Vuelta de ataque
2023,British,FP3,HAM,2,88.966,SOFT,3,Vuelta de ataque
2023,British,FP3,HAM,5,87.948,SOFT,3,Vuelta de ataque
2023,British,FP3,HAM,8,89.693,SOFT,3,Vuelta de ataque
2023,British,FP3,SAI,2,89.044,SOFT,3,Vuelta de ataque
2023,British,FP3,SAI,5,87.964,SOFT,3,Vuelta de ataque
2023,British,FP3,SAI,8,88.036,SOFT,3,Vuelta de ataque
2023,British,FP3,RUS,2,89.041,SOFT,3,Vuelta de ataque
2023,British,FP3,RUS,4,88.766,SOFT,3,Vuelta de ataque
2023,British,FP3,RUS,7,88.284,SOFT,3,Vuelta de ataque
2023,British,FP3,BOT,2,90.301,HARD,3,Vuelta de ataque
2023,British,FP3,BOT,4,89.848,HARD,3,Vuelta de ataque
2023,British,FP3,BOT,6,89.586,HARD,1,Lift and Coast
2023,British,FP3,PIA,2,90.863,HARD,1,Lift and Coast
2023,British,FP3,PIA,4,89.437,HARD,3,Vuelta de ataque
2023,British,FP3,PIA,6,91.524,HARD,3,Vuelta de ataque
2023,British,FP3,PIA,8,89.664,HARD,3,Vuelta de ataque
2023,British,Q,VER,3,92.145,SOFT,3,Vuelta de ataque
2023,British,Q,VER,5,90.719,SOFT,3,Vuelta de ataque
2023,British,Q,VER,10,89.428,SOFT,3,Vuelta de ataque
2023,British,Q,VER,13,89.505,SOFT,3,Vuelta de ataque
2023,British,Q,VER,16,88.57,SOFT,3,Vuelta de ataque
2023,British,Q,VER,19,87.702,SOFT,3,Vuelta de ataque
2023,British,Q,VER,22,87.084,SOFT,3,Vuelta de ataque
2023,British,Q,VER,25,86.72,SOFT,3,Vuelta de ataque
2023,British,Q,NOR,4,92.413,SOFT,2,Tracción Comprometida
2023,British,Q,NOR,5,92.124,SOFT,2,Tracción Comprometida
2023,British,Q,NOR,10,88.917,SOFT,3,Vuelta de ataque
2023,British,Q,NOR,13,89.427,SOFT,3,Vuelta de ataque
2023,British,Q,NOR,15,90.292,SOFT,0,Ritmo de carrera
2023,British,Q,NOR,17,88.042,SOFT,3,Vuelta de ataque
2023,British,Q,NOR,19,88.783,SOFT,3,Vuelta de ataque
2023,British,Q,NOR,22,88.414,SOFT,3,Vuelta de ataque
2023,British,Q,NOR,25,86.961,SOFT,3,Vuelta de ataque
2023,British,Q,PIA,5,91.602,SOFT,0,Ritmo de carrera
2023,British,Q,PIA,10,89.874,SOFT,3,Vuelta de ataque
2023,British,Q,PIA,13,89.566,SOFT,1,Lift and Coast
2023,British,Q,PIA,16,88.567,SOFT,3,Vuelta de ataque
2023,British,Q,PIA,19,87.845,SOFT,3,Vuelta de ataque
2023,British,Q,PIA,22,87.756,SOFT,3,Vuelta de ataque
2023,British,Q,PIA,25,87.092,SOFT,3,Vuelta de ataque
2023,British,Q,LEC,4,92.126,SOFT,2,Tracción Comprometida
2023,British,Q,LEC,6,91.064,SOFT,2,Tracción Comprometida
2023,British,Q,LEC,10,89.143,SOFT,2,Tracción Comprometida
2023,British,Q,LEC,13,89.934,SOFT,2,Tracción Comprometida
2023,British,Q,LEC,15,89.247,SOFT,2,Tracción Comprometida
2023,British,Q,LEC,18,88.361,SOFT,3,Vuelta de ataque
2023,British,Q,LEC,21,87.76,SOFT,2,Tracción Comprometida
2023,British,Q,LEC,24,87.136,SOFT,3,Vuelta de ataque
2023,British,Q,SAI,4,92.541,SOFT,2,Tracción Comprometida
2023,British,Q,SAI,6,91.865,SOFT,2,Tracción Comprometida
2023,British,Q,SAI,8,91.153,SOFT,2,Tracción Comprometida
2023,British,Q,SAI,11,89.865,SOFT,2,Tracción Comprometida
2023,British,Q,SAI,14,89.589,SOFT,2,Tracción Comprometida
2023,British,Q,SAI,16,89.396,SOFT,2,Tracción Comprometida
2023,British,Q,SAI,19,88.265,SOFT,3,Vuelta de ataque
2023,British,Q,SAI,22,87.832,SOFT,3,Vuelta de ataque
2023,British,Q,SAI,25,87.148,SOFT,3,Vuelta de ataque
2023,British,Q,RUS,5,91.414,SOFT,3,Vuelta de ataque
2023,British,Q,RUS,9,89.412,SOFT,3,Vuelta de ataque
2023,British,Q,RUS,12,89.829,SOFT,3,Vuelta de ataque
2023,British,Q,RUS,15,88.782,SOFT,3,Vuelta de ataque
2023,British,Q,RUS,18,92.019,SOFT,1,Lift and Coast
2023,British,Q,RUS,20,88.184,SOFT,3,Vuelta de ataque
2023,British,Q,RUS,23,87.155,SOFT,3,Vuelta de ataque
2023,British,Q,HAM,5,92.023,SOFT,0,Ritmo de carrera
2023,British,Q,HAM,7,91.256,SOFT,2,Tracción Comprometida
2023,British,Q,HAM,10,89.415,SOFT,3,Vuelta de ataque
2023,British,Q,HAM,13,90.217,SOFT,2,Tracción Comprometida
2023,British,Q,HAM,16,88.545,SOFT,3,Vuelta de ataque
2023,British,Q,HAM,19,92.419,SOFT,2,Tracción Comprometida
2023,British,Q,HAM,21,87.717,SOFT,3,Vuelta de ataque
2023,British,Q,HAM,24,87.211,SOFT,3,Vuelta de ataque
2023,British,Q,ALB,6,91.999,SOFT,2,Tracción Comprometida
2023,British,Q,ALB,10,89.466,SOFT,2,Tracción Comprometida
2023,British,Q,ALB,13,90.749,SOFT,2,Tracción Comprometida
2023,British,Q,ALB,15,89.152,SOFT,2,Tracción Comprometida
2023,British,Q,ALB,18,88.067,SOFT,3,Vuelta de ataque
2023,British,Q,ALB,21,87.911,SOFT,3,Vuelta de ataque
2023,British,Q,ALB,24,87.53,SOFT,3,Vuelta de ataque
2023,British,Q,ALO,3,91.437,SOFT,3,Vuelta de ataque
2023,British,Q,ALO,5,90.73,SOFT,3,Vuelta de ataque
2023,British,Q,ALO,9,89.949,SOFT,3,Vuelta de ataque
2023,British,Q,ALO,12,90.66,SOFT,3,Vuelta de ataque
2023,British,Q,ALO,14,89.052,SOFT,3,Vuelta de ataque
2023,British,Q,ALO,17,88.368,SOFT,3,Vuelta de ataque
2023,British,Q,ALO,20,87.841,SOFT,3,Vuelta de ataque
2023,British,Q,ALO,23,87.659,SOFT,3,Vuelta de ataque
2023,British,Q,GAS,5,91.961,SOFT,1,Lift and Coast
2023,British,Q,GAS,7,92.383,SOFT,1,Lift and Coast
2023,British,Q,GAS,10,89.533,SOFT,3,Vuelta de ataque
2023,British,Q,GAS,13,89.471,SOFT,3,Vuelta de ataque
2023,British,Q,GAS,17,88.751,SOFT,3,Vuelta de ataque
2023,British,Q,GAS,20,88.047,SOFT,3,Vuelta de ataque
2023,British,Q,GAS,23,87.689,SOFT,3,Vuelta de ataque
2023,British,Q,HUL,5,92.223,SOFT,2,Tracción Comprometida
2023,British,Q,HUL,7,92.292,SOFT,2,Tracción Comprometida
2023,British,Q,HUL,10,89.603,SOFT,3,Vuelta de ataque
2023,British,Q,HUL,13,90.025,SOFT,3,Vuelta de ataque
2023,British,Q,HUL,16,88.896,SOFT,3,Vuelta de ataque
2023,British,Q,STR,5,91.566,SOFT,0,Ritmo de carrera
2023,British,Q,STR,10,89.448,SOFT,3,Vuelta de ataque
2023,British,Q,STR,13,90.716,SOFT,0,Ritmo de carrera
2023,British,Q,STR,15,89.704,SOFT,2,Tracción Comprometida
2023,British,Q,STR,18,88.935,SOFT,3,Vuelta de ataque
2023,British,Q,OCO,4,92.353,SOFT,0,Ritmo de carrera
2023,British,Q,OCO,6,91.504,SOFT,0,Ritmo de carrera
2023,British,Q,OCO,10,89.7,SOFT,3,Vuelta de ataque
2023,British,Q,OCO,13,89.615,SOFT,3,Vuelta de ataque
2023,British,Q,OCO,15,92.755,SOFT,2,Tracción Comprometida
2023,British,Q,OCO,17,88.956,SOFT,3,Vuelta de ataque
2023,British,Q,SAR,4,92.567,SOFT,1,Lift and Coast
2023,British,Q,SAR,10,89.873,SOFT,3,Vuelta de ataque
2023,British,Q,SAR,13,91.104,SOFT,3,Vuelta de ataque
2023,British,Q,SAR,15,89.811,SOFT,3,Vuelta de ataque
2023,British,Q,SAR,18,89.031,SOFT,3,Vuelta de ataque
2023,British,Q,BOT,5,92.577,SOFT,0,Ritmo de carrera
2023,British,Q,BOT,10,89.798,SOFT,3,Vuelta de ataque
2023,British,Q,PER,5,92.162,SOFT,2,Tracción Comprometida
2023,British,Q,PER,10,89.968,SOFT,3,Vuelta de ataque
2023,British,Q,TSU,5,91.703,SOFT,3,Vuelta de ataque
2023,British,Q,TSU,10,90.025,SOFT,3,Vuelta de ataque
2023,British,Q,ZHO,5,92.389,SOFT,0,Ritmo de carrera
2023,British,Q,ZHO,10,90.123,SOFT,3,Vuelta de ataque
2023,British,Q,DEV,5,91.844,SOFT,1,Lift and Coast
2023,British,Q,DEV,10,90.513,SOFT,3,Vuelta de ataque
2023,British,Q,MAG,5,92.378,SOFT,3,Vuelta de ataque
2023,British,R,VER,2,93.433,MEDIUM,1,Lift and Coast
2023,British,R,VER,3,92.73,MEDIUM,1,Lift and Coast
2023,British,R,VER,4,92.78,MEDIUM,3,Vuelta de ataque
2023,British,R,VER,5,92.582,MEDIUM,3,Vuelta de ataque
2023,British,R,VER,6,93.027,MEDIUM,3,Vuelta de ataque
2023,British,R,VER,7,93.1,MEDIUM,3,Vuelta de ataque
2023,British,R,VER,8,92.884,MEDIUM,3,Vuelta de ataque
2023,British,R,VER,9,92.822,MEDIUM,3,Vuelta de ataque
2023,British,R,VER,10,92.594,MEDIUM,3,Vuelta de ataque
2023,British,R,VER,11,92.597,MEDIUM,1,Lift and Coast
2023,British,R,VER,12,92.687,MEDIUM,1,Lift and Coast
2023,British,R,VER,13,92.678,MEDIUM,3,Vuelta de ataque
2023,British,R,VER,14,93.046,MEDIUM,1,Lift and Coast
2023,British,R,VER,15,92.99,MEDIUM,1,Lift and Coast
2023,British,R,VER,16,92.808,MEDIUM,1,Lift and Coast
2023,British,R,VER,17,92.603,MEDIUM,1,Lift and Coast
2023,British,R,VER,18,92.507,MEDIUM,1,Lift and Coast
2023,British,R,VER,19,92.338,MEDIUM,1,Lift and Coast
2023,British,R,VER,20,92.295,MEDIUM,1,Lift and Coast
2023,British,R,VER,21,92.494,MEDIUM,1,Lift and Coast
2023,British,R,VER,22,92.184,MEDIUM,3,Vuelta de ataque
2023,British,R,VER,23,92.272,MEDIUM,3,Vuelta de ataque
2023,British,R,VER,24,92.35,MEDIUM,3,Vuelta de ataque
2023,British,R,VER,25,92.295,MEDIUM,1,Lift and Coast
2023,British,R,VER,26,92.276,MEDIUM,3,Vuelta de ataque
2023,British,R,VER,27,92.138,MEDIUM,3,Vuelta de ataque
2023,British,R,VER,28,92.215,MEDIUM,1,Lift and Coast
2023,British,R,VER,29,92.251,MEDIUM,1,Lift and Coast
2023,British,R,VER,30,92.363,MEDIUM,1,Lift and Coast
2023,British,R,VER,31,92.388,MEDIUM,1,Lift and Coast
2023,British,R,VER,32,92.21,MEDIUM,3,Vuelta de ataque
2023,British,R,VER,39,90.348,SOFT,3,Vuelta de ataque
2023,British,R,VER,40,90.547,SOFT,3,Vuelta de ataque
2023,British,R,VER,41,90.688,SOFT,2,Tracción Comprometida
2023,British,R,VER,42,90.275,SOFT,3,Vuelta de ataque
2023,British,R,VER,43,90.535,SOFT,3,Vuelta de ataque
2023,British,R,VER,44,90.648,SOFT,3,Vuelta de ataque
2023,British,R,VER,45,91.342,SOFT,3,Vuelta de ataque
2023,British,R,VER,46,91.114,SOFT,3,Vuelta de ataque
2023,British,R,VER,47,91.148,SOFT,3,Vuelta de ataque
2023,British,R,VER,48,91.4,SOFT,3,Vuelta de ataque
2023,British,R,VER,49,91.218,SOFT,3,Vuelta de ataque
2023,British,R,VER,50,91.292,SOFT,3,Vuelta de ataque
2023,British,R,VER,51,91.397,SOFT,3,Vuelta de ataque
2023,British,R,VER,52,90.975,SOFT,3,Vuelta de ataque
2023,British,R,GAS,2,94.706,MEDIUM,1,Lift and Coast
2023,British,R,GAS,3,93.605,MEDIUM,1,Lift and Coast
2023,British,R,GAS,4,93.349,MEDIUM,1,Lift and Coast
2023,British,R,GAS,5,93.863,MEDIUM,1,Lift and Coast
2023,British,R,GAS,6,94.143,MEDIUM,1,Lift and Coast
2023,British,R,GAS,7,94.399,MEDIUM,1,Lift and Coast
2023,British,R,GAS,8,93.905,MEDIUM,1,Lift and Coast
2023,British,R,GAS,9,93.592,MEDIUM,1,Lift and Coast
2023,British,R,GAS,10,93.855,MEDIUM,1,Lift and Coast
2023,British,R,GAS,11,93.836,MEDIUM,1,Lift and Coast
2023,British,R,GAS,12,93.705,MEDIUM,1,Lift and Coast
2023,British,R,GAS,13,93.683,MEDIUM,1,Lift and Coast
2023,British,R,GAS,14,93.843,MEDIUM,1,Lift and Coast
2023,British,R,GAS,15,93.769,MEDIUM,1,Lift and Coast
2023,British,R,GAS,16,93.535,MEDIUM,1,Lift and Coast
2023,British,R,GAS,17,93.138,MEDIUM,1,Lift and Coast
2023,British,R,GAS,18,93.291,MEDIUM,1,Lift and Coast
2023,British,R,GAS,19,93.199,MEDIUM,1,Lift and Coast
2023,British,R,GAS,20,93.248,MEDIUM,1,Lift and Coast
2023,British,R,GAS,21,93.098,MEDIUM,1,Lift and Coast
2023,British,R,GAS,22,93.168,MEDIUM,1,Lift and Coast
2023,British,R,GAS,23,92.846,MEDIUM,1,Lift and Coast
2023,British,R,GAS,24,93.164,MEDIUM,1,Lift and Coast
2023,British,R,GAS,25,93.098,MEDIUM,1,Lift and Coast
2023,British,R,GAS,26,93.243,MEDIUM,1,Lift and Coast
2023,British,R,GAS,27,92.988,MEDIUM,1,Lift and Coast
2023,British,R,GAS,28,93.255,MEDIUM,1,Lift and Coast
2023,British,R,GAS,29,93.283,MEDIUM,1,Lift and Coast
2023,British,R,GAS,30,93.299,MEDIUM,1,Lift and Coast
2023,British,R,GAS,31,93.391,MEDIUM,3,Vuelta de ataque
2023,British,R,GAS,39,92.98,SOFT,1,Lift and Coast
2023,British,R,GAS,40,92.823,SOFT,1,Lift and Coast
2023,British,R,GAS,41,91.827,SOFT,1,Lift and Coast
2023,British,R,GAS,42,91.539,SOFT,3,Vuelta de ataque
2023,British,R,GAS,43,91.648,SOFT,1,Lift and Coast
2023,British,R,GAS,44,92.862,SOFT,3,Vuelta de ataque
2023,British,R,PER,2,95.482,MEDIUM,0,Ritmo de carrera
2023,British,R,PER,3,94.38,MEDIUM,0,Ritmo de carrera
2023,British,R,PER,4,94.339,MEDIUM,0,Ritmo de carrera
2023,British,R,PER,5,94.073,MEDIUM,0,Ritmo de carrera
2023,British,R,PER,6,93.671,MEDIUM,0,Ritmo de carrera
2023,British,R,PER,7,93.919,MEDIUM,1,Lift and Coast
2023,British,R,PER,8,93.568,MEDIUM,2,Tracción Comprometida
2023,British,R,PER,9,93.271,MEDIUM,0,Ritmo de carrera
2023,British,R,PER,10,93.364,MEDIUM,0,Ritmo de carrera
2023,British,R,PER,11,93.547,MEDIUM,0,Ritmo de carrera
2023,British,R,PER,12,93.429,MEDIUM,0,Ritmo de carrera
2023,British,R,PER,13,93.452,MEDIUM,0,Ritmo de carrera
2023,British,R,PER,14,93.751,MEDIUM,0,Ritmo de carrera
2023,British,R,PER,15,93.48,MEDIUM,0,Ritmo de carrera
2023,British,R,PER,16,93.055,MEDIUM,0,Ritmo de carrera
2023,British,R,PER,17,93.28,MEDIUM,1,Lift and Coast
2023,British,R,PER,18,93.099,MEDIUM,1,Lift and Coast
2023,British,R,PER,19,93.276,MEDIUM,3,Vuelta de ataque
2023,British,R,PER,20,93.202,MEDIUM,3,Vuelta de ataque
2023,British,R,PER,21,93.233,MEDIUM,3,Vuelta de ataque
2023,British,R,PER,22,93.026,MEDIUM,1,Lift and Coast
2023,British,R,PER,23,93.262,MEDIUM,3,Vuelta de ataque
2023,British,R,PER,24,92.726,MEDIUM,0,Ritmo de carrera
2023,British,R,PER,25,92.907,MEDIUM,0,Ritmo de carrera
2023,British,R,PER,26,92.962,MEDIUM,1,Lift and Coast
2023,British,R,PER,27,92.742,MEDIUM,3,Vuelta de ataque
2023,British,R,PER,28,92.235,MEDIUM,3,Vuelta de ataque
2023,British,R,PER,30,91.408,SOFT,3,Vuelta de ataque
2023,British,R,PER,31,91.532,SOFT,3,Vuelta de ataque
2023,British,R,PER,39,92.503,SOFT,0,Ritmo de carrera
2023,British,R,PER,40,91.909,SOFT,3,Vuelta de ataque
2023,British,R,PER,41,91.391,SOFT,0,Ritmo de carrera
2023,British,R,PER,42,91.716,SOFT,0,Ritmo de carrera
2023,British,R,PER,43,92.005,SOFT,0,Ritmo de carrera
2023,British,R,PER,44,91.712,SOFT,3,Vuelta de ataque
2023,British,R,PER,45,91.571,SOFT,0,Ritmo de carrera
2023,British,R,PER,46,91.675,SOFT,0,Ritmo de carrera
2023,British,R,PER,47,91.505,SOFT,1,Lift and Coast
2023,British,R,PER,48,91.209,SOFT,3,Vuelta de ataque
2023,British,R,PER,49,91.36,SOFT,3,Vuelta de ataque
2023,British,R,PER,50,91.139,SOFT,3,Vuelta de ataque
2023,British,R,PER,51,90.914,SOFT,3,Vuelta de ataque
2023,British,R,PER,52,91.188,SOFT,3,Vuelta de ataque
2023,British,R,ALO,2,94.419,MEDIUM,0,Ritmo de carrera
2023,British,R,ALO,3,93.424,MEDIUM,0,Ritmo de carrera
2023,British,R,ALO,4,93.156,MEDIUM,0,Ritmo de carrera
2023,British,R,ALO,5,94.157,MEDIUM,0,Ritmo de carrera
2023,British,R,ALO,6,94.636,MEDIUM,0,Ritmo de carrera
2023,British,R,ALO,7,94.645,MEDIUM,0,Ritmo de carrera
2023,British,R,ALO,8,94.019,MEDIUM,0,Ritmo de carrera
2023,British,R,ALO,9,93.657,MEDIUM,0,Ritmo de carrera
2023,British,R,ALO,10,93.711,MEDIUM,0,Ritmo de carrera
2023,British,R,ALO,11,93.737,MEDIUM,0,Ritmo de carrera
2023,British,R,ALO,12,93.951,MEDIUM,0,Ritmo de carrera
2023,British,R,ALO,13,93.565,MEDIUM,3,Vuelta de ataque
2023,British,R,ALO,14,93.88,MEDIUM,0,Ritmo de carrera
2023,British,R,ALO,15,93.736,MEDIUM,3,Vuelta de ataque
2023,British,R,ALO,16,93.437,MEDIUM,0,Ritmo de carrera
2023,British,R,ALO,17,93.188,MEDIUM,3,Vuelta de ataque
2023,British,R,ALO,18,93.317,MEDIUM,2,Tracción Comprometida
2023,British,R,ALO,19,93.185,MEDIUM,3,Vuelta de ataque
2023,British,R,ALO,20,93.016,MEDIUM,3,Vuelta de ataque
2023,British,R,ALO,21,93.19,MEDIUM,0,Ritmo de carrera
2023,British,R,ALO,22,93.092,MEDIUM,3,Vuelta de ataque
2023,British,R,ALO,23,93.026,MEDIUM,3,Vuelta de ataque
2023,British,R,ALO,24,93.017,MEDIUM,3,Vuelta de ataque
2023,British,R,ALO,25,93.078,MEDIUM,3,Vuelta de ataque
2023,British,R,ALO,26,93.152,MEDIUM,3,Vuelta de ataque
2023,British,R,ALO,27,92.914,MEDIUM,3,Vuelta de ataque
2023,British,R,ALO,28,92.744,MEDIUM,3,Vuelta de ataque
2023,British,R,ALO,29,92.727,MEDIUM,3,Vuelta de ataque
2023,British,R,ALO,30,92.686,MEDIUM,3,Vuelta de ataque
2023,British,R,ALO,31,92.916,MEDIUM,3,Vuelta de ataque
2023,British,R,ALO,39,92.32,SOFT,0,Ritmo de carrera
2023,British,R,ALO,40,91.691,SOFT,0,Ritmo de carrera
2023,British,R,ALO,41,91.652,SOFT,0,Ritmo de carrera
2023,British,R,ALO,42,91.829,SOFT,3,Vuelta de ataque
2023,British,R,ALO,43,91.747,SOFT,3,Vuelta de ataque
2023,British,R,ALO,44,92.131,SOFT,3,Vuelta de ataque
2023,British,R,ALO,45,92.036,SOFT,0,Ritmo de carrera
2023,British,R,ALO,46,92.891,SOFT,3,Vuelta de ataque
2023,British,R,ALO,47,91.828,SOFT,3,Vuelta de ataque
2023,British,R,ALO,48,91.338,SOFT,3,Vuelta de ataque
2023,British,R,ALO,49,92.075,SOFT,3,Vuelta de ataque
2023,British,R,ALO,50,91.999,SOFT,3,Vuelta de ataque
2023,British,R,ALO,51,91.93,SOFT,3,Vuelta de ataque
2023,British,R,ALO,52,91.711,SOFT,3,Vuelta de ataque
2023,British,R,LEC,2,93.994,MEDIUM,2,Tracción Comprometida
2023,British,R,LEC,3,92.934,MEDIUM,2,Tracción Comprometida
2023,British,R,LEC,4,92.961,MEDIUM,2,Tracción Comprometida
2023,British,R,LEC,5,94.409,MEDIUM,2,Tracción Comprometida
2023,British,R,LEC,6,93.761,MEDIUM,2,Tracción Comprometida
2023,British,R,LEC,7,93.403,MEDIUM,2,Tracción Comprometida
2023,British,R,LEC,8,93.244,MEDIUM,2,Tracción Comprometida
2023,British,R,LEC,9,93.087,MEDIUM,2,Tracción Comprometida
2023,British,R,LEC,10,93.167,MEDIUM,2,Tracción Comprometida
2023,British,R,LEC,11,93.048,MEDIUM,2,Tracción Comprometida
2023,British,R,LEC,12,93.621,MEDIUM,2,Tracción Comprometida
2023,British,R,LEC,13,93.214,MEDIUM,2,Tracción Comprometida
2023,British,R,LEC,14,93.523,MEDIUM,2,Tracción Comprometida
2023,British,R,LEC,15,93.542,MEDIUM,2,Tracción Comprometida
2023,British,R,LEC,16,93.248,MEDIUM,2,Tracción Comprometida
2023,British,R,LEC,17,93.151,MEDIUM,2,Tracción Comprometida
2023,British,R,LEC,18,92.475,MEDIUM,0,Ritmo de carrera
2023,British,R,LEC,20,92.87,HARD,1,Lift and Coast
2023,British,R,LEC,21,92.848,HARD,1,Lift and Coast
2023,British,R,LEC,22,93.035,HARD,2,Tracción Comprometida
2023,British,R,LEC,23,92.554,HARD,2,Tracción Comprometida
2023,British,R,LEC,24,92.731,HARD,2,Tracción Comprometida
2023,British,R,LEC,25,92.798,HARD,2,Tracción Comprometida
2023,British,R,LEC,26,92.794,HARD,2,Tracción Comprometida
2023,British,R,LEC,27,92.942,HARD,2,Tracción Comprometida
2023,British,R,LEC,28,92.814,HARD,2,Tracción Comprometida
2023,British,R,LEC,29,92.658,HARD,2,Tracción Comprometida
2023,British,R,LEC,30,92.464,HARD,2,Tracción Comprometida
2023,British,R,LEC,31,93.233,HARD,2,Tracción Comprometida
2023,British,R,LEC,32,96.215,HARD,2,Tracción Comprometida
2023,British,R,LEC,39,92.5,MEDIUM,0,Ritmo de carrera
2023,British,R,LEC,40,92.234,MEDIUM,2,Tracción Comprometida
2023,British,R,LEC,41,91.286,MEDIUM,2,Tracción Comprometida
2023,British,R,LEC,42,91.926,MEDIUM,2,Tracción Comprometida
2023,British,R,LEC,43,92.052,MEDIUM,2,Tracción Comprometida
2023,British,R,LEC,44,92.815,MEDIUM,2,Tracción Comprometida
2023,British,R,LEC,45,91.9,MEDIUM,2,Tracción Comprometida
2023,British,R,LEC,46,91.85,MEDIUM,2,Tracción Comprometida
2023,British,R,LEC,47,91.36,MEDIUM,0,Ritmo de carrera
2023,British,R,LEC,48,91.255,MEDIUM,2,Tracción Comprometida
2023,British,R,LEC,49,91.781,MEDIUM,2,Tracción Comprometida
2023,British,R,LEC,50,91.716,MEDIUM,2,Tracción Comprometida
2023,British,R,LEC,51,91.763,MEDIUM,2,Tracción Comprometida
2023,British,R,LEC,52,92.257,MEDIUM,2,Tracción Comprometida
2023,British,R,STR,2,95.093,MEDIUM,0,Ritmo de carrera
2023,British,R,STR,3,94.021,MEDIUM,0,Ritmo de carrera
2023,British,R,STR,4,93.799,MEDIUM,0,Ritmo de carrera
2023,British,R,STR,5,93.856,MEDIUM,0,Ritmo de carrera
2023,British,R,STR,6,94.189,MEDIUM,0,Ritmo de carrera
2023,British,R,STR,7,94.115,MEDIUM,0,Ritmo de carrera
2023,British,R,STR,8,93.872,MEDIUM,0,Ritmo de carrera
2023,British,R,STR,9,93.871,MEDIUM,1,Lift and Coast
2023,British,R,STR,10,94.007,MEDIUM,0,Ritmo de carrera
2023,British,R,STR,11,94.198,MEDIUM,1,Lift and Coast
2023,British,R,STR,12,94.766,MEDIUM,1,Lift and Coast
2023,British,R,STR,13,94.308,MEDIUM,1,Lift and Coast
2023,British,R,STR,14,94.213,MEDIUM,1,Lift and Coast
2023,British,R,STR,15,93.931,MEDIUM,0,Ritmo de carrera
2023,British,R,STR,16,93.798,MEDIUM,1,Lift and Coast
2023,British,R,STR,17,93.651,MEDIUM,0,Ritmo de carrera
2023,British,R,STR,18,93.294,MEDIUM,0,Ritmo de carrera
2023,British,R,STR,19,93.338,MEDIUM,1,Lift and Coast
2023,British,R,STR,20,93.489,MEDIUM,3,Vuelta de ataque
2023,British,R,STR,21,93.498,MEDIUM,0,Ritmo de carrera
2023,British,R,STR,22,93.431,MEDIUM,3,Vuelta de ataque
2023,British,R,STR,23,93.114,MEDIUM,3,Vuelta de ataque
2023,British,R,STR,24,93.391,MEDIUM,0,Ritmo de carrera
2023,British,R,STR,25,94.28,MEDIUM,1,Lift and Coast
2023,British,R,STR,26,93.557,MEDIUM,1,Lift and Coast
2023,British,R,STR,27,93.237,MEDIUM,1,Lift and Coast
2023,British,R,STR,28,93.26,MEDIUM,1,Lift and Coast
2023,British,R,STR,29,93.702,MEDIUM,1,Lift and Coast
2023,British,R,STR,30,94.014,MEDIUM,1,Lift and Coast
2023,British,R,STR,31,92.933,MEDIUM,1,Lift and Coast
2023,British,R,STR,39,92.306,SOFT,0,Ritmo de carrera
2023,British,R,STR,40,92.32,SOFT,0,Ritmo de carrera
2023,British,R,STR,41,91.707,SOFT,3,Vuelta de ataque
2023,British,R,STR,42,91.508,SOFT,3,Vuelta de ataque
2023,British,R,STR,43,91.803,SOFT,1,Lift and Coast
2023,British,R,STR,44,94.01,SOFT,0,Ritmo de carrera
2023,British,R,STR,45,93.008,SOFT,0,Ritmo de carrera
2023,British,R,STR,46,91.998,SOFT,1,Lift and Coast
2023,British,R,STR,47,91.768,SOFT,3,Vuelta de ataque
2023,British,R,STR,48,91.745,SOFT,3,Vuelta de ataque
2023,British,R,STR,49,91.86,SOFT,3,Vuelta de ataque
2023,British,R,STR,50,91.794,SOFT,3,Vuelta de ataque
2023,British,R,STR,51,91.691,SOFT,0,Ritmo de carrera
2023,British,R,STR,52,92.138,SOFT,1,Lift and Coast
2023,British,R,SAR,2,96.266,MEDIUM,0,Ritmo de carrera
2023,British,R,SAR,3,94.577,MEDIUM,0,Ritmo de carrera
2023,British,R,SAR,4,94.332,MEDIUM,0,Ritmo de carrera
2023,British,R,SAR,5,94.842,MEDIUM,0,Ritmo de carrera
2023,British,R,SAR,6,94.356,MEDIUM,0,Ritmo de carrera
2023,British,R,SAR,7,94.581,MEDIUM,0,Ritmo de carrera
2023,British,R,SAR,8,94.108,MEDIUM,0,Ritmo de carrera
2023,British,R,SAR,9,93.94,MEDIUM,0,Ritmo de carrera
2023,British,R,SAR,10,94.31,MEDIUM,0,Ritmo de carrera
2023,British,R,SAR,11,93.925,MEDIUM,0,Ritmo de carrera
2023,British,R,SAR,12,94.239,MEDIUM,0,Ritmo de carrera
2023,British,R,SAR,13,94.329,MEDIUM,0,Ritmo de carrera
2023,British,R,SAR,14,93.683,MEDIUM,2,Tracción Comprometida
2023,British,R,SAR,15,94.123,MEDIUM,0,Ritmo de carrera
2023,British,R,SAR,16,93.771,MEDIUM,2,Tracción Comprometida
2023,British,R,SAR,17,93.728,MEDIUM,0,Ritmo de carrera
2023,British,R,SAR,18,93.465,MEDIUM,1,Lift and Coast
2023,British,R,SAR,19,93.573,MEDIUM,1,Lift and Coast
2023,British,R,SAR,20,93.387,MEDIUM,0,Ritmo de carrera
2023,British,R,SAR,21,93.458,MEDIUM,1,Lift and Coast
2023,British,R,SAR,22,93.479,MEDIUM,1,Lift and Coast
2023,British,R,SAR,23,93.212,MEDIUM,1,Lift and Coast
2023,British,R,SAR,24,93.502,MEDIUM,1,Lift and Coast
2023,British,R,SAR,25,93.508,MEDIUM,1,Lift and Coast
2023,British,R,SAR,26,93.553,MEDIUM,0,Ritmo de carrera
2023,British,R,SAR,27,93.731,MEDIUM,0,Ritmo de carrera
2023,British,R,SAR,28,93.49,MEDIUM,1,Lift and Coast
2023,British,R,SAR,29,92.723,MEDIUM,0,Ritmo de carrera
2023,British,R,SAR,31,91.994,SOFT,1,Lift and Coast
2023,British,R,SAR,39,92.794,SOFT,0,Ritmo de carrera
2023,British,R,SAR,40,92.949,SOFT,0,Ritmo de carrera
2023,British,R,SAR,41,91.84,SOFT,0,Ritmo de carrera
2023,British,R,SAR,42,91.699,SOFT,0,Ritmo de carrera
2023,British,R,SAR,43,91.743,SOFT,0,Ritmo de carrera
2023,British,R,SAR,44,92.849,SOFT,0,Ritmo de carrera
2023,British,R,SAR,45,92.724,SOFT,1,Lift and Coast
2023,British,R,SAR,46,92.421,SOFT,0,Ritmo de carrera
2023,British,R,SAR,47,91.868,SOFT,0,Ritmo de carrera
2023,British,R,SAR,48,91.71,SOFT,1,Lift and Coast
2023,British,R,SAR,49,91.873,SOFT,0,Ritmo de carrera
2023,British,R,SAR,50,92.085,SOFT,1,Lift and Coast
2023,British,R,SAR,51,91.956,SOFT,0,Ritmo de carrera
2023,British,R,SAR,52,91.984,SOFT,0,Ritmo de carrera
2023,British,R,MAG,2,96.337,MEDIUM,1,Lift and Coast
2023,British,R,MAG,3,95.169,MEDIUM,0,Ritmo de carrera
2023,British,R,MAG,4,94.731,MEDIUM,1,Lift and Coast
2023,British,R,MAG,5,94.598,MEDIUM,1,Lift and Coast
2023,British,R,MAG,6,94.933,MEDIUM,1,Lift and Coast
2023,British,R,MAG,7,94.95,MEDIUM,1,Lift and Coast
2023,British,R,MAG,8,94.427,MEDIUM,1,Lift and Coast
2023,British,R,MAG,9,94.577,MEDIUM,1,Lift and Coast
2023,British,R,MAG,10,94.715,MEDIUM,1,Lift and Coast
2023,British,R,MAG,11,94.31,MEDIUM,0,Ritmo de carrera
2023,British,R,MAG,12,94.544,MEDIUM,3,Vuelta de ataque
2023,British,R,MAG,13,94.339,MEDIUM,3,Vuelta de ataque
2023,British,R,MAG,14,95.024,MEDIUM,1,Lift and Coast
2023,British,R,MAG,15,94.606,MEDIUM,1,Lift and Coast
2023,British,R,MAG,16,94.559,MEDIUM,1,Lift and Coast
2023,British,R,MAG,17,94.216,MEDIUM,1,Lift and Coast
2023,British,R,MAG,18,93.795,MEDIUM,1,Lift and Coast
2023,British,R,MAG,19,94.281,MEDIUM,1,Lift and Coast
2023,British,R,MAG,20,93.935,MEDIUM,1,Lift and Coast
2023,British,R,MAG,21,94.083,MEDIUM,1,Lift and Coast
2023,British,R,MAG,22,93.997,MEDIUM,1,Lift and Coast
2023,British,R,MAG,23,93.98,MEDIUM,1,Lift and Coast
2023,British,R,MAG,24,93.891,MEDIUM,3,Vuelta de ataque
2023,British,R,MAG,25,94.037,MEDIUM,1,Lift and Coast
2023,British,R,MAG,26,94.119,MEDIUM,1,Lift and Coast
2023,British,R,MAG,27,93.935,MEDIUM,3,Vuelta de ataque
2023,British,R,MAG,28,93.76,MEDIUM,1,Lift and Coast
2023,British,R,MAG,29,93.356,MEDIUM,1,Lift and Coast
2023,British,R,MAG,30,93.466,MEDIUM,1,Lift and Coast
2023,British,R,MAG,31,93.464,MEDIUM,1,Lift and Coast
2023,British,R,DEV,2,96.208,SOFT,0,Ritmo de carrera
2023,British,R,DEV,3,94.746,SOFT,0,Ritmo de carrera
2023,British,R,DEV,4,94.199,SOFT,0,Ritmo de carrera
2023,British,R,DEV,5,94.761,SOFT,1,Lift and Coast
2023,British,R,DEV,6,94.907,SOFT,1,Lift and Coast
2023,British,R,DEV,7,95.054,SOFT,0,Ritmo de carrera
2023,British,R,DEV,8,93.896,SOFT,1,Lift and Coast
2023,British,R,DEV,9,93.774,SOFT,1,Lift and Coast
2023,British,R,DEV,10,93.985,SOFT,0,Ritmo de carrera
2023,British,R,DEV,11,93.758,SOFT,0,Ritmo de carrera
2023,British,R,DEV,12,94.165,SOFT,1,Lift and Coast
2023,British,R,DEV,13,94.232,SOFT,1,Lift and Coast
2023,British,R,DEV,14,94.879,SOFT,0,Ritmo de carrera
2023,British,R,DEV,15,94.17,SOFT,0,Ritmo de carrera
2023,British,R,DEV,16,94.148,SOFT,1,Lift and Coast
2023,British,R,DEV,17,93.637,SOFT,1,Lift and Coast
2023,British,R,DEV,18,93.453,SOFT,1,Lift and Coast
2023,British,R,DEV,19,93.835,SOFT,1,Lift and Coast
2023,British,R,DEV,20,93.48,SOFT,1,Lift and Coast
2023,British,R,DEV,21,93.652,SOFT,1,Lift and Coast
2023,British,R,DEV,22,93.647,SOFT,1,Lift and Coast
2023,British,R,DEV,23,93.622,SOFT,1,Lift and Coast
2023,British,R,DEV,24,93.663,SOFT,1,Lift and Coast
2023,British,R,DEV,25,93.553,SOFT,1,Lift and Coast
2023,British,R,DEV,26,93.754,SOFT,1,Lift and Coast
2023,British,R,DEV,27,93.299,SOFT,3,Vuelta de ataque
2023,British,R,DEV,29,92.499,MEDIUM,1,Lift and Coast
2023,British,R,DEV,30,92.564,MEDIUM,1,Lift and Coast
2023,British,R,DEV,31,92.829,MEDIUM,1,Lift and Coast
2023,British,R,DEV,39,93.647,SOFT,0,Ritmo de carrera
2023,British,R,DEV,40,93.18,SOFT,0,Ritmo de carrera
2023,British,R,DEV,41,92.65,SOFT,1,Lift and Coast
2023,British,R,DEV,42,92.369,SOFT,0,Ritmo de carrera
2023,British,R,DEV,43,92.516,SOFT,1,Lift and Coast
2023,British,R,DEV,44,94.017,SOFT,0,Ritmo de carrera
2023,British,R,DEV,45,92.829,SOFT,1,Lift and Coast
2023,British,R,DEV,46,92.716,SOFT,1,Lift and Coast
2023,British,R,DEV,47,92.456,SOFT,1,Lift and Coast
2023,British,R,DEV,48,92.353,SOFT,1,Lift and Coast
2023,British,R,DEV,49,92.54,SOFT,1,Lift and Coast
2023,British,R,DEV,50,92.632,SOFT,1,Lift and Coast
2023,British,R,DEV,51,92.445,SOFT,1,Lift and Coast
2023,British,R,DEV,52,92.42,SOFT,1,Lift and Coast
2023,British,R,TSU,2,95.252,SOFT,1,Lift and Coast
2023,British,R,TSU,3,94.229,SOFT,1,Lift and Coast
2023,British,R,TSU,4,94.362,SOFT,1,Lift and Coast
2023,British,R,TSU,5,94.457,SOFT,1,Lift and Coast
2023,British,R,TSU,6,95.373,SOFT,1,Lift and Coast
2023,British,R,TSU,7,94.571,SOFT,1,Lift and Coast
2023,British,R,TSU,8,94.486,SOFT,1,Lift and Coast
2023,British,R,TSU,9,94.235,SOFT,1,Lift and Coast
2023,British,R,TSU,10,94.173,SOFT,1,Lift and Coast
2023,British,R,TSU,11,94.085,SOFT,1,Lift and Coast
2023,British,R,TSU,12,94.237,SOFT,1,Lift and Coast
2023,British,R,TSU,13,94.433,SOFT,1,Lift and Coast
2023,British,R,TSU,14,94.769,SOFT,1,Lift and Coast
2023,British,R,TSU,16,93.058,HARD,1,Lift and Coast
2023,British,R,TSU,17,92.952,HARD,1,Lift and Coast
2023,British,R,TSU,18,93.094,HARD,1,Lift and Coast
2023,British,R,TSU,19,93.424,HARD,1,Lift and Coast
2023,British,R,TSU,20,93.281,HARD,1,Lift and Coast
2023,British,R,TSU,21,93.189,HARD,1,Lift and Coast
2023,British,R,TSU,22,93.004,HARD,1,Lift and Coast
2023,British,R,TSU,23,93.098,HARD,1,Lift and Coast
2023,British,R,TSU,24,93.205,HARD,1,Lift and Coast
2023,British,R,TSU,25,93.224,HARD,1,Lift and Coast
2023,British,R,TSU,26,93.319,HARD,1,Lift and Coast
2023,British,R,TSU,27,93.418,HARD,1,Lift and Coast
2023,British,R,TSU,28,93.275,HARD,1,Lift and Coast
2023,British,R,TSU,29,93.118,HARD,1,Lift and Coast
2023,British,R,TSU,30,93.211,HARD,1,Lift and Coast
2023,British,R,TSU,31,93.279,HARD,1,Lift and Coast
2023,British,R,TSU,39,92.882,SOFT,2,Tracción Comprometida
2023,British,R,TSU,40,92.932,SOFT,1,Lift and Coast
2023,British,R,TSU,41,93.321,SOFT,1,Lift and Coast
2023,British,R,TSU,42,92.306,SOFT,1,Lift and Coast
2023,British,R,TSU,43,92.572,SOFT,1,Lift and Coast
2023,British,R,TSU,44,92.534,SOFT,1,Lift and Coast
2023,British,R,TSU,45,92.494,SOFT,1,Lift and Coast
2023,British,R,TSU,46,92.535,SOFT,1,Lift and Coast
2023,British,R,TSU,47,92.291,SOFT,3,Vuelta de ataque
2023,British,R,TSU,48,92.084,SOFT,1,Lift and Coast
2023,British,R,TSU,49,92.504,SOFT,1,Lift and Coast
2023,British,R,TSU,50,92.79,SOFT,1,Lift and Coast
2023,British,R,TSU,51,93.212,SOFT,3,Vuelta de ataque
2023,British,R,TSU,52,92.78,SOFT,1,Lift and Coast
2023,British,R,ALB,2,95.004,MEDIUM,2,Tracción Comprometida
2023,British,R,ALB,3,93.809,MEDIUM,0,Ritmo de carrera
2023,British,R,ALB,4,93.866,MEDIUM,0,Ritmo de carrera
2023,British,R,ALB,5,93.86,MEDIUM,0,Ritmo de carrera
2023,British,R,ALB,6,94.21,MEDIUM,1,Lift and Coast
2023,British,R,ALB,7,94.099,MEDIUM,1,Lift and Coast
2023,British,R,ALB,8,93.922,MEDIUM,2,Tracción Comprometida
2023,British,R,ALB,9,93.731,MEDIUM,2,Tracción Comprometida
2023,British,R,ALB,10,94.045,MEDIUM,1,Lift and Coast
2023,British,R,ALB,11,93.842,MEDIUM,1,Lift and Coast
2023,British,R,ALB,12,93.857,MEDIUM,2,Tracción Comprometida
2023,British,R,ALB,13,93.751,MEDIUM,2,Tracción Comprometida
2023,British,R,ALB,14,93.951,MEDIUM,2,Tracción Comprometida
2023,British,R,ALB,15,93.786,MEDIUM,2,Tracción Comprometida
2023,British,R,ALB,16,94.343,MEDIUM,0,Ritmo de carrera
2023,British,R,ALB,17,93.707,MEDIUM,2,Tracción Comprometida
2023,British,R,ALB,18,93.615,MEDIUM,1,Lift and Coast
2023,British,R,ALB,19,93.654,MEDIUM,2,Tracción Comprometida
2023,British,R,ALB,20,93.44,MEDIUM,0,Ritmo de carrera
2023,British,R,ALB,21,93.195,MEDIUM,0,Ritmo de carrera
2023,British,R,ALB,22,93.021,MEDIUM,0,Ritmo de carrera
2023,British,R,ALB,23,93.117,MEDIUM,0,Ritmo de carrera
2023,British,R,ALB,24,93.163,MEDIUM,1,Lift and Coast
2023,British,R,ALB,25,93.374,MEDIUM,1,Lift and Coast
2023,British,R,ALB,26,93.175,MEDIUM,1,Lift and Coast
2023,British,R,ALB,27,93.126,MEDIUM,1,Lift and Coast
2023,British,R,ALB,28,93.084,MEDIUM,1,Lift and Coast
2023,British,R,ALB,29,92.869,MEDIUM,1,Lift and Coast
2023,British,R,ALB,30,92.882,MEDIUM,1,Lift and Coast
2023,British,R,ALB,31,92.816,MEDIUM,1,Lift and Coast
2023,British,R,ALB,39,92.63,SOFT,0,Ritmo de carrera
2023,British,R,ALB,40,92.176,SOFT,0,Ritmo de carrera
2023,British,R,ALB,41,91.273,SOFT,0,Ritmo de carrera
2023,British,R,ALB,42,91.879,SOFT,0,Ritmo de carrera
2023,British,R,ALB,43,91.752,SOFT,0,Ritmo de carrera
2023,British,R,ALB,44,92.057,SOFT,0,Ritmo de carrera
2023,British,R,ALB,45,92.146,SOFT,2,Tracción Comprometida
2023,British,R,ALB,46,92.116,SOFT,2,Tracción Comprometida
2023,British,R,ALB,47,91.537,SOFT,0,Ritmo de carrera
2023,British,R,ALB,48,91.466,SOFT,0,Ritmo de carrera
2023,British,R,ALB,49,91.912,SOFT,0,Ritmo de carrera
2023,British,R,ALB,50,91.86,SOFT,0,Ritmo de carrera
2023,British,R,ALB,51,91.93,SOFT,2,Tracción Comprometida
2023,British,R,ALB,52,91.809,SOFT,2,Tracción Comprometida
2023,British,R,ZHO,2,95.912,MEDIUM,0,Ritmo de carrera
2023,British,R,ZHO,3,94.679,MEDIUM,0,Ritmo de carrera
2023,British,R,ZHO,4,94.408,MEDIUM,0,Ritmo de carrera
2023,British,R,ZHO,5,94.736,MEDIUM,0,Ritmo de carrera
2023,British,R,ZHO,6,94.807,MEDIUM,0,Ritmo de carrera
2023,British,R,ZHO,7,94.995,MEDIUM,0,Ritmo de carrera
2023,British,R,ZHO,8,94.267,MEDIUM,0,Ritmo de carrera
2023,British,R,ZHO,9,94.044,MEDIUM,0,Ritmo de carrera
2023,British,R,ZHO,10,94.392,MEDIUM,0,Ritmo de carrera
2023,British,R,ZHO,11,94.221,MEDIUM,1,Lift and Coast
2023,British,R,ZHO,12,94.235,MEDIUM,1,Lift and Coast
2023,British,R,ZHO,13,94.13,MEDIUM,1,Lift and Coast
2023,British,R,ZHO,14,94.418,MEDIUM,3,Vuelta de ataque
2023,British,R,ZHO,15,94.677,MEDIUM,1,Lift and Coast
2023,British,R,ZHO,16,94.263,MEDIUM,1,Lift and Coast
2023,British,R,ZHO,17,94.027,MEDIUM,3,Vuelta de ataque
2023,British,R,ZHO,18,93.861,MEDIUM,3,Vuelta de ataque
2023,British,R,ZHO,19,93.907,MEDIUM,3,Vuelta de ataque
2023,British,R,ZHO,20,93.726,MEDIUM,1,Lift and Coast
2023,British,R,ZHO,21,93.56,MEDIUM,1,Lift and Coast
2023,British,R,ZHO,22,93.679,MEDIUM,3,Vuelta de ataque
2023,British,R,ZHO,23,93.642,MEDIUM,1,Lift and Coast
2023,British,R,ZHO,24,93.17,MEDIUM,3,Vuelta de ataque
2023,British,R,ZHO,26,92.524,HARD,3,Vuelta de ataque
2023,British,R,ZHO,27,92.912,HARD,3,Vuelta de ataque
2023,British,R,ZHO,28,92.999,HARD,3,Vuelta de ataque
2023,British,R,ZHO,29,92.812,HARD,3,Vuelta de ataque
2023,British,R,ZHO,30,93.006,HARD,3,Vuelta de ataque
2023,British,R,ZHO,31,93.073,HARD,1,Lift and Coast
2023,British,R,ZHO,39,93.188,SOFT,0,Ritmo de carrera
2023,British,R,ZHO,40,93.31,SOFT,0,Ritmo de carrera
2023,British,R,ZHO,41,92.655,SOFT,0,Ritmo de carrera
2023,British,R,ZHO,42,92.243,SOFT,0,Ritmo de carrera
2023,British,R,ZHO,43,92.645,SOFT,0,Ritmo de carrera
2023,British,R,ZHO,44,92.789,SOFT,0,Ritmo de carrera
2023,British,R,ZHO,45,92.502,SOFT,3,Vuelta de ataque
2023,British,R,ZHO,46,92.329,SOFT,3,Vuelta de ataque
2023,British,R,ZHO,47,91.957,SOFT,3,Vuelta de ataque
2023,British,R,ZHO,48,91.769,SOFT,3,Vuelta de ataque
2023,British,R,ZHO,49,92.599,SOFT,3,Vuelta de ataque
2023,British,R,ZHO,50,92.459,SOFT,3,Vuelta de ataque
2023,British,R,ZHO,51,92.09,SOFT,1,Lift and Coast
2023,British,R,ZHO,52,92.114,SOFT,3,Vuelta de ataque
2023,British,R,HUL,2,95.277,HARD,0,Ritmo de carrera
2023,British,R,HUL,3,94.53,HARD,0,Ritmo de carrera
2023,British,R,HUL,4,94.354,HARD,1,Lift and Coast
2023,British,R,HUL,5,95.588,HARD,0,Ritmo de carrera
2023,British,R,HUL,6,95.631,HARD,1,Lift and Coast
2023,British,R,HUL,7,94.412,HARD,0,Ritmo de carrera
2023,British,R,HUL,9,93.669,MEDIUM,1,Lift and Coast
2023,British,R,HUL,10,93.525,MEDIUM,3,Vuelta de ataque
2023,British,R,HUL,11,93.966,MEDIUM,3,Vuelta de ataque
2023,British,R,HUL,12,94.022,MEDIUM,3,Vuelta de ataque
2023,British,R,HUL,13,94.3,MEDIUM,1,Lift and Coast
2023,British,R,HUL,14,94.186,MEDIUM,1,Lift and Coast
2023,British,R,HUL,15,93.925,MEDIUM,1,Lift and Coast
2023,British,R,HUL,16,93.64,MEDIUM,3,Vuelta de ataque
2023,British,R,HUL,17,93.616,MEDIUM,3,Vuelta de ataque
2023,British,R,HUL,18,93.591,MEDIUM,1,Lift and Coast
2023,British,R,HUL,19,93.763,MEDIUM,3,Vuelta de ataque
2023,British,R,HUL,20,93.555,MEDIUM,3,Vuelta de ataque
2023,British,R,HUL,21,93.35,MEDIUM,3,Vuelta de ataque
2023,British,R,HUL,22,93.143,MEDIUM,3,Vuelta de ataque
2023,British,R,HUL,23,93.294,MEDIUM,1,Lift and Coast
2023,British,R,HUL,24,93.461,MEDIUM,1,Lift and Coast
2023,British,R,HUL,25,93.351,MEDIUM,3,Vuelta de ataque
2023,British,R,HUL,26,93.644,MEDIUM,3,Vuelta de ataque
2023,British,R,HUL,27,93.122,MEDIUM,1,Lift and Coast
2023,British,R,HUL,28,93.28,MEDIUM,3,Vuelta de ataque
2023,British,R,HUL,29,93.107,MEDIUM,3,Vuelta de ataque
2023,British,R,HUL,30,93.332,MEDIUM,3,Vuelta de ataque
2023,British,R,HUL,31,93.133,MEDIUM,3,Vuelta de ataque
2023,British,R,HUL,39,92.527,SOFT,0,Ritmo de carrera
2023,British,R,HUL,40,92.932,SOFT,0,Ritmo de carrera
2023,British,R,HUL,41,92.104,SOFT,0,Ritmo de carrera
2023,British,R,HUL,42,92.097,SOFT,3,Vuelta de ataque
2023,British,R,HUL,43,92.325,SOFT,3,Vuelta de ataque
2023,British,R,HUL,44,92.441,SOFT,3,Vuelta de ataque
2023,British,R,HUL,45,92.534,SOFT,0,Ritmo de carrera
2023,British,R,HUL,46,92.584,SOFT,0,Ritmo de carrera
2023,British,R,HUL,47,92.101,SOFT,3,Vuelta de ataque
2023,British,R,HUL,48,92.06,SOFT,3,Vuelta de ataque
2023,British,R,HUL,49,92.08,SOFT,0,Ritmo de carrera
2023,British,R,HUL,50,92.158,SOFT,3,Vuelta de ataque
2023,British,R,HUL,51,92.166,SOFT,3,Vuelta de ataque
2023,British,R,HUL,52,91.776,SOFT,3,Vuelta de ataque
2023,British,R,OCO,2,95.23,SOFT,2,Tracción Comprometida
2023,British,R,OCO,3,94.113,SOFT,0,Ritmo de carrera
2023,British,R,OCO,4,93.941,SOFT,0,Ritmo de carrera
2023,British,R,OCO,5,93.946,SOFT,2,Tracción Comprometida
2023,British,R,OCO,6,94.381,SOFT,0,Ritmo de carrera
2023,British,R,OCO,7,94.346,SOFT,1,Lift and Coast
2023,British,R,OCO,8,94.032,SOFT,1,Lift and Coast
2023,British,R,OCO,9,93.846,SOFT,0,Ritmo de carrera
2023,British,R,NOR,1,96.551,MEDIUM,0,Ritmo de carrera
2023,British,R,NOR,2,93.046,MEDIUM,1,Lift and Coast
2023,British,R,NOR,3,93.18,MEDIUM,1,Lift and Coast
2023,British,R,NOR,4,92.772,MEDIUM,1,Lift and Coast
2023,British,R,NOR,5,93.914,MEDIUM,1,Lift and Coast
2023,British,R,NOR,6,93.112,MEDIUM,1,Lift and Coast
2023,British,R,NOR,7,93.19,MEDIUM,1,Lift and Coast
2023,British,R,NOR,8,93.101,MEDIUM,1,Lift and Coast
2023,British,R,NOR,9,92.612,MEDIUM,1,Lift and Coast
2023,British,R,NOR,10,92.977,MEDIUM,1,Lift and Coast
2023,British,R,NOR,11,92.978,MEDIUM,1,Lift and Coast
2023,British,R,NOR,12,93.116,MEDIUM,1,Lift and Coast
2023,British,R,NOR,13,92.986,MEDIUM,1,Lift and Coast
2023,British,R,NOR,14,93.67,MEDIUM,1,Lift and Coast
2023,British,R,NOR,15,93.221,MEDIUM,1,Lift and Coast
2023,British,R,NOR,16,92.903,MEDIUM,1,Lift and Coast
2023,British,R,NOR,17,92.985,MEDIUM,1,Lift and Coast
2023,British,R,NOR,18,92.731,MEDIUM,1,Lift and Coast
2023,British,R,NOR,19,92.5,MEDIUM,3,Vuelta de ataque
2023,British,R,NOR,20,92.77,MEDIUM,1,Lift and Coast
2023,British,R,NOR,21,92.604,MEDIUM,1,Lift and Coast
2023,British,R,NOR,22,92.637,MEDIUM,3,Vuelta de ataque
2023,British,R,NOR,23,92.619,MEDIUM,3,Vuelta de ataque
2023,British,R,NOR,24,92.721,MEDIUM,3,Vuelta de ataque
2023,British,R,NOR,25,92.949,MEDIUM,1,Lift and Coast
2023,British,R,NOR,26,92.758,MEDIUM,2,Tracción Comprometida
2023,British,R,NOR,27,92.734,MEDIUM,1,Lift and Coast
2023,British,R,NOR,28,92.714,MEDIUM,3,Vuelta de ataque
2023,British,R,NOR,29,92.806,MEDIUM,2,Tracción Comprometida
2023,British,R,NOR,30,92.609,MEDIUM,2,Tracción Comprometida
2023,British,R,NOR,31,92.808,MEDIUM,1,Lift and Coast
2023,British,R,NOR,32,92.571,MEDIUM,3,Vuelta de ataque
2023,British,R,NOR,39,91.243,HARD,3,Vuelta de ataque
2023,British,R,NOR,40,90.997,HARD,3,Vuelta de ataque
2023,British,R,NOR,41,90.76,HARD,3,Vuelta de ataque
2023,British,R,NOR,42,90.922,HARD,3,Vuelta de ataque
2023,British,R,NOR,43,90.543,HARD,3,Vuelta de ataque
2023,British,R,NOR,44,90.786,HARD,1,Lift and Coast
2023,British,R,NOR,45,91.301,HARD,1,Lift and Coast
2023,British,R,NOR,46,91.094,HARD,3,Vuelta de ataque
2023,British,R,NOR,47,91.593,HARD,3,Vuelta de ataque
2023,British,R,NOR,48,91.36,HARD,1,Lift and Coast
2023,British,R,NOR,49,91.02,HARD,1,Lift and Coast
2023,British,R,NOR,50,91.56,HARD,3,Vuelta de ataque
2023,British,R,NOR,51,91.077,HARD,1,Lift and Coast
2023,British,R,NOR,52,91.251,HARD,3,Vuelta de ataque
2023,British,R,HAM,2,94.361,MEDIUM,0,Ritmo de carrera
2023,British,R,HAM,3,93.662,MEDIUM,2,Tracción Comprometida
2023,British,R,HAM,4,93.086,MEDIUM,2,Tracción Comprometida
2023,British,R,HAM,5,93.718,MEDIUM,2,Tracción Comprometida
2023,British,R,HAM,6,94.556,MEDIUM,2,Tracción Comprometida
2023,British,R,HAM,7,93.328,MEDIUM,2,Tracción Comprometida
2023,British,R,HAM,8,93.483,MEDIUM,2,Tracción Comprometida
2023,British,R,HAM,9,93.331,MEDIUM,2,Tracción Comprometida
2023,British,R,HAM,10,93.624,MEDIUM,2,Tracción Comprometida
2023,British,R,HAM,11,93.519,MEDIUM,2,Tracción Comprometida
2023,British,R,HAM,12,93.908,MEDIUM,1,Lift and Coast
2023,British,R,HAM,13,93.28,MEDIUM,1,Lift and Coast
2023,British,R,HAM,14,93.324,MEDIUM,2,Tracción Comprometida
2023,British,R,HAM,15,93.156,MEDIUM,3,Vuelta de ataque
2023,British,R,HAM,16,92.931,MEDIUM,3,Vuelta de ataque
2023,British,R,HAM,17,93.12,MEDIUM,2,Tracción Comprometida
2023,British,R,HAM,18,93.313,MEDIUM,1,Lift and Coast
2023,British,R,HAM,19,93.201,MEDIUM,3,Vuelta de ataque
2023,British,R,HAM,20,92.956,MEDIUM,3,Vuelta de ataque
2023,British,R,HAM,21,92.779,MEDIUM,2,Tracción Comprometida
2023,British,R,HAM,22,92.821,MEDIUM,2,Tracción Comprometida
2023,British,R,HAM,23,92.974,MEDIUM,2,Tracción Comprometida
2023,British,R,HAM,24,92.703,MEDIUM,2,Tracción Comprometida
2023,British,R,HAM,25,93.087,MEDIUM,1,Lift and Coast
2023,British,R,HAM,26,92.769,MEDIUM,3,Vuelta de ataque
2023,British,R,HAM,27,92.714,MEDIUM,2,Tracción Comprometida
2023,British,R,HAM,28,92.32,MEDIUM,1,Lift and Coast
2023,British,R,HAM,29,92.155,MEDIUM,3,Vuelta de ataque
2023,British,R,HAM,30,92.246,MEDIUM,3,Vuelta de ataque
2023,British,R,HAM,31,92.744,MEDIUM,3,Vuelta de ataque
2023,British,R,HAM,32,95.161,MEDIUM,2,Tracción Comprometida
2023,British,R,HAM,39,91.427,SOFT,0,Ritmo de carrera
2023,British,R,HAM,40,91.279,SOFT,2,Tracción Comprometida
2023,British,R,HAM,41,90.673,SOFT,3,Vuelta de ataque
2023,British,R,HAM,42,91.042,SOFT,3,Vuelta de ataque
2023,British,R,HAM,43,90.545,SOFT,2,Tracción Comprometida
2023,British,R,HAM,44,91.589,SOFT,3,Vuelta de ataque
2023,British,R,HAM,45,91.359,SOFT,2,Tracción Comprometida
2023,British,R,HAM,46,91.559,SOFT,2,Tracción Comprometida
2023,British,R,HAM,47,91.248,SOFT,3,Vuelta de ataque
2023,British,R,HAM,48,91.152,SOFT,3,Vuelta de ataque
2023,British,R,HAM,49,91.286,SOFT,3,Vuelta de ataque
2023,British,R,HAM,50,91.526,SOFT,3,Vuelta de ataque
2023,British,R,HAM,51,91.703,SOFT,2,Tracción Comprometida
2023,British,R,HAM,52,91.823,SOFT,2,Tracción Comprometida
2023,British,R,SAI,2,94.177,MEDIUM,0,Ritmo de carrera
2023,British,R,SAI,3,93.456,MEDIUM,2,Tracción Comprometida
2023,British,R,SAI,4,92.975,MEDIUM,0,Ritmo de carrera
2023,British,R,SAI,5,93.666,MEDIUM,0,Ritmo de carrera
2023,British,R,SAI,6,94.215,MEDIUM,2,Tracción Comprometida
2023,British,R,SAI,7,93.427,MEDIUM,2,Tracción Comprometida
2023,British,R,SAI,8,93.442,MEDIUM,0,Ritmo de carrera
2023,British,R,SAI,9,93.417,MEDIUM,0,Ritmo de carrera
2023,British,R,SAI,10,93.405,MEDIUM,0,Ritmo de carrera
2023,British,R,SAI,11,93.279,MEDIUM,1,Lift and Coast
2023,British,R,SAI,12,93.323,MEDIUM,0,Ritmo de carrera
2023,British,R,SAI,13,93.105,MEDIUM,2,Tracción Comprometida
2023,British,R,SAI,14,93.941,MEDIUM,0,Ritmo de carrera
2023,British,R,SAI,15,93.623,MEDIUM,2,Tracción Comprometida
2023,British,R,SAI,16,93.498,MEDIUM,2,Tracción Comprometida
2023,British,R,SAI,17,93.076,MEDIUM,3,Vuelta de ataque
2023,British,R,SAI,18,93.302,MEDIUM,0,Ritmo de carrera
2023,British,R,SAI,19,93.242,MEDIUM,3,Vuelta de ataque
2023,British,R,SAI,20,93.007,MEDIUM,3,Vuelta de ataque
2023,British,R,SAI,21,93.261,MEDIUM,3,Vuelta de ataque
2023,British,R,SAI,22,92.871,MEDIUM,0,Ritmo de carrera
2023,British,R,SAI,23,92.755,MEDIUM,3,Vuelta de ataque
2023,British,R,SAI,24,92.77,MEDIUM,0,Ritmo de carrera
2023,British,R,SAI,25,93.133,MEDIUM,0,Ritmo de carrera
2023,British,R,SAI,26,93.181,MEDIUM,0,Ritmo de carrera
2023,British,R,SAI,28,92.22,HARD,3,Vuelta de ataque
2023,British,R,SAI,29,91.945,HARD,0,Ritmo de carrera
2023,British,R,SAI,30,92.129,HARD,0,Ritmo de carrera
2023,British,R,SAI,31,92.494,HARD,3,Vuelta de ataque
2023,British,R,SAI,39,92.459,HARD,2,Tracción Comprometida
2023,British,R,SAI,40,91.783,HARD,0,Ritmo de carrera
2023,British,R,SAI,41,91.427,HARD,0,Ritmo de carrera
2023,British,R,SAI,42,91.643,HARD,0,Ritmo de carrera
2023,British,R,SAI,43,92.89,HARD,0,Ritmo de carrera
2023,British,R,SAI,44,94.622,HARD,0,Ritmo de carrera
2023,British,R,SAI,45,92.606,HARD,2,Tracción Comprometida
2023,British,R,SAI,46,91.906,HARD,3,Vuelta de ataque
2023,British,R,SAI,47,91.592,HARD,3,Vuelta de ataque
2023,British,R,SAI,48,91.438,HARD,3,Vuelta de ataque
2023,British,R,SAI,49,91.723,HARD,3,Vuelta de ataque
2023,British,R,SAI,50,91.408,HARD,3,Vuelta de ataque
2023,British,R,SAI,51,91.366,HARD,0,Ritmo de carrera
2023,British,R,SAI,52,91.88,HARD,2,Tracción Comprometida
2023,British,R,RUS,2,94.115,SOFT,0,Ritmo de carrera
2023,British,R,RUS,3,93.096,SOFT,0,Ritmo de carrera
2023,British,R,RUS,4,93.084,SOFT,0,Ritmo de carrera
2023,British,R,RUS,5,94.211,SOFT,0,Ritmo de carrera
2023,British,R,RUS,6,93.839,SOFT,0,Ritmo de carrera
2023,British,R,RUS,7,93.432,SOFT,1,Lift and Coast
2023,British,R,RUS,8,93.136,SOFT,0,Ritmo de carrera
2023,British,R,RUS,9,93.154,SOFT,0,Ritmo de carrera
2023,British,R,RUS,10,93.424,SOFT,1,Lift and Coast
2023,British,R,RUS,11,93.089,SOFT,1,Lift and Coast
2023,British,R,RUS,12,93.354,SOFT,1,Lift and Coast
2023,British,R,RUS,13,93.159,SOFT,3,Vuelta de ataque
2023,British,R,RUS,14,93.729,SOFT,0,Ritmo de carrera
2023,British,R,RUS,15,93.27,SOFT,0,Ritmo de carrera
2023,British,R,RUS,16,93.309,SOFT,0,Ritmo de carrera
2023,British,R,RUS,17,93.174,SOFT,0,Ritmo de carrera
2023,British,R,RUS,18,93.072,SOFT,0,Ritmo de carrera
2023,British,R,RUS,19,92.807,SOFT,3,Vuelta de ataque
2023,British,R,RUS,20,92.803,SOFT,1,Lift and Coast
2023,British,R,RUS,21,92.85,SOFT,3,Vuelta de ataque
2023,British,R,RUS,22,92.568,SOFT,3,Vuelta de ataque
2023,British,R,RUS,23,92.683,SOFT,1,Lift and Coast
2023,British,R,RUS,24,92.852,SOFT,1,Lift and Coast
2023,British,R,RUS,25,92.863,SOFT,3,Vuelta de ataque
2023,British,R,RUS,26,92.958,SOFT,1,Lift and Coast
2023,British,R,RUS,27,93.062,SOFT,1,Lift and Coast
2023,British,R,RUS,28,92.504,SOFT,1,Lift and Coast
2023,British,R,RUS,30,91.51,MEDIUM,1,Lift and Coast
2023,British,R,RUS,31,91.8,MEDIUM,3,Vuelta de ataque
2023,British,R,RUS,39,91.848,MEDIUM,3,Vuelta de ataque
2023,British,R,RUS,40,91.606,MEDIUM,3,Vuelta de ataque
2023,British,R,RUS,41,91.124,MEDIUM,3,Vuelta de ataque
2023,British,R,RUS,42,91.188,MEDIUM,3,Vuelta de ataque
2023,British,R,RUS,43,91.231,MEDIUM,3,Vuelta de ataque
2023,British,R,RUS,44,91.568,MEDIUM,3,Vuelta de ataque
2023,British,R,RUS,45,91.718,MEDIUM,0,Ritmo de carrera
2023,British,R,RUS,46,91.984,MEDIUM,3,Vuelta de ataque
2023,British,R,RUS,47,91.644,MEDIUM,1,Lift and Coast
2023,British,R,RUS,48,91.569,MEDIUM,3,Vuelta de ataque
2023,British,R,RUS,49,91.612,MEDIUM,3,Vuelta de ataque
2023,British,R,RUS,50,91.421,MEDIUM,1,Lift and Coast
2023,British,R,RUS,51,91.563,MEDIUM,1,Lift and Coast
2023,British,R,RUS,52,91.433,MEDIUM,3,Vuelta de ataque
2023,British,R,BOT,3,94.865,HARD,0,Ritmo de carrera
2023,British,R,BOT,4,94.611,HARD,0,Ritmo de carrera
2023,British,R,BOT,5,94.804,HARD,0,Ritmo de carrera
2023,British,R,BOT,6,94.791,HARD,0,Ritmo de carrera
2023,British,R,BOT,7,94.879,HARD,0,Ritmo de carrera
2023,British,R,BOT,8,94.476,HARD,0,Ritmo de carrera
2023,British,R,BOT,9,94.386,HARD,0,Ritmo de carrera
2023,British,R,BOT,10,94.306,HARD,0,Ritmo de carrera
2023,British,R,BOT,11,94.354,HARD,0,Ritmo de carrera
2023,British,R,BOT,12,94.541,HARD,3,Vuelta de ataque
2023,British,R,BOT,13,94.618,HARD,0,Ritmo de carrera
2023,British,R,BOT,14,94.604,HARD,1,Lift and Coast
2023,British,R,BOT,15,94.627,HARD,1,Lift and Coast
2023,British,R,BOT,16,94.367,HARD,0,Ritmo de carrera
2023,British,R,BOT,17,93.867,HARD,3,Vuelta de ataque
2023,British,R,BOT,18,93.749,HARD,1,Lift and Coast
2023,British,R,BOT,19,93.73,HARD,1,Lift and Coast
2023,British,R,BOT,20,93.671,HARD,1,Lift and Coast
2023,British,R,BOT,21,93.607,HARD,3,Vuelta de ataque
2023,British,R,BOT,22,93.468,HARD,3,Vuelta de ataque
2023,British,R,BOT,23,93.787,HARD,1,Lift and Coast
2023,British,R,BOT,24,93.464,HARD,0,Ritmo de carrera
2023,British,R,BOT,25,93.292,HARD,3,Vuelta de ataque
2023,British,R,BOT,26,93.47,HARD,1,Lift and Coast
2023,British,R,BOT,27,93.588,HARD,3,Vuelta de ataque
2023,British,R,BOT,28,93.5,HARD,3,Vuelta de ataque
2023,British,R,BOT,29,93.351,HARD,1,Lift and Coast
2023,British,R,BOT,30,93.367,HARD,0,Ritmo de carrera
2023,British,R,BOT,31,93.44,HARD,0,Ritmo de carrera
2023,British,R,BOT,39,92.618,SOFT,0,Ritmo de carrera
2023,British,R,BOT,40,93.056,SOFT,0,Ritmo de carrera
2023,British,R,BOT,41,92.229,SOFT,0,Ritmo de carrera
2023,British,R,BOT,42,91.902,SOFT,0,Ritmo de carrera
2023,British,R,BOT,43,92.047,SOFT,3,Vuelta de ataque
2023,British,R,BOT,44,92.563,SOFT,0,Ritmo de carrera
2023,British,R,BOT,45,93.177,SOFT,0,Ritmo de carrera
2023,British,R,BOT,46,92.284,SOFT,0,Ritmo de carrera
2023,British,R,BOT,47,92.079,SOFT,3,Vuelta de ataque
2023,British,R,BOT,48,91.974,SOFT,3,Vuelta de ataque
2023,British,R,BOT,49,92.167,SOFT,3,Vuelta de ataque
2023,British,R,BOT,50,92.163,SOFT,1,Lift and Coast
2023,British,R,BOT,51,92.133,SOFT,3,Vuelta de ataque
2023,British,R,BOT,52,91.852,SOFT,0,Ritmo de carrera
2023,British,R,PIA,2,93.845,MEDIUM,1,Lift and Coast
2023,British,R,PIA,3,92.499,MEDIUM,1,Lift and Coast
2023,British,R,PIA,4,92.581,MEDIUM,1,Lift and Coast
2023,British,R,PIA,5,93.461,MEDIUM,1,Lift and Coast
2023,British,R,PIA,6,93.008,MEDIUM,1,Lift and Coast
2023,British,R,PIA,7,93.29,MEDIUM,1,Lift and Coast
2023,British,R,PIA,8,93.233,MEDIUM,1,Lift and Coast
2023,British,R,PIA,9,92.79,MEDIUM,1,Lift and Coast
2023,British,R,PIA,10,93.379,MEDIUM,1,Lift and Coast
2023,British,R,PIA,11,92.976,MEDIUM,1,Lift and Coast
2023,British,R,PIA,12,93.464,MEDIUM,1,Lift and Coast
2023,British,R,PIA,13,93.144,MEDIUM,1,Lift and Coast
2023,British,R,PIA,14,93.603,MEDIUM,1,Lift and Coast
2023,British,R,PIA,15,93.267,MEDIUM,1,Lift and Coast
2023,British,R,PIA,16,93.005,MEDIUM,1,Lift and Coast
2023,British,R,PIA,17,92.775,MEDIUM,1,Lift and Coast
2023,British,R,PIA,18,93.019,MEDIUM,1,Lift and Coast
2023,British,R,PIA,19,92.88,MEDIUM,1,Lift and Coast
2023,British,R,PIA,20,92.66,MEDIUM,1,Lift and Coast
2023,British,R,PIA,21,92.749,MEDIUM,3,Vuelta de ataque
2023,British,R,PIA,22,92.537,MEDIUM,1,Lift and Coast
2023,British,R,PIA,23,92.732,MEDIUM,3,Vuelta de ataque
2023,British,R,PIA,24,92.676,MEDIUM,3,Vuelta de ataque
2023,British,R,PIA,25,92.809,MEDIUM,1,Lift and Coast
2023,British,R,PIA,26,93.052,MEDIUM,1,Lift and Coast
2023,British,R,PIA,27,92.844,MEDIUM,1,Lift and Coast
2023,British,R,PIA,28,93.19,MEDIUM,1,Lift and Coast
2023,British,R,PIA,29,92.563,MEDIUM,2,Tracción Comprometida
2023,British,R,PIA,31,91.68,HARD,2,Tracción Comprometida
2023,British,R,PIA,39,91.646,HARD,1,Lift and Coast
2023,British,R,PIA,40,91.475,HARD,1,Lift and Coast
2023,British,R,PIA,41,90.85,HARD,1,Lift and Coast
2023,British,R,PIA,42,91.178,HARD,1,Lift and Coast
2023,British,R,PIA,43,91.011,HARD,1,Lift and Coast
2023,British,R,PIA,44,91.465,HARD,1,Lift and Coast
2023,British,R,PIA,45,91.406,HARD,3,Vuelta de ataque
2023,British,R,PIA,46,91.496,HARD,1,Lift and Coast
2023,British,R,PIA,47,91.427,HARD,3,Vuelta de ataque
2023,British,R,PIA,48,91.159,HARD,1,Lift and Coast
2023,British,R,PIA,49,91.422,HARD,1,Lift and Coast
2023,British,R,PIA,50,91.752,HARD,1,Lift and Coast
2023,British,R,PIA,51,91.305,HARD,1,Lift and Coast
2023,British,R,PIA,52,90.941,HARD,1,Lift and Coast
2023,Hungarian,FP3,VER,2,78.478,MEDIUM,3,Vuelta de ataque
2023,Hungarian,FP3,VER,11,83.187,MEDIUM,1,Lift and Coast
2023,Hungarian,FP3,VER,19,78.061,SOFT,3,Vuelta de ataque
2023,Hungarian,FP3,SAR,2,80.159,SOFT,3,Vuelta de ataque
2023,Hungarian,FP3,SAR,6,78.867,SOFT,3,Vuelta de ataque
2023,Hungarian,FP3,SAR,9,78.814,SOFT,3,Vuelta de ataque
2023,Hungarian,FP3,SAR,12,79.179,MEDIUM,3,Vuelta de ataque
2023,Hungarian,FP3,RIC,14,79.98,HARD,3,Vuelta de ataque
2023,Hungarian,FP3,RIC,16,80.049,HARD,3,Vuelta de ataque
2023,Hungarian,FP3,RIC,19,80.304,HARD,3,Vuelta de ataque
2023,Hungarian,FP3,RIC,22,78.828,MEDIUM,3,Vuelta de ataque
2023,Hungarian,FP3,NOR,2,79.061,SOFT,3,Vuelta de ataque
2023,Hungarian,FP3,NOR,6,83.218,SOFT,1,Lift and Coast
2023,Hungarian,FP3,NOR,7,81.431,SOFT,1,Lift and Coast
2023,Hungarian,FP3,NOR,8,80.769,SOFT,1,Lift and Coast
2023,Hungarian,FP3,NOR,12,78.082,MEDIUM,3,Vuelta de ataque
2023,Hungarian,FP3,GAS,2,79.365,SOFT,3,Vuelta de ataque
2023,Hungarian,FP3,GAS,5,79.314,SOFT,3,Vuelta de ataque
2023,Hungarian,FP3,GAS,11,79.134,MEDIUM,3,Vuelta de ataque
2023,Hungarian,FP3,GAS,14,79.581,MEDIUM,3,Vuelta de ataque
2023,Hungarian,FP3,GAS,17,79.069,MEDIUM,3,Vuelta de ataque
2023,Hungarian,FP3,PER,2,78.558,MEDIUM,3,Vuelta de ataque
2023,Hungarian,FP3,PER,23,78.067,SOFT,3,Vuelta de ataque
2023,Hungarian,FP3,ALO,2,79.743,SOFT,3,Vuelta de ataque
2023,Hungarian,FP3,ALO,5,79.22,SOFT,3,Vuelta de ataque
2023,Hungarian,FP3,ALO,8,79.239,SOFT,3,Vuelta de ataque
2023,Hungarian,FP3,ALO,11,78.35,SOFT,3,Vuelta de ataque
2023,Hungarian,FP3,ALO,14,78.707,SOFT,3,Vuelta de ataque
2023,Hungarian,FP3,ALO,17,78.905,SOFT,3,Vuelta de ataque
2023,Hungarian,FP3,LEC,2,79.565,MEDIUM,3,Vuelta de ataque
2023,Hungarian,FP3,LEC,22,78.19,SOFT,3,Vuelta de ataque
2023,Hungarian,FP3,LEC,25,80.077,SOFT,2,Tracción Comprometida
2023,Hungarian,FP3,STR,2,80.26,SOFT,3,Vuelta de ataque
2023,Hungarian,FP3,STR,5,79.904,SOFT,3,Vuelta de ataque
2023,Hungarian,FP3,STR,9,79.855,HARD,3,Vuelta de ataque
2023,Hungarian,FP3,STR,13,78.536,SOFT,3,Vuelta de ataque
2023,Hungarian,FP3,STR,16,78.717,SOFT,3,Vuelta de ataque
2023,Hungarian,FP3,MAG,2,80.454,SOFT,3,Vuelta de ataque
2023,Hungarian,FP3,MAG,9,79.156,MEDIUM,3,Vuelta de ataque
2023,Hungarian,FP3,MAG,14,81.438,MEDIUM,3,Vuelta de ataque
2023,Hungarian,FP3,MAG,15,81.814,MEDIUM,3,Vuelta de ataque
2023,Hungarian,FP3,MAG,16,82.37,MEDIUM,3,Vuelta de ataque
2023,Hungarian,FP3,MAG,17,82.752,MEDIUM,3,Vuelta de ataque
2023,Hungarian,FP3,MAG,18,82.838,MEDIUM,3,Vuelta de ataque
2023,Hungarian,FP3,MAG,21,78.649,SOFT,3,Vuelta de ataque
2023,Hungarian,FP3,MAG,24,79.294,SOFT,3,Vuelta de ataque
2023,Hungarian,FP3,TSU,15,80.254,HARD,3,Vuelta de ataque
2023,Hungarian,FP3,TSU,17,79.743,HARD,3,Vuelta de ataque
2023,Hungarian,FP3,TSU,20,80.841,HARD,3,Vuelta de ataque
2023,Hungarian,FP3,TSU,26,79.239,MEDIUM,3,Vuelta de ataque
2023,Hungarian,FP3,ALB,2,80.271,SOFT,3,Vuelta de ataque
2023,Hungarian,FP3,ALB,7,78.592,SOFT,3,Vuelta de ataque
2023,Hungarian,FP3,ALB,12,78.621,MEDIUM,3,Vuelta de ataque
2023,Hungarian,FP3,ALB,15,81.258,SOFT,2,Tracción Comprometida
2023,Hungarian,FP3,ZHO,7,78.544,SOFT,3,Vuelta de ataque
2023,Hungarian,FP3,ZHO,10,79.63,SOFT,3,Vuelta de ataque
2023,Hungarian,FP3,ZHO,16,79.753,HARD,3,Vuelta de ataque
2023,Hungarian,FP3,ZHO,19,79.979,HARD,3,Vuelta de ataque
2023,Hungarian,FP3,HUL,2,79.438,MEDIUM,3,Vuelta de ataque
2023,Hungarian,FP3,HUL,6,79.898,MEDIUM,3,Vuelta de ataque
2023,Hungarian,FP3,HUL,9,81.617,MEDIUM,3,Vuelta de ataque
2023,Hungarian,FP3,HUL,10,81.861,MEDIUM,3,Vuelta de ataque
2023,Hungarian,FP3,HUL,11,82.272,MEDIUM,3,Vuelta de ataque
2023,Hungarian,FP3,HUL,12,81.723,MEDIUM,3,Vuelta de ataque
2023,Hungarian,FP3,HUL,13,81.962,MEDIUM,3,Vuelta de ataque
2023,Hungarian,FP3,HUL,16,78.077,SOFT,3,Vuelta de ataque
2023,Hungarian,FP3,HUL,19,78.735,SOFT,3,Vuelta de ataque
2023,Hungarian,FP3,OCO,2,79.299,SOFT,3,Vuelta de ataque
2023,Hungarian,FP3,OCO,5,79.059,SOFT,3,Vuelta de ataque
2023,Hungarian,FP3,OCO,8,79.445,SOFT,3,Vuelta de ataque
2023,Hungarian,FP3,OCO,12,79.053,MEDIUM,3,Vuelta de ataque
2023,Hungarian,FP3,OCO,15,79.0,MEDIUM,3,Vuelta de ataque
2023,Hungarian,FP3,OCO,18,78.979,MEDIUM,3,Vuelta de ataque
2023,Hungarian,FP3,HAM,2,79.61,MEDIUM,3,Vuelta de ataque
2023,Hungarian,FP3,HAM,7,79.048,MEDIUM,3,Vuelta de ataque
2023,Hungarian,FP3,HAM,10,78.941,MEDIUM,3,Vuelta de ataque
2023,Hungarian,FP3,HAM,13,77.811,SOFT,3,Vuelta de ataque
2023,Hungarian,FP3,SAI,4,80.345,MEDIUM,2,Tracción Comprometida
2023,Hungarian,FP3,SAI,24,78.234,SOFT,2,Tracción Comprometida
2023,Hungarian,FP3,SAI,27,78.426,SOFT,3,Vuelta de ataque
2023,Hungarian,FP3,RUS,2,79.418,MEDIUM,3,Vuelta de ataque
2023,Hungarian,FP3,RUS,5,79.497,MEDIUM,3,Vuelta de ataque
2023,Hungarian,FP3,RUS,8,79.43,MEDIUM,3,Vuelta de ataque
2023,Hungarian,FP3,RUS,10,81.664,MEDIUM,3,Vuelta de ataque
2023,Hungarian,FP3,RUS,11,81.378,MEDIUM,3,Vuelta de ataque
2023,Hungarian,FP3,RUS,15,78.398,SOFT,3,Vuelta de ataque
2023,Hungarian,FP3,RUS,18,78.119,SOFT,3,Vuelta de ataque
2023,Hungarian,FP3,BOT,7,78.489,SOFT,3,Vuelta de ataque
2023,Hungarian,FP3,BOT,10,78.835,SOFT,3,Vuelta de ataque
2023,Hungarian,FP3,BOT,15,79.074,HARD,3,Vuelta de ataque
2023,Hungarian,FP3,BOT,17,79.096,HARD,3,Vuelta de ataque
2023,Hungarian,FP3,BOT,20,79.42,HARD,3,Vuelta de ataque
2023,Hungarian,FP3,PIA,2,78.949,SOFT,3,Vuelta de ataque
2023,Hungarian,FP3,PIA,5,78.598,SOFT,3,Vuelta de ataque
2023,Hungarian,FP3,PIA,8,78.743,MEDIUM,3,Vuelta de ataque
2023,Hungarian,FP3,PIA,11,78.898,MEDIUM,3,Vuelta de ataque
2023,Hungarian,FP3,PIA,14,78.754,MEDIUM,3,Vuelta de ataque
2023,Hungarian,FP3,PIA,15,82.571,MEDIUM,1,Lift and Coast
2023,Hungarian,FP3,PIA,16,80.489,MEDIUM,3,Vuelta de ataque
2023,Hungarian,FP3,PIA,17,81.334,MEDIUM,3,Vuelta de ataque
2023,Hungarian,Q,HAM,2,79.184,HARD,3,Vuelta de ataque
2023,Hungarian,Q,HAM,10,77.712,MEDIUM,3,Vuelta de ataque
2023,Hungarian,Q,HAM,13,77.427,MEDIUM,3,Vuelta de ataque
2023,Hungarian,Q,HAM,16,76.738,SOFT,3,Vuelta de ataque
2023,Hungarian,Q,HAM,19,76.609,SOFT,3,Vuelta de ataque
2023,Hungarian,Q,VER,2,78.892,HARD,3,Vuelta de ataque
2023,Hungarian,Q,VER,5,78.658,HARD,3,Vuelta de ataque
2023,Hungarian,Q,VER,8,78.318,HARD,3,Vuelta de ataque
2023,Hungarian,Q,VER,11,77.296,MEDIUM,3,Vuelta de ataque
2023,Hungarian,Q,VER,14,77.547,MEDIUM,3,Vuelta de ataque
2023,Hungarian,Q,VER,20,76.632,SOFT,3,Vuelta de ataque
2023,Hungarian,Q,NOR,2,79.352,HARD,3,Vuelta de ataque
2023,Hungarian,Q,NOR,5,78.99,HARD,3,Vuelta de ataque
2023,Hungarian,Q,NOR,8,78.209,HARD,3,Vuelta de ataque
2023,Hungarian,Q,NOR,10,78.697,HARD,3,Vuelta de ataque
2023,Hungarian,Q,NOR,13,77.328,MEDIUM,3,Vuelta de ataque
2023,Hungarian,Q,NOR,16,76.904,SOFT,3,Vuelta de ataque
2023,Hungarian,Q,NOR,19,76.694,SOFT,3,Vuelta de ataque
2023,Hungarian,Q,PIA,2,79.233,HARD,3,Vuelta de ataque
2023,Hungarian,Q,PIA,4,78.991,HARD,3,Vuelta de ataque
2023,Hungarian,Q,PIA,7,78.464,HARD,3,Vuelta de ataque
2023,Hungarian,Q,PIA,11,77.571,MEDIUM,3,Vuelta de ataque
2023,Hungarian,Q,PIA,16,77.382,SOFT,3,Vuelta de ataque
2023,Hungarian,Q,PIA,19,76.905,SOFT,3,Vuelta de ataque
2023,Hungarian,Q,ZHO,2,79.366,HARD,3,Vuelta de ataque
2023,Hungarian,Q,ZHO,4,79.412,HARD,3,Vuelta de ataque
2023,Hungarian,Q,ZHO,7,78.143,HARD,3,Vuelta de ataque
2023,Hungarian,Q,ZHO,9,79.933,HARD,3,Vuelta de ataque
2023,Hungarian,Q,ZHO,12,77.744,MEDIUM,3,Vuelta de ataque
2023,Hungarian,Q,ZHO,15,77.7,MEDIUM,3,Vuelta de ataque
2023,Hungarian,Q,ZHO,18,77.548,SOFT,3,Vuelta de ataque
2023,Hungarian,Q,LEC,2,79.414,HARD,2,Tracción Comprometida
2023,Hungarian,Q,LEC,4,79.635,HARD,2,Tracción Comprometida
2023,Hungarian,Q,LEC,7,78.44,HARD,2,Tracción Comprometida
2023,Hungarian,Q,LEC,11,77.877,MEDIUM,3,Vuelta de ataque
2023,Hungarian,Q,LEC,14,77.58,MEDIUM,3,Vuelta de ataque
2023,Hungarian,Q,LEC,17,77.157,SOFT,3,Vuelta de ataque
2023,Hungarian,Q,LEC,20,76.992,SOFT,3,Vuelta de ataque
2023,Hungarian,Q,BOT,2,78.818,HARD,3,Vuelta de ataque
2023,Hungarian,Q,BOT,4,78.775,HARD,3,Vuelta de ataque
2023,Hungarian,Q,BOT,7,81.191,HARD,3,Vuelta de ataque
2023,Hungarian,Q,BOT,10,78.144,MEDIUM,3,Vuelta de ataque
2023,Hungarian,Q,BOT,13,77.563,MEDIUM,3,Vuelta de ataque
2023,Hungarian,Q,BOT,16,77.164,SOFT,3,Vuelta de ataque
2023,Hungarian,Q,BOT,19,77.034,SOFT,3,Vuelta de ataque
2023,Hungarian,Q,ALO,2,79.475,HARD,3,Vuelta de ataque
2023,Hungarian,Q,ALO,4,79.138,HARD,3,Vuelta de ataque
2023,Hungarian,Q,ALO,7,78.58,HARD,3,Vuelta de ataque
2023,Hungarian,Q,ALO,14,81.048,MEDIUM,1,Lift and Coast
2023,Hungarian,Q,ALO,17,77.043,SOFT,3,Vuelta de ataque
2023,Hungarian,Q,ALO,20,77.035,SOFT,3,Vuelta de ataque
2023,Hungarian,Q,PER,2,79.292,HARD,3,Vuelta de ataque
2023,Hungarian,Q,PER,4,78.844,HARD,3,Vuelta de ataque
2023,Hungarian,Q,PER,7,78.36,HARD,3,Vuelta de ataque
2023,Hungarian,Q,PER,13,79.443,MEDIUM,3,Vuelta de ataque
2023,Hungarian,Q,PER,16,80.346,MEDIUM,3,Vuelta de ataque
2023,Hungarian,Q,PER,22,77.045,SOFT,3,Vuelta de ataque
2023,Hungarian,Q,HUL,2,79.57,HARD,3,Vuelta de ataque
2023,Hungarian,Q,HUL,4,79.55,HARD,3,Vuelta de ataque
2023,Hungarian,Q,HUL,7,78.695,HARD,3,Vuelta de ataque
2023,Hungarian,Q,HUL,10,78.005,MEDIUM,3,Vuelta de ataque
2023,Hungarian,Q,HUL,13,77.652,MEDIUM,3,Vuelta de ataque
2023,Hungarian,Q,HUL,16,77.298,SOFT,3,Vuelta de ataque
2023,Hungarian,Q,HUL,19,77.186,SOFT,3,Vuelta de ataque
2023,Hungarian,Q,SAI,2,79.793,HARD,3,Vuelta de ataque
2023,Hungarian,Q,SAI,5,79.168,HARD,3,Vuelta de ataque
2023,Hungarian,Q,SAI,8,78.393,HARD,2,Tracción Comprometida
2023,Hungarian,Q,SAI,11,77.905,MEDIUM,3,Vuelta de ataque
2023,Hungarian,Q,SAI,14,77.703,MEDIUM,3,Vuelta de ataque
2023,Hungarian,Q,OCO,2,79.658,HARD,3,Vuelta de ataque
2023,Hungarian,Q,OCO,4,79.572,HARD,3,Vuelta de ataque
2023,Hungarian,Q,OCO,7,78.854,HARD,3,Vuelta de ataque
2023,Hungarian,Q,OCO,12,78.075,MEDIUM,3,Vuelta de ataque
2023,Hungarian,Q,OCO,15,77.841,MEDIUM,3,Vuelta de ataque
2023,Hungarian,Q,RIC,2,80.807,HARD,3,Vuelta de ataque
2023,Hungarian,Q,RIC,5,79.037,HARD,3,Vuelta de ataque
2023,Hungarian,Q,RIC,8,78.906,HARD,3,Vuelta de ataque
2023,Hungarian,Q,RIC,11,78.207,MEDIUM,3,Vuelta de ataque
2023,Hungarian,Q,RIC,14,78.002,MEDIUM,3,Vuelta de ataque
2023,Hungarian,Q,STR,2,80.051,HARD,3,Vuelta de ataque
2023,Hungarian,Q,STR,4,79.457,HARD,3,Vuelta de ataque
2023,Hungarian,Q,STR,7,78.782,HARD,3,Vuelta de ataque
2023,Hungarian,Q,STR,9,79.221,HARD,3,Vuelta de ataque
2023,Hungarian,Q,STR,12,77.861,MEDIUM,3,Vuelta de ataque
2023,Hungarian,Q,STR,14,78.283,MEDIUM,3,Vuelta de ataque
2023,Hungarian,Q,STR,17,78.144,MEDIUM,3,Vuelta de ataque
2023,Hungarian,Q,GAS,2,79.827,HARD,3,Vuelta de ataque
2023,Hungarian,Q,GAS,4,79.396,HARD,3,Vuelta de ataque
2023,Hungarian,Q,GAS,7,78.743,HARD,3,Vuelta de ataque
2023,Hungarian,Q,GAS,15,78.045,MEDIUM,3,Vuelta de ataque
2023,Hungarian,Q,ALB,2,79.358,HARD,3,Vuelta de ataque
2023,Hungarian,Q,ALB,4,79.148,HARD,3,Vuelta de ataque
2023,Hungarian,Q,ALB,7,78.917,HARD,3,Vuelta de ataque
2023,Hungarian,Q,RUS,2,79.029,HARD,3,Vuelta de ataque
2023,Hungarian,Q,RUS,8,79.027,HARD,3,Vuelta de ataque
2023,Hungarian,Q,MAG,2,80.063,HARD,3,Vuelta de ataque
2023,Hungarian,Q,MAG,4,79.681,HARD,3,Vuelta de ataque
2023,Hungarian,Q,MAG,7,79.206,HARD,3,Vuelta de ataque
2023,Hungarian,Q,SAR,2,79.472,HARD,3,Vuelta de ataque
2023,Hungarian,Q,SAR,4,79.568,HARD,3,Vuelta de ataque
2023,Hungarian,Q,SAR,7,79.248,HARD,3,Vuelta de ataque
2023,Hungarian,R,VER,2,85.157,MEDIUM,1,Lift and Coast
2023,Hungarian,R,VER,3,85.07,MEDIUM,1,Lift and Coast
2023,Hungarian,R,VER,4,84.542,MEDIUM,1,Lift and Coast
2023,Hungarian,R,VER,5,84.843,MEDIUM,1,Lift and Coast
2023,Hungarian,R,VER,6,84.596,MEDIUM,1,Lift and Coast
2023,Hungarian,R,VER,7,84.487,MEDIUM,1,Lift and Coast
2023,Hungarian,R,VER,8,84.509,MEDIUM,1,Lift and Coast
2023,Hungarian,R,VER,9,84.437,MEDIUM,1,Lift and Coast
2023,Hungarian,R,VER,10,84.405,MEDIUM,1,Lift and Coast
2023,Hungarian,R,VER,11,84.462,MEDIUM,1,Lift and Coast
2023,Hungarian,R,VER,12,84.306,MEDIUM,1,Lift and Coast
2023,Hungarian,R,VER,13,84.355,MEDIUM,1,Lift and Coast
2023,Hungarian,R,VER,14,84.201,MEDIUM,1,Lift and Coast
2023,Hungarian,R,VER,15,84.121,MEDIUM,1,Lift and Coast
2023,Hungarian,R,VER,16,84.373,MEDIUM,1,Lift and Coast
2023,Hungarian,R,VER,17,84.214,MEDIUM,1,Lift and Coast
2023,Hungarian,R,VER,18,84.195,MEDIUM,1,Lift and Coast
2023,Hungarian,R,VER,19,84.396,MEDIUM,1,Lift and Coast
2023,Hungarian,R,VER,20,84.065,MEDIUM,1,Lift and Coast
2023,Hungarian,R,VER,21,84.012,MEDIUM,1,Lift and Coast
2023,Hungarian,R,VER,22,84.36,MEDIUM,1,Lift and Coast
2023,Hungarian,R,VER,25,83.777,HARD,1,Lift and Coast
2023,Hungarian,R,VER,26,83.717,HARD,1,Lift and Coast
2023,Hungarian,R,VER,27,83.636,HARD,1,Lift and Coast
2023,Hungarian,R,VER,28,83.687,HARD,1,Lift and Coast
2023,Hungarian,R,VER,29,83.762,HARD,1,Lift and Coast
2023,Hungarian,R,VER,30,83.624,HARD,1,Lift and Coast
2023,Hungarian,R,VER,31,83.59,HARD,1,Lift and Coast
2023,Hungarian,R,VER,32,83.292,HARD,1,Lift and Coast
2023,Hungarian,R,VER,33,83.523,HARD,1,Lift and Coast
2023,Hungarian,R,VER,34,83.507,HARD,1,Lift and Coast
2023,Hungarian,R,VER,35,83.489,HARD,1,Lift and Coast
2023,Hungarian,R,VER,36,83.285,HARD,1,Lift and Coast
2023,Hungarian,R,VER,37,83.25,HARD,1,Lift and Coast
2023,Hungarian,R,VER,38,83.47,HARD,1,Lift and Coast
2023,Hungarian,R,VER,39,84.143,HARD,1,Lift and Coast
2023,Hungarian,R,VER,40,83.705,HARD,1,Lift and Coast
2023,Hungarian,R,VER,41,83.023,HARD,1,Lift and Coast
2023,Hungarian,R,VER,42,83.309,HARD,1,Lift and Coast
2023,Hungarian,R,VER,43,83.338,HARD,1,Lift and Coast
2023,Hungarian,R,VER,44,83.772,HARD,1,Lift and Coast
2023,Hungarian,R,VER,45,83.93,HARD,1,Lift and Coast
2023,Hungarian,R,VER,46,83.639,HARD,1,Lift and Coast
2023,Hungarian,R,VER,47,83.608,HARD,1,Lift and Coast
2023,Hungarian,R,VER,48,83.487,HARD,1,Lift and Coast
2023,Hungarian,R,VER,49,83.822,HARD,1,Lift and Coast
2023,Hungarian,R,VER,50,83.782,HARD,1,Lift and Coast
2023,Hungarian,R,VER,53,80.504,MEDIUM,3,Vuelta de ataque
2023,Hungarian,R,VER,54,83.935,MEDIUM,1,Lift and Coast
2023,Hungarian,R,VER,55,82.847,MEDIUM,1,Lift and Coast
2023,Hungarian,R,VER,56,82.6,MEDIUM,1,Lift and Coast
2023,Hungarian,R,VER,57,82.425,MEDIUM,1,Lift and Coast
2023,Hungarian,R,VER,58,82.65,MEDIUM,1,Lift and Coast
2023,Hungarian,R,VER,59,81.88,MEDIUM,1,Lift and Coast
2023,Hungarian,R,VER,60,81.554,MEDIUM,1,Lift and Coast
2023,Hungarian,R,VER,61,81.52,MEDIUM,1,Lift and Coast
2023,Hungarian,R,VER,62,81.693,MEDIUM,1,Lift and Coast
2023,Hungarian,R,VER,63,81.772,MEDIUM,1,Lift and Coast
2023,Hungarian,R,VER,64,82.122,MEDIUM,1,Lift and Coast
2023,Hungarian,R,VER,65,82.223,MEDIUM,0,Ritmo de carrera
2023,Hungarian,R,VER,66,81.941,MEDIUM,3,Vuelta de ataque
2023,Hungarian,R,VER,67,81.754,MEDIUM,3,Vuelta de ataque
2023,Hungarian,R,VER,68,81.524,MEDIUM,3,Vuelta de ataque
2023,Hungarian,R,VER,69,81.18,MEDIUM,3,Vuelta de ataque
2023,Hungarian,R,VER,70,82.234,MEDIUM,1,Lift and Coast
2023,Hungarian,R,NOR,2,85.82,MEDIUM,1,Lift and Coast
2023,Hungarian,R,NOR,3,85.205,MEDIUM,1,Lift and Coast
2023,Hungarian,R,NOR,4,84.794,MEDIUM,1,Lift and Coast
2023,Hungarian,R,NOR,5,84.893,MEDIUM,1,Lift and Coast
2023,Hungarian,R,NOR,6,84.826,MEDIUM,1,Lift and Coast
2023,Hungarian,R,NOR,7,85.138,MEDIUM,1,Lift and Coast
2023,Hungarian,R,NOR,8,85.005,MEDIUM,2,Tracción Comprometida
2023,Hungarian,R,NOR,9,85.199,MEDIUM,1,Lift and Coast
2023,Hungarian,R,NOR,10,84.958,MEDIUM,1,Lift and Coast
2023,Hungarian,R,NOR,11,84.875,MEDIUM,1,Lift and Coast
2023,Hungarian,R,NOR,12,85.001,MEDIUM,1,Lift and Coast
2023,Hungarian,R,NOR,13,85.091,MEDIUM,1,Lift and Coast
2023,Hungarian,R,NOR,14,85.008,MEDIUM,1,Lift and Coast
2023,Hungarian,R,NOR,15,84.869,MEDIUM,1,Lift and Coast
2023,Hungarian,R,NOR,16,85.015,MEDIUM,1,Lift and Coast
2023,Hungarian,R,NOR,19,83.543,HARD,1,Lift and Coast
2023,Hungarian,R,NOR,20,83.941,HARD,1,Lift and Coast
2023,Hungarian,R,NOR,21,83.499,HARD,1,Lift and Coast
2023,Hungarian,R,NOR,22,83.881,HARD,1,Lift and Coast
2023,Hungarian,R,NOR,23,83.707,HARD,0,Ritmo de carrera
2023,Hungarian,R,NOR,24,83.847,HARD,0,Ritmo de carrera
2023,Hungarian,R,NOR,25,83.517,HARD,1,Lift and Coast
2023,Hungarian,R,NOR,26,83.732,HARD,1,Lift and Coast
2023,Hungarian,R,NOR,27,84.064,HARD,1,Lift and Coast
2023,Hungarian,R,NOR,28,84.453,HARD,1,Lift and Coast
2023,Hungarian,R,NOR,29,84.136,HARD,1,Lift and Coast
2023,Hungarian,R,NOR,30,84.043,HARD,1,Lift and Coast
2023,Hungarian,R,NOR,31,84.289,HARD,2,Tracción Comprometida
2023,Hungarian,R,NOR,32,84.131,HARD,2,Tracción Comprometida
2023,Hungarian,R,NOR,33,84.297,HARD,2,Tracción Comprometida
2023,Hungarian,R,NOR,34,84.224,HARD,1,Lift and Coast
2023,Hungarian,R,NOR,35,84.134,HARD,2,Tracción Comprometida
2023,Hungarian,R,NOR,36,84.536,HARD,1,Lift and Coast
2023,Hungarian,R,NOR,37,84.419,HARD,0,Ritmo de carrera
2023,Hungarian,R,NOR,38,84.607,HARD,2,Tracción Comprometida
2023,Hungarian,R,NOR,39,84.773,HARD,1,Lift and Coast
2023,Hungarian,R,NOR,40,84.797,HARD,2,Tracción Comprometida
2023,Hungarian,R,NOR,41,84.467,HARD,2,Tracción Comprometida
2023,Hungarian,R,NOR,42,84.48,HARD,2,Tracción Comprometida
2023,Hungarian,R,NOR,43,84.475,HARD,2,Tracción Comprometida
2023,Hungarian,R,NOR,46,82.216,MEDIUM,1,Lift and Coast
2023,Hungarian,R,NOR,47,82.572,MEDIUM,1,Lift and Coast
2023,Hungarian,R,NOR,48,82.518,MEDIUM,1,Lift and Coast
2023,Hungarian,R,NOR,49,82.827,MEDIUM,1,Lift and Coast
2023,Hungarian,R,NOR,50,82.178,MEDIUM,1,Lift and Coast
2023,Hungarian,R,NOR,51,82.794,MEDIUM,0,Ritmo de carrera
2023,Hungarian,R,NOR,52,83.054,MEDIUM,1,Lift and Coast
2023,Hungarian,R,NOR,53,83.375,MEDIUM,2,Tracción Comprometida
2023,Hungarian,R,NOR,54,83.247,MEDIUM,2,Tracción Comprometida
2023,Hungarian,R,NOR,55,82.706,MEDIUM,2,Tracción Comprometida
2023,Hungarian,R,NOR,56,82.929,MEDIUM,1,Lift and Coast
2023,Hungarian,R,NOR,57,83.155,MEDIUM,0,Ritmo de carrera
2023,Hungarian,R,NOR,58,83.619,MEDIUM,2,Tracción Comprometida
2023,Hungarian,R,NOR,59,83.974,MEDIUM,2,Tracción Comprometida
2023,Hungarian,R,NOR,60,83.457,MEDIUM,2,Tracción Comprometida
2023,Hungarian,R,NOR,61,83.442,MEDIUM,1,Lift and Coast
2023,Hungarian,R,NOR,62,83.878,MEDIUM,2,Tracción Comprometida
2023,Hungarian,R,NOR,63,83.409,MEDIUM,1,Lift and Coast
2023,Hungarian,R,NOR,64,83.075,MEDIUM,2,Tracción Comprometida
2023,Hungarian,R,NOR,65,82.911,MEDIUM,2,Tracción Comprometida
2023,Hungarian,R,NOR,66,82.971,MEDIUM,1,Lift and Coast
2023,Hungarian,R,NOR,67,83.036,MEDIUM,0,Ritmo de carrera
2023,Hungarian,R,NOR,68,83.11,MEDIUM,2,Tracción Comprometida
2023,Hungarian,R,NOR,69,83.416,MEDIUM,0,Ritmo de carrera
2023,Hungarian,R,NOR,70,83.385,MEDIUM,2,Tracción Comprometida
2023,Hungarian,R,PER,4,85.702,HARD,2,Tracción Comprometida
2023,Hungarian,R,PER,5,85.832,HARD,2,Tracción Comprometida
2023,Hungarian,R,PER,6,85.65,HARD,2,Tracción Comprometida
2023,Hungarian,R,PER,7,85.445,HARD,2,Tracción Comprometida
2023,Hungarian,R,PER,8,84.836,HARD,2,Tracción Comprometida
2023,Hungarian,R,PER,9,85.307,HARD,1,Lift and Coast
2023,Hungarian,R,PER,10,85.191,HARD,2,Tracción Comprometida
2023,Hungarian,R,PER,11,85.305,HARD,2,Tracción Comprometida
2023,Hungarian,R,PER,12,85.25,HARD,1,Lift and Coast
2023,Hungarian,R,PER,13,85.077,HARD,0,Ritmo de carrera
2023,Hungarian,R,PER,14,85.255,HARD,0,Ritmo de carrera
2023,Hungarian,R,PER,16,84.695,HARD,2,Tracción Comprometida
2023,Hungarian,R,PER,17,84.76,HARD,2,Tracción Comprometida
2023,Hungarian,R,PER,18,84.693,HARD,2,Tracción Comprometida
2023,Hungarian,R,PER,19,84.567,HARD,2,Tracción Comprometida
2023,Hungarian,R,PER,20,84.52,HARD,2,Tracción Comprometida
2023,Hungarian,R,PER,21,84.538,HARD,2,Tracción Comprometida
2023,Hungarian,R,PER,22,84.971,HARD,0,Ritmo de carrera
2023,Hungarian,R,PER,23,84.786,HARD,2,Tracción Comprometida
2023,Hungarian,R,PER,26,83.628,MEDIUM,2,Tracción Comprometida
2023,Hungarian,R,PER,27,85.65,MEDIUM,2,Tracción Comprometida
2023,Hungarian,R,PER,28,83.973,MEDIUM,2,Tracción Comprometida
2023,Hungarian,R,PER,29,83.195,MEDIUM,2,Tracción Comprometida
2023,Hungarian,R,PER,30,83.086,MEDIUM,2,Tracción Comprometida
2023,Hungarian,R,PER,31,83.346,MEDIUM,1,Lift and Coast
2023,Hungarian,R,PER,32,83.679,MEDIUM,2,Tracción Comprometida
2023,Hungarian,R,PER,33,83.525,MEDIUM,2,Tracción Comprometida
2023,Hungarian,R,PER,34,83.527,MEDIUM,2,Tracción Comprometida
2023,Hungarian,R,PER,35,83.32,MEDIUM,0,Ritmo de carrera
2023,Hungarian,R,PER,36,83.39,MEDIUM,1,Lift and Coast
2023,Hungarian,R,PER,37,83.625,MEDIUM,2,Tracción Comprometida
2023,Hungarian,R,PER,38,83.904,MEDIUM,1,Lift and Coast
2023,Hungarian,R,PER,39,84.16,MEDIUM,0,Ritmo de carrera
2023,Hungarian,R,PER,40,84.604,MEDIUM,1,Lift and Coast
2023,Hungarian,R,PER,41,84.461,MEDIUM,2,Tracción Comprometida
2023,Hungarian,R,PER,44,82.929,MEDIUM,1,Lift and Coast
2023,Hungarian,R,PER,45,82.637,MEDIUM,0,Ritmo de carrera
2023,Hungarian,R,PER,46,82.706,MEDIUM,1,Lift and Coast
2023,Hungarian,R,PER,47,82.872,MEDIUM,2,Tracción Comprometida
2023,Hungarian,R,PER,48,82.588,MEDIUM,1,Lift and Coast
2023,Hungarian,R,PER,49,82.38,MEDIUM,1,Lift and Coast
2023,Hungarian,R,PER,50,82.406,MEDIUM,1,Lift and Coast
2023,Hungarian,R,PER,51,82.86,MEDIUM,0,Ritmo de carrera
2023,Hungarian,R,PER,52,82.917,MEDIUM,0,Ritmo de carrera
2023,Hungarian,R,PER,53,82.295,MEDIUM,2,Tracción Comprometida
2023,Hungarian,R,PER,54,82.41,MEDIUM,2,Tracción Comprometida
2023,Hungarian,R,PER,55,82.473,MEDIUM,1,Lift and Coast
2023,Hungarian,R,PER,56,83.506,MEDIUM,2,Tracción Comprometida
2023,Hungarian,R,PER,57,82.484,MEDIUM,1,Lift and Coast
2023,Hungarian,R,PER,58,82.313,MEDIUM,2,Tracción Comprometida
2023,Hungarian,R,PER,59,82.57,MEDIUM,1,Lift and Coast
2023,Hungarian,R,PER,60,83.095,MEDIUM,0,Ritmo de carrera
2023,Hungarian,R,PER,61,83.862,MEDIUM,2,Tracción Comprometida
2023,Hungarian,R,PER,62,83.671,MEDIUM,2,Tracción Comprometida
2023,Hungarian,R,PER,63,83.813,MEDIUM,0,Ritmo de carrera
2023,Hungarian,R,PER,64,83.204,MEDIUM,2,Tracción Comprometida
2023,Hungarian,R,PER,65,83.932,MEDIUM,0,Ritmo de carrera
2023,Hungarian,R,PER,66,83.155,MEDIUM,0,Ritmo de carrera
2023,Hungarian,R,PER,67,82.945,MEDIUM,2,Tracción Comprometida
2023,Hungarian,R,PER,68,82.603,MEDIUM,0,Ritmo de carrera
2023,Hungarian,R,PER,69,82.579,MEDIUM,2,Tracción Comprometida
2023,Hungarian,R,PER,70,83.533,MEDIUM,2,Tracción Comprometida
2023,Hungarian,R,HAM,2,86.052,MEDIUM,2,Tracción Comprometida
2023,Hungarian,R,HAM,3,85.427,MEDIUM,2,Tracción Comprometida
2023,Hungarian,R,HAM,4,84.559,MEDIUM,1,Lift and Coast
2023,Hungarian,R,HAM,5,85.312,MEDIUM,1,Lift and Coast
2023,Hungarian,R,HAM,8,84.916,MEDIUM,1,Lift and Coast
2023,Hungarian,R,HAM,9,85.416,MEDIUM,1,Lift and Coast
2023,Hungarian,R,HAM,10,85.123,MEDIUM,1,Lift and Coast
2023,Hungarian,R,HAM,11,85.153,MEDIUM,1,Lift and Coast
2023,Hungarian,R,HAM,12,85.081,MEDIUM,1,Lift and Coast
2023,Hungarian,R,HAM,13,85.053,MEDIUM,1,Lift and Coast
2023,Hungarian,R,HAM,14,85.409,MEDIUM,1,Lift and Coast
2023,Hungarian,R,HAM,15,85.648,MEDIUM,1,Lift and Coast
2023,Hungarian,R,HAM,18,85.766,HARD,1,Lift and Coast
2023,Hungarian,R,HAM,19,85.538,HARD,1,Lift and Coast
2023,Hungarian,R,HAM,20,84.258,HARD,1,Lift and Coast
2023,Hungarian,R,HAM,21,84.403,HARD,1,Lift and Coast
2023,Hungarian,R,HAM,22,84.477,HARD,1,Lift and Coast
2023,Hungarian,R,HAM,23,84.285,HARD,1,Lift and Coast
2023,Hungarian,R,HAM,24,84.245,HARD,1,Lift and Coast
2023,Hungarian,R,HAM,25,84.063,HARD,1,Lift and Coast
2023,Hungarian,R,HAM,26,83.966,HARD,1,Lift and Coast
2023,Hungarian,R,HAM,27,84.193,HARD,1,Lift and Coast
2023,Hungarian,R,HAM,28,84.086,HARD,1,Lift and Coast
2023,Hungarian,R,HAM,29,84.055,HARD,1,Lift and Coast
2023,Hungarian,R,HAM,30,83.749,HARD,1,Lift and Coast
2023,Hungarian,R,HAM,31,83.852,HARD,1,Lift and Coast
2023,Hungarian,R,HAM,33,83.817,HARD,1,Lift and Coast
2023,Hungarian,R,HAM,35,83.851,HARD,1,Lift and Coast
2023,Hungarian,R,HAM,36,83.91,HARD,1,Lift and Coast
2023,Hungarian,R,HAM,37,83.907,HARD,1,Lift and Coast
2023,Hungarian,R,HAM,38,84.274,HARD,1,Lift and Coast
2023,Hungarian,R,HAM,39,84.35,HARD,1,Lift and Coast
2023,Hungarian,R,HAM,40,84.798,HARD,1,Lift and Coast
2023,Hungarian,R,HAM,41,84.584,HARD,1,Lift and Coast
2023,Hungarian,R,HAM,42,84.846,HARD,2,Tracción Comprometida
2023,Hungarian,R,HAM,43,84.573,HARD,1,Lift and Coast
2023,Hungarian,R,HAM,44,84.443,HARD,1,Lift and Coast
2023,Hungarian,R,HAM,45,84.574,HARD,2,Tracción Comprometida
2023,Hungarian,R,HAM,46,84.251,HARD,1,Lift and Coast
2023,Hungarian,R,HAM,47,84.202,HARD,2,Tracción Comprometida
2023,Hungarian,R,HAM,48,84.49,HARD,2,Tracción Comprometida
2023,Hungarian,R,HAM,52,82.385,MEDIUM,1,Lift and Coast
2023,Hungarian,R,HAM,53,82.083,MEDIUM,1,Lift and Coast
2023,Hungarian,R,HAM,54,81.601,MEDIUM,1,Lift and Coast
2023,Hungarian,R,HAM,55,82.202,MEDIUM,1,Lift and Coast
2023,Hungarian,R,HAM,56,83.009,MEDIUM,1,Lift and Coast
2023,Hungarian,R,HAM,57,83.094,MEDIUM,2,Tracción Comprometida
2023,Hungarian,R,HAM,59,82.597,MEDIUM,1,Lift and Coast
2023,Hungarian,R,HAM,60,81.97,MEDIUM,1,Lift and Coast
2023,Hungarian,R,HAM,61,82.127,MEDIUM,1,Lift and Coast
2023,Hungarian,R,HAM,62,82.056,MEDIUM,1,Lift and Coast
2023,Hungarian,R,HAM,63,82.439,MEDIUM,1,Lift and Coast
2023,Hungarian,R,HAM,64,82.252,MEDIUM,1,Lift and Coast
2023,Hungarian,R,HAM,65,82.669,MEDIUM,2,Tracción Comprometida
2023,Hungarian,R,HAM,66,82.342,MEDIUM,1,Lift and Coast
2023,Hungarian,R,HAM,67,81.995,MEDIUM,3,Vuelta de ataque
2023,Hungarian,R,HAM,68,82.125,MEDIUM,1,Lift and Coast
2023,Hungarian,R,HAM,69,82.35,MEDIUM,2,Tracción Comprometida
2023,Hungarian,R,HAM,70,83.429,MEDIUM,1,Lift and Coast
2023,Hungarian,R,PIA,2,85.617,MEDIUM,1,Lift and Coast
2023,Hungarian,R,PIA,3,85.115,MEDIUM,1,Lift and Coast
2023,Hungarian,R,PIA,4,84.885,MEDIUM,1,Lift and Coast
2023,Hungarian,R,PIA,5,84.927,MEDIUM,1,Lift and Coast
2023,Hungarian,R,PIA,6,84.841,MEDIUM,1,Lift and Coast
2023,Hungarian,R,PIA,7,84.92,MEDIUM,1,Lift and Coast
2023,Hungarian,R,PIA,8,84.751,MEDIUM,1,Lift and Coast
2023,Hungarian,R,PIA,9,84.98,MEDIUM,1,Lift and Coast
2023,Hungarian,R,PIA,10,84.729,MEDIUM,1,Lift and Coast
2023,Hungarian,R,PIA,11,85.086,MEDIUM,1,Lift and Coast
2023,Hungarian,R,PIA,12,85.008,MEDIUM,1,Lift and Coast
2023,Hungarian,R,PIA,13,84.775,MEDIUM,1,Lift and Coast
2023,Hungarian,R,PIA,14,85.162,MEDIUM,0,Ritmo de carrera
2023,Hungarian,R,PIA,15,85.013,MEDIUM,1,Lift and Coast
2023,Hungarian,R,PIA,16,85.039,MEDIUM,1,Lift and Coast
2023,Hungarian,R,PIA,17,84.819,MEDIUM,1,Lift and Coast
2023,Hungarian,R,PIA,20,84.494,HARD,1,Lift and Coast
2023,Hungarian,R,PIA,21,83.972,HARD,2,Tracción Comprometida
2023,Hungarian,R,PIA,22,83.891,HARD,0,Ritmo de carrera
2023,Hungarian,R,PIA,23,84.123,HARD,2,Tracción Comprometida
2023,Hungarian,R,PIA,24,84.0,HARD,2,Tracción Comprometida
2023,Hungarian,R,PIA,25,83.93,HARD,1,Lift and Coast
2023,Hungarian,R,PIA,26,83.876,HARD,0,Ritmo de carrera
2023,Hungarian,R,PIA,27,84.279,HARD,0,Ritmo de carrera
2023,Hungarian,R,PIA,28,84.539,HARD,1,Lift and Coast
2023,Hungarian,R,PIA,29,84.778,HARD,2,Tracción Comprometida
2023,Hungarian,R,PIA,30,84.473,HARD,2,Tracción Comprometida
2023,Hungarian,R,PIA,31,84.573,HARD,1,Lift and Coast
2023,Hungarian,R,PIA,32,84.769,HARD,1,Lift and Coast
2023,Hungarian,R,PIA,33,84.768,HARD,1,Lift and Coast
2023,Hungarian,R,PIA,34,84.727,HARD,2,Tracción Comprometida
2023,Hungarian,R,PIA,35,84.572,HARD,1,Lift and Coast
2023,Hungarian,R,PIA,36,84.429,HARD,1,Lift and Coast
2023,Hungarian,R,PIA,37,84.531,HARD,1,Lift and Coast
2023,Hungarian,R,PIA,38,84.719,HARD,2,Tracción Comprometida
2023,Hungarian,R,PIA,39,84.701,HARD,0,Ritmo de carrera
2023,Hungarian,R,PIA,40,85.186,HARD,2,Tracción Comprometida
2023,Hungarian,R,PIA,41,85.165,HARD,0,Ritmo de carrera
2023,Hungarian,R,PIA,44,83.476,MEDIUM,1,Lift and Coast
2023,Hungarian,R,PIA,45,82.736,MEDIUM,1,Lift and Coast
2023,Hungarian,R,PIA,46,83.212,MEDIUM,2,Tracción Comprometida
2023,Hungarian,R,PIA,47,85.169,MEDIUM,1,Lift and Coast
2023,Hungarian,R,PIA,48,84.516,MEDIUM,1,Lift and Coast
2023,Hungarian,R,PIA,49,83.401,MEDIUM,1,Lift and Coast
2023,Hungarian,R,PIA,50,83.15,MEDIUM,1,Lift and Coast
2023,Hungarian,R,PIA,51,83.305,MEDIUM,1,Lift and Coast
2023,Hungarian,R,PIA,52,83.456,MEDIUM,1,Lift and Coast
2023,Hungarian,R,PIA,53,83.458,MEDIUM,1,Lift and Coast
2023,Hungarian,R,PIA,54,83.288,MEDIUM,1,Lift and Coast
2023,Hungarian,R,PIA,55,83.782,MEDIUM,1,Lift and Coast
2023,Hungarian,R,PIA,56,83.914,MEDIUM,1,Lift and Coast
2023,Hungarian,R,PIA,57,85.347,MEDIUM,1,Lift and Coast
2023,Hungarian,R,PIA,58,84.464,MEDIUM,1,Lift and Coast
2023,Hungarian,R,PIA,59,83.748,MEDIUM,1,Lift and Coast
2023,Hungarian,R,PIA,60,83.653,MEDIUM,2,Tracción Comprometida
2023,Hungarian,R,PIA,61,83.747,MEDIUM,1,Lift and Coast
2023,Hungarian,R,PIA,62,83.802,MEDIUM,1,Lift and Coast
2023,Hungarian,R,PIA,63,83.895,MEDIUM,0,Ritmo de carrera
2023,Hungarian,R,PIA,64,83.815,MEDIUM,1,Lift and Coast
2023,Hungarian,R,PIA,65,83.991,MEDIUM,1,Lift and Coast
2023,Hungarian,R,PIA,66,83.787,MEDIUM,1,Lift and Coast
2023,Hungarian,R,PIA,67,84.053,MEDIUM,1,Lift and Coast
2023,Hungarian,R,PIA,68,85.152,MEDIUM,1,Lift and Coast
2023,Hungarian,R,PIA,69,84.439,MEDIUM,1,Lift and Coast
2023,Hungarian,R,PIA,70,84.503,MEDIUM,1,Lift and Coast
2023,Hungarian,R,RUS,7,85.84,HARD,1,Lift and Coast
2023,Hungarian,R,RUS,10,85.234,HARD,1,Lift and Coast
2023,Hungarian,R,RUS,14,85.846,HARD,1,Lift and Coast
2023,Hungarian,R,RUS,16,85.268,HARD,1,Lift and Coast
2023,Hungarian,R,RUS,17,85.215,HARD,1,Lift and Coast
2023,Hungarian,R,RUS,18,85.925,HARD,1,Lift and Coast
2023,Hungarian,R,RUS,20,85.267,HARD,1,Lift and Coast
2023,Hungarian,R,RUS,21,85.405,HARD,1,Lift and Coast
2023,Hungarian,R,RUS,22,85.328,HARD,1,Lift and Coast
2023,Hungarian,R,RUS,23,85.262,HARD,1,Lift and Coast
2023,Hungarian,R,RUS,24,85.017,HARD,1,Lift and Coast
2023,Hungarian,R,RUS,26,85.561,HARD,1,Lift and Coast
2023,Hungarian,R,RUS,27,85.798,HARD,1,Lift and Coast
2023,Hungarian,R,RUS,31,83.24,MEDIUM,1,Lift and Coast
2023,Hungarian,R,RUS,34,84.392,MEDIUM,1,Lift and Coast
2023,Hungarian,R,RUS,35,83.628,MEDIUM,1,Lift and Coast
2023,Hungarian,R,RUS,36,83.573,MEDIUM,1,Lift and Coast
2023,Hungarian,R,RUS,37,83.605,MEDIUM,1,Lift and Coast
2023,Hungarian,R,RUS,38,83.861,MEDIUM,1,Lift and Coast
2023,Hungarian,R,RUS,39,83.957,MEDIUM,1,Lift and Coast
2023,Hungarian,R,RUS,40,83.9,MEDIUM,1,Lift and Coast
2023,Hungarian,R,RUS,43,83.697,MEDIUM,0,Ritmo de carrera
2023,Hungarian,R,RUS,44,83.289,MEDIUM,1,Lift and Coast
2023,Hungarian,R,RUS,45,83.485,MEDIUM,1,Lift and Coast
2023,Hungarian,R,RUS,46,85.421,MEDIUM,1,Lift and Coast
2023,Hungarian,R,RUS,48,82.158,MEDIUM,1,Lift and Coast
2023,Hungarian,R,RUS,49,82.579,MEDIUM,1,Lift and Coast
2023,Hungarian,R,RUS,50,82.338,MEDIUM,1,Lift and Coast
2023,Hungarian,R,RUS,52,82.606,MEDIUM,1,Lift and Coast
2023,Hungarian,R,RUS,53,82.628,MEDIUM,1,Lift and Coast
2023,Hungarian,R,RUS,54,82.657,MEDIUM,1,Lift and Coast
2023,Hungarian,R,RUS,56,82.83,MEDIUM,1,Lift and Coast
2023,Hungarian,R,RUS,57,83.211,MEDIUM,1,Lift and Coast
2023,Hungarian,R,RUS,58,83.58,MEDIUM,1,Lift and Coast
2023,Hungarian,R,RUS,59,83.295,MEDIUM,1,Lift and Coast
2023,Hungarian,R,RUS,62,83.328,MEDIUM,1,Lift and Coast
2023,Hungarian,R,RUS,63,82.957,MEDIUM,1,Lift and Coast
2023,Hungarian,R,RUS,64,83.723,MEDIUM,1,Lift and Coast
2023,Hungarian,R,RUS,65,82.954,MEDIUM,1,Lift and Coast
2023,Hungarian,R,RUS,67,82.579,MEDIUM,1,Lift and Coast
2023,Hungarian,R,RUS,68,83.117,MEDIUM,1,Lift and Coast
2023,Hungarian,R,RUS,69,82.992,MEDIUM,0,Ritmo de carrera
2023,Hungarian,R,RUS,70,84.254,MEDIUM,0,Ritmo de carrera
2023,Hungarian,R,LEC,3,85.649,MEDIUM,2,Tracción Comprometida
2023,Hungarian,R,LEC,4,85.239,MEDIUM,2,Tracción Comprometida
2023,Hungarian,R,LEC,5,85.212,MEDIUM,2,Tracción Comprometida
2023,Hungarian,R,LEC,6,85.092,MEDIUM,2,Tracción Comprometida
2023,Hungarian,R,LEC,7,85.14,MEDIUM,2,Tracción Comprometida
2023,Hungarian,R,LEC,8,85.465,MEDIUM,2,Tracción Comprometida
2023,Hungarian,R,LEC,9,85.269,MEDIUM,2,Tracción Comprometida
2023,Hungarian,R,LEC,10,85.052,MEDIUM,2,Tracción Comprometida
2023,Hungarian,R,LEC,11,85.061,MEDIUM,2,Tracción Comprometida
2023,Hungarian,R,LEC,12,85.236,MEDIUM,2,Tracción Comprometida
2023,Hungarian,R,LEC,13,85.324,MEDIUM,2,Tracción Comprometida
2023,Hungarian,R,LEC,14,85.675,MEDIUM,2,Tracción Comprometida
2023,Hungarian,R,LEC,15,85.561,MEDIUM,2,Tracción Comprometida
2023,Hungarian,R,LEC,16,85.644,MEDIUM,2,Tracción Comprometida
2023,Hungarian,R,LEC,19,84.487,HARD,2,Tracción Comprometida
2023,Hungarian,R,LEC,20,84.375,HARD,2,Tracción Comprometida
2023,Hungarian,R,LEC,21,84.554,HARD,2,Tracción Comprometida
2023,Hungarian,R,LEC,22,84.552,HARD,2,Tracción Comprometida
2023,Hungarian,R,LEC,23,84.415,HARD,2,Tracción Comprometida
2023,Hungarian,R,LEC,24,84.149,HARD,2,Tracción Comprometida
2023,Hungarian,R,LEC,25,84.842,HARD,2,Tracción Comprometida
2023,Hungarian,R,LEC,27,85.279,HARD,2,Tracción Comprometida
2023,Hungarian,R,LEC,28,85.443,HARD,2,Tracción Comprometida
2023,Hungarian,R,LEC,29,84.572,HARD,2,Tracción Comprometida
2023,Hungarian,R,LEC,30,84.383,HARD,2,Tracción Comprometida
2023,Hungarian,R,LEC,32,84.565,HARD,2,Tracción Comprometida
2023,Hungarian,R,LEC,33,84.58,HARD,2,Tracción Comprometida
2023,Hungarian,R,LEC,34,84.608,HARD,2,Tracción Comprometida
2023,Hungarian,R,LEC,35,84.587,HARD,2,Tracción Comprometida
2023,Hungarian,R,LEC,36,84.508,HARD,2,Tracción Comprometida
2023,Hungarian,R,LEC,38,84.937,HARD,2,Tracción Comprometida
2023,Hungarian,R,LEC,40,85.15,HARD,2,Tracción Comprometida
2023,Hungarian,R,LEC,41,84.654,HARD,2,Tracción Comprometida
2023,Hungarian,R,LEC,46,82.999,HARD,2,Tracción Comprometida
2023,Hungarian,R,LEC,47,82.82,HARD,2,Tracción Comprometida
2023,Hungarian,R,LEC,48,82.573,HARD,2,Tracción Comprometida
2023,Hungarian,R,LEC,52,82.693,HARD,2,Tracción Comprometida
2023,Hungarian,R,LEC,54,82.814,HARD,2,Tracción Comprometida
2023,Hungarian,R,LEC,55,82.672,HARD,2,Tracción Comprometida
2023,Hungarian,R,LEC,56,83.016,HARD,2,Tracción Comprometida
2023,Hungarian,R,LEC,61,83.665,HARD,2,Tracción Comprometida
2023,Hungarian,R,LEC,62,83.169,HARD,2,Tracción Comprometida
2023,Hungarian,R,LEC,64,83.977,HARD,2,Tracción Comprometida
2023,Hungarian,R,LEC,65,83.939,HARD,2,Tracción Comprometida
2023,Hungarian,R,LEC,66,83.483,HARD,2,Tracción Comprometida
2023,Hungarian,R,LEC,68,84.396,HARD,2,Tracción Comprometida
2023,Hungarian,R,SAI,3,86.062,SOFT,2,Tracción Comprometida
2023,Hungarian,R,SAI,4,85.316,SOFT,0,Ritmo de carrera
2023,Hungarian,R,SAI,5,85.339,SOFT,2,Tracción Comprometida
2023,Hungarian,R,SAI,6,85.416,SOFT,2,Tracción Comprometida
2023,Hungarian,R,SAI,7,85.662,SOFT,2,Tracción Comprometida
2023,Hungarian,R,SAI,8,85.662,SOFT,2,Tracción Comprometida
2023,Hungarian,R,SAI,9,85.607,SOFT,2,Tracción Comprometida
2023,Hungarian,R,SAI,10,85.254,SOFT,2,Tracción Comprometida
2023,Hungarian,R,SAI,11,85.543,SOFT,2,Tracción Comprometida
2023,Hungarian,R,SAI,12,85.366,SOFT,2,Tracción Comprometida
2023,Hungarian,R,SAI,13,85.552,SOFT,2,Tracción Comprometida
2023,Hungarian,R,SAI,14,85.634,SOFT,2,Tracción Comprometida
2023,Hungarian,R,SAI,17,84.429,HARD,1,Lift and Coast
2023,Hungarian,R,SAI,18,84.966,HARD,2,Tracción Comprometida
2023,Hungarian,R,SAI,19,84.793,HARD,2,Tracción Comprometida
2023,Hungarian,R,SAI,20,84.508,HARD,1,Lift and Coast
2023,Hungarian,R,SAI,21,84.506,HARD,2,Tracción Comprometida
2023,Hungarian,R,SAI,22,84.667,HARD,2,Tracción Comprometida
2023,Hungarian,R,SAI,23,84.425,HARD,2,Tracción Comprometida
2023,Hungarian,R,SAI,24,84.363,HARD,2,Tracción Comprometida
2023,Hungarian,R,SAI,25,84.843,HARD,2,Tracción Comprometida
2023,Hungarian,R,SAI,26,85.196,HARD,2,Tracción Comprometida
2023,Hungarian,R,SAI,28,85.568,HARD,2,Tracción Comprometida
2023,Hungarian,R,SAI,29,84.265,HARD,2,Tracción Comprometida
2023,Hungarian,R,SAI,30,84.273,HARD,2,Tracción Comprometida
2023,Hungarian,R,SAI,31,84.273,HARD,2,Tracción Comprometida
2023,Hungarian,R,SAI,32,84.7,HARD,2,Tracción Comprometida
2023,Hungarian,R,SAI,33,84.475,HARD,2,Tracción Comprometida
2023,Hungarian,R,SAI,34,84.525,HARD,2,Tracción Comprometida
2023,Hungarian,R,SAI,35,84.399,HARD,2,Tracción Comprometida
2023,Hungarian,R,SAI,36,84.496,HARD,2,Tracción Comprometida
2023,Hungarian,R,SAI,37,84.583,HARD,2,Tracción Comprometida
2023,Hungarian,R,SAI,38,84.86,HARD,2,Tracción Comprometida
2023,Hungarian,R,SAI,39,84.933,HARD,2,Tracción Comprometida
2023,Hungarian,R,SAI,40,84.85,HARD,2,Tracción Comprometida
2023,Hungarian,R,SAI,41,84.665,HARD,2,Tracción Comprometida
2023,Hungarian,R,SAI,42,84.851,HARD,1,Lift and Coast
2023,Hungarian,R,SAI,43,85.197,HARD,2,Tracción Comprometida
2023,Hungarian,R,SAI,46,83.297,HARD,2,Tracción Comprometida
2023,Hungarian,R,SAI,47,83.183,HARD,1,Lift and Coast
2023,Hungarian,R,SAI,48,83.096,HARD,1,Lift and Coast
2023,Hungarian,R,SAI,49,82.888,HARD,2,Tracción Comprometida
2023,Hungarian,R,SAI,50,82.777,HARD,2,Tracción Comprometida
2023,Hungarian,R,SAI,51,82.718,HARD,2,Tracción Comprometida
2023,Hungarian,R,SAI,52,82.661,HARD,2,Tracción Comprometida
2023,Hungarian,R,SAI,53,82.807,HARD,2,Tracción Comprometida
2023,Hungarian,R,SAI,54,82.584,HARD,2,Tracción Comprometida
2023,Hungarian,R,SAI,55,82.835,HARD,2,Tracción Comprometida
2023,Hungarian,R,SAI,56,82.845,HARD,2,Tracción Comprometida
2023,Hungarian,R,SAI,57,83.36,HARD,2,Tracción Comprometida
2023,Hungarian,R,SAI,58,83.604,HARD,2,Tracción Comprometida
2023,Hungarian,R,SAI,59,83.203,HARD,2,Tracción Comprometida
2023,Hungarian,R,SAI,60,83.706,HARD,2,Tracción Comprometida
2023,Hungarian,R,SAI,61,83.505,HARD,2,Tracción Comprometida
2023,Hungarian,R,SAI,62,83.712,HARD,2,Tracción Comprometida
2023,Hungarian,R,SAI,63,83.842,HARD,2,Tracción Comprometida
2023,Hungarian,R,SAI,64,84.291,HARD,2,Tracción Comprometida
2023,Hungarian,R,SAI,65,85.399,HARD,2,Tracción Comprometida
2023,Hungarian,R,SAI,66,83.917,HARD,2,Tracción Comprometida
2023,Hungarian,R,SAI,67,83.51,HARD,2,Tracción Comprometida
2023,Hungarian,R,SAI,68,83.51,HARD,2,Tracción Comprometida
2023,Hungarian,R,SAI,69,83.443,HARD,2,Tracción Comprometida
2023,Hungarian,R,SAI,70,84.177,HARD,2,Tracción Comprometida
2023,Hungarian,R,ALO,3,85.912,MEDIUM,0,Ritmo de carrera
2023,Hungarian,R,ALO,4,85.902,MEDIUM,1,Lift and Coast
2023,Hungarian,R,ALO,5,85.949,MEDIUM,0,Ritmo de carrera
2023,Hungarian,R,ALO,6,85.504,MEDIUM,0,Ritmo de carrera
2023,Hungarian,R,ALO,7,85.564,MEDIUM,0,Ritmo de carrera
2023,Hungarian,R,ALO,10,85.503,MEDIUM,0,Ritmo de carrera
2023,Hungarian,R,ALO,11,85.164,MEDIUM,0,Ritmo de carrera
2023,Hungarian,R,ALO,12,85.171,MEDIUM,0,Ritmo de carrera
2023,Hungarian,R,ALO,13,85.459,MEDIUM,1,Lift and Coast
2023,Hungarian,R,ALO,14,85.25,MEDIUM,0,Ritmo de carrera
2023,Hungarian,R,ALO,15,85.493,MEDIUM,0,Ritmo de carrera
2023,Hungarian,R,ALO,16,85.329,MEDIUM,0,Ritmo de carrera
2023,Hungarian,R,ALO,17,85.169,MEDIUM,0,Ritmo de carrera
2023,Hungarian,R,ALO,18,85.137,MEDIUM,0,Ritmo de carrera
2023,Hungarian,R,ALO,19,85.078,MEDIUM,0,Ritmo de carrera
2023,Hungarian,R,ALO,22,85.8,HARD,0,Ritmo de carrera
2023,Hungarian,R,ALO,23,85.325,HARD,0,Ritmo de carrera
2023,Hungarian,R,ALO,24,85.31,HARD,0,Ritmo de carrera
2023,Hungarian,R,ALO,25,84.758,HARD,1,Lift and Coast
2023,Hungarian,R,ALO,26,84.597,HARD,0,Ritmo de carrera
2023,Hungarian,R,ALO,27,84.822,HARD,0,Ritmo de carrera
2023,Hungarian,R,ALO,28,84.914,HARD,0,Ritmo de carrera
2023,Hungarian,R,ALO,29,84.581,HARD,0,Ritmo de carrera
2023,Hungarian,R,ALO,30,84.812,HARD,0,Ritmo de carrera
2023,Hungarian,R,ALO,31,84.665,HARD,1,Lift and Coast
2023,Hungarian,R,ALO,32,84.415,HARD,0,Ritmo de carrera
2023,Hungarian,R,ALO,33,84.349,HARD,0,Ritmo de carrera
2023,Hungarian,R,ALO,34,84.816,HARD,0,Ritmo de carrera
2023,Hungarian,R,ALO,35,84.654,HARD,0,Ritmo de carrera
2023,Hungarian,R,ALO,36,84.578,HARD,0,Ritmo de carrera
2023,Hungarian,R,ALO,37,84.644,HARD,0,Ritmo de carrera
2023,Hungarian,R,ALO,38,84.848,HARD,0,Ritmo de carrera
2023,Hungarian,R,ALO,39,85.19,HARD,0,Ritmo de carrera
2023,Hungarian,R,ALO,40,84.729,HARD,0,Ritmo de carrera
2023,Hungarian,R,ALO,41,84.864,HARD,0,Ritmo de carrera
2023,Hungarian,R,ALO,42,84.692,HARD,0,Ritmo de carrera
2023,Hungarian,R,ALO,45,83.384,HARD,0,Ritmo de carrera
2023,Hungarian,R,ALO,46,83.293,HARD,1,Lift and Coast
2023,Hungarian,R,ALO,47,84.11,HARD,1,Lift and Coast
2023,Hungarian,R,ALO,48,83.069,HARD,0,Ritmo de carrera
2023,Hungarian,R,ALO,49,82.992,HARD,0,Ritmo de carrera
2023,Hungarian,R,ALO,50,82.963,HARD,0,Ritmo de carrera
2023,Hungarian,R,ALO,51,82.745,HARD,0,Ritmo de carrera
2023,Hungarian,R,ALO,52,82.757,HARD,1,Lift and Coast
2023,Hungarian,R,ALO,53,82.991,HARD,3,Vuelta de ataque
2023,Hungarian,R,ALO,54,82.893,HARD,0,Ritmo de carrera
2023,Hungarian,R,ALO,55,82.842,HARD,0,Ritmo de carrera
2023,Hungarian,R,ALO,56,83.077,HARD,0,Ritmo de carrera
2023,Hungarian,R,ALO,57,83.015,HARD,0,Ritmo de carrera
2023,Hungarian,R,ALO,58,83.03,HARD,0,Ritmo de carrera
2023,Hungarian,R,ALO,59,83.029,HARD,0,Ritmo de carrera
2023,Hungarian,R,ALO,60,83.195,HARD,0,Ritmo de carrera
2023,Hungarian,R,ALO,61,83.194,HARD,0,Ritmo de carrera
2023,Hungarian,R,ALO,62,83.209,HARD,3,Vuelta de ataque
2023,Hungarian,R,ALO,63,83.451,HARD,0,Ritmo de carrera
2023,Hungarian,R,ALO,64,83.472,HARD,0,Ritmo de carrera
2023,Hungarian,R,ALO,65,83.714,HARD,3,Vuelta de ataque
2023,Hungarian,R,ALO,66,83.453,HARD,0,Ritmo de carrera
2023,Hungarian,R,ALO,67,83.675,HARD,3,Vuelta de ataque
2023,Hungarian,R,ALO,68,83.501,HARD,0,Ritmo de carrera
2023,Hungarian,R,ALO,69,83.465,HARD,0,Ritmo de carrera
2023,Hungarian,R,ALO,70,84.181,HARD,0,Ritmo de carrera
2023,Hungarian,R,STR,4,85.921,SOFT,0,Ritmo de carrera
2023,Hungarian,R,STR,5,85.922,SOFT,0,Ritmo de carrera
2023,Hungarian,R,STR,6,85.688,SOFT,0,Ritmo de carrera
2023,Hungarian,R,STR,7,85.746,SOFT,0,Ritmo de carrera
2023,Hungarian,R,STR,11,84.831,HARD,0,Ritmo de carrera
2023,Hungarian,R,STR,12,84.859,HARD,1,Lift and Coast
2023,Hungarian,R,STR,13,84.619,HARD,0,Ritmo de carrera
2023,Hungarian,R,STR,14,84.61,HARD,1,Lift and Coast
2023,Hungarian,R,STR,15,84.815,HARD,0,Ritmo de carrera
2023,Hungarian,R,STR,16,85.512,HARD,1,Lift and Coast
2023,Hungarian,R,STR,17,84.862,HARD,0,Ritmo de carrera
2023,Hungarian,R,STR,18,85.158,HARD,0,Ritmo de carrera
2023,Hungarian,R,STR,19,85.054,HARD,0,Ritmo de carrera
2023,Hungarian,R,STR,21,85.433,HARD,0,Ritmo de carrera
2023,Hungarian,R,STR,22,85.042,HARD,1,Lift and Coast
2023,Hungarian,R,STR,23,85.408,HARD,1,Lift and Coast
2023,Hungarian,R,STR,24,85.133,HARD,0,Ritmo de carrera
2023,Hungarian,R,STR,25,85.182,HARD,0,Ritmo de carrera
2023,Hungarian,R,STR,26,85.128,HARD,0,Ritmo de carrera
2023,Hungarian,R,STR,27,85.54,HARD,0,Ritmo de carrera
2023,Hungarian,R,STR,28,85.51,HARD,0,Ritmo de carrera
2023,Hungarian,R,STR,30,85.675,HARD,1,Lift and Coast
2023,Hungarian,R,STR,31,85.412,HARD,0,Ritmo de carrera
2023,Hungarian,R,STR,32,85.371,HARD,0,Ritmo de carrera
2023,Hungarian,R,STR,33,85.351,HARD,0,Ritmo de carrera
2023,Hungarian,R,STR,36,83.967,HARD,0,Ritmo de carrera
2023,Hungarian,R,STR,37,84.265,HARD,0,Ritmo de carrera
2023,Hungarian,R,STR,38,84.757,HARD,0,Ritmo de carrera
2023,Hungarian,R,STR,39,83.898,HARD,0,Ritmo de carrera
2023,Hungarian,R,STR,40,84.051,HARD,0,Ritmo de carrera
2023,Hungarian,R,STR,41,84.046,HARD,0,Ritmo de carrera
2023,Hungarian,R,STR,42,84.689,HARD,0,Ritmo de carrera
2023,Hungarian,R,STR,43,83.65,HARD,0,Ritmo de carrera
2023,Hungarian,R,STR,44,84.104,HARD,1,Lift and Coast
2023,Hungarian,R,STR,45,83.877,HARD,0,Ritmo de carrera
2023,Hungarian,R,STR,46,83.842,HARD,0,Ritmo de carrera
2023,Hungarian,R,STR,47,84.233,HARD,1,Lift and Coast
2023,Hungarian,R,STR,48,83.786,HARD,0,Ritmo de carrera
2023,Hungarian,R,STR,49,83.763,HARD,1,Lift and Coast
2023,Hungarian,R,STR,50,83.703,HARD,0,Ritmo de carrera
2023,Hungarian,R,STR,51,83.479,HARD,0,Ritmo de carrera
2023,Hungarian,R,STR,52,83.891,HARD,0,Ritmo de carrera
2023,Hungarian,R,STR,53,83.8,HARD,1,Lift and Coast
2023,Hungarian,R,STR,54,83.425,HARD,0,Ritmo de carrera
2023,Hungarian,R,STR,55,84.07,HARD,0,Ritmo de carrera
2023,Hungarian,R,STR,56,84.17,HARD,0,Ritmo de carrera
2023,Hungarian,R,STR,57,83.855,HARD,0,Ritmo de carrera
2023,Hungarian,R,STR,58,83.895,HARD,0,Ritmo de carrera
2023,Hungarian,R,STR,59,83.783,HARD,0,Ritmo de carrera
2023,Hungarian,R,STR,60,83.636,HARD,0,Ritmo de carrera
2023,Hungarian,R,STR,61,84.035,HARD,0,Ritmo de carrera
2023,Hungarian,R,STR,62,84.06,HARD,0,Ritmo de carrera
2023,Hungarian,R,STR,63,84.125,HARD,0,Ritmo de carrera
2023,Hungarian,R,STR,64,83.987,HARD,1,Lift and Coast
2023,Hungarian,R,STR,66,84.217,HARD,0,Ritmo de carrera
2023,Hungarian,R,STR,67,84.207,HARD,0,Ritmo de carrera
2023,Hungarian,R,STR,68,84.346,HARD,1,Lift and Coast
2023,Hungarian,R,STR,69,85.228,HARD,1,Lift and Coast
2023,Hungarian,R,ALB,6,86.085,MEDIUM,0,Ritmo de carrera
2023,Hungarian,R,ALB,7,85.884,MEDIUM,2,Tracción Comprometida
2023,Hungarian,R,ALB,10,85.801,HARD,2,Tracción Comprometida
2023,Hungarian,R,ALB,11,84.834,HARD,0,Ritmo de carrera
2023,Hungarian,R,ALB,12,85.189,HARD,1,Lift and Coast
2023,Hungarian,R,ALB,13,85.078,HARD,1,Lift and Coast
2023,Hungarian,R,ALB,14,85.096,HARD,0,Ritmo de carrera
2023,Hungarian,R,ALB,15,85.205,HARD,0,Ritmo de carrera
2023,Hungarian,R,ALB,16,85.546,HARD,2,Tracción Comprometida
2023,Hungarian,R,ALB,17,85.487,HARD,2,Tracción Comprometida
2023,Hungarian,R,ALB,18,85.845,HARD,0,Ritmo de carrera
2023,Hungarian,R,ALB,19,85.543,HARD,0,Ritmo de carrera
2023,Hungarian,R,ALB,20,85.093,HARD,0,Ritmo de carrera
2023,Hungarian,R,ALB,21,85.826,HARD,2,Tracción Comprometida
2023,Hungarian,R,ALB,22,85.84,HARD,2,Tracción Comprometida
2023,Hungarian,R,ALB,23,86.077,HARD,0,Ritmo de carrera
2023,Hungarian,R,ALB,24,85.74,HARD,1,Lift and Coast
2023,Hungarian,R,ALB,25,85.585,HARD,2,Tracción Comprometida
2023,Hungarian,R,ALB,26,85.612,HARD,0,Ritmo de carrera
2023,Hungarian,R,ALB,27,85.69,HARD,0,Ritmo de carrera
2023,Hungarian,R,ALB,28,85.624,HARD,2,Tracción Comprometida
2023,Hungarian,R,ALB,29,85.592,HARD,1,Lift and Coast
2023,Hungarian,R,ALB,30,85.482,HARD,1,Lift and Coast
2023,Hungarian,R,ALB,33,84.37,HARD,1,Lift and Coast
2023,Hungarian,R,ALB,34,84.258,HARD,1,Lift and Coast
2023,Hungarian,R,ALB,35,84.884,HARD,1,Lift and Coast
2023,Hungarian,R,ALB,36,84.434,HARD,1,Lift and Coast
2023,Hungarian,R,ALB,37,85.247,HARD,2,Tracción Comprometida
2023,Hungarian,R,ALB,38,85.119,HARD,2,Tracción Comprometida
2023,Hungarian,R,ALB,39,84.816,HARD,1,Lift and Coast
2023,Hungarian,R,ALB,40,86.028,HARD,2,Tracción Comprometida
2023,Hungarian,R,ALB,41,84.557,HARD,2,Tracción Comprometida
2023,Hungarian,R,ALB,42,84.572,HARD,1,Lift and Coast
2023,Hungarian,R,ALB,43,84.329,HARD,1,Lift and Coast
2023,Hungarian,R,ALB,44,84.415,HARD,1,Lift and Coast
2023,Hungarian,R,ALB,45,84.444,HARD,0,Ritmo de carrera
2023,Hungarian,R,ALB,46,84.608,HARD,1,Lift and Coast
2023,Hungarian,R,ALB,47,84.138,HARD,1,Lift and Coast
2023,Hungarian,R,ALB,48,84.505,HARD,1,Lift and Coast
2023,Hungarian,R,ALB,49,84.317,HARD,2,Tracción Comprometida
2023,Hungarian,R,ALB,50,84.246,HARD,1,Lift and Coast
2023,Hungarian,R,ALB,51,84.078,HARD,2,Tracción Comprometida
2023,Hungarian,R,ALB,52,84.053,HARD,2,Tracción Comprometida
2023,Hungarian,R,ALB,53,84.342,HARD,2,Tracción Comprometida
2023,Hungarian,R,ALB,54,84.051,HARD,1,Lift and Coast
2023,Hungarian,R,ALB,55,84.054,HARD,2,Tracción Comprometida
2023,Hungarian,R,ALB,56,84.193,HARD,0,Ritmo de carrera
2023,Hungarian,R,ALB,57,84.194,HARD,1,Lift and Coast
2023,Hungarian,R,ALB,58,85.899,HARD,2,Tracción Comprometida
2023,Hungarian,R,ALB,59,84.175,HARD,1,Lift and Coast
2023,Hungarian,R,ALB,60,84.353,HARD,1,Lift and Coast
2023,Hungarian,R,ALB,61,84.277,HARD,2,Tracción Comprometida
2023,Hungarian,R,ALB,62,84.264,HARD,1,Lift and Coast
2023,Hungarian,R,ALB,63,84.21,HARD,0,Ritmo de carrera
2023,Hungarian,R,ALB,64,84.067,HARD,1,Lift and Coast
2023,Hungarian,R,ALB,65,84.057,HARD,1,Lift and Coast
2023,Hungarian,R,ALB,66,84.265,HARD,0,Ritmo de carrera
2023,Hungarian,R,ALB,67,84.103,HARD,2,Tracción Comprometida
2023,Hungarian,R,ALB,68,84.07,HARD,0,Ritmo de carrera
2023,Hungarian,R,ALB,69,84.137,HARD,2,Tracción Comprometida
2023,Hungarian,R,BOT,4,85.966,MEDIUM,0,Ritmo de carrera
2023,Hungarian,R,BOT,5,85.991,MEDIUM,0,Ritmo de carrera
2023,Hungarian,R,BOT,6,85.73,MEDIUM,0,Ritmo de carrera
2023,Hungarian,R,BOT,7,85.738,MEDIUM,0,Ritmo de carrera
2023,Hungarian,R,BOT,8,86.076,MEDIUM,0,Ritmo de carrera
2023,Hungarian,R,BOT,11,84.246,HARD,1,Lift and Coast
2023,Hungarian,R,BOT,12,84.648,HARD,0,Ritmo de carrera
2023,Hungarian,R,BOT,13,84.851,HARD,0,Ritmo de carrera
2023,Hungarian,R,BOT,14,84.815,HARD,0,Ritmo de carrera
2023,Hungarian,R,BOT,15,84.92,HARD,1,Lift and Coast
2023,Hungarian,R,BOT,16,85.33,HARD,0,Ritmo de carrera
2023,Hungarian,R,BOT,17,84.995,HARD,0,Ritmo de carrera
2023,Hungarian,R,BOT,19,85.312,HARD,1,Lift and Coast
2023,Hungarian,R,BOT,20,84.907,HARD,0,Ritmo de carrera
2023,Hungarian,R,BOT,21,85.341,HARD,0,Ritmo de carrera
2023,Hungarian,R,BOT,23,85.805,HARD,0,Ritmo de carrera
2023,Hungarian,R,BOT,24,85.791,HARD,1,Lift and Coast
2023,Hungarian,R,BOT,25,85.224,HARD,0,Ritmo de carrera
2023,Hungarian,R,BOT,26,85.489,HARD,0,Ritmo de carrera
2023,Hungarian,R,BOT,27,85.517,HARD,0,Ritmo de carrera
2023,Hungarian,R,BOT,28,85.226,HARD,1,Lift and Coast
2023,Hungarian,R,BOT,29,85.352,HARD,1,Lift and Coast
2023,Hungarian,R,BOT,30,85.261,HARD,1,Lift and Coast
2023,Hungarian,R,BOT,31,85.157,HARD,0,Ritmo de carrera
2023,Hungarian,R,BOT,32,85.422,HARD,1,Lift and Coast
2023,Hungarian,R,BOT,33,85.473,HARD,1,Lift and Coast
2023,Hungarian,R,BOT,34,85.608,HARD,0,Ritmo de carrera
2023,Hungarian,R,BOT,36,85.444,HARD,1,Lift and Coast
2023,Hungarian,R,BOT,37,85.266,HARD,1,Lift and Coast
2023,Hungarian,R,BOT,38,85.334,HARD,1,Lift and Coast
2023,Hungarian,R,BOT,39,85.272,HARD,1,Lift and Coast
2023,Hungarian,R,BOT,42,83.651,HARD,0,Ritmo de carrera
2023,Hungarian,R,BOT,43,84.214,HARD,0,Ritmo de carrera
2023,Hungarian,R,BOT,44,84.104,HARD,1,Lift and Coast
2023,Hungarian,R,BOT,45,84.226,HARD,0,Ritmo de carrera
2023,Hungarian,R,BOT,46,84.205,HARD,2,Tracción Comprometida
2023,Hungarian,R,BOT,47,84.423,HARD,2,Tracción Comprometida
2023,Hungarian,R,BOT,48,84.302,HARD,0,Ritmo de carrera
2023,Hungarian,R,BOT,49,84.292,HARD,0,Ritmo de carrera
2023,Hungarian,R,BOT,50,84.488,HARD,0,Ritmo de carrera
2023,Hungarian,R,BOT,51,83.81,HARD,0,Ritmo de carrera
2023,Hungarian,R,BOT,52,84.059,HARD,2,Tracción Comprometida
2023,Hungarian,R,BOT,53,84.309,HARD,0,Ritmo de carrera
2023,Hungarian,R,BOT,54,84.09,HARD,0,Ritmo de carrera
2023,Hungarian,R,BOT,55,84.097,HARD,0,Ritmo de carrera
2023,Hungarian,R,BOT,56,84.496,HARD,0,Ritmo de carrera
2023,Hungarian,R,BOT,57,85.382,HARD,0,Ritmo de carrera
2023,Hungarian,R,BOT,58,84.748,HARD,0,Ritmo de carrera
2023,Hungarian,R,BOT,59,83.808,HARD,0,Ritmo de carrera
2023,Hungarian,R,BOT,60,85.32,HARD,0,Ritmo de carrera
2023,Hungarian,R,BOT,61,84.311,HARD,1,Lift and Coast
2023,Hungarian,R,BOT,62,84.056,HARD,2,Tracción Comprometida
2023,Hungarian,R,BOT,63,84.125,HARD,0,Ritmo de carrera
2023,Hungarian,R,BOT,64,84.236,HARD,0,Ritmo de carrera
2023,Hungarian,R,BOT,65,83.774,HARD,1,Lift and Coast
2023,Hungarian,R,BOT,66,83.918,HARD,3,Vuelta de ataque
2023,Hungarian,R,BOT,67,84.07,HARD,0,Ritmo de carrera
2023,Hungarian,R,BOT,68,83.964,HARD,2,Tracción Comprometida
2023,Hungarian,R,BOT,69,84.481,HARD,2,Tracción Comprometida
2023,Hungarian,R,RIC,9,85.915,MEDIUM,1,Lift and Coast
2023,Hungarian,R,RIC,11,86.003,MEDIUM,1,Lift and Coast
2023,Hungarian,R,RIC,12,85.791,MEDIUM,1,Lift and Coast
2023,Hungarian,R,RIC,13,85.837,MEDIUM,1,Lift and Coast
2023,Hungarian,R,RIC,14,85.507,MEDIUM,1,Lift and Coast
2023,Hungarian,R,RIC,15,85.398,MEDIUM,1,Lift and Coast
2023,Hungarian,R,RIC,16,85.233,MEDIUM,1,Lift and Coast
2023,Hungarian,R,RIC,20,84.86,HARD,1,Lift and Coast
2023,Hungarian,R,RIC,22,85.013,HARD,1,Lift and Coast
2023,Hungarian,R,RIC,23,85.462,HARD,1,Lift and Coast
2023,Hungarian,R,RIC,24,85.348,HARD,1,Lift and Coast
2023,Hungarian,R,RIC,25,85.674,HARD,1,Lift and Coast
2023,Hungarian,R,RIC,27,86.086,HARD,1,Lift and Coast
2023,Hungarian,R,RIC,28,85.844,HARD,1,Lift and Coast
2023,Hungarian,R,RIC,31,84.161,MEDIUM,1,Lift and Coast
2023,Hungarian,R,RIC,32,84.195,MEDIUM,1,Lift and Coast
2023,Hungarian,R,RIC,36,84.214,MEDIUM,1,Lift and Coast
2023,Hungarian,R,RIC,38,84.25,MEDIUM,1,Lift and Coast
2023,Hungarian,R,RIC,39,84.27,MEDIUM,1,Lift and Coast
2023,Hungarian,R,RIC,40,84.089,MEDIUM,1,Lift and Coast
2023,Hungarian,R,RIC,41,84.752,MEDIUM,1,Lift and Coast
2023,Hungarian,R,RIC,42,84.542,MEDIUM,1,Lift and Coast
2023,Hungarian,R,RIC,43,84.252,MEDIUM,1,Lift and Coast
2023,Hungarian,R,RIC,44,84.439,MEDIUM,1,Lift and Coast
2023,Hungarian,R,RIC,46,84.235,MEDIUM,1,Lift and Coast
2023,Hungarian,R,RIC,47,84.429,MEDIUM,1,Lift and Coast
2023,Hungarian,R,RIC,48,84.496,MEDIUM,1,Lift and Coast
2023,Hungarian,R,RIC,49,84.097,MEDIUM,1,Lift and Coast
2023,Hungarian,R,RIC,50,84.302,MEDIUM,1,Lift and Coast
2023,Hungarian,R,RIC,51,84.112,MEDIUM,1,Lift and Coast
2023,Hungarian,R,RIC,52,84.419,MEDIUM,1,Lift and Coast
2023,Hungarian,R,RIC,53,84.201,MEDIUM,1,Lift and Coast
2023,Hungarian,R,RIC,54,83.991,MEDIUM,1,Lift and Coast
2023,Hungarian,R,RIC,55,84.353,MEDIUM,1,Lift and Coast
2023,Hungarian,R,RIC,57,84.113,MEDIUM,1,Lift and Coast
2023,Hungarian,R,RIC,58,84.161,MEDIUM,1,Lift and Coast
2023,Hungarian,R,RIC,59,84.09,MEDIUM,1,Lift and Coast
2023,Hungarian,R,RIC,60,84.413,MEDIUM,1,Lift and Coast
2023,Hungarian,R,RIC,61,84.532,MEDIUM,1,Lift and Coast
2023,Hungarian,R,RIC,62,84.198,MEDIUM,1,Lift and Coast
2023,Hungarian,R,RIC,63,84.171,MEDIUM,1,Lift and Coast
2023,Hungarian,R,RIC,64,84.132,MEDIUM,1,Lift and Coast
2023,Hungarian,R,RIC,65,84.123,MEDIUM,3,Vuelta de ataque
2023,Hungarian,R,RIC,66,83.968,MEDIUM,1,Lift and Coast
2023,Hungarian,R,RIC,67,83.934,MEDIUM,1,Lift and Coast
2023,Hungarian,R,RIC,68,84.059,MEDIUM,1,Lift and Coast
2023,Hungarian,R,HUL,4,85.889,MEDIUM,1,Lift and Coast
2023,Hungarian,R,HUL,5,85.822,MEDIUM,0,Ritmo de carrera
2023,Hungarian,R,HUL,6,85.708,MEDIUM,0,Ritmo de carrera
2023,Hungarian,R,HUL,7,85.612,MEDIUM,0,Ritmo de carrera
2023,Hungarian,R,HUL,10,85.968,MEDIUM,0,Ritmo de carrera
2023,Hungarian,R,HUL,11,86.119,MEDIUM,0,Ritmo de carrera
2023,Hungarian,R,HUL,13,86.091,MEDIUM,1,Lift and Coast
2023,Hungarian,R,HUL,14,85.916,MEDIUM,1,Lift and Coast
2023,Hungarian,R,HUL,15,86.094,MEDIUM,3,Vuelta de ataque
2023,Hungarian,R,HUL,18,85.195,HARD,1,Lift and Coast
2023,Hungarian,R,HUL,19,85.604,HARD,1,Lift and Coast
2023,Hungarian,R,HUL,20,85.321,HARD,1,Lift and Coast
2023,Hungarian,R,HUL,21,85.512,HARD,1,Lift and Coast
2023,Hungarian,R,HUL,22,85.782,HARD,0,Ritmo de carrera
2023,Hungarian,R,HUL,23,86.099,HARD,1,Lift and Coast
2023,Hungarian,R,HUL,24,85.865,HARD,0,Ritmo de carrera
2023,Hungarian,R,HUL,25,85.745,HARD,1,Lift and Coast
2023,Hungarian,R,HUL,26,85.581,HARD,0,Ritmo de carrera
2023,Hungarian,R,HUL,27,85.844,HARD,1,Lift and Coast
2023,Hungarian,R,HUL,28,86.036,HARD,0,Ritmo de carrera
2023,Hungarian,R,HUL,29,85.316,HARD,0,Ritmo de carrera
2023,Hungarian,R,HUL,31,85.509,HARD,0,Ritmo de carrera
2023,Hungarian,R,HUL,32,85.617,HARD,0,Ritmo de carrera
2023,Hungarian,R,HUL,33,85.557,HARD,1,Lift and Coast
2023,Hungarian,R,HUL,34,85.729,HARD,1,Lift and Coast
2023,Hungarian,R,HUL,35,85.795,HARD,0,Ritmo de carrera
2023,Hungarian,R,HUL,36,85.808,HARD,1,Lift and Coast
2023,Hungarian,R,HUL,37,85.822,HARD,0,Ritmo de carrera
2023,Hungarian,R,HUL,40,84.192,HARD,0,Ritmo de carrera
2023,Hungarian,R,HUL,41,84.289,HARD,0,Ritmo de carrera
2023,Hungarian,R,HUL,42,83.573,HARD,0,Ritmo de carrera
2023,Hungarian,R,HUL,43,84.151,HARD,1,Lift and Coast
2023,Hungarian,R,HUL,44,84.621,HARD,1,Lift and Coast
2023,Hungarian,R,HUL,45,84.43,HARD,1,Lift and Coast
2023,Hungarian,R,HUL,46,84.233,HARD,1,Lift and Coast
2023,Hungarian,R,HUL,47,84.156,HARD,0,Ritmo de carrera
2023,Hungarian,R,HUL,48,84.077,HARD,0,Ritmo de carrera
2023,Hungarian,R,HUL,49,84.326,HARD,3,Vuelta de ataque
2023,Hungarian,R,HUL,50,84.472,HARD,0,Ritmo de carrera
2023,Hungarian,R,HUL,51,84.382,HARD,1,Lift and Coast
2023,Hungarian,R,HUL,52,84.11,HARD,0,Ritmo de carrera
2023,Hungarian,R,HUL,54,84.579,HARD,0,Ritmo de carrera
2023,Hungarian,R,HUL,55,84.426,HARD,0,Ritmo de carrera
2023,Hungarian,R,HUL,56,84.434,HARD,0,Ritmo de carrera
2023,Hungarian,R,HUL,57,84.501,HARD,1,Lift and Coast
2023,Hungarian,R,HUL,58,84.804,HARD,0,Ritmo de carrera
2023,Hungarian,R,HUL,59,84.371,HARD,0,Ritmo de carrera
2023,Hungarian,R,HUL,60,84.499,HARD,0,Ritmo de carrera
2023,Hungarian,R,HUL,61,84.756,HARD,0,Ritmo de carrera
2023,Hungarian,R,HUL,63,85.228,HARD,0,Ritmo de carrera
2023,Hungarian,R,HUL,66,84.973,HARD,0,Ritmo de carrera
2023,Hungarian,R,HUL,67,84.946,HARD,0,Ritmo de carrera
2023,Hungarian,R,HUL,68,84.815,HARD,1,Lift and Coast
2023,Hungarian,R,HUL,69,85.485,HARD,0,Ritmo de carrera
2023,Hungarian,R,TSU,11,84.738,HARD,1,Lift and Coast
2023,Hungarian,R,TSU,12,84.801,HARD,1,Lift and Coast
2023,Hungarian,R,TSU,14,85.131,HARD,1,Lift and Coast
2023,Hungarian,R,TSU,16,85.15,HARD,1,Lift and Coast
2023,Hungarian,R,TSU,17,85.438,HARD,1,Lift and Coast
2023,Hungarian,R,TSU,19,85.519,HARD,1,Lift and Coast
2023,Hungarian,R,TSU,20,85.21,HARD,1,Lift and Coast
2023,Hungarian,R,TSU,21,85.639,HARD,1,Lift and Coast
2023,Hungarian,R,TSU,22,85.911,HARD,1,Lift and Coast
2023,Hungarian,R,TSU,23,85.908,HARD,1,Lift and Coast
2023,Hungarian,R,TSU,24,85.925,HARD,1,Lift and Coast
2023,Hungarian,R,TSU,25,85.593,HARD,1,Lift and Coast
2023,Hungarian,R,TSU,26,85.644,HARD,1,Lift and Coast
2023,Hungarian,R,TSU,27,85.901,HARD,1,Lift and Coast
2023,Hungarian,R,TSU,29,85.736,HARD,1,Lift and Coast
2023,Hungarian,R,TSU,30,85.752,HARD,1,Lift and Coast
2023,Hungarian,R,TSU,32,85.527,HARD,1,Lift and Coast
2023,Hungarian,R,TSU,33,85.458,HARD,1,Lift and Coast
2023,Hungarian,R,TSU,34,85.434,HARD,1,Lift and Coast
2023,Hungarian,R,TSU,35,85.442,HARD,1,Lift and Coast
2023,Hungarian,R,TSU,38,86.105,HARD,1,Lift and Coast
2023,Hungarian,R,TSU,39,85.905,HARD,1,Lift and Coast
2023,Hungarian,R,TSU,41,85.878,HARD,1,Lift and Coast
2023,Hungarian,R,TSU,42,85.949,HARD,1,Lift and Coast
2023,Hungarian,R,TSU,46,84.06,MEDIUM,1,Lift and Coast
2023,Hungarian,R,TSU,47,84.067,MEDIUM,1,Lift and Coast
2023,Hungarian,R,TSU,48,83.9,MEDIUM,1,Lift and Coast
2023,Hungarian,R,TSU,49,84.038,MEDIUM,1,Lift and Coast
2023,Hungarian,R,TSU,50,83.953,MEDIUM,1,Lift and Coast
2023,Hungarian,R,TSU,51,84.345,MEDIUM,1,Lift and Coast
2023,Hungarian,R,TSU,52,83.923,MEDIUM,1,Lift and Coast
2023,Hungarian,R,TSU,53,84.238,MEDIUM,1,Lift and Coast
2023,Hungarian,R,TSU,54,83.886,MEDIUM,1,Lift and Coast
2023,Hungarian,R,TSU,55,83.903,MEDIUM,1,Lift and Coast
2023,Hungarian,R,TSU,56,83.999,MEDIUM,1,Lift and Coast
2023,Hungarian,R,TSU,57,84.396,MEDIUM,1,Lift and Coast
2023,Hungarian,R,TSU,58,84.289,MEDIUM,1,Lift and Coast
2023,Hungarian,R,TSU,60,86.018,MEDIUM,1,Lift and Coast
2023,Hungarian,R,TSU,61,84.434,MEDIUM,1,Lift and Coast
2023,Hungarian,R,TSU,62,84.313,MEDIUM,1,Lift and Coast
2023,Hungarian,R,TSU,63,84.583,MEDIUM,1,Lift and Coast
2023,Hungarian,R,TSU,64,85.662,MEDIUM,1,Lift and Coast
2023,Hungarian,R,TSU,65,84.616,MEDIUM,1,Lift and Coast
2023,Hungarian,R,TSU,66,84.803,MEDIUM,1,Lift and Coast
2023,Hungarian,R,TSU,67,85.749,MEDIUM,1,Lift and Coast
2023,Hungarian,R,TSU,68,83.269,MEDIUM,3,Vuelta de ataque
2023,Hungarian,R,TSU,69,85.2,MEDIUM,0,Ritmo de carrera
2023,Hungarian,R,ZHO,7,85.933,MEDIUM,0,Ritmo de carrera
2023,Hungarian,R,ZHO,8,86.036,MEDIUM,0,Ritmo de carrera
2023,Hungarian,R,ZHO,9,85.844,MEDIUM,2,Tracción Comprometida
2023,Hungarian,R,ZHO,12,83.743,HARD,3,Vuelta de ataque
2023,Hungarian,R,ZHO,13,83.875,HARD,0,Ritmo de carrera
2023,Hungarian,R,ZHO,14,83.87,HARD,3,Vuelta de ataque
2023,Hungarian,R,ZHO,15,84.995,HARD,0,Ritmo de carrera
2023,Hungarian,R,ZHO,16,84.889,HARD,3,Vuelta de ataque
2023,Hungarian,R,ZHO,17,85.707,HARD,3,Vuelta de ataque
2023,Hungarian,R,ZHO,18,85.307,HARD,0,Ritmo de carrera
2023,Hungarian,R,ZHO,19,85.543,HARD,3,Vuelta de ataque
2023,Hungarian,R,ZHO,20,85.263,HARD,0,Ritmo de carrera
2023,Hungarian,R,ZHO,21,85.667,HARD,0,Ritmo de carrera
2023,Hungarian,R,ZHO,22,85.691,HARD,0,Ritmo de carrera
2023,Hungarian,R,ZHO,23,85.948,HARD,0,Ritmo de carrera
2023,Hungarian,R,ZHO,24,85.913,HARD,0,Ritmo de carrera
2023,Hungarian,R,ZHO,25,85.776,HARD,0,Ritmo de carrera
2023,Hungarian,R,ZHO,26,85.944,HARD,0,Ritmo de carrera
2023,Hungarian,R,ZHO,27,85.829,HARD,0,Ritmo de carrera
2023,Hungarian,R,ZHO,28,85.624,HARD,0,Ritmo de carrera
2023,Hungarian,R,ZHO,30,86.038,HARD,0,Ritmo de carrera
2023,Hungarian,R,ZHO,31,86.056,HARD,0,Ritmo de carrera
2023,Hungarian,R,ZHO,32,85.707,HARD,0,Ritmo de carrera
2023,Hungarian,R,ZHO,33,85.907,HARD,0,Ritmo de carrera
2023,Hungarian,R,ZHO,34,86.049,HARD,0,Ritmo de carrera
2023,Hungarian,R,ZHO,35,86.058,HARD,0,Ritmo de carrera
2023,Hungarian,R,ZHO,36,85.917,HARD,2,Tracción Comprometida
2023,Hungarian,R,ZHO,37,86.023,HARD,0,Ritmo de carrera
2023,Hungarian,R,ZHO,40,84.531,HARD,0,Ritmo de carrera
2023,Hungarian,R,ZHO,41,84.357,HARD,0,Ritmo de carrera
2023,Hungarian,R,ZHO,42,85.037,HARD,0,Ritmo de carrera
2023,Hungarian,R,ZHO,43,84.51,HARD,0,Ritmo de carrera
2023,Hungarian,R,ZHO,44,84.428,HARD,0,Ritmo de carrera
2023,Hungarian,R,ZHO,45,85.209,HARD,0,Ritmo de carrera
2023,Hungarian,R,ZHO,46,84.866,HARD,0,Ritmo de carrera
2023,Hungarian,R,ZHO,47,84.696,HARD,0,Ritmo de carrera
2023,Hungarian,R,ZHO,48,84.094,HARD,0,Ritmo de carrera
2023,Hungarian,R,ZHO,49,84.253,HARD,3,Vuelta de ataque
2023,Hungarian,R,ZHO,50,84.383,HARD,0,Ritmo de carrera
2023,Hungarian,R,ZHO,51,84.734,HARD,0,Ritmo de carrera
2023,Hungarian,R,ZHO,52,84.467,HARD,0,Ritmo de carrera
2023,Hungarian,R,ZHO,54,84.734,HARD,0,Ritmo de carrera
2023,Hungarian,R,ZHO,56,84.678,HARD,0,Ritmo de carrera
2023,Hungarian,R,ZHO,57,84.7,HARD,0,Ritmo de carrera
2023,Hungarian,R,ZHO,58,84.6,HARD,0,Ritmo de carrera
2023,Hungarian,R,ZHO,59,84.218,HARD,0,Ritmo de carrera
2023,Hungarian,R,ZHO,60,85.835,HARD,1,Lift and Coast
2023,Hungarian,R,ZHO,61,84.06,HARD,0,Ritmo de carrera
2023,Hungarian,R,ZHO,62,84.292,HARD,0,Ritmo de carrera
2023,Hungarian,R,ZHO,63,84.487,HARD,0,Ritmo de carrera
2023,Hungarian,R,ZHO,64,84.795,HARD,0,Ritmo de carrera
2023,Hungarian,R,ZHO,65,84.41,HARD,0,Ritmo de carrera
2023,Hungarian,R,ZHO,66,84.152,HARD,0,Ritmo de carrera
2023,Hungarian,R,ZHO,67,85.467,HARD,0,Ritmo de carrera
2023,Hungarian,R,ZHO,68,84.765,HARD,0,Ritmo de carrera
2023,Hungarian,R,ZHO,69,85.286,HARD,0,Ritmo de carrera
2023,Hungarian,R,MAG,4,86.099,MEDIUM,1,Lift and Coast
2023,Hungarian,R,MAG,5,86.066,MEDIUM,1,Lift and Coast
2023,Hungarian,R,MAG,6,86.103,MEDIUM,1,Lift and Coast
2023,Hungarian,R,MAG,7,85.977,MEDIUM,1,Lift and Coast
2023,Hungarian,R,MAG,8,86.095,MEDIUM,3,Vuelta de ataque
2023,Hungarian,R,MAG,11,85.969,MEDIUM,3,Vuelta de ataque
2023,Hungarian,R,MAG,12,85.983,MEDIUM,3,Vuelta de ataque
2023,Hungarian,R,MAG,16,84.782,HARD,3,Vuelta de ataque
2023,Hungarian,R,MAG,17,85.258,HARD,3,Vuelta de ataque
2023,Hungarian,R,MAG,18,85.338,HARD,3,Vuelta de ataque
2023,Hungarian,R,MAG,19,85.602,HARD,3,Vuelta de ataque
2023,Hungarian,R,MAG,20,85.29,HARD,0,Ritmo de carrera
2023,Hungarian,R,MAG,21,85.809,HARD,1,Lift and Coast
2023,Hungarian,R,MAG,22,86.014,HARD,1,Lift and Coast
2023,Hungarian,R,MAG,23,85.931,HARD,1,Lift and Coast
2023,Hungarian,R,MAG,24,85.931,HARD,1,Lift and Coast
2023,Hungarian,R,MAG,25,86.016,HARD,3,Vuelta de ataque
2023,Hungarian,R,MAG,26,86.132,HARD,3,Vuelta de ataque
2023,Hungarian,R,MAG,28,86.126,HARD,1,Lift and Coast
2023,Hungarian,R,MAG,43,84.544,HARD,2,Tracción Comprometida
2023,Hungarian,R,MAG,44,84.097,HARD,3,Vuelta de ataque
2023,Hungarian,R,MAG,45,84.285,HARD,3,Vuelta de ataque
2023,Hungarian,R,MAG,46,84.17,HARD,3,Vuelta de ataque
2023,Hungarian,R,MAG,48,83.942,HARD,0,Ritmo de carrera
2023,Hungarian,R,MAG,49,84.11,HARD,3,Vuelta de ataque
2023,Hungarian,R,MAG,50,84.299,HARD,3,Vuelta de ataque
2023,Hungarian,R,MAG,51,85.991,HARD,1,Lift and Coast
2023,Hungarian,R,MAG,52,83.994,HARD,3,Vuelta de ataque
2023,Hungarian,R,MAG,53,84.136,HARD,3,Vuelta de ataque
2023,Hungarian,R,MAG,54,83.864,HARD,3,Vuelta de ataque
2023,Hungarian,R,MAG,55,84.414,HARD,3,Vuelta de ataque
2023,Hungarian,R,MAG,56,84.491,HARD,3,Vuelta de ataque
2023,Hungarian,R,MAG,58,85.172,HARD,1,Lift and Coast
2023,Hungarian,R,MAG,59,84.479,HARD,2,Tracción Comprometida
2023,Hungarian,R,MAG,61,84.529,HARD,0,Ritmo de carrera
2023,Hungarian,R,MAG,62,84.494,HARD,3,Vuelta de ataque
2023,Hungarian,R,MAG,63,84.438,HARD,3,Vuelta de ataque
2023,Hungarian,R,MAG,65,85.434,HARD,2,Tracción Comprometida
2023,Hungarian,R,MAG,67,84.854,HARD,0,Ritmo de carrera
2023,Hungarian,R,MAG,68,84.965,HARD,0,Ritmo de carrera
2023,Hungarian,R,MAG,69,85.369,HARD,1,Lift and Coast
2023,Hungarian,R,SAR,7,86.102,MEDIUM,0,Ritmo de carrera
2023,Hungarian,R,SAR,8,86.042,MEDIUM,1,Lift and Coast
2023,Hungarian,R,SAR,9,86.047,MEDIUM,0,Ritmo de carrera
2023,Hungarian,R,SAR,10,86.02,MEDIUM,0,Ritmo de carrera
2023,Hungarian,R,SAR,11,85.62,MEDIUM,0,Ritmo de carrera
2023,Hungarian,R,SAR,12,85.699,MEDIUM,1,Lift and Coast
2023,Hungarian,R,SAR,15,85.2,HARD,1,Lift and Coast
2023,Hungarian,R,SAR,16,85.241,HARD,1,Lift and Coast
2023,Hungarian,R,SAR,17,85.235,HARD,2,Tracción Comprometida
2023,Hungarian,R,SAR,18,85.31,HARD,0,Ritmo de carrera
2023,Hungarian,R,SAR,19,85.199,HARD,0,Ritmo de carrera
2023,Hungarian,R,SAR,20,84.883,HARD,0,Ritmo de carrera
2023,Hungarian,R,SAR,21,85.668,HARD,0,Ritmo de carrera
2023,Hungarian,R,SAR,22,85.999,HARD,0,Ritmo de carrera
2023,Hungarian,R,SAR,23,85.749,HARD,0,Ritmo de carrera
2023,Hungarian,R,SAR,24,86.1,HARD,0,Ritmo de carrera
2023,Hungarian,R,SAR,25,85.92,HARD,2,Tracción Comprometida
2023,Hungarian,R,SAR,26,86.1,HARD,0,Ritmo de carrera
2023,Hungarian,R,SAR,28,86.131,HARD,0,Ritmo de carrera
2023,Hungarian,R,SAR,29,85.998,HARD,0,Ritmo de carrera
2023,Hungarian,R,SAR,36,83.496,HARD,1,Lift and Coast
2023,Hungarian,R,SAR,37,84.024,HARD,1,Lift and Coast
2023,Hungarian,R,SAR,38,84.102,HARD,2,Tracción Comprometida
2023,Hungarian,R,SAR,39,84.466,HARD,1,Lift and Coast
2023,Hungarian,R,SAR,40,84.618,HARD,1,Lift and Coast
2023,Hungarian,R,SAR,41,84.565,HARD,2,Tracción Comprometida
2023,Hungarian,R,SAR,42,84.478,HARD,1,Lift and Coast
2023,Hungarian,R,SAR,43,84.826,HARD,0,Ritmo de carrera
2023,Hungarian,R,SAR,44,84.73,HARD,0,Ritmo de carrera
2023,Hungarian,R,SAR,45,84.307,HARD,0,Ritmo de carrera
2023,Hungarian,R,SAR,46,84.41,HARD,0,Ritmo de carrera
2023,Hungarian,R,SAR,47,84.297,HARD,2,Tracción Comprometida
2023,Hungarian,R,SAR,48,84.023,HARD,1,Lift and Coast
2023,Hungarian,R,SAR,49,84.141,HARD,0,Ritmo de carrera
2023,Hungarian,R,SAR,50,83.896,HARD,0,Ritmo de carrera
2023,Hungarian,R,SAR,52,84.01,HARD,0,Ritmo de carrera
2023,Hungarian,R,SAR,53,84.221,HARD,2,Tracción Comprometida
2023,Hungarian,R,SAR,54,84.226,HARD,0,Ritmo de carrera
2023,Hungarian,R,SAR,55,84.052,HARD,0,Ritmo de carrera
2023,Hungarian,R,SAR,56,84.311,HARD,1,Lift and Coast
2023,Hungarian,R,SAR,57,84.396,HARD,0,Ritmo de carrera
2023,Hungarian,R,SAR,58,84.761,HARD,0,Ritmo de carrera
2023,Hungarian,R,SAR,59,84.128,HARD,0,Ritmo de carrera
2023,Hungarian,R,SAR,60,84.963,HARD,2,Tracción Comprometida
2023,Hungarian,R,SAR,63,84.506,HARD,1,Lift and Coast
2023,Hungarian,R,SAR,64,84.798,HARD,0,Ritmo de carrera
2023,Hungarian,R,SAR,65,85.981,HARD,2,Tracción Comprometida
2023,Hungarian,R,SAR,66,84.913,HARD,2,Tracción Comprometida
2023,Belgian,Q,VER,15,112.784,SOFT,0,Ritmo de carrera
2023,Belgian,Q,VER,18,108.059,SOFT,0,Ritmo de carrera
2023,Belgian,Q,VER,21,106.168,SOFT,3,Vuelta de ataque
2023,Belgian,Q,LEC,16,112.017,SOFT,2,Tracción Comprometida
2023,Belgian,Q,LEC,19,107.931,SOFT,2,Tracción Comprometida
2023,Belgian,Q,LEC,22,106.988,SOFT,3,Vuelta de ataque
2023,Belgian,Q,PER,15,112.353,SOFT,2,Tracción Comprometida
2023,Belgian,Q,PER,18,109.281,SOFT,2,Tracción Comprometida
2023,Belgian,Q,PER,21,107.045,SOFT,3,Vuelta de ataque
2023,Belgian,Q,HAM,16,112.345,SOFT,2,Tracción Comprometida
2023,Belgian,Q,HAM,19,109.916,SOFT,3,Vuelta de ataque
2023,Belgian,Q,HAM,20,108.88,SOFT,3,Vuelta de ataque
2023,Belgian,Q,HAM,23,107.087,SOFT,3,Vuelta de ataque
2023,Belgian,Q,SAI,16,111.711,SOFT,2,Tracción Comprometida
2023,Belgian,Q,SAI,19,108.352,SOFT,2,Tracción Comprometida
2023,Belgian,Q,SAI,22,107.152,SOFT,2,Tracción Comprometida
2023,Belgian,Q,PIA,16,111.534,SOFT,2,Tracción Comprometida
2023,Belgian,Q,PIA,19,108.509,SOFT,3,Vuelta de ataque
2023,Belgian,Q,PIA,22,107.365,SOFT,3,Vuelta de ataque
2023,Belgian,Q,NOR,14,112.252,SOFT,2,Tracción Comprometida
2023,Belgian,Q,NOR,17,108.701,SOFT,2,Tracción Comprometida
2023,Belgian,Q,NOR,20,107.669,SOFT,3,Vuelta de ataque
2023,Belgian,Q,RUS,16,112.605,SOFT,3,Vuelta de ataque
2023,Belgian,Q,RUS,19,110.854,SOFT,3,Vuelta de ataque
2023,Belgian,Q,RUS,20,109.484,SOFT,3,Vuelta de ataque
2023,Belgian,Q,RUS,23,107.805,SOFT,3,Vuelta de ataque
2023,Belgian,Q,ALO,15,112.751,SOFT,2,Tracción Comprometida
2023,Belgian,Q,ALO,18,109.164,SOFT,0,Ritmo de carrera
2023,Belgian,Q,ALO,21,107.843,SOFT,3,Vuelta de ataque
2023,Belgian,Q,STR,15,112.193,SOFT,2,Tracción Comprometida
2023,Belgian,Q,STR,18,110.327,SOFT,0,Ritmo de carrera
2023,Belgian,Q,STR,21,108.841,SOFT,3,Vuelta de ataque
2023,Belgian,Q,TSU,14,113.148,SOFT,0,Ritmo de carrera
2023,Belgian,R,VER,2,113.103,SOFT,1,Lift and Coast
2023,Belgian,R,VER,3,112.277,SOFT,0,Ritmo de carrera
2023,Belgian,R,VER,4,112.789,SOFT,0,Ritmo de carrera
2023,Belgian,R,VER,5,112.602,SOFT,0,Ritmo de carrera
2023,Belgian,R,VER,6,112.13,SOFT,0,Ritmo de carrera
2023,Belgian,R,VER,7,112.415,SOFT,3,Vuelta de ataque
2023,Belgian,R,VER,8,112.472,SOFT,3,Vuelta de ataque
2023,Belgian,R,VER,9,111.88,SOFT,0,Ritmo de carrera
2023,Belgian,R,VER,10,112.455,SOFT,1,Lift and Coast
2023,Belgian,R,VER,11,112.613,SOFT,1,Lift and Coast
2023,Belgian,R,VER,12,112.714,SOFT,1,Lift and Coast
2023,Belgian,R,VER,13,112.962,SOFT,1,Lift and Coast
2023,Belgian,R,VER,16,110.696,MEDIUM,0,Ritmo de carrera
2023,Belgian,R,VER,17,110.108,MEDIUM,1,Lift and Coast
2023,Belgian,R,VER,18,111.637,MEDIUM,1,Lift and Coast
2023,Belgian,R,VER,19,111.956,MEDIUM,1,Lift and Coast
2023,Belgian,R,VER,23,112.905,MEDIUM,0,Ritmo de carrera
2023,Belgian,R,VER,24,110.996,MEDIUM,1,Lift and Coast
2023,Belgian,R,VER,25,111.106,MEDIUM,1,Lift and Coast
2023,Belgian,R,VER,26,111.377,MEDIUM,1,Lift and Coast
2023,Belgian,R,VER,27,111.472,MEDIUM,1,Lift and Coast
2023,Belgian,R,VER,28,111.41,MEDIUM,1,Lift and Coast
2023,Belgian,R,VER,29,111.595,MEDIUM,1,Lift and Coast
2023,Belgian,R,VER,32,108.922,SOFT,1,Lift and Coast
2023,Belgian,R,VER,33,110.586,SOFT,1,Lift and Coast
2023,Belgian,R,VER,34,110.792,SOFT,1,Lift and Coast
2023,Belgian,R,VER,35,110.408,SOFT,1,Lift and Coast
2023,Belgian,R,VER,36,110.362,SOFT,1,Lift and Coast
2023,Belgian,R,VER,37,110.317,SOFT,1,Lift and Coast
2023,Belgian,R,VER,38,110.147,SOFT,1,Lift and Coast
2023,Belgian,R,VER,39,110.113,SOFT,1,Lift and Coast
2023,Belgian,R,VER,40,110.067,SOFT,1,Lift and Coast
2023,Belgian,R,VER,41,109.954,SOFT,1,Lift and Coast
2023,Belgian,R,VER,42,110.187,SOFT,1,Lift and Coast
2023,Belgian,R,VER,43,110.095,SOFT,1,Lift and Coast
2023,Belgian,R,VER,44,110.579,SOFT,1,Lift and Coast
2023,Belgian,R,PER,1,113.295,SOFT,0,Ritmo de carrera
2023,Belgian,R,PER,2,112.166,SOFT,1,Lift and Coast
2023,Belgian,R,PER,3,112.153,SOFT,1,Lift and Coast
2023,Belgian,R,PER,4,112.336,SOFT,1,Lift and Coast
2023,Belgian,R,PER,5,112.572,SOFT,1,Lift and Coast
2023,Belgian,R,PER,6,112.466,SOFT,1,Lift and Coast
2023,Belgian,R,PER,7,112.52,SOFT,1,Lift and Coast
2023,Belgian,R,PER,8,112.305,SOFT,1,Lift and Coast
2023,Belgian,R,PER,9,112.465,SOFT,1,Lift and Coast
2023,Belgian,R,PER,10,112.72,SOFT,0,Ritmo de carrera
2023,Belgian,R,PER,11,112.644,SOFT,1,Lift and Coast
2023,Belgian,R,PER,12,112.973,SOFT,1,Lift and Coast
2023,Belgian,R,PER,15,111.621,MEDIUM,1,Lift and Coast
2023,Belgian,R,PER,16,111.416,MEDIUM,1,Lift and Coast
2023,Belgian,R,PER,17,112.175,MEDIUM,1,Lift and Coast
2023,Belgian,R,PER,18,112.289,MEDIUM,1,Lift and Coast
2023,Belgian,R,PER,19,113.525,MEDIUM,2,Tracción Comprometida
2023,Belgian,R,PER,23,113.361,MEDIUM,2,Tracción Comprometida
2023,Belgian,R,PER,24,111.716,MEDIUM,2,Tracción Comprometida
2023,Belgian,R,PER,25,111.692,MEDIUM,1,Lift and Coast
2023,Belgian,R,PER,26,111.891,MEDIUM,1,Lift and Coast
2023,Belgian,R,PER,27,112.199,MEDIUM,1,Lift and Coast
2023,Belgian,R,PER,28,112.162,MEDIUM,0,Ritmo de carrera
2023,Belgian,R,PER,31,110.308,SOFT,1,Lift and Coast
2023,Belgian,R,PER,32,111.184,SOFT,1,Lift and Coast
2023,Belgian,R,PER,33,111.44,SOFT,1,Lift and Coast
2023,Belgian,R,PER,34,111.387,SOFT,0,Ritmo de carrera
2023,Belgian,R,PER,35,110.827,SOFT,1,Lift and Coast
2023,Belgian,R,PER,36,111.082,SOFT,2,Tracción Comprometida
2023,Belgian,R,PER,37,111.103,SOFT,2,Tracción Comprometida
2023,Belgian,R,PER,38,111.42,SOFT,1,Lift and Coast
2023,Belgian,R,PER,39,111.117,SOFT,1,Lift and Coast
2023,Belgian,R,PER,40,111.318,SOFT,2,Tracción Comprometida
2023,Belgian,R,PER,41,110.935,SOFT,2,Tracción Comprometida
2023,Belgian,R,PER,42,111.24,SOFT,2,Tracción Comprometida
2023,Belgian,R,PER,43,110.911,SOFT,1,Lift and Coast
2023,Belgian,R,PER,44,111.508,SOFT,1,Lift and Coast
2023,Belgian,R,LEC,1,114.584,SOFT,2,Tracción Comprometida
2023,Belgian,R,LEC,2,112.839,SOFT,1,Lift and Coast
2023,Belgian,R,LEC,3,112.292,SOFT,2,Tracción Comprometida
2023,Belgian,R,LEC,4,112.479,SOFT,2,Tracción Comprometida
2023,Belgian,R,LEC,5,112.575,SOFT,2,Tracción Comprometida
2023,Belgian,R,LEC,6,112.684,SOFT,0,Ritmo de carrera
2023,Belgian,R,LEC,7,112.763,SOFT,2,Tracción Comprometida
2023,Belgian,R,LEC,8,112.641,SOFT,2,Tracción Comprometida
2023,Belgian,R,LEC,9,113.603,SOFT,2,Tracción Comprometida
2023,Belgian,R,LEC,10,113.559,SOFT,2,Tracción Comprometida
2023,Belgian,R,LEC,11,113.232,SOFT,2,Tracción Comprometida
2023,Belgian,R,LEC,12,113.523,SOFT,2,Tracción Comprometida
2023,Belgian,R,LEC,15,111.88,MEDIUM,2,Tracción Comprometida
2023,Belgian,R,LEC,16,112.064,MEDIUM,2,Tracción Comprometida
2023,Belgian,R,LEC,17,112.243,MEDIUM,2,Tracción Comprometida
2023,Belgian,R,LEC,18,112.168,MEDIUM,2,Tracción Comprometida
2023,Belgian,R,LEC,19,112.868,MEDIUM,2,Tracción Comprometida
2023,Belgian,R,LEC,24,111.81,MEDIUM,2,Tracción Comprometida
2023,Belgian,R,LEC,25,111.717,MEDIUM,2,Tracción Comprometida
2023,Belgian,R,LEC,26,111.75,MEDIUM,2,Tracción Comprometida
2023,Belgian,R,LEC,27,111.865,MEDIUM,2,Tracción Comprometida
2023,Belgian,R,LEC,30,110.436,SOFT,2,Tracción Comprometida
2023,Belgian,R,LEC,31,110.903,SOFT,2,Tracción Comprometida
2023,Belgian,R,LEC,32,111.681,SOFT,2,Tracción Comprometida
2023,Belgian,R,LEC,33,111.189,SOFT,2,Tracción Comprometida
2023,Belgian,R,LEC,34,110.726,SOFT,1,Lift and Coast
2023,Belgian,R,LEC,35,111.267,SOFT,1,Lift and Coast
2023,Belgian,R,LEC,36,111.143,SOFT,1,Lift and Coast
2023,Belgian,R,LEC,37,111.298,SOFT,1,Lift and Coast
2023,Belgian,R,LEC,38,111.312,SOFT,1,Lift and Coast
2023,Belgian,R,LEC,39,110.919,SOFT,1,Lift and Coast
2023,Belgian,R,LEC,40,111.833,SOFT,1,Lift and Coast
2023,Belgian,R,LEC,41,112.252,SOFT,1,Lift and Coast
2023,Belgian,R,LEC,42,111.419,SOFT,0,Ritmo de carrera
2023,Belgian,R,LEC,43,112.442,SOFT,2,Tracción Comprometida
2023,Belgian,R,LEC,44,113.706,SOFT,1,Lift and Coast
2023,Belgian,R,HAM,2,113.02,SOFT,0,Ritmo de carrera
2023,Belgian,R,HAM,3,112.454,SOFT,2,Tracción Comprometida
2023,Belgian,R,HAM,4,112.506,SOFT,2,Tracción Comprometida
2023,Belgian,R,HAM,5,112.717,SOFT,0,Ritmo de carrera
2023,Belgian,R,HAM,6,113.813,SOFT,2,Tracción Comprometida
2023,Belgian,R,HAM,7,113.43,SOFT,1,Lift and Coast
2023,Belgian,R,HAM,8,113.276,SOFT,2,Tracción Comprometida
2023,Belgian,R,HAM,9,113.472,SOFT,2,Tracción Comprometida
2023,Belgian,R,HAM,10,113.381,SOFT,1,Lift and Coast
2023,Belgian,R,HAM,11,114.073,SOFT,2,Tracción Comprometida
2023,Belgian,R,HAM,14,111.523,MEDIUM,1,Lift and Coast
2023,Belgian,R,HAM,15,112.126,MEDIUM,1,Lift and Coast
2023,Belgian,R,HAM,16,112.215,MEDIUM,2,Tracción Comprometida
2023,Belgian,R,HAM,17,112.421,MEDIUM,2,Tracción Comprometida
2023,Belgian,R,HAM,18,112.764,MEDIUM,1,Lift and Coast
2023,Belgian,R,HAM,19,112.953,MEDIUM,2,Tracción Comprometida
2023,Belgian,R,HAM,23,112.296,MEDIUM,2,Tracción Comprometida
2023,Belgian,R,HAM,24,111.998,MEDIUM,0,Ritmo de carrera
2023,Belgian,R,HAM,25,112.191,MEDIUM,2,Tracción Comprometida
2023,Belgian,R,HAM,26,112.36,MEDIUM,3,Vuelta de ataque
2023,Belgian,R,HAM,29,110.283,SOFT,0,Ritmo de carrera
2023,Belgian,R,HAM,30,110.923,SOFT,2,Tracción Comprometida
2023,Belgian,R,HAM,31,111.134,SOFT,2,Tracción Comprometida
2023,Belgian,R,HAM,32,110.935,SOFT,1,Lift and Coast
2023,Belgian,R,HAM,33,111.136,SOFT,3,Vuelta de ataque
2023,Belgian,R,HAM,34,111.05,SOFT,2,Tracción Comprometida
2023,Belgian,R,HAM,35,111.65,SOFT,2,Tracción Comprometida
2023,Belgian,R,HAM,36,111.224,SOFT,3,Vuelta de ataque
2023,Belgian,R,HAM,37,111.428,SOFT,0,Ritmo de carrera
2023,Belgian,R,HAM,38,111.109,SOFT,2,Tracción Comprometida
2023,Belgian,R,HAM,39,111.408,SOFT,1,Lift and Coast
2023,Belgian,R,HAM,40,112.166,SOFT,2,Tracción Comprometida
2023,Belgian,R,HAM,41,111.796,SOFT,2,Tracción Comprometida
2023,Belgian,R,HAM,44,107.305,MEDIUM,3,Vuelta de ataque
2023,Belgian,R,ALO,2,114.343,MEDIUM,0,Ritmo de carrera
2023,Belgian,R,ALO,3,114.585,MEDIUM,0,Ritmo de carrera
2023,Belgian,R,ALO,4,113.395,MEDIUM,0,Ritmo de carrera
2023,Belgian,R,ALO,5,113.596,MEDIUM,1,Lift and Coast
2023,Belgian,R,ALO,6,113.643,MEDIUM,1,Lift and Coast
2023,Belgian,R,ALO,7,113.455,MEDIUM,3,Vuelta de ataque
2023,Belgian,R,ALO,8,113.585,MEDIUM,1,Lift and Coast
2023,Belgian,R,ALO,9,113.456,MEDIUM,1,Lift and Coast
2023,Belgian,R,ALO,12,111.942,MEDIUM,1,Lift and Coast
2023,Belgian,R,ALO,13,112.499,MEDIUM,0,Ritmo de carrera
2023,Belgian,R,ALO,14,111.886,MEDIUM,3,Vuelta de ataque
2023,Belgian,R,ALO,15,113.029,MEDIUM,2,Tracción Comprometida
2023,Belgian,R,ALO,16,112.635,MEDIUM,0,Ritmo de carrera
2023,Belgian,R,ALO,17,112.886,MEDIUM,3,Vuelta de ataque
2023,Belgian,R,ALO,18,112.812,MEDIUM,3,Vuelta de ataque
2023,Belgian,R,ALO,19,113.374,MEDIUM,3,Vuelta de ataque
2023,Belgian,R,ALO,23,114.11,MEDIUM,0,Ritmo de carrera
2023,Belgian,R,ALO,24,112.249,MEDIUM,3,Vuelta de ataque
2023,Belgian,R,ALO,25,112.717,MEDIUM,3,Vuelta de ataque
2023,Belgian,R,ALO,26,112.187,MEDIUM,0,Ritmo de carrera
2023,Belgian,R,ALO,27,112.505,MEDIUM,3,Vuelta de ataque
2023,Belgian,R,ALO,28,112.928,MEDIUM,2,Tracción Comprometida
2023,Belgian,R,ALO,31,112.098,SOFT,0,Ritmo de carrera
2023,Belgian,R,ALO,32,111.756,SOFT,0,Ritmo de carrera
2023,Belgian,R,ALO,33,110.955,SOFT,3,Vuelta de ataque
2023,Belgian,R,ALO,34,111.834,SOFT,1,Lift and Coast
2023,Belgian,R,ALO,35,111.967,SOFT,3,Vuelta de ataque
2023,Belgian,R,ALO,36,111.666,SOFT,3,Vuelta de ataque
2023,Belgian,R,ALO,37,111.505,SOFT,0,Ritmo de carrera
2023,Belgian,R,ALO,38,111.442,SOFT,3,Vuelta de ataque
2023,Belgian,R,ALO,39,111.214,SOFT,3,Vuelta de ataque
2023,Belgian,R,ALO,40,111.279,SOFT,3,Vuelta de ataque
2023,Belgian,R,ALO,41,111.326,SOFT,3,Vuelta de ataque
2023,Belgian,R,ALO,42,110.938,SOFT,3,Vuelta de ataque
2023,Belgian,R,ALO,43,111.351,SOFT,0,Ritmo de carrera
2023,Belgian,R,ALO,44,111.552,SOFT,0,Ritmo de carrera
2023,Belgian,R,RUS,3,114.15,MEDIUM,0,Ritmo de carrera
2023,Belgian,R,RUS,7,113.791,MEDIUM,0,Ritmo de carrera
2023,Belgian,R,RUS,8,113.789,MEDIUM,0,Ritmo de carrera
2023,Belgian,R,RUS,9,113.972,MEDIUM,0,Ritmo de carrera
2023,Belgian,R,RUS,10,114.1,MEDIUM,1,Lift and Coast
2023,Belgian,R,RUS,11,114.008,MEDIUM,1,Lift and Coast
2023,Belgian,R,RUS,12,113.983,MEDIUM,1,Lift and Coast
2023,Belgian,R,RUS,13,114.611,MEDIUM,0,Ritmo de carrera
2023,Belgian,R,RUS,14,114.012,MEDIUM,0,Ritmo de carrera
2023,Belgian,R,RUS,17,113.66,MEDIUM,0,Ritmo de carrera
2023,Belgian,R,RUS,18,114.223,MEDIUM,1,Lift and Coast
2023,Belgian,R,RUS,19,114.726,MEDIUM,0,Ritmo de carrera
2023,Belgian,R,RUS,24,110.843,SOFT,0,Ritmo de carrera
2023,Belgian,R,RUS,25,110.603,SOFT,0,Ritmo de carrera
2023,Belgian,R,RUS,26,111.424,SOFT,1,Lift and Coast
2023,Belgian,R,RUS,27,111.588,SOFT,1,Lift and Coast
2023,Belgian,R,RUS,28,111.742,SOFT,1,Lift and Coast
2023,Belgian,R,RUS,29,111.813,SOFT,1,Lift and Coast
2023,Belgian,R,RUS,30,112.221,SOFT,0,Ritmo de carrera
2023,Belgian,R,RUS,31,111.805,SOFT,1,Lift and Coast
2023,Belgian,R,RUS,32,111.273,SOFT,3,Vuelta de ataque
2023,Belgian,R,RUS,33,111.524,SOFT,1,Lift and Coast
2023,Belgian,R,RUS,34,111.75,SOFT,0,Ritmo de carrera
2023,Belgian,R,RUS,35,111.796,SOFT,1,Lift and Coast
2023,Belgian,R,RUS,36,111.842,SOFT,0,Ritmo de carrera
2023,Belgian,R,RUS,37,111.89,SOFT,1,Lift and Coast
2023,Belgian,R,RUS,38,111.828,SOFT,1,Lift and Coast
2023,Belgian,R,RUS,39,111.966,SOFT,1,Lift and Coast
2023,Belgian,R,RUS,40,111.757,SOFT,1,Lift and Coast
2023,Belgian,R,RUS,41,111.982,SOFT,1,Lift and Coast
2023,Belgian,R,RUS,42,112.009,SOFT,1,Lift and Coast
2023,Belgian,R,RUS,43,112.072,SOFT,1,Lift and Coast
2023,Belgian,R,RUS,44,112.012,SOFT,1,Lift and Coast
2023,Belgian,R,NOR,3,114.717,MEDIUM,2,Tracción Comprometida
2023,Belgian,R,NOR,7,113.072,HARD,2,Tracción Comprometida
2023,Belgian,R,NOR,8,113.812,HARD,2,Tracción Comprometida
2023,Belgian,R,NOR,9,113.209,HARD,2,Tracción Comprometida
2023,Belgian,R,NOR,10,114.599,HARD,2,Tracción Comprometida
2023,Belgian,R,NOR,11,113.289,HARD,2,Tracción Comprometida
2023,Belgian,R,NOR,12,113.561,HARD,2,Tracción Comprometida
2023,Belgian,R,NOR,13,114.112,HARD,2,Tracción Comprometida
2023,Belgian,R,NOR,19,111.729,SOFT,2,Tracción Comprometida
2023,Belgian,R,NOR,20,111.745,SOFT,2,Tracción Comprometida
2023,Belgian,R,NOR,21,113.769,SOFT,2,Tracción Comprometida
2023,Belgian,R,NOR,22,113.725,SOFT,2,Tracción Comprometida
2023,Belgian,R,NOR,23,112.578,SOFT,2,Tracción Comprometida
2023,Belgian,R,NOR,24,112.859,SOFT,2,Tracción Comprometida
2023,Belgian,R,NOR,25,112.283,SOFT,2,Tracción Comprometida
2023,Belgian,R,NOR,26,111.682,SOFT,1,Lift and Coast
2023,Belgian,R,NOR,27,111.789,SOFT,2,Tracción Comprometida
2023,Belgian,R,NOR,28,111.991,SOFT,2,Tracción Comprometida
2023,Belgian,R,NOR,29,112.195,SOFT,1,Lift and Coast
2023,Belgian,R,NOR,30,112.289,SOFT,2,Tracción Comprometida
2023,Belgian,R,NOR,31,112.21,SOFT,2,Tracción Comprometida
2023,Belgian,R,NOR,32,111.914,SOFT,2,Tracción Comprometida
2023,Belgian,R,NOR,33,112.239,SOFT,2,Tracción Comprometida
2023,Belgian,R,NOR,34,112.221,SOFT,2,Tracción Comprometida
2023,Belgian,R,NOR,35,112.736,SOFT,2,Tracción Comprometida
2023,Belgian,R,NOR,36,112.433,SOFT,2,Tracción Comprometida
2023,Belgian,R,NOR,37,112.618,SOFT,2,Tracción Comprometida
2023,Belgian,R,NOR,38,112.659,SOFT,2,Tracción Comprometida
2023,Belgian,R,NOR,39,112.717,SOFT,2,Tracción Comprometida
2023,Belgian,R,NOR,40,112.811,SOFT,2,Tracción Comprometida
2023,Belgian,R,NOR,41,112.428,SOFT,2,Tracción Comprometida
2023,Belgian,R,NOR,42,112.0,SOFT,2,Tracción Comprometida
2023,Belgian,R,NOR,43,112.309,SOFT,1,Lift and Coast
2023,Belgian,R,NOR,44,112.445,SOFT,2,Tracción Comprometida
2023,Belgian,R,OCO,3,113.76,SOFT,0,Ritmo de carrera
2023,Belgian,R,OCO,8,112.486,MEDIUM,0,Ritmo de carrera
2023,Belgian,R,OCO,9,113.128,MEDIUM,2,Tracción Comprometida
2023,Belgian,R,OCO,10,112.232,MEDIUM,0,Ritmo de carrera
2023,Belgian,R,OCO,11,112.962,MEDIUM,0,Ritmo de carrera
2023,Belgian,R,OCO,12,113.238,MEDIUM,2,Tracción Comprometida
2023,Belgian,R,OCO,13,113.389,MEDIUM,0,Ritmo de carrera
2023,Belgian,R,OCO,14,114.085,MEDIUM,0,Ritmo de carrera
2023,Belgian,R,OCO,15,114.456,MEDIUM,2,Tracción Comprometida
2023,Belgian,R,OCO,16,113.606,MEDIUM,2,Tracción Comprometida
2023,Belgian,R,OCO,17,113.702,MEDIUM,2,Tracción Comprometida
2023,Belgian,R,OCO,24,113.714,MEDIUM,0,Ritmo de carrera
2023,Belgian,R,OCO,27,110.439,SOFT,3,Vuelta de ataque
2023,Belgian,R,OCO,28,110.774,SOFT,0,Ritmo de carrera
2023,Belgian,R,OCO,29,112.095,SOFT,0,Ritmo de carrera
2023,Belgian,R,OCO,30,111.758,SOFT,0,Ritmo de carrera
2023,Belgian,R,OCO,31,111.807,SOFT,3,Vuelta de ataque
2023,Belgian,R,OCO,32,111.595,SOFT,1,Lift and Coast
2023,Belgian,R,OCO,33,111.864,SOFT,0,Ritmo de carrera
2023,Belgian,R,OCO,34,112.092,SOFT,0,Ritmo de carrera
2023,Belgian,R,OCO,35,112.727,SOFT,0,Ritmo de carrera
2023,Belgian,R,OCO,36,112.533,SOFT,0,Ritmo de carrera
2023,Belgian,R,OCO,37,111.809,SOFT,2,Tracción Comprometida
2023,Belgian,R,OCO,38,111.484,SOFT,2,Tracción Comprometida
2023,Belgian,R,OCO,39,111.869,SOFT,3,Vuelta de ataque
2023,Belgian,R,OCO,40,111.876,SOFT,0,Ritmo de carrera
2023,Belgian,R,OCO,41,111.098,SOFT,0,Ritmo de carrera
2023,Belgian,R,OCO,42,111.71,SOFT,2,Tracción Comprometida
2023,Belgian,R,OCO,43,111.664,SOFT,0,Ritmo de carrera
2023,Belgian,R,OCO,44,111.92,SOFT,0,Ritmo de carrera
2023,Belgian,R,STR,3,113.977,MEDIUM,0,Ritmo de carrera
2023,Belgian,R,STR,7,114.307,MEDIUM,0,Ritmo de carrera
2023,Belgian,R,STR,8,113.908,MEDIUM,0,Ritmo de carrera
2023,Belgian,R,STR,9,113.838,MEDIUM,0,Ritmo de carrera
2023,Belgian,R,STR,10,113.889,MEDIUM,1,Lift and Coast
2023,Belgian,R,STR,11,113.869,MEDIUM,2,Tracción Comprometida
2023,Belgian,R,STR,12,114.079,MEDIUM,1,Lift and Coast
2023,Belgian,R,STR,13,114.812,MEDIUM,1,Lift and Coast
2023,Belgian,R,STR,14,114.264,MEDIUM,3,Vuelta de ataque
2023,Belgian,R,STR,23,111.394,SOFT,0,Ritmo de carrera
2023,Belgian,R,STR,24,111.446,SOFT,0,Ritmo de carrera
2023,Belgian,R,STR,25,111.741,SOFT,1,Lift and Coast
2023,Belgian,R,STR,26,111.297,SOFT,3,Vuelta de ataque
2023,Belgian,R,STR,27,111.707,SOFT,1,Lift and Coast
2023,Belgian,R,STR,28,111.705,SOFT,0,Ritmo de carrera
2023,Belgian,R,STR,29,111.919,SOFT,1,Lift and Coast
2023,Belgian,R,STR,30,112.035,SOFT,0,Ritmo de carrera
2023,Belgian,R,STR,31,112.203,SOFT,1,Lift and Coast
2023,Belgian,R,STR,32,112.218,SOFT,1,Lift and Coast
2023,Belgian,R,STR,33,112.139,SOFT,1,Lift and Coast
2023,Belgian,R,STR,34,112.367,SOFT,1,Lift and Coast
2023,Belgian,R,STR,35,112.258,SOFT,0,Ritmo de carrera
2023,Belgian,R,STR,36,112.884,SOFT,0,Ritmo de carrera
2023,Belgian,R,STR,37,112.569,SOFT,1,Lift and Coast
2023,Belgian,R,STR,38,112.315,SOFT,1,Lift and Coast
2023,Belgian,R,STR,39,112.605,SOFT,1,Lift and Coast
2023,Belgian,R,STR,40,112.617,SOFT,1,Lift and Coast
2023,Belgian,R,STR,41,113.416,SOFT,1,Lift and Coast
2023,Belgian,R,STR,42,112.736,SOFT,1,Lift and Coast
2023,Belgian,R,STR,43,112.632,SOFT,0,Ritmo de carrera
2023,Belgian,R,STR,44,112.778,SOFT,0,Ritmo de carrera
2023,Belgian,R,TSU,2,114.71,MEDIUM,1,Lift and Coast
2023,Belgian,R,TSU,3,113.774,MEDIUM,1,Lift and Coast
2023,Belgian,R,TSU,5,113.829,MEDIUM,1,Lift and Coast
2023,Belgian,R,TSU,6,114.027,MEDIUM,1,Lift and Coast
2023,Belgian,R,TSU,7,113.679,MEDIUM,1,Lift and Coast
2023,Belgian,R,TSU,8,113.81,MEDIUM,1,Lift and Coast
2023,Belgian,R,TSU,11,112.246,MEDIUM,0,Ritmo de carrera
2023,Belgian,R,TSU,12,114.228,MEDIUM,1,Lift and Coast
2023,Belgian,R,TSU,13,112.504,MEDIUM,1,Lift and Coast
2023,Belgian,R,TSU,14,112.963,MEDIUM,1,Lift and Coast
2023,Belgian,R,TSU,15,113.326,MEDIUM,1,Lift and Coast
2023,Belgian,R,TSU,16,113.657,MEDIUM,1,Lift and Coast
2023,Belgian,R,TSU,17,114.123,MEDIUM,1,Lift and Coast
2023,Belgian,R,TSU,18,114.752,MEDIUM,0,Ritmo de carrera
2023,Belgian,R,TSU,26,111.394,SOFT,1,Lift and Coast
2023,Belgian,R,TSU,27,111.76,SOFT,1,Lift and Coast
2023,Belgian,R,TSU,28,111.945,SOFT,1,Lift and Coast
2023,Belgian,R,TSU,29,112.147,SOFT,1,Lift and Coast
2023,Belgian,R,TSU,30,112.482,SOFT,1,Lift and Coast
2023,Belgian,R,TSU,31,112.222,SOFT,1,Lift and Coast
2023,Belgian,R,TSU,32,111.997,SOFT,1,Lift and Coast
2023,Belgian,R,TSU,33,112.133,SOFT,1,Lift and Coast
2023,Belgian,R,TSU,34,112.411,SOFT,1,Lift and Coast
2023,Belgian,R,TSU,35,112.48,SOFT,0,Ritmo de carrera
2023,Belgian,R,TSU,36,112.317,SOFT,1,Lift and Coast
2023,Belgian,R,TSU,37,112.21,SOFT,1,Lift and Coast
2023,Belgian,R,TSU,38,113.457,SOFT,1,Lift and Coast
2023,Belgian,R,TSU,39,112.467,SOFT,1,Lift and Coast
2023,Belgian,R,TSU,40,112.298,SOFT,1,Lift and Coast
2023,Belgian,R,TSU,41,112.243,SOFT,1,Lift and Coast
2023,Belgian,R,TSU,42,112.367,SOFT,1,Lift and Coast
2023,Belgian,R,TSU,43,112.554,SOFT,1,Lift and Coast
2023,Belgian,R,TSU,44,112.469,SOFT,1,Lift and Coast
2023,Belgian,R,GAS,3,114.814,SOFT,0,Ritmo de carrera
2023,Belgian,R,GAS,4,114.371,SOFT,1,Lift and Coast
2023,Belgian,R,GAS,8,113.984,SOFT,0,Ritmo de carrera
2023,Belgian,R,GAS,9,113.43,SOFT,1,Lift and Coast
2023,Belgian,R,GAS,10,113.587,SOFT,0,Ritmo de carrera
2023,Belgian,R,GAS,11,113.822,SOFT,1,Lift and Coast
2023,Belgian,R,GAS,12,113.641,SOFT,1,Lift and Coast
2023,Belgian,R,GAS,13,113.769,SOFT,1,Lift and Coast
2023,Belgian,R,GAS,14,114.014,SOFT,1,Lift and Coast
2023,Belgian,R,GAS,16,114.782,SOFT,1,Lift and Coast
2023,Belgian,R,GAS,25,110.911,MEDIUM,1,Lift and Coast
2023,Belgian,R,GAS,26,111.509,MEDIUM,0,Ritmo de carrera
2023,Belgian,R,GAS,27,111.966,MEDIUM,0,Ritmo de carrera
2023,Belgian,R,GAS,28,112.131,MEDIUM,1,Lift and Coast
2023,Belgian,R,GAS,29,113.343,MEDIUM,0,Ritmo de carrera
2023,Belgian,R,GAS,30,112.362,MEDIUM,0,Ritmo de carrera
2023,Belgian,R,GAS,31,112.866,MEDIUM,1,Lift and Coast
2023,Belgian,R,GAS,32,113.097,MEDIUM,0,Ritmo de carrera
2023,Belgian,R,GAS,33,112.384,MEDIUM,3,Vuelta de ataque
2023,Belgian,R,GAS,34,112.246,MEDIUM,1,Lift and Coast
2023,Belgian,R,GAS,35,112.022,MEDIUM,1,Lift and Coast
2023,Belgian,R,GAS,36,112.227,MEDIUM,1,Lift and Coast
2023,Belgian,R,GAS,37,111.902,MEDIUM,1,Lift and Coast
2023,Belgian,R,GAS,38,111.831,MEDIUM,3,Vuelta de ataque
2023,Belgian,R,GAS,39,112.369,MEDIUM,1,Lift and Coast
2023,Belgian,R,GAS,40,112.084,MEDIUM,0,Ritmo de carrera
2023,Belgian,R,GAS,41,111.8,MEDIUM,3,Vuelta de ataque
2023,Belgian,R,GAS,42,112.234,MEDIUM,1,Lift and Coast
2023,Belgian,R,GAS,43,113.022,MEDIUM,1,Lift and Coast
2023,Belgian,R,GAS,44,113.093,MEDIUM,0,Ritmo de carrera
2023,Belgian,R,BOT,8,112.919,MEDIUM,0,Ritmo de carrera
2023,Belgian,R,BOT,9,113.499,MEDIUM,0,Ritmo de carrera
2023,Belgian,R,BOT,10,113.782,MEDIUM,0,Ritmo de carrera
2023,Belgian,R,BOT,11,113.53,MEDIUM,0,Ritmo de carrera
2023,Belgian,R,BOT,12,113.411,MEDIUM,0,Ritmo de carrera
2023,Belgian,R,BOT,13,113.924,MEDIUM,0,Ritmo de carrera
2023,Belgian,R,BOT,14,113.719,MEDIUM,0,Ritmo de carrera
2023,Belgian,R,BOT,16,114.537,MEDIUM,0,Ritmo de carrera
2023,Belgian,R,BOT,17,114.71,MEDIUM,0,Ritmo de carrera
2023,Belgian,R,BOT,23,114.59,MEDIUM,0,Ritmo de carrera
2023,Belgian,R,BOT,26,110.515,MEDIUM,3,Vuelta de ataque
2023,Belgian,R,BOT,27,111.131,MEDIUM,3,Vuelta de ataque
2023,Belgian,R,BOT,28,111.46,MEDIUM,3,Vuelta de ataque
2023,Belgian,R,BOT,29,111.672,MEDIUM,3,Vuelta de ataque
2023,Belgian,R,BOT,30,111.904,MEDIUM,3,Vuelta de ataque
2023,Belgian,R,BOT,31,112.128,MEDIUM,0,Ritmo de carrera
2023,Belgian,R,BOT,32,112.898,MEDIUM,0,Ritmo de carrera
2023,Belgian,R,BOT,33,113.414,MEDIUM,0,Ritmo de carrera
2023,Belgian,R,BOT,34,112.188,MEDIUM,3,Vuelta de ataque
2023,Belgian,R,BOT,35,112.412,MEDIUM,3,Vuelta de ataque
2023,Belgian,R,BOT,36,112.391,MEDIUM,1,Lift and Coast
2023,Belgian,R,BOT,37,112.129,MEDIUM,3,Vuelta de ataque
2023,Belgian,R,BOT,38,112.077,MEDIUM,1,Lift and Coast
2023,Belgian,R,BOT,39,112.396,MEDIUM,1,Lift and Coast
2023,Belgian,R,BOT,40,112.344,MEDIUM,3,Vuelta de ataque
2023,Belgian,R,BOT,41,112.363,MEDIUM,3,Vuelta de ataque
2023,Belgian,R,BOT,42,112.382,MEDIUM,0,Ritmo de carrera
2023,Belgian,R,BOT,43,112.17,MEDIUM,1,Lift and Coast
2023,Belgian,R,BOT,44,112.234,MEDIUM,1,Lift and Coast
2023,Belgian,R,ZHO,4,114.639,SOFT,0,Ritmo de carrera
2023,Belgian,R,ZHO,9,112.422,MEDIUM,0,Ritmo de carrera
2023,Belgian,R,ZHO,10,113.904,MEDIUM,0,Ritmo de carrera
2023,Belgian,R,ZHO,11,112.645,MEDIUM,0,Ritmo de carrera
2023,Belgian,R,ZHO,12,113.303,MEDIUM,2,Tracción Comprometida
2023,Belgian,R,ZHO,13,113.733,MEDIUM,0,Ritmo de carrera
2023,Belgian,R,ZHO,14,113.927,MEDIUM,0,Ritmo de carrera
2023,Belgian,R,ZHO,16,114.295,MEDIUM,0,Ritmo de carrera
2023,Belgian,R,ZHO,24,114.616,MEDIUM,0,Ritmo de carrera
2023,Belgian,R,ZHO,27,110.188,SOFT,3,Vuelta de ataque
2023,Belgian,R,ZHO,28,111.466,SOFT,0,Ritmo de carrera
2023,Belgian,R,ZHO,29,112.052,SOFT,0,Ritmo de carrera
2023,Belgian,R,ZHO,30,112.82,SOFT,0,Ritmo de carrera
2023,Belgian,R,ZHO,31,112.35,SOFT,1,Lift and Coast
2023,Belgian,R,ZHO,32,112.247,SOFT,0,Ritmo de carrera
2023,Belgian,R,ZHO,33,111.506,SOFT,3,Vuelta de ataque
2023,Belgian,R,ZHO,34,112.052,SOFT,1,Lift and Coast
2023,Belgian,R,ZHO,35,112.507,SOFT,1,Lift and Coast
2023,Belgian,R,ZHO,36,112.809,SOFT,0,Ritmo de carrera
2023,Belgian,R,ZHO,37,112.981,SOFT,0,Ritmo de carrera
2023,Belgian,R,ZHO,38,113.446,SOFT,0,Ritmo de carrera
2023,Belgian,R,ZHO,39,113.017,SOFT,0,Ritmo de carrera
2023,Belgian,R,ZHO,40,111.884,SOFT,0,Ritmo de carrera
2023,Belgian,R,ZHO,41,113.108,SOFT,0,Ritmo de carrera
2023,Belgian,R,ZHO,42,111.69,SOFT,0,Ritmo de carrera
2023,Belgian,R,ZHO,43,112.023,SOFT,3,Vuelta de ataque
2023,Belgian,R,ZHO,44,112.006,SOFT,3,Vuelta de ataque
2023,Belgian,R,ALB,3,113.907,SOFT,2,Tracción Comprometida
2023,Belgian,R,ALB,6,114.309,SOFT,0,Ritmo de carrera
2023,Belgian,R,ALB,9,111.937,MEDIUM,1,Lift and Coast
2023,Belgian,R,ALB,10,111.774,MEDIUM,2,Tracción Comprometida
2023,Belgian,R,ALB,11,113.93,MEDIUM,0,Ritmo de carrera
2023,Belgian,R,ALB,12,113.815,MEDIUM,0,Ritmo de carrera
2023,Belgian,R,ALB,13,113.705,MEDIUM,2,Tracción Comprometida
2023,Belgian,R,ALB,14,113.822,MEDIUM,2,Tracción Comprometida
2023,Belgian,R,ALB,15,114.522,MEDIUM,0,Ritmo de carrera
2023,Belgian,R,ALB,18,114.701,MEDIUM,2,Tracción Comprometida
2023,Belgian,R,ALB,25,111.432,MEDIUM,0,Ritmo de carrera
2023,Belgian,R,ALB,26,111.563,MEDIUM,0,Ritmo de carrera
2023,Belgian,R,ALB,27,111.888,MEDIUM,0,Ritmo de carrera
2023,Belgian,R,ALB,28,112.076,MEDIUM,0,Ritmo de carrera
2023,Belgian,R,ALB,29,112.691,MEDIUM,2,Tracción Comprometida
2023,Belgian,R,ALB,30,113.203,MEDIUM,2,Tracción Comprometida
2023,Belgian,R,ALB,31,112.731,MEDIUM,2,Tracción Comprometida
2023,Belgian,R,ALB,32,114.306,MEDIUM,0,Ritmo de carrera
2023,Belgian,R,ALB,35,109.841,SOFT,1,Lift and Coast
2023,Belgian,R,ALB,36,110.82,SOFT,0,Ritmo de carrera
2023,Belgian,R,ALB,37,111.065,SOFT,1,Lift and Coast
2023,Belgian,R,ALB,38,111.575,SOFT,0,Ritmo de carrera
2023,Belgian,R,ALB,39,112.918,SOFT,2,Tracción Comprometida
2023,Belgian,R,ALB,40,112.75,SOFT,0,Ritmo de carrera
2023,Belgian,R,ALB,41,112.064,SOFT,1,Lift and Coast
2023,Belgian,R,ALB,42,112.918,SOFT,0,Ritmo de carrera
2023,Belgian,R,ALB,43,111.14,SOFT,0,Ritmo de carrera
2023,Belgian,R,ALB,44,111.451,SOFT,0,Ritmo de carrera
2023,Belgian,R,MAG,4,114.635,SOFT,0,Ritmo de carrera
2023,Belgian,R,MAG,7,111.534,MEDIUM,3,Vuelta de ataque
2023,Belgian,R,MAG,8,112.645,MEDIUM,3,Vuelta de ataque
2023,Belgian,R,MAG,9,113.819,MEDIUM,3,Vuelta de ataque
2023,Belgian,R,MAG,10,114.01,MEDIUM,0,Ritmo de carrera
2023,Belgian,R,MAG,11,113.589,MEDIUM,3,Vuelta de ataque
2023,Belgian,R,MAG,12,113.828,MEDIUM,3,Vuelta de ataque
2023,Belgian,R,MAG,13,114.086,MEDIUM,1,Lift and Coast
2023,Belgian,R,MAG,14,114.434,MEDIUM,0,Ritmo de carrera
2023,Belgian,R,MAG,16,114.434,MEDIUM,0,Ritmo de carrera
2023,Belgian,R,MAG,17,114.689,MEDIUM,0,Ritmo de carrera
2023,Belgian,R,MAG,18,114.812,MEDIUM,1,Lift and Coast
2023,Belgian,R,MAG,23,114.764,MEDIUM,0,Ritmo de carrera
2023,Belgian,R,MAG,24,114.351,MEDIUM,0,Ritmo de carrera
2023,Belgian,R,MAG,27,110.993,MEDIUM,3,Vuelta de ataque
2023,Belgian,R,MAG,28,111.362,MEDIUM,3,Vuelta de ataque
2023,Belgian,R,MAG,29,111.804,MEDIUM,3,Vuelta de ataque
2023,Belgian,R,MAG,30,112.039,MEDIUM,3,Vuelta de ataque
2023,Belgian,R,MAG,31,112.541,MEDIUM,3,Vuelta de ataque
2023,Belgian,R,MAG,32,112.826,MEDIUM,3,Vuelta de ataque
2023,Belgian,R,MAG,33,112.814,MEDIUM,3,Vuelta de ataque
2023,Belgian,R,MAG,34,112.789,MEDIUM,0,Ritmo de carrera
2023,Belgian,R,MAG,35,113.23,MEDIUM,3,Vuelta de ataque
2023,Belgian,R,MAG,36,113.437,MEDIUM,1,Lift and Coast
2023,Belgian,R,MAG,37,113.413,MEDIUM,1,Lift and Coast
2023,Belgian,R,MAG,38,113.103,MEDIUM,3,Vuelta de ataque
2023,Belgian,R,MAG,39,113.436,MEDIUM,0,Ritmo de carrera
2023,Belgian,R,MAG,40,113.598,MEDIUM,3,Vuelta de ataque
2023,Belgian,R,MAG,41,113.446,MEDIUM,1,Lift and Coast
2023,Belgian,R,MAG,43,113.95,MEDIUM,1,Lift and Coast
2023,Belgian,R,MAG,44,113.438,MEDIUM,0,Ritmo de carrera
2023,Belgian,R,RIC,4,114.815,SOFT,1,Lift and Coast
2023,Belgian,R,RIC,7,112.398,MEDIUM,3,Vuelta de ataque
2023,Belgian,R,RIC,8,112.975,MEDIUM,0,Ritmo de carrera
2023,Belgian,R,RIC,9,113.378,MEDIUM,0,Ritmo de carrera
2023,Belgian,R,RIC,10,113.034,MEDIUM,0,Ritmo de carrera
2023,Belgian,R,RIC,11,113.369,MEDIUM,3,Vuelta de ataque
2023,Belgian,R,RIC,12,113.535,MEDIUM,1,Lift and Coast
2023,Belgian,R,RIC,13,114.036,MEDIUM,1,Lift and Coast
2023,Belgian,R,RIC,14,114.323,MEDIUM,1,Lift and Coast
2023,Belgian,R,RIC,16,114.625,MEDIUM,0,Ritmo de carrera
2023,Belgian,R,RIC,17,114.58,MEDIUM,0,Ritmo de carrera
2023,Belgian,R,RIC,24,111.719,MEDIUM,0,Ritmo de carrera
2023,Belgian,R,RIC,25,110.994,MEDIUM,3,Vuelta de ataque
2023,Belgian,R,RIC,26,111.932,MEDIUM,3,Vuelta de ataque
2023,Belgian,R,RIC,27,111.567,MEDIUM,1,Lift and Coast
2023,Belgian,R,RIC,28,111.634,MEDIUM,1,Lift and Coast
2023,Belgian,R,RIC,29,112.143,MEDIUM,1,Lift and Coast
2023,Belgian,R,RIC,30,111.975,MEDIUM,1,Lift and Coast
2023,Belgian,R,RIC,31,112.068,MEDIUM,1,Lift and Coast
2023,Belgian,R,RIC,32,112.419,MEDIUM,1,Lift and Coast
2023,Belgian,R,RIC,33,112.469,MEDIUM,0,Ritmo de carrera
2023,Belgian,R,RIC,34,112.824,MEDIUM,1,Lift and Coast
2023,Belgian,R,RIC,35,113.391,MEDIUM,0,Ritmo de carrera
2023,Belgian,R,RIC,36,113.215,MEDIUM,1,Lift and Coast
2023,Belgian,R,RIC,37,113.131,MEDIUM,0,Ritmo de carrera
2023,Belgian,R,RIC,38,113.461,MEDIUM,0,Ritmo de carrera
2023,Belgian,R,RIC,39,114.52,MEDIUM,0,Ritmo de carrera
2023,Belgian,R,RIC,40,114.361,MEDIUM,1,Lift and Coast
2023,Belgian,R,RIC,41,113.367,MEDIUM,0,Ritmo de carrera
2023,Belgian,R,RIC,43,112.115,MEDIUM,3,Vuelta de ataque
2023,Belgian,R,RIC,44,112.265,MEDIUM,0,Ritmo de carrera
2023,Belgian,R,SAR,3,114.142,SOFT,0,Ritmo de carrera
2023,Belgian,R,SAR,4,114.152,SOFT,0,Ritmo de carrera
2023,Belgian,R,SAR,10,113.736,MEDIUM,0,Ritmo de carrera
2023,Belgian,R,SAR,13,114.596,MEDIUM,0,Ritmo de carrera
2023,Belgian,R,SAR,16,113.822,MEDIUM,0,Ritmo de carrera
2023,Belgian,R,SAR,19,114.603,MEDIUM,0,Ritmo de carrera
2023,Belgian,R,SAR,26,110.667,MEDIUM,0,Ritmo de carrera
2023,Belgian,R,SAR,27,111.329,MEDIUM,0,Ritmo de carrera
2023,Belgian,R,SAR,28,111.821,MEDIUM,0,Ritmo de carrera
2023,Belgian,R,SAR,29,112.192,MEDIUM,0,Ritmo de carrera
2023,Belgian,R,SAR,30,112.727,MEDIUM,2,Tracción Comprometida
2023,Belgian,R,SAR,31,112.285,MEDIUM,0,Ritmo de carrera
2023,Belgian,R,SAR,32,112.6,MEDIUM,0,Ritmo de carrera
2023,Belgian,R,SAR,33,113.556,MEDIUM,0,Ritmo de carrera
2023,Belgian,R,SAR,36,110.236,SOFT,0,Ritmo de carrera
2023,Belgian,R,SAR,37,110.486,SOFT,0,Ritmo de carrera
2023,Belgian,R,SAR,38,110.818,SOFT,0,Ritmo de carrera
2023,Belgian,R,SAR,39,111.513,SOFT,0,Ritmo de carrera
2023,Belgian,R,SAR,40,112.082,SOFT,0,Ritmo de carrera
2023,Belgian,R,SAR,41,111.581,SOFT,0,Ritmo de carrera
2023,Belgian,R,SAR,42,112.364,SOFT,0,Ritmo de carrera
2023,Belgian,R,SAR,43,111.241,SOFT,0,Ritmo de carrera
2023,Belgian,R,SAR,44,112.59,SOFT,0,Ritmo de carrera
2023,Belgian,R,HUL,4,114.581,MEDIUM,0,Ritmo de carrera
2023,Belgian,R,HUL,8,114.741,MEDIUM,1,Lift and Coast
2023,Belgian,R,HUL,10,114.655,MEDIUM,1,Lift and Coast
2023,Belgian,R,HUL,11,114.262,MEDIUM,1,Lift and Coast
2023,Belgian,R,HUL,14,112.348,SOFT,3,Vuelta de ataque
2023,Belgian,R,HUL,16,113.91,SOFT,0,Ritmo de carrera
2023,Belgian,R,HUL,18,112.937,SOFT,0,Ritmo de carrera
2023,Belgian,R,HUL,19,113.743,SOFT,1,Lift and Coast
2023,Belgian,R,HUL,20,114.393,SOFT,0,Ritmo de carrera
2023,Belgian,R,HUL,21,114.691,SOFT,1,Lift and Coast
2023,Belgian,R,HUL,23,113.292,SOFT,0,Ritmo de carrera
2023,Belgian,R,HUL,26,109.907,SOFT,3,Vuelta de ataque
2023,Belgian,R,HUL,27,111.225,SOFT,1,Lift and Coast
2023,Belgian,R,HUL,28,111.545,SOFT,3,Vuelta de ataque
2023,Belgian,R,HUL,29,111.844,SOFT,1,Lift and Coast
2023,Belgian,R,HUL,30,112.495,SOFT,3,Vuelta de ataque
2023,Belgian,R,HUL,31,112.588,SOFT,3,Vuelta de ataque
2023,Belgian,R,HUL,32,112.332,SOFT,1,Lift and Coast
2023,Belgian,R,HUL,33,112.601,SOFT,3,Vuelta de ataque
2023,Belgian,R,HUL,34,113.056,SOFT,0,Ritmo de carrera
2023,Belgian,R,HUL,35,113.676,SOFT,1,Lift and Coast
2023,Belgian,R,HUL,36,113.401,SOFT,1,Lift and Coast
2023,Belgian,R,HUL,37,113.019,SOFT,1,Lift and Coast
2023,Belgian,R,HUL,38,113.621,SOFT,0,Ritmo de carrera
2023,Belgian,R,HUL,39,113.522,SOFT,3,Vuelta de ataque
2023,Belgian,R,HUL,41,113.845,SOFT,1,Lift and Coast
2023,Belgian,R,SAI,2,114.247,SOFT,2,Tracción Comprometida
2023,Belgian,R,SAI,3,114.718,SOFT,2,Tracción Comprometida
2023,Belgian,R,SAI,9,113.138,MEDIUM,0,Ritmo de carrera
2023,Belgian,R,SAI,10,113.893,MEDIUM,0,Ritmo de carrera
2023,Singapore,FP3,VER,5,93.66,MEDIUM,3,Vuelta de ataque
2023,Singapore,FP3,VER,9,98.185,MEDIUM,1,Lift and Coast
2023,Singapore,FP3,VER,11,98.424,MEDIUM,1,Lift and Coast
2023,Singapore,FP3,SAR,2,94.829,SOFT,3,Vuelta de ataque
2023,Singapore,FP3,SAR,5,94.136,SOFT,3,Vuelta de ataque
2023,Singapore,FP3,NOR,2,94.261,MEDIUM,3,Vuelta de ataque
2023,Singapore,FP3,NOR,4,93.934,MEDIUM,3,Vuelta de ataque
2023,Singapore,FP3,NOR,7,93.776,MEDIUM,3,Vuelta de ataque
2023,Singapore,FP3,NOR,10,92.303,SOFT,3,Vuelta de ataque
2023,Singapore,FP3,NOR,13,92.585,SOFT,3,Vuelta de ataque
2023,Singapore,FP3,PER,17,92.784,SOFT,3,Vuelta de ataque
2023,Singapore,FP3,LEC,2,95.418,MEDIUM,3,Vuelta de ataque
2023,Singapore,FP3,LEC,5,94.095,MEDIUM,3,Vuelta de ataque
2023,Singapore,FP3,LEC,7,93.663,MEDIUM,3,Vuelta de ataque
2023,Singapore,FP3,LEC,13,96.448,MEDIUM,3,Vuelta de ataque
2023,Singapore,FP3,LEC,14,96.487,MEDIUM,3,Vuelta de ataque
2023,Singapore,FP3,LEC,15,97.01,MEDIUM,3,Vuelta de ataque
2023,Singapore,FP3,LEC,19,92.381,SOFT,3,Vuelta de ataque
2023,Singapore,FP3,STR,2,95.077,MEDIUM,3,Vuelta de ataque
2023,Singapore,FP3,STR,4,94.574,MEDIUM,3,Vuelta de ataque
2023,Singapore,FP3,STR,6,95.81,MEDIUM,3,Vuelta de ataque
2023,Singapore,FP3,STR,10,94.789,MEDIUM,3,Vuelta de ataque
2023,Singapore,FP3,STR,12,94.496,MEDIUM,3,Vuelta de ataque
2023,Singapore,FP3,STR,15,93.126,SOFT,3,Vuelta de ataque
2023,Singapore,FP3,STR,18,93.771,SOFT,3,Vuelta de ataque
2023,Singapore,FP3,MAG,2,94.118,MEDIUM,3,Vuelta de ataque
2023,Singapore,FP3,MAG,6,94.01,MEDIUM,3,Vuelta de ataque
2023,Singapore,FP3,MAG,10,92.97,SOFT,3,Vuelta de ataque
2023,Singapore,FP3,MAG,13,93.142,SOFT,3,Vuelta de ataque
2023,Singapore,FP3,TSU,5,94.443,MEDIUM,3,Vuelta de ataque
2023,Singapore,FP3,TSU,8,93.783,MEDIUM,3,Vuelta de ataque
2023,Singapore,FP3,ALB,2,94.598,SOFT,3,Vuelta de ataque
2023,Singapore,FP3,ALB,5,94.142,SOFT,3,Vuelta de ataque
2023,Singapore,FP3,ALB,9,93.37,SOFT,3,Vuelta de ataque
2023,Singapore,FP3,ZHO,2,96.495,SOFT,3,Vuelta de ataque
2023,Singapore,FP3,ZHO,5,95.298,SOFT,3,Vuelta de ataque
2023,Singapore,FP3,HUL,2,95.12,MEDIUM,3,Vuelta de ataque
2023,Singapore,FP3,HUL,5,94.719,MEDIUM,3,Vuelta de ataque
2023,Singapore,FP3,HUL,9,94.729,MEDIUM,3,Vuelta de ataque
2023,Singapore,FP3,HUL,12,92.961,SOFT,3,Vuelta de ataque
2023,Singapore,FP3,OCO,2,95.152,MEDIUM,3,Vuelta de ataque
2023,Singapore,FP3,OCO,5,94.656,MEDIUM,3,Vuelta de ataque
2023,Singapore,FP3,OCO,8,94.131,MEDIUM,3,Vuelta de ataque
2023,Singapore,FP3,OCO,14,93.646,SOFT,3,Vuelta de ataque
2023,Singapore,FP3,HAM,2,94.412,SOFT,3,Vuelta de ataque
2023,Singapore,FP3,HAM,8,93.105,SOFT,3,Vuelta de ataque
2023,Singapore,FP3,HAM,11,92.535,SOFT,3,Vuelta de ataque
2023,Singapore,FP3,HAM,14,92.626,SOFT,3,Vuelta de ataque
2023,Singapore,FP3,SAI,2,95.015,MEDIUM,3,Vuelta de ataque
2023,Singapore,FP3,SAI,4,93.778,MEDIUM,3,Vuelta de ataque
2023,Singapore,FP3,SAI,8,93.195,MEDIUM,3,Vuelta de ataque
2023,Singapore,FP3,SAI,11,97.102,MEDIUM,3,Vuelta de ataque
2023,Singapore,FP3,SAI,12,96.88,MEDIUM,3,Vuelta de ataque
2023,Singapore,FP3,SAI,13,96.406,MEDIUM,3,Vuelta de ataque
2023,Singapore,FP3,SAI,16,92.065,SOFT,3,Vuelta de ataque
2023,Singapore,FP3,SAI,20,92.583,SOFT,3,Vuelta de ataque
2023,Singapore,FP3,RUS,2,94.094,SOFT,3,Vuelta de ataque
2023,Singapore,FP3,RUS,5,93.44,SOFT,3,Vuelta de ataque
2023,Singapore,FP3,BOT,23,93.54,SOFT,3,Vuelta de ataque
2023,Singapore,FP3,PIA,2,96.13,HARD,3,Vuelta de ataque
2023,Singapore,FP3,PIA,7,94.578,HARD,3,Vuelta de ataque
2023,Singapore,FP3,PIA,11,92.73,SOFT,3,Vuelta de ataque
2023,Singapore,FP3,PIA,14,93.261,SOFT,3,Vuelta de ataque
2023,Singapore,Q,SAI,2,92.965,SOFT,3,Vuelta de ataque
2023,Singapore,Q,SAI,5,92.339,SOFT,3,Vuelta de ataque
2023,Singapore,Q,SAI,10,91.893,SOFT,3,Vuelta de ataque
2023,Singapore,Q,SAI,13,91.439,SOFT,3,Vuelta de ataque
2023,Singapore,Q,SAI,16,91.17,SOFT,3,Vuelta de ataque
2023,Singapore,Q,LEC,5,92.406,SOFT,3,Vuelta de ataque
2023,Singapore,Q,LEC,11,92.15,SOFT,3,Vuelta de ataque
2023,Singapore,Q,LEC,14,92.012,SOFT,3,Vuelta de ataque
2023,Singapore,Q,LEC,17,91.421,SOFT,3,Vuelta de ataque
2023,Singapore,Q,LEC,20,91.063,SOFT,3,Vuelta de ataque
2023,Singapore,Q,NOR,5,92.483,SOFT,3,Vuelta de ataque
2023,Singapore,Q,NOR,8,93.291,SOFT,3,Vuelta de ataque
2023,Singapore,Q,NOR,16,91.539,SOFT,3,Vuelta de ataque
2023,Singapore,Q,HAM,2,92.651,SOFT,3,Vuelta de ataque
2023,Singapore,Q,HAM,12,91.91,SOFT,3,Vuelta de ataque
2023,Singapore,Q,MAG,2,93.2,SOFT,3,Vuelta de ataque
2023,Singapore,Q,MAG,5,93.038,SOFT,3,Vuelta de ataque
2023,Singapore,Q,MAG,11,92.17,SOFT,3,Vuelta de ataque
2023,Singapore,Q,MAG,14,91.892,SOFT,3,Vuelta de ataque
2023,Singapore,Q,OCO,8,92.278,SOFT,3,Vuelta de ataque
2023,Singapore,Q,OCO,11,92.089,SOFT,3,Vuelta de ataque
2023,Singapore,Q,HUL,2,93.708,SOFT,3,Vuelta de ataque
2023,Singapore,Q,HUL,5,93.16,SOFT,3,Vuelta de ataque
2023,Singapore,Q,HUL,11,92.348,SOFT,3,Vuelta de ataque
2023,Singapore,Q,LAW,20,92.268,SOFT,3,Vuelta de ataque
2023,Singapore,Q,VER,2,92.862,SOFT,3,Vuelta de ataque
2023,Singapore,Q,VER,10,92.307,SOFT,3,Vuelta de ataque
2023,Singapore,Q,VER,13,92.173,SOFT,3,Vuelta de ataque
2023,Singapore,Q,ALB,2,93.627,SOFT,3,Vuelta de ataque
2023,Singapore,Q,ALB,5,92.668,SOFT,3,Vuelta de ataque
2023,Singapore,Q,ALB,8,93.719,SOFT,3,Vuelta de ataque
2023,Singapore,Q,ALB,11,93.147,SOFT,3,Vuelta de ataque
2023,Singapore,Q,BOT,2,93.79,SOFT,3,Vuelta de ataque
2023,Singapore,Q,BOT,5,93.653,SOFT,3,Vuelta de ataque
2023,Singapore,Q,BOT,8,92.809,SOFT,3,Vuelta de ataque
2023,Singapore,Q,PIA,2,92.902,SOFT,3,Vuelta de ataque
2023,Singapore,Q,PIA,8,93.717,SOFT,3,Vuelta de ataque
2023,Singapore,Q,SAR,2,95.098,SOFT,3,Vuelta de ataque
2023,Singapore,Q,SAR,8,93.252,SOFT,3,Vuelta de ataque
2023,Singapore,Q,STR,3,93.904,SOFT,3,Vuelta de ataque
2023,Singapore,Q,STR,5,93.397,SOFT,3,Vuelta de ataque
2023,Singapore,R,VER,2,101.596,HARD,0,Ritmo de carrera
2023,Singapore,R,VER,3,101.51,HARD,1,Lift and Coast
2023,Singapore,R,VER,4,101.143,HARD,1,Lift and Coast
2023,Singapore,R,VER,5,101.308,HARD,1,Lift and Coast
2023,Singapore,R,VER,6,101.313,HARD,0,Ritmo de carrera
2023,Singapore,R,VER,7,100.423,HARD,1,Lift and Coast
2023,Singapore,R,VER,8,100.177,HARD,1,Lift and Coast
2023,Singapore,R,VER,9,100.264,HARD,1,Lift and Coast
2023,Singapore,R,VER,10,100.408,HARD,3,Vuelta de ataque
2023,Singapore,R,VER,11,100.423,HARD,1,Lift and Coast
2023,Singapore,R,VER,12,100.602,HARD,1,Lift and Coast
2023,Singapore,R,VER,13,100.693,HARD,1,Lift and Coast
2023,Singapore,R,VER,14,100.633,HARD,1,Lift and Coast
2023,Singapore,R,VER,15,100.206,HARD,1,Lift and Coast
2023,Singapore,R,VER,16,100.39,HARD,1,Lift and Coast
2023,Singapore,R,VER,17,100.481,HARD,1,Lift and Coast
2023,Singapore,R,VER,18,100.464,HARD,1,Lift and Coast
2023,Singapore,R,VER,19,100.746,HARD,3,Vuelta de ataque
2023,Singapore,R,VER,24,101.971,HARD,3,Vuelta de ataque
2023,Singapore,R,VER,25,100.7,HARD,3,Vuelta de ataque
2023,Singapore,R,VER,26,100.244,HARD,3,Vuelta de ataque
2023,Singapore,R,VER,27,101.18,HARD,3,Vuelta de ataque
2023,Singapore,R,VER,28,101.431,HARD,3,Vuelta de ataque
2023,Singapore,R,VER,29,100.437,HARD,3,Vuelta de ataque
2023,Singapore,R,VER,30,100.326,HARD,3,Vuelta de ataque
2023,Singapore,R,VER,31,100.247,HARD,3,Vuelta de ataque
2023,Singapore,R,VER,32,100.033,HARD,3,Vuelta de ataque
2023,Singapore,R,VER,33,100.087,HARD,3,Vuelta de ataque
2023,Singapore,R,VER,34,100.378,HARD,3,Vuelta de ataque
2023,Singapore,R,VER,35,100.266,HARD,3,Vuelta de ataque
2023,Singapore,R,VER,36,100.372,HARD,3,Vuelta de ataque
2023,Singapore,R,VER,37,100.224,HARD,3,Vuelta de ataque
2023,Singapore,R,VER,38,100.61,HARD,3,Vuelta de ataque
2023,Singapore,R,VER,39,101.173,HARD,3,Vuelta de ataque
2023,Singapore,R,VER,42,97.713,MEDIUM,3,Vuelta de ataque
2023,Singapore,R,VER,46,97.57,MEDIUM,3,Vuelta de ataque
2023,Singapore,R,VER,47,98.09,MEDIUM,3,Vuelta de ataque
2023,Singapore,R,VER,48,98.333,MEDIUM,3,Vuelta de ataque
2023,Singapore,R,VER,49,97.085,MEDIUM,3,Vuelta de ataque
2023,Singapore,R,VER,50,99.006,MEDIUM,3,Vuelta de ataque
2023,Singapore,R,VER,51,97.144,MEDIUM,3,Vuelta de ataque
2023,Singapore,R,VER,52,96.835,MEDIUM,3,Vuelta de ataque
2023,Singapore,R,VER,53,97.132,MEDIUM,3,Vuelta de ataque
2023,Singapore,R,VER,54,98.196,MEDIUM,3,Vuelta de ataque
2023,Singapore,R,VER,55,96.899,MEDIUM,3,Vuelta de ataque
2023,Singapore,R,VER,56,97.519,MEDIUM,3,Vuelta de ataque
2023,Singapore,R,VER,57,99.299,MEDIUM,3,Vuelta de ataque
2023,Singapore,R,VER,58,96.912,MEDIUM,3,Vuelta de ataque
2023,Singapore,R,VER,59,96.748,MEDIUM,3,Vuelta de ataque
2023,Singapore,R,VER,60,96.758,MEDIUM,3,Vuelta de ataque
2023,Singapore,R,VER,61,96.575,MEDIUM,3,Vuelta de ataque
2023,Singapore,R,VER,62,98.197,MEDIUM,3,Vuelta de ataque
2023,Singapore,R,GAS,2,102.353,MEDIUM,3,Vuelta de ataque
2023,Singapore,R,GAS,3,101.442,MEDIUM,0,Ritmo de carrera
2023,Singapore,R,GAS,4,101.334,MEDIUM,1,Lift and Coast
2023,Singapore,R,GAS,5,101.292,MEDIUM,1,Lift and Coast
2023,Singapore,R,GAS,6,101.829,MEDIUM,0,Ritmo de carrera
2023,Singapore,R,GAS,7,101.399,MEDIUM,1,Lift and Coast
2023,Singapore,R,GAS,8,100.677,MEDIUM,0,Ritmo de carrera
2023,Singapore,R,GAS,9,101.063,MEDIUM,1,Lift and Coast
2023,Singapore,R,GAS,10,100.378,MEDIUM,3,Vuelta de ataque
2023,Singapore,R,GAS,11,100.728,MEDIUM,1,Lift and Coast
2023,Singapore,R,GAS,12,100.439,MEDIUM,1,Lift and Coast
2023,Singapore,R,GAS,13,100.829,MEDIUM,1,Lift and Coast
2023,Singapore,R,GAS,14,100.627,MEDIUM,1,Lift and Coast
2023,Singapore,R,GAS,15,100.602,MEDIUM,3,Vuelta de ataque
2023,Singapore,R,GAS,16,100.929,MEDIUM,3,Vuelta de ataque
2023,Singapore,R,GAS,17,100.673,MEDIUM,1,Lift and Coast
2023,Singapore,R,GAS,18,100.866,MEDIUM,1,Lift and Coast
2023,Singapore,R,GAS,19,101.061,MEDIUM,1,Lift and Coast
2023,Singapore,R,GAS,24,102.407,HARD,0,Ritmo de carrera
2023,Singapore,R,GAS,25,101.048,HARD,0,Ritmo de carrera
2023,Singapore,R,GAS,26,100.92,HARD,0,Ritmo de carrera
2023,Singapore,R,GAS,27,100.396,HARD,3,Vuelta de ataque
2023,Singapore,R,GAS,28,101.536,HARD,1,Lift and Coast
2023,Singapore,R,GAS,29,101.706,HARD,1,Lift and Coast
2023,Singapore,R,GAS,30,100.28,HARD,3,Vuelta de ataque
2023,Singapore,R,GAS,31,99.974,HARD,3,Vuelta de ataque
2023,Singapore,R,GAS,32,100.406,HARD,1,Lift and Coast
2023,Singapore,R,GAS,33,100.154,HARD,0,Ritmo de carrera
2023,Singapore,R,GAS,34,101.321,HARD,0,Ritmo de carrera
2023,Singapore,R,GAS,35,102.563,HARD,0,Ritmo de carrera
2023,Singapore,R,GAS,36,99.965,HARD,3,Vuelta de ataque
2023,Singapore,R,GAS,37,100.508,HARD,3,Vuelta de ataque
2023,Singapore,R,GAS,38,101.261,HARD,0,Ritmo de carrera
2023,Singapore,R,GAS,40,99.885,HARD,3,Vuelta de ataque
2023,Singapore,R,GAS,41,99.934,HARD,3,Vuelta de ataque
2023,Singapore,R,GAS,42,99.835,HARD,1,Lift and Coast
2023,Singapore,R,GAS,46,98.277,HARD,3,Vuelta de ataque
2023,Singapore,R,GAS,47,98.568,HARD,3,Vuelta de ataque
2023,Singapore,R,GAS,48,98.548,HARD,3,Vuelta de ataque
2023,Singapore,R,GAS,49,98.634,HARD,1,Lift and Coast
2023,Singapore,R,GAS,50,98.688,HARD,3,Vuelta de ataque
2023,Singapore,R,GAS,51,98.525,HARD,3,Vuelta de ataque
2023,Singapore,R,GAS,52,98.755,HARD,3,Vuelta de ataque
2023,Singapore,R,GAS,53,98.718,HARD,3,Vuelta de ataque
2023,Singapore,R,GAS,54,98.844,HARD,3,Vuelta de ataque
2023,Singapore,R,GAS,55,99.373,HARD,3,Vuelta de ataque
2023,Singapore,R,GAS,56,99.292,HARD,3,Vuelta de ataque
2023,Singapore,R,GAS,57,100.874,HARD,3,Vuelta de ataque
2023,Singapore,R,GAS,58,99.658,HARD,3,Vuelta de ataque
2023,Singapore,R,GAS,59,99.709,HARD,3,Vuelta de ataque
2023,Singapore,R,GAS,60,99.62,HARD,3,Vuelta de ataque
2023,Singapore,R,GAS,61,99.711,HARD,3,Vuelta de ataque
2023,Singapore,R,GAS,62,102.273,HARD,1,Lift and Coast
2023,Singapore,R,PER,2,102.009,HARD,0,Ritmo de carrera
2023,Singapore,R,PER,3,101.622,HARD,0,Ritmo de carrera
2023,Singapore,R,PER,4,101.354,HARD,0,Ritmo de carrera
2023,Singapore,R,PER,5,101.331,HARD,0,Ritmo de carrera
2023,Singapore,R,PER,7,101.353,HARD,3,Vuelta de ataque
2023,Singapore,R,PER,8,100.556,HARD,1,Lift and Coast
2023,Singapore,R,PER,9,100.694,HARD,1,Lift and Coast
2023,Singapore,R,PER,10,100.643,HARD,1,Lift and Coast
2023,Singapore,R,PER,11,100.693,HARD,1,Lift and Coast
2023,Singapore,R,PER,12,100.715,HARD,3,Vuelta de ataque
2023,Singapore,R,PER,13,100.843,HARD,1,Lift and Coast
2023,Singapore,R,PER,14,100.314,HARD,3,Vuelta de ataque
2023,Singapore,R,PER,15,100.538,HARD,0,Ritmo de carrera
2023,Singapore,R,PER,16,100.688,HARD,0,Ritmo de carrera
2023,Singapore,R,PER,17,100.987,HARD,3,Vuelta de ataque
2023,Singapore,R,PER,18,101.077,HARD,0,Ritmo de carrera
2023,Singapore,R,PER,19,101.404,HARD,0,Ritmo de carrera
2023,Singapore,R,PER,25,101.532,HARD,3,Vuelta de ataque
2023,Singapore,R,PER,26,100.595,HARD,3,Vuelta de ataque
2023,Singapore,R,PER,27,100.5,HARD,3,Vuelta de ataque
2023,Singapore,R,PER,28,101.833,HARD,2,Tracción Comprometida
2023,Singapore,R,PER,29,100.29,HARD,3,Vuelta de ataque
2023,Singapore,R,PER,30,100.319,HARD,3,Vuelta de ataque
2023,Singapore,R,PER,31,100.205,HARD,3,Vuelta de ataque
2023,Singapore,R,PER,32,100.254,HARD,3,Vuelta de ataque
2023,Singapore,R,PER,33,100.355,HARD,3,Vuelta de ataque
2023,Singapore,R,PER,34,100.822,HARD,3,Vuelta de ataque
2023,Singapore,R,PER,35,100.326,HARD,3,Vuelta de ataque
2023,Singapore,R,PER,36,101.489,HARD,2,Tracción Comprometida
2023,Singapore,R,PER,38,101.321,HARD,3,Vuelta de ataque
2023,Singapore,R,PER,41,98.551,MEDIUM,3,Vuelta de ataque
2023,Singapore,R,PER,42,98.709,MEDIUM,3,Vuelta de ataque
2023,Singapore,R,PER,45,100.229,MEDIUM,2,Tracción Comprometida
2023,Singapore,R,PER,46,97.541,MEDIUM,3,Vuelta de ataque
2023,Singapore,R,PER,47,98.235,MEDIUM,3,Vuelta de ataque
2023,Singapore,R,PER,48,98.351,MEDIUM,3,Vuelta de ataque
2023,Singapore,R,PER,49,98.01,MEDIUM,3,Vuelta de ataque
2023,Singapore,R,PER,50,97.799,MEDIUM,3,Vuelta de ataque
2023,Singapore,R,PER,51,98.116,MEDIUM,3,Vuelta de ataque
2023,Singapore,R,PER,52,99.858,MEDIUM,3,Vuelta de ataque
2023,Singapore,R,PER,53,99.32,MEDIUM,3,Vuelta de ataque
2023,Singapore,R,PER,54,98.386,MEDIUM,3,Vuelta de ataque
2023,Singapore,R,PER,55,97.746,MEDIUM,3,Vuelta de ataque
2023,Singapore,R,PER,56,98.016,MEDIUM,3,Vuelta de ataque
2023,Singapore,R,PER,57,101.365,MEDIUM,0,Ritmo de carrera
2023,Singapore,R,PER,58,100.912,MEDIUM,0,Ritmo de carrera
2023,Singapore,R,PER,59,102.042,MEDIUM,0,Ritmo de carrera
2023,Singapore,R,PER,60,99.147,MEDIUM,3,Vuelta de ataque
2023,Singapore,R,PER,61,97.108,MEDIUM,3,Vuelta de ataque
2023,Singapore,R,PER,62,98.189,MEDIUM,3,Vuelta de ataque
2023,Singapore,R,ALO,2,102.255,MEDIUM,1,Lift and Coast
2023,Singapore,R,ALO,3,101.349,MEDIUM,0,Ritmo de carrera
2023,Singapore,R,ALO,4,101.356,MEDIUM,0,Ritmo de carrera
2023,Singapore,R,ALO,5,101.194,MEDIUM,0,Ritmo de carrera
2023,Singapore,R,ALO,6,100.686,MEDIUM,1,Lift and Coast
2023,Singapore,R,ALO,7,100.774,MEDIUM,0,Ritmo de carrera
2023,Singapore,R,ALO,8,100.21,MEDIUM,1,Lift and Coast
2023,Singapore,R,ALO,9,100.422,MEDIUM,1,Lift and Coast
2023,Singapore,R,ALO,10,100.555,MEDIUM,1,Lift and Coast
2023,Singapore,R,ALO,11,100.147,MEDIUM,0,Ritmo de carrera
2023,Singapore,R,ALO,12,100.383,MEDIUM,0,Ritmo de carrera
2023,Singapore,R,ALO,13,100.554,MEDIUM,1,Lift and Coast
2023,Singapore,R,ALO,14,100.18,MEDIUM,0,Ritmo de carrera
2023,Singapore,R,ALO,15,100.095,MEDIUM,0,Ritmo de carrera
2023,Singapore,R,ALO,16,100.238,MEDIUM,0,Ritmo de carrera
2023,Singapore,R,ALO,17,100.499,MEDIUM,0,Ritmo de carrera
2023,Singapore,R,ALO,18,100.316,MEDIUM,0,Ritmo de carrera
2023,Singapore,R,ALO,19,100.346,MEDIUM,3,Vuelta de ataque
2023,Singapore,R,ALO,25,100.689,HARD,0,Ritmo de carrera
2023,Singapore,R,ALO,26,100.896,HARD,0,Ritmo de carrera
2023,Singapore,R,ALO,27,100.185,HARD,0,Ritmo de carrera
2023,Singapore,R,ALO,28,101.931,HARD,0,Ritmo de carrera
2023,Singapore,R,ALO,29,101.292,HARD,0,Ritmo de carrera
2023,Singapore,R,ALO,30,100.128,HARD,0,Ritmo de carrera
2023,Singapore,R,ALO,31,100.049,HARD,1,Lift and Coast
2023,Singapore,R,ALO,32,100.39,HARD,1,Lift and Coast
2023,Singapore,R,ALO,33,99.636,HARD,0,Ritmo de carrera
2023,Singapore,R,ALO,34,100.578,HARD,0,Ritmo de carrera
2023,Singapore,R,ALO,35,100.626,HARD,0,Ritmo de carrera
2023,Singapore,R,ALO,36,101.265,HARD,0,Ritmo de carrera
2023,Singapore,R,ALO,38,101.208,HARD,0,Ritmo de carrera
2023,Singapore,R,ALO,39,102.062,HARD,0,Ritmo de carrera
2023,Singapore,R,ALO,40,100.154,HARD,0,Ritmo de carrera
2023,Singapore,R,ALO,41,100.18,HARD,0,Ritmo de carrera
2023,Singapore,R,ALO,42,100.146,HARD,0,Ritmo de carrera
2023,Singapore,R,ALO,48,99.79,SOFT,1,Lift and Coast
2023,Singapore,R,ALO,49,98.787,SOFT,1,Lift and Coast
2023,Singapore,R,ALO,53,98.559,SOFT,1,Lift and Coast
2023,Singapore,R,ALO,54,98.179,SOFT,1,Lift and Coast
2023,Singapore,R,ALO,55,98.012,SOFT,1,Lift and Coast
2023,Singapore,R,ALO,56,98.436,SOFT,1,Lift and Coast
2023,Singapore,R,ALO,57,98.303,SOFT,0,Ritmo de carrera
2023,Singapore,R,ALO,58,98.941,SOFT,0,Ritmo de carrera
2023,Singapore,R,ALO,59,98.518,SOFT,0,Ritmo de carrera
2023,Singapore,R,ALO,60,98.728,SOFT,0,Ritmo de carrera
2023,Singapore,R,ALO,61,101.542,SOFT,0,Ritmo de carrera
2023,Singapore,R,LEC,2,101.338,SOFT,1,Lift and Coast
2023,Singapore,R,LEC,3,100.752,SOFT,2,Tracción Comprometida
2023,Singapore,R,LEC,4,100.661,SOFT,2,Tracción Comprometida
2023,Singapore,R,LEC,5,100.328,SOFT,2,Tracción Comprometida
2023,Singapore,R,LEC,6,100.165,SOFT,0,Ritmo de carrera
2023,Singapore,R,LEC,7,100.279,SOFT,1,Lift and Coast
2023,Singapore,R,LEC,8,100.396,SOFT,0,Ritmo de carrera
2023,Singapore,R,LEC,9,99.646,SOFT,2,Tracción Comprometida
2023,Singapore,R,LEC,10,100.79,SOFT,1,Lift and Coast
2023,Singapore,R,LEC,11,100.403,SOFT,0,Ritmo de carrera
2023,Singapore,R,LEC,12,100.392,SOFT,0,Ritmo de carrera
2023,Singapore,R,LEC,13,100.154,SOFT,1,Lift and Coast
2023,Singapore,R,LEC,14,101.622,SOFT,2,Tracción Comprometida
2023,Singapore,R,LEC,15,99.613,SOFT,2,Tracción Comprometida
2023,Singapore,R,LEC,16,99.625,SOFT,0,Ritmo de carrera
2023,Singapore,R,LEC,17,99.8,SOFT,0,Ritmo de carrera
2023,Singapore,R,LEC,18,99.613,SOFT,2,Tracción Comprometida
2023,Singapore,R,LEC,19,100.236,SOFT,3,Vuelta de ataque
2023,Singapore,R,LEC,25,99.748,HARD,2,Tracción Comprometida
2023,Singapore,R,LEC,26,99.892,HARD,2,Tracción Comprometida
2023,Singapore,R,LEC,27,99.899,HARD,2,Tracción Comprometida
2023,Singapore,R,LEC,28,99.562,HARD,0,Ritmo de carrera
2023,Singapore,R,LEC,29,99.683,HARD,2,Tracción Comprometida
2023,Singapore,R,LEC,30,99.208,HARD,2,Tracción Comprometida
2023,Singapore,R,LEC,31,99.433,HARD,2,Tracción Comprometida
2023,Singapore,R,LEC,32,99.391,HARD,2,Tracción Comprometida
2023,Singapore,R,LEC,33,99.485,HARD,2,Tracción Comprometida
2023,Singapore,R,LEC,34,99.518,HARD,2,Tracción Comprometida
2023,Singapore,R,LEC,35,99.747,HARD,2,Tracción Comprometida
2023,Singapore,R,LEC,36,99.443,HARD,2,Tracción Comprometida
2023,Singapore,R,LEC,37,99.639,HARD,2,Tracción Comprometida
2023,Singapore,R,LEC,38,99.946,HARD,2,Tracción Comprometida
2023,Singapore,R,LEC,39,99.448,HARD,2,Tracción Comprometida
2023,Singapore,R,LEC,40,99.557,HARD,2,Tracción Comprometida
2023,Singapore,R,LEC,41,99.368,HARD,2,Tracción Comprometida
2023,Singapore,R,LEC,42,99.888,HARD,2,Tracción Comprometida
2023,Singapore,R,LEC,43,99.996,HARD,2,Tracción Comprometida
2023,Singapore,R,LEC,46,98.275,HARD,0,Ritmo de carrera
2023,Singapore,R,LEC,47,98.403,HARD,2,Tracción Comprometida
2023,Singapore,R,LEC,48,98.496,HARD,3,Vuelta de ataque
2023,Singapore,R,LEC,49,98.453,HARD,3,Vuelta de ataque
2023,Singapore,R,LEC,50,98.439,HARD,0,Ritmo de carrera
2023,Singapore,R,LEC,51,98.803,HARD,2,Tracción Comprometida
2023,Singapore,R,LEC,52,98.848,HARD,2,Tracción Comprometida
2023,Singapore,R,LEC,53,100.213,HARD,2,Tracción Comprometida
2023,Singapore,R,LEC,54,101.831,HARD,2,Tracción Comprometida
2023,Singapore,R,LEC,55,100.617,HARD,2,Tracción Comprometida
2023,Singapore,R,LEC,56,100.298,HARD,2,Tracción Comprometida
2023,Singapore,R,LEC,57,100.043,HARD,2,Tracción Comprometida
2023,Singapore,R,LEC,58,100.222,HARD,2,Tracción Comprometida
2023,Singapore,R,LEC,59,100.545,HARD,2,Tracción Comprometida
2023,Singapore,R,LEC,60,100.105,HARD,2,Tracción Comprometida
2023,Singapore,R,LEC,61,100.615,HARD,2,Tracción Comprometida
2023,Singapore,R,LEC,62,100.946,HARD,2,Tracción Comprometida
2023,Singapore,R,SAR,2,101.983,MEDIUM,1,Lift and Coast
2023,Singapore,R,SAR,3,101.7,MEDIUM,0,Ritmo de carrera
2023,Singapore,R,SAR,4,101.875,MEDIUM,1,Lift and Coast
2023,Singapore,R,SAR,5,101.264,MEDIUM,1,Lift and Coast
2023,Singapore,R,SAR,6,101.636,MEDIUM,1,Lift and Coast
2023,Singapore,R,SAR,8,101.683,MEDIUM,1,Lift and Coast
2023,Singapore,R,SAR,9,101.228,MEDIUM,1,Lift and Coast
2023,Singapore,R,SAR,10,100.739,MEDIUM,1,Lift and Coast
2023,Singapore,R,SAR,11,100.711,MEDIUM,1,Lift and Coast
2023,Singapore,R,SAR,12,100.554,MEDIUM,1,Lift and Coast
2023,Singapore,R,SAR,13,100.797,MEDIUM,0,Ritmo de carrera
2023,Singapore,R,SAR,14,100.983,MEDIUM,0,Ritmo de carrera
2023,Singapore,R,SAR,15,100.838,MEDIUM,0,Ritmo de carrera
2023,Singapore,R,SAR,16,100.965,MEDIUM,1,Lift and Coast
2023,Singapore,R,SAR,17,101.113,MEDIUM,0,Ritmo de carrera
2023,Singapore,R,SAR,18,101.57,MEDIUM,1,Lift and Coast
2023,Singapore,R,SAR,22,100.354,HARD,0,Ritmo de carrera
2023,Singapore,R,SAR,23,99.856,HARD,1,Lift and Coast
2023,Singapore,R,SAR,24,100.39,HARD,0,Ritmo de carrera
2023,Singapore,R,SAR,25,100.3,HARD,0,Ritmo de carrera
2023,Singapore,R,SAR,26,100.338,HARD,0,Ritmo de carrera
2023,Singapore,R,SAR,27,99.889,HARD,1,Lift and Coast
2023,Singapore,R,SAR,28,99.972,HARD,1,Lift and Coast
2023,Singapore,R,SAR,29,99.748,HARD,0,Ritmo de carrera
2023,Singapore,R,SAR,30,99.904,HARD,1,Lift and Coast
2023,Singapore,R,SAR,31,99.69,HARD,1,Lift and Coast
2023,Singapore,R,SAR,32,99.807,HARD,0,Ritmo de carrera
2023,Singapore,R,SAR,33,99.763,HARD,0,Ritmo de carrera
2023,Singapore,R,SAR,34,99.799,HARD,1,Lift and Coast
2023,Singapore,R,SAR,35,99.764,HARD,0,Ritmo de carrera
2023,Singapore,R,SAR,36,99.878,HARD,1,Lift and Coast
2023,Singapore,R,SAR,37,99.752,HARD,1,Lift and Coast
2023,Singapore,R,SAR,38,99.877,HARD,1,Lift and Coast
2023,Singapore,R,SAR,39,100.134,HARD,1,Lift and Coast
2023,Singapore,R,SAR,40,100.28,HARD,0,Ritmo de carrera
2023,Singapore,R,SAR,41,100.297,HARD,1,Lift and Coast
2023,Singapore,R,SAR,42,100.602,HARD,1,Lift and Coast
2023,Singapore,R,SAR,45,98.531,MEDIUM,1,Lift and Coast
2023,Singapore,R,SAR,46,98.784,MEDIUM,1,Lift and Coast
2023,Singapore,R,SAR,47,98.589,MEDIUM,0,Ritmo de carrera
2023,Singapore,R,SAR,48,98.711,MEDIUM,0,Ritmo de carrera
2023,Singapore,R,SAR,49,98.69,MEDIUM,1,Lift and Coast
2023,Singapore,R,SAR,50,98.657,MEDIUM,1,Lift and Coast
2023,Singapore,R,SAR,51,98.62,MEDIUM,1,Lift and Coast
2023,Singapore,R,SAR,52,98.812,MEDIUM,1,Lift and Coast
2023,Singapore,R,SAR,53,98.983,MEDIUM,0,Ritmo de carrera
2023,Singapore,R,SAR,54,98.933,MEDIUM,0,Ritmo de carrera
2023,Singapore,R,SAR,55,98.858,MEDIUM,0,Ritmo de carrera
2023,Singapore,R,SAR,56,98.881,MEDIUM,1,Lift and Coast
2023,Singapore,R,SAR,57,99.171,MEDIUM,0,Ritmo de carrera
2023,Singapore,R,SAR,58,100.767,MEDIUM,1,Lift and Coast
2023,Singapore,R,SAR,59,99.374,MEDIUM,1,Lift and Coast
2023,Singapore,R,SAR,60,99.786,MEDIUM,0,Ritmo de carrera
2023,Singapore,R,SAR,61,101.938,MEDIUM,0,Ritmo de carrera
2023,Singapore,R,MAG,3,101.539,MEDIUM,1,Lift and Coast
2023,Singapore,R,MAG,4,101.004,MEDIUM,1,Lift and Coast
2023,Singapore,R,MAG,5,101.469,MEDIUM,1,Lift and Coast
2023,Singapore,R,MAG,7,100.834,MEDIUM,1,Lift and Coast
2023,Singapore,R,MAG,8,100.63,MEDIUM,1,Lift and Coast
2023,Singapore,R,MAG,9,100.995,MEDIUM,1,Lift and Coast
2023,Singapore,R,MAG,10,100.504,MEDIUM,1,Lift and Coast
2023,Singapore,R,MAG,11,100.415,MEDIUM,1,Lift and Coast
2023,Singapore,R,MAG,12,100.705,MEDIUM,1,Lift and Coast
2023,Singapore,R,MAG,13,100.828,MEDIUM,1,Lift and Coast
2023,Singapore,R,MAG,14,100.515,MEDIUM,1,Lift and Coast
2023,Singapore,R,MAG,15,100.598,MEDIUM,1,Lift and Coast
2023,Singapore,R,MAG,16,100.671,MEDIUM,3,Vuelta de ataque
2023,Singapore,R,MAG,17,100.859,MEDIUM,3,Vuelta de ataque
2023,Singapore,R,MAG,18,100.993,MEDIUM,1,Lift and Coast
2023,Singapore,R,MAG,19,101.007,MEDIUM,0,Ritmo de carrera
2023,Singapore,R,MAG,24,102.343,HARD,0,Ritmo de carrera
2023,Singapore,R,MAG,25,101.109,HARD,1,Lift and Coast
2023,Singapore,R,MAG,26,100.851,HARD,1,Lift and Coast
2023,Singapore,R,MAG,27,100.481,HARD,1,Lift and Coast
2023,Singapore,R,MAG,28,101.579,HARD,0,Ritmo de carrera
2023,Singapore,R,MAG,29,101.565,HARD,0,Ritmo de carrera
2023,Singapore,R,MAG,30,100.224,HARD,1,Lift and Coast
2023,Singapore,R,MAG,31,100.03,HARD,0,Ritmo de carrera
2023,Singapore,R,MAG,32,100.464,HARD,1,Lift and Coast
2023,Singapore,R,MAG,33,100.096,HARD,3,Vuelta de ataque
2023,Singapore,R,MAG,34,101.291,HARD,1,Lift and Coast
2023,Singapore,R,MAG,37,102.352,HARD,1,Lift and Coast
2023,Singapore,R,MAG,38,101.591,HARD,1,Lift and Coast
2023,Singapore,R,MAG,39,101.934,HARD,1,Lift and Coast
2023,Singapore,R,MAG,40,101.757,HARD,1,Lift and Coast
2023,Singapore,R,MAG,41,101.307,HARD,1,Lift and Coast
2023,Singapore,R,MAG,42,100.956,HARD,1,Lift and Coast
2023,Singapore,R,MAG,45,99.787,SOFT,1,Lift and Coast
2023,Singapore,R,MAG,46,100.988,SOFT,1,Lift and Coast
2023,Singapore,R,MAG,47,99.742,SOFT,1,Lift and Coast
2023,Singapore,R,MAG,48,98.107,SOFT,1,Lift and Coast
2023,Singapore,R,MAG,49,98.367,SOFT,1,Lift and Coast
2023,Singapore,R,MAG,50,98.28,SOFT,3,Vuelta de ataque
2023,Singapore,R,MAG,51,98.215,SOFT,1,Lift and Coast
2023,Singapore,R,MAG,52,98.407,SOFT,1,Lift and Coast
2023,Singapore,R,MAG,53,98.693,SOFT,1,Lift and Coast
2023,Singapore,R,MAG,54,98.495,SOFT,1,Lift and Coast
2023,Singapore,R,MAG,55,98.29,SOFT,1,Lift and Coast
2023,Singapore,R,MAG,56,98.567,SOFT,1,Lift and Coast
2023,Singapore,R,MAG,57,98.954,SOFT,1,Lift and Coast
2023,Singapore,R,MAG,58,102.141,SOFT,0,Ritmo de carrera
2023,Singapore,R,MAG,59,100.398,SOFT,0,Ritmo de carrera
2023,Singapore,R,MAG,60,99.695,SOFT,1,Lift and Coast
2023,Singapore,R,MAG,61,98.445,SOFT,1,Lift and Coast
2023,Singapore,R,MAG,62,99.418,SOFT,1,Lift and Coast
2023,Singapore,R,ALB,2,101.902,MEDIUM,1,Lift and Coast
2023,Singapore,R,ALB,4,101.473,MEDIUM,1,Lift and Coast
2023,Singapore,R,ALB,5,101.361,MEDIUM,1,Lift and Coast
2023,Singapore,R,ALB,6,102.001,MEDIUM,1,Lift and Coast
2023,Singapore,R,ALB,8,101.318,MEDIUM,1,Lift and Coast
2023,Singapore,R,ALB,9,100.869,MEDIUM,1,Lift and Coast
2023,Singapore,R,ALB,10,100.625,MEDIUM,1,Lift and Coast
2023,Singapore,R,ALB,11,100.363,MEDIUM,1,Lift and Coast
2023,Singapore,R,ALB,12,100.458,MEDIUM,1,Lift and Coast
2023,Singapore,R,ALB,13,100.755,MEDIUM,1,Lift and Coast
2023,Singapore,R,ALB,14,100.775,MEDIUM,1,Lift and Coast
2023,Singapore,R,ALB,15,100.638,MEDIUM,1,Lift and Coast
2023,Singapore,R,ALB,16,100.815,MEDIUM,1,Lift and Coast
2023,Singapore,R,ALB,17,100.689,MEDIUM,1,Lift and Coast
2023,Singapore,R,ALB,18,100.949,MEDIUM,1,Lift and Coast
2023,Singapore,R,ALB,19,101.174,MEDIUM,1,Lift and Coast
2023,Singapore,R,ALB,25,100.961,HARD,1,Lift and Coast
2023,Singapore,R,ALB,26,100.927,HARD,0,Ritmo de carrera
2023,Singapore,R,ALB,27,101.309,HARD,1,Lift and Coast
2023,Singapore,R,ALB,28,101.442,HARD,1,Lift and Coast
2023,Singapore,R,ALB,30,100.469,HARD,1,Lift and Coast
2023,Singapore,R,ALB,31,100.981,HARD,1,Lift and Coast
2023,Singapore,R,ALB,32,100.542,HARD,1,Lift and Coast
2023,Singapore,R,ALB,33,100.772,HARD,1,Lift and Coast
2023,Singapore,R,ALB,34,100.55,HARD,1,Lift and Coast
2023,Singapore,R,ALB,35,101.065,HARD,0,Ritmo de carrera
2023,Singapore,R,ALB,36,101.94,HARD,2,Tracción Comprometida
2023,Singapore,R,ALB,37,101.028,HARD,1,Lift and Coast
2023,Singapore,R,ALB,38,100.837,HARD,1,Lift and Coast
2023,Singapore,R,ALB,39,101.246,HARD,1,Lift and Coast
2023,Singapore,R,ALB,40,100.935,HARD,0,Ritmo de carrera
2023,Singapore,R,ALB,41,100.579,HARD,1,Lift and Coast
2023,Singapore,R,ALB,42,100.637,HARD,0,Ritmo de carrera
2023,Singapore,R,ALB,45,100.919,MEDIUM,2,Tracción Comprometida
2023,Singapore,R,ALB,46,97.342,MEDIUM,1,Lift and Coast
2023,Singapore,R,ALB,47,98.047,MEDIUM,1,Lift and Coast
2023,Singapore,R,ALB,48,97.992,MEDIUM,1,Lift and Coast
2023,Singapore,R,ALB,49,98.019,MEDIUM,1,Lift and Coast
2023,Singapore,R,ALB,50,98.122,MEDIUM,1,Lift and Coast
2023,Singapore,R,ALB,51,98.213,MEDIUM,1,Lift and Coast
2023,Singapore,R,ALB,52,100.048,MEDIUM,0,Ritmo de carrera
2023,Singapore,R,ALB,53,99.613,MEDIUM,0,Ritmo de carrera
2023,Singapore,R,ALB,54,98.226,MEDIUM,1,Lift and Coast
2023,Singapore,R,ALB,55,97.656,MEDIUM,1,Lift and Coast
2023,Singapore,R,ALB,56,98.387,MEDIUM,1,Lift and Coast
2023,Singapore,R,ALB,57,101.555,MEDIUM,0,Ritmo de carrera
2023,Singapore,R,ALB,59,100.685,MEDIUM,2,Tracción Comprometida
2023,Singapore,R,ALB,60,99.668,MEDIUM,0,Ritmo de carrera
2023,Singapore,R,ALB,61,98.501,MEDIUM,2,Tracción Comprometida
2023,Singapore,R,ALB,62,99.891,MEDIUM,2,Tracción Comprometida
2023,Singapore,R,ZHO,4,99.869,HARD,3,Vuelta de ataque
2023,Singapore,R,ZHO,5,100.371,HARD,3,Vuelta de ataque
2023,Singapore,R,ZHO,6,100.471,HARD,3,Vuelta de ataque
2023,Singapore,R,ZHO,7,100.588,HARD,3,Vuelta de ataque
2023,Singapore,R,ZHO,8,101.24,HARD,3,Vuelta de ataque
2023,Singapore,R,ZHO,9,100.555,HARD,3,Vuelta de ataque
2023,Singapore,R,ZHO,10,100.566,HARD,3,Vuelta de ataque
2023,Singapore,R,ZHO,11,100.534,HARD,3,Vuelta de ataque
2023,Singapore,R,ZHO,12,100.316,HARD,3,Vuelta de ataque
2023,Singapore,R,ZHO,13,100.397,HARD,3,Vuelta de ataque
2023,Singapore,R,ZHO,14,100.833,HARD,3,Vuelta de ataque
2023,Singapore,R,ZHO,15,100.463,HARD,3,Vuelta de ataque
2023,Singapore,R,ZHO,16,100.425,HARD,3,Vuelta de ataque
2023,Singapore,R,ZHO,17,100.424,HARD,3,Vuelta de ataque
2023,Singapore,R,ZHO,18,100.582,HARD,3,Vuelta de ataque
2023,Singapore,R,ZHO,19,101.684,HARD,3,Vuelta de ataque
2023,Singapore,R,ZHO,25,101.346,MEDIUM,0,Ritmo de carrera
2023,Singapore,R,ZHO,26,100.973,MEDIUM,0,Ritmo de carrera
2023,Singapore,R,ZHO,27,100.57,MEDIUM,3,Vuelta de ataque
2023,Singapore,R,ZHO,28,101.31,MEDIUM,0,Ritmo de carrera
2023,Singapore,R,ZHO,29,101.476,MEDIUM,0,Ritmo de carrera
2023,Singapore,R,ZHO,30,100.866,MEDIUM,3,Vuelta de ataque
2023,Singapore,R,ZHO,31,100.778,MEDIUM,3,Vuelta de ataque
2023,Singapore,R,ZHO,32,100.576,MEDIUM,0,Ritmo de carrera
2023,Singapore,R,ZHO,33,100.708,MEDIUM,1,Lift and Coast
2023,Singapore,R,ZHO,34,100.499,MEDIUM,0,Ritmo de carrera
2023,Singapore,R,ZHO,35,101.189,MEDIUM,0,Ritmo de carrera
2023,Singapore,R,ZHO,37,101.148,MEDIUM,3,Vuelta de ataque
2023,Singapore,R,ZHO,38,100.821,MEDIUM,0,Ritmo de carrera
2023,Singapore,R,ZHO,39,100.894,MEDIUM,3,Vuelta de ataque
2023,Singapore,R,ZHO,40,100.806,MEDIUM,3,Vuelta de ataque
2023,Singapore,R,ZHO,41,100.853,MEDIUM,3,Vuelta de ataque
2023,Singapore,R,ZHO,42,100.425,MEDIUM,3,Vuelta de ataque
2023,Singapore,R,ZHO,46,99.316,MEDIUM,3,Vuelta de ataque
2023,Singapore,R,ZHO,47,100.485,MEDIUM,3,Vuelta de ataque
2023,Singapore,R,ZHO,48,99.79,MEDIUM,3,Vuelta de ataque
2023,Singapore,R,ZHO,49,100.042,MEDIUM,0,Ritmo de carrera
2023,Singapore,R,ZHO,50,99.818,MEDIUM,3,Vuelta de ataque
2023,Singapore,R,ZHO,51,100.482,MEDIUM,0,Ritmo de carrera
2023,Singapore,R,ZHO,53,101.753,MEDIUM,3,Vuelta de ataque
2023,Singapore,R,ZHO,54,101.708,MEDIUM,0,Ritmo de carrera
2023,Singapore,R,ZHO,55,100.798,MEDIUM,3,Vuelta de ataque
2023,Singapore,R,ZHO,56,101.215,MEDIUM,0,Ritmo de carrera
2023,Singapore,R,ZHO,57,101.419,MEDIUM,0,Ritmo de carrera
2023,Singapore,R,ZHO,60,101.794,MEDIUM,3,Vuelta de ataque
2023,Singapore,R,ZHO,61,102.01,MEDIUM,0,Ritmo de carrera
2023,Singapore,R,ZHO,62,102.246,MEDIUM,3,Vuelta de ataque
2023,Singapore,R,HUL,3,101.4,MEDIUM,0,Ritmo de carrera
2023,Singapore,R,HUL,4,101.256,MEDIUM,2,Tracción Comprometida
2023,Singapore,R,HUL,5,101.35,MEDIUM,2,Tracción Comprometida
2023,Singapore,R,HUL,6,101.949,MEDIUM,2,Tracción Comprometida
2023,Singapore,R,HUL,8,100.734,MEDIUM,2,Tracción Comprometida
2023,Singapore,R,HUL,9,100.978,MEDIUM,2,Tracción Comprometida
2023,Singapore,R,HUL,10,100.633,MEDIUM,2,Tracción Comprometida
2023,Singapore,R,HUL,11,100.559,MEDIUM,2,Tracción Comprometida
2023,Singapore,R,HUL,12,100.479,MEDIUM,2,Tracción Comprometida
2023,Singapore,R,HUL,13,100.783,MEDIUM,2,Tracción Comprometida
2023,Singapore,R,HUL,14,100.641,MEDIUM,2,Tracción Comprometida
2023,Singapore,R,HUL,15,100.693,MEDIUM,2,Tracción Comprometida
2023,Singapore,R,HUL,16,100.789,MEDIUM,2,Tracción Comprometida
2023,Singapore,R,HUL,17,100.753,MEDIUM,2,Tracción Comprometida
2023,Singapore,R,HUL,19,101.096,MEDIUM,2,Tracción Comprometida
2023,Singapore,R,HUL,25,101.165,HARD,2,Tracción Comprometida
2023,Singapore,R,HUL,26,100.93,HARD,2,Tracción Comprometida
2023,Singapore,R,HUL,27,100.425,HARD,2,Tracción Comprometida
2023,Singapore,R,HUL,28,101.78,HARD,2,Tracción Comprometida
2023,Singapore,R,HUL,29,101.57,HARD,2,Tracción Comprometida
2023,Singapore,R,HUL,30,100.692,HARD,2,Tracción Comprometida
2023,Singapore,R,HUL,31,100.076,HARD,2,Tracción Comprometida
2023,Singapore,R,HUL,32,101.038,HARD,2,Tracción Comprometida
2023,Singapore,R,HUL,33,100.694,HARD,2,Tracción Comprometida
2023,Singapore,R,HUL,34,100.644,HARD,2,Tracción Comprometida
2023,Singapore,R,HUL,35,101.622,HARD,2,Tracción Comprometida
2023,Singapore,R,HUL,36,101.128,HARD,2,Tracción Comprometida
2023,Singapore,R,HUL,37,100.482,HARD,2,Tracción Comprometida
2023,Singapore,R,HUL,38,101.051,HARD,2,Tracción Comprometida
2023,Singapore,R,HUL,40,101.257,HARD,2,Tracción Comprometida
2023,Singapore,R,HUL,41,100.687,HARD,2,Tracción Comprometida
2023,Singapore,R,HUL,42,100.523,HARD,2,Tracción Comprometida
2023,Singapore,R,HUL,46,100.005,HARD,2,Tracción Comprometida
2023,Singapore,R,HUL,47,99.971,HARD,2,Tracción Comprometida
2023,Singapore,R,HUL,48,100.789,HARD,2,Tracción Comprometida
2023,Singapore,R,HUL,49,100.65,HARD,2,Tracción Comprometida
2023,Singapore,R,HUL,50,99.923,HARD,2,Tracción Comprometida
2023,Singapore,R,HUL,51,100.729,HARD,2,Tracción Comprometida
2023,Singapore,R,HUL,52,100.946,HARD,2,Tracción Comprometida
2023,Singapore,R,HUL,54,101.918,HARD,2,Tracción Comprometida
2023,Singapore,R,HUL,55,101.16,HARD,2,Tracción Comprometida
2023,Singapore,R,HUL,56,101.285,HARD,2,Tracción Comprometida
2023,Singapore,R,HUL,57,101.41,HARD,2,Tracción Comprometida
2023,Singapore,R,HUL,58,102.177,HARD,2,Tracción Comprometida
2023,Singapore,R,HUL,59,101.538,HARD,2,Tracción Comprometida
2023,Singapore,R,OCO,2,102.401,MEDIUM,1,Lift and Coast
2023,Singapore,R,OCO,3,101.196,MEDIUM,0,Ritmo de carrera
2023,Singapore,R,OCO,4,101.375,MEDIUM,0,Ritmo de carrera
2023,Singapore,R,OCO,5,101.329,MEDIUM,0,Ritmo de carrera
2023,Singapore,R,OCO,6,100.908,MEDIUM,1,Lift and Coast
2023,Singapore,R,OCO,7,100.732,MEDIUM,0,Ritmo de carrera
2023,Singapore,R,OCO,8,100.339,MEDIUM,0,Ritmo de carrera
2023,Singapore,R,OCO,9,100.343,MEDIUM,0,Ritmo de carrera
2023,Singapore,R,OCO,10,100.689,MEDIUM,0,Ritmo de carrera
2023,Singapore,R,OCO,11,100.085,MEDIUM,0,Ritmo de carrera
2023,Singapore,R,OCO,12,100.388,MEDIUM,1,Lift and Coast
2023,Singapore,R,OCO,13,100.562,MEDIUM,0,Ritmo de carrera
2023,Singapore,R,OCO,14,100.247,MEDIUM,3,Vuelta de ataque
2023,Singapore,R,OCO,15,100.353,MEDIUM,3,Vuelta de ataque
2023,Singapore,R,OCO,16,100.387,MEDIUM,3,Vuelta de ataque
2023,Singapore,R,OCO,17,100.575,MEDIUM,0,Ritmo de carrera
2023,Singapore,R,OCO,18,100.423,MEDIUM,3,Vuelta de ataque
2023,Singapore,R,OCO,19,100.49,MEDIUM,3,Vuelta de ataque
2023,Singapore,R,OCO,25,100.895,HARD,0,Ritmo de carrera
2023,Singapore,R,OCO,26,100.885,HARD,0,Ritmo de carrera
2023,Singapore,R,OCO,27,100.376,HARD,0,Ritmo de carrera
2023,Singapore,R,OCO,28,101.755,HARD,2,Tracción Comprometida
2023,Singapore,R,OCO,29,101.534,HARD,0,Ritmo de carrera
2023,Singapore,R,OCO,30,100.04,HARD,0,Ritmo de carrera
2023,Singapore,R,OCO,31,100.043,HARD,0,Ritmo de carrera
2023,Singapore,R,OCO,32,100.362,HARD,0,Ritmo de carrera
2023,Singapore,R,OCO,33,99.93,HARD,0,Ritmo de carrera
2023,Singapore,R,OCO,34,100.303,HARD,0,Ritmo de carrera
2023,Singapore,R,OCO,35,100.541,HARD,0,Ritmo de carrera
2023,Singapore,R,OCO,36,101.211,HARD,0,Ritmo de carrera
2023,Singapore,R,OCO,38,101.319,HARD,0,Ritmo de carrera
2023,Singapore,R,OCO,39,100.875,HARD,3,Vuelta de ataque
2023,Singapore,R,OCO,40,99.931,HARD,3,Vuelta de ataque
2023,Singapore,R,OCO,41,100.064,HARD,3,Vuelta de ataque
2023,Singapore,R,OCO,42,99.995,HARD,1,Lift and Coast
2023,Singapore,R,NOR,2,101.826,MEDIUM,0,Ritmo de carrera
2023,Singapore,R,NOR,3,101.124,MEDIUM,1,Lift and Coast
2023,Singapore,R,NOR,4,101.678,MEDIUM,1,Lift and Coast
2023,Singapore,R,NOR,5,100.285,MEDIUM,1,Lift and Coast
2023,Singapore,R,NOR,6,99.992,MEDIUM,1,Lift and Coast
2023,Singapore,R,NOR,7,99.972,MEDIUM,1,Lift and Coast
2023,Singapore,R,NOR,8,100.301,MEDIUM,1,Lift and Coast
2023,Singapore,R,NOR,9,100.13,MEDIUM,1,Lift and Coast
2023,Singapore,R,NOR,10,99.974,MEDIUM,1,Lift and Coast
2023,Singapore,R,NOR,11,100.355,MEDIUM,1,Lift and Coast
2023,Singapore,R,NOR,12,100.466,MEDIUM,1,Lift and Coast
2023,Singapore,R,NOR,13,100.372,MEDIUM,1,Lift and Coast
2023,Singapore,R,NOR,14,100.421,MEDIUM,1,Lift and Coast
2023,Singapore,R,NOR,15,100.247,MEDIUM,0,Ritmo de carrera
2023,Singapore,R,NOR,17,100.024,MEDIUM,2,Tracción Comprometida
2023,Singapore,R,NOR,18,99.693,MEDIUM,0,Ritmo de carrera
2023,Singapore,R,NOR,19,99.88,MEDIUM,1,Lift and Coast
2023,Singapore,R,NOR,24,100.32,HARD,0,Ritmo de carrera
2023,Singapore,R,NOR,25,100.24,HARD,1,Lift and Coast
2023,Singapore,R,NOR,26,99.484,HARD,1,Lift and Coast
2023,Singapore,R,NOR,27,99.406,HARD,1,Lift and Coast
2023,Singapore,R,NOR,28,100.267,HARD,1,Lift and Coast
2023,Singapore,R,NOR,29,100.097,HARD,1,Lift and Coast
2023,Singapore,R,NOR,30,99.736,HARD,1,Lift and Coast
2023,Singapore,R,NOR,31,99.367,HARD,1,Lift and Coast
2023,Singapore,R,NOR,32,99.291,HARD,0,Ritmo de carrera
2023,Singapore,R,NOR,33,99.663,HARD,1,Lift and Coast
2023,Singapore,R,NOR,34,100.06,HARD,1,Lift and Coast
2023,Singapore,R,NOR,35,99.701,HARD,2,Tracción Comprometida
2023,Singapore,R,NOR,36,99.462,HARD,2,Tracción Comprometida
2023,Singapore,R,NOR,38,99.72,HARD,1,Lift and Coast
2023,Singapore,R,NOR,39,99.271,HARD,0,Ritmo de carrera
2023,Singapore,R,NOR,40,99.346,HARD,0,Ritmo de carrera
2023,Singapore,R,NOR,41,99.662,HARD,1,Lift and Coast
2023,Singapore,R,NOR,42,99.606,HARD,0,Ritmo de carrera
2023,Singapore,R,NOR,43,99.56,HARD,2,Tracción Comprometida
2023,Singapore,R,NOR,46,98.046,HARD,3,Vuelta de ataque
2023,Singapore,R,NOR,47,98.157,HARD,3,Vuelta de ataque
2023,Singapore,R,NOR,48,98.049,HARD,3,Vuelta de ataque
2023,Singapore,R,NOR,49,98.173,HARD,3,Vuelta de ataque
2023,Singapore,R,NOR,50,98.148,HARD,3,Vuelta de ataque
2023,Singapore,R,NOR,51,98.124,HARD,3,Vuelta de ataque
2023,Singapore,R,NOR,52,98.25,HARD,3,Vuelta de ataque
2023,Singapore,R,NOR,53,98.392,HARD,0,Ritmo de carrera
2023,Singapore,R,NOR,54,98.423,HARD,3,Vuelta de ataque
2023,Singapore,R,NOR,55,98.492,HARD,3,Vuelta de ataque
2023,Singapore,R,NOR,56,98.473,HARD,2,Tracción Comprometida
2023,Singapore,R,NOR,57,98.617,HARD,1,Lift and Coast
2023,Singapore,R,NOR,58,99.16,HARD,2,Tracción Comprometida
2023,Singapore,R,NOR,59,100.416,HARD,2,Tracción Comprometida
2023,Singapore,R,NOR,60,99.396,HARD,0,Ritmo de carrera
2023,Singapore,R,NOR,61,99.51,HARD,2,Tracción Comprometida
2023,Singapore,R,NOR,62,99.677,HARD,2,Tracción Comprometida
2023,Singapore,R,LAW,3,101.514,MEDIUM,1,Lift and Coast
2023,Singapore,R,LAW,4,101.359,MEDIUM,1,Lift and Coast
2023,Singapore,R,LAW,5,101.351,MEDIUM,1,Lift and Coast
2023,Singapore,R,LAW,6,101.933,MEDIUM,1,Lift and Coast
2023,Singapore,R,LAW,9,100.886,MEDIUM,1,Lift and Coast
2023,Singapore,R,LAW,10,100.598,MEDIUM,1,Lift and Coast
2023,Singapore,R,LAW,11,100.824,MEDIUM,1,Lift and Coast
2023,Singapore,R,LAW,13,100.642,MEDIUM,1,Lift and Coast
2023,Singapore,R,LAW,15,100.728,MEDIUM,1,Lift and Coast
2023,Singapore,R,LAW,17,100.94,MEDIUM,1,Lift and Coast
2023,Singapore,R,LAW,18,101.119,MEDIUM,1,Lift and Coast
2023,Singapore,R,LAW,27,100.231,HARD,1,Lift and Coast
2023,Singapore,R,LAW,28,101.5,HARD,1,Lift and Coast
2023,Singapore,R,LAW,30,100.999,HARD,1,Lift and Coast
2023,Singapore,R,LAW,31,100.44,HARD,1,Lift and Coast
2023,Singapore,R,LAW,32,100.055,HARD,1,Lift and Coast
2023,Singapore,R,LAW,35,102.148,HARD,1,Lift and Coast
2023,Singapore,R,LAW,36,101.1,HARD,1,Lift and Coast
2023,Singapore,R,LAW,37,100.797,HARD,1,Lift and Coast
2023,Singapore,R,LAW,38,101.106,HARD,1,Lift and Coast
2023,Singapore,R,LAW,39,101.845,HARD,1,Lift and Coast
2023,Singapore,R,LAW,40,101.182,HARD,1,Lift and Coast
2023,Singapore,R,LAW,41,100.315,HARD,1,Lift and Coast
2023,Singapore,R,LAW,42,100.181,HARD,1,Lift and Coast
2023,Singapore,R,LAW,46,99.132,HARD,1,Lift and Coast
2023,Singapore,R,LAW,47,99.028,HARD,3,Vuelta de ataque
2023,Singapore,R,LAW,48,99.386,HARD,1,Lift and Coast
2023,Singapore,R,LAW,49,99.783,HARD,3,Vuelta de ataque
2023,Singapore,R,LAW,50,101.093,HARD,1,Lift and Coast
2023,Singapore,R,LAW,51,100.801,HARD,1,Lift and Coast
2023,Singapore,R,LAW,52,99.95,HARD,1,Lift and Coast
2023,Singapore,R,LAW,53,99.996,HARD,1,Lift and Coast
2023,Singapore,R,LAW,54,99.884,HARD,3,Vuelta de ataque
2023,Singapore,R,LAW,55,99.803,HARD,1,Lift and Coast
2023,Singapore,R,LAW,56,99.962,HARD,3,Vuelta de ataque
2023,Singapore,R,LAW,57,101.698,HARD,1,Lift and Coast
2023,Singapore,R,LAW,58,101.423,HARD,1,Lift and Coast
2023,Singapore,R,LAW,59,101.91,HARD,3,Vuelta de ataque
2023,Singapore,R,LAW,61,101.007,HARD,1,Lift and Coast
2023,Singapore,R,LAW,62,102.328,HARD,1,Lift and Coast
2023,Singapore,R,HAM,5,100.978,MEDIUM,1,Lift and Coast
2023,Singapore,R,HAM,11,100.241,MEDIUM,1,Lift and Coast
2023,Singapore,R,HAM,13,100.081,MEDIUM,1,Lift and Coast
2023,Singapore,R,HAM,14,100.273,MEDIUM,1,Lift and Coast
2023,Singapore,R,HAM,15,100.394,MEDIUM,1,Lift and Coast
2023,Singapore,R,HAM,18,100.364,MEDIUM,1,Lift and Coast
2023,Singapore,R,HAM,24,100.957,HARD,1,Lift and Coast
2023,Singapore,R,HAM,26,99.954,HARD,1,Lift and Coast
2023,Singapore,R,HAM,27,99.226,HARD,1,Lift and Coast
2023,Singapore,R,HAM,30,99.142,HARD,1,Lift and Coast
2023,Singapore,R,HAM,31,99.32,HARD,1,Lift and Coast
2023,Singapore,R,HAM,32,99.186,HARD,1,Lift and Coast
2023,Singapore,R,HAM,34,99.545,HARD,1,Lift and Coast
2023,Singapore,R,HAM,38,99.86,HARD,1,Lift and Coast
2023,Singapore,R,HAM,39,99.264,HARD,1,Lift and Coast
2023,Singapore,R,HAM,40,99.472,HARD,1,Lift and Coast
2023,Singapore,R,HAM,41,99.698,HARD,1,Lift and Coast
2023,Singapore,R,HAM,43,99.291,HARD,1,Lift and Coast
2023,Singapore,R,HAM,46,96.953,MEDIUM,1,Lift and Coast
2023,Singapore,R,HAM,47,95.867,MEDIUM,1,Lift and Coast
2023,Singapore,R,HAM,48,96.122,MEDIUM,3,Vuelta de ataque
2023,Singapore,R,HAM,49,96.22,MEDIUM,3,Vuelta de ataque
2023,Singapore,R,HAM,50,96.462,MEDIUM,1,Lift and Coast
2023,Singapore,R,HAM,52,96.555,MEDIUM,1,Lift and Coast
2023,Singapore,R,HAM,53,97.698,MEDIUM,3,Vuelta de ataque
2023,Singapore,R,HAM,54,97.924,MEDIUM,1,Lift and Coast
2023,Singapore,R,HAM,56,96.411,MEDIUM,3,Vuelta de ataque
2023,Singapore,R,HAM,57,97.111,MEDIUM,1,Lift and Coast
2023,Singapore,R,HAM,58,97.982,MEDIUM,3,Vuelta de ataque
2023,Singapore,R,HAM,59,100.167,MEDIUM,0,Ritmo de carrera
2023,Singapore,R,HAM,60,99.772,MEDIUM,0,Ritmo de carrera
2023,Singapore,R,HAM,61,99.096,MEDIUM,0,Ritmo de carrera
2023,Singapore,R,HAM,62,99.347,MEDIUM,2,Tracción Comprometida
2023,Singapore,R,SAI,2,101.383,MEDIUM,1,Lift and Coast
2023,Singapore,R,SAI,3,100.962,MEDIUM,1,Lift and Coast
2023,Singapore,R,SAI,4,100.58,MEDIUM,3,Vuelta de ataque
2023,Singapore,R,SAI,5,100.551,MEDIUM,1,Lift and Coast
2023,Singapore,R,SAI,6,100.113,MEDIUM,1,Lift and Coast
2023,Singapore,R,SAI,7,100.178,MEDIUM,1,Lift and Coast
2023,Singapore,R,SAI,8,100.503,MEDIUM,1,Lift and Coast
2023,Singapore,R,SAI,9,99.626,MEDIUM,1,Lift and Coast
2023,Singapore,R,SAI,10,100.369,MEDIUM,1,Lift and Coast
2023,Singapore,R,SAI,11,100.297,MEDIUM,1,Lift and Coast
2023,Singapore,R,SAI,12,100.53,MEDIUM,1,Lift and Coast
2023,Singapore,R,SAI,13,100.356,MEDIUM,1,Lift and Coast
2023,Singapore,R,SAI,14,100.398,MEDIUM,1,Lift and Coast
2023,Singapore,R,SAI,15,99.937,MEDIUM,3,Vuelta de ataque
2023,Singapore,R,SAI,16,99.398,MEDIUM,3,Vuelta de ataque
2023,Singapore,R,SAI,17,99.448,MEDIUM,3,Vuelta de ataque
2023,Singapore,R,SAI,18,98.992,MEDIUM,3,Vuelta de ataque
2023,Singapore,R,SAI,19,99.029,MEDIUM,3,Vuelta de ataque
2023,Singapore,R,SAI,23,102.423,HARD,1,Lift and Coast
2023,Singapore,R,SAI,24,99.792,HARD,3,Vuelta de ataque
2023,Singapore,R,SAI,25,99.726,HARD,1,Lift and Coast
2023,Singapore,R,SAI,26,99.185,HARD,3,Vuelta de ataque
2023,Singapore,R,SAI,27,99.835,HARD,3,Vuelta de ataque
2023,Singapore,R,SAI,28,101.23,HARD,1,Lift and Coast
2023,Singapore,R,SAI,29,100.225,HARD,1,Lift and Coast
2023,Singapore,R,SAI,30,100.217,HARD,1,Lift and Coast
2023,Singapore,R,SAI,31,99.633,HARD,3,Vuelta de ataque
2023,Singapore,R,SAI,32,99.184,HARD,1,Lift and Coast
2023,Singapore,R,SAI,33,99.235,HARD,3,Vuelta de ataque
2023,Singapore,R,SAI,34,100.025,HARD,1,Lift and Coast
2023,Singapore,R,SAI,35,99.97,HARD,3,Vuelta de ataque
2023,Singapore,R,SAI,36,99.544,HARD,1,Lift and Coast
2023,Singapore,R,SAI,37,99.884,HARD,1,Lift and Coast
2023,Singapore,R,SAI,38,99.519,HARD,1,Lift and Coast
2023,Singapore,R,SAI,39,99.253,HARD,3,Vuelta de ataque
2023,Singapore,R,SAI,40,99.393,HARD,3,Vuelta de ataque
2023,Singapore,R,SAI,41,99.798,HARD,3,Vuelta de ataque
2023,Singapore,R,SAI,42,99.939,HARD,1,Lift and Coast
2023,Singapore,R,SAI,43,99.248,HARD,3,Vuelta de ataque
2023,Singapore,R,SAI,46,97.913,HARD,3,Vuelta de ataque
2023,Singapore,R,SAI,47,97.666,HARD,3,Vuelta de ataque
2023,Singapore,R,SAI,48,98.2,HARD,3,Vuelta de ataque
2023,Singapore,R,SAI,49,98.221,HARD,3,Vuelta de ataque
2023,Singapore,R,SAI,50,98.637,HARD,3,Vuelta de ataque
2023,Singapore,R,SAI,51,98.04,HARD,3,Vuelta de ataque
2023,Singapore,R,SAI,52,98.218,HARD,3,Vuelta de ataque
2023,Singapore,R,SAI,53,98.327,HARD,3,Vuelta de ataque
2023,Singapore,R,SAI,54,98.707,HARD,3,Vuelta de ataque
2023,Singapore,R,SAI,55,98.541,HARD,3,Vuelta de ataque
2023,Singapore,R,SAI,56,98.52,HARD,3,Vuelta de ataque
2023,Singapore,R,SAI,57,98.909,HARD,3,Vuelta de ataque
2023,Singapore,R,SAI,58,99.337,HARD,3,Vuelta de ataque
2023,Singapore,R,SAI,59,99.575,HARD,3,Vuelta de ataque
2023,Singapore,R,SAI,60,100.042,HARD,3,Vuelta de ataque
2023,Singapore,R,SAI,61,99.292,HARD,3,Vuelta de ataque
2023,Singapore,R,SAI,62,99.958,HARD,3,Vuelta de ataque
2023,Singapore,R,RUS,2,101.103,MEDIUM,1,Lift and Coast
2023,Singapore,R,RUS,3,100.944,MEDIUM,1,Lift and Coast
2023,Singapore,R,RUS,4,101.086,MEDIUM,1,Lift and Coast
2023,Singapore,R,RUS,5,100.464,MEDIUM,1,Lift and Coast
2023,Singapore,R,RUS,6,100.221,MEDIUM,1,Lift and Coast
2023,Singapore,R,RUS,7,100.271,MEDIUM,1,Lift and Coast
2023,Singapore,R,RUS,8,100.464,MEDIUM,1,Lift and Coast
2023,Singapore,R,RUS,9,100.039,MEDIUM,1,Lift and Coast
2023,Singapore,R,RUS,10,100.093,MEDIUM,1,Lift and Coast
2023,Singapore,R,RUS,11,100.595,MEDIUM,1,Lift and Coast
2023,Singapore,R,RUS,12,100.463,MEDIUM,1,Lift and Coast
2023,Singapore,R,RUS,13,100.344,MEDIUM,1,Lift and Coast
2023,Singapore,R,RUS,14,100.758,MEDIUM,1,Lift and Coast
2023,Singapore,R,RUS,15,99.965,MEDIUM,1,Lift and Coast
2023,Singapore,R,RUS,16,100.062,MEDIUM,1,Lift and Coast
2023,Singapore,R,RUS,17,100.029,MEDIUM,1,Lift and Coast
2023,Singapore,R,RUS,18,99.686,MEDIUM,1,Lift and Coast
2023,Singapore,R,RUS,19,99.996,MEDIUM,1,Lift and Coast
2023,Singapore,R,RUS,23,102.341,HARD,3,Vuelta de ataque
2023,Singapore,R,RUS,24,99.501,HARD,1,Lift and Coast
2023,Singapore,R,RUS,25,99.56,HARD,1,Lift and Coast
2023,Singapore,R,RUS,26,99.173,HARD,1,Lift and Coast
2023,Singapore,R,RUS,31,99.458,HARD,1,Lift and Coast
2023,Singapore,R,RUS,32,99.319,HARD,1,Lift and Coast
2023,Singapore,R,RUS,33,99.348,HARD,1,Lift and Coast
2023,Singapore,R,RUS,34,99.961,HARD,1,Lift and Coast
2023,Singapore,R,RUS,35,99.986,HARD,1,Lift and Coast
2023,Singapore,R,RUS,36,99.474,HARD,1,Lift and Coast
2023,Singapore,R,RUS,37,99.776,HARD,1,Lift and Coast
2023,Singapore,R,RUS,38,99.635,HARD,1,Lift and Coast
2023,Singapore,R,RUS,39,99.169,HARD,1,Lift and Coast
2023,Singapore,R,RUS,40,99.322,HARD,0,Ritmo de carrera
2023,Singapore,R,RUS,41,99.803,HARD,1,Lift and Coast
2023,Singapore,R,RUS,42,99.845,HARD,1,Lift and Coast
2023,Singapore,R,RUS,43,99.482,HARD,1,Lift and Coast
2023,Singapore,R,RUS,46,96.273,MEDIUM,3,Vuelta de ataque
2023,Singapore,R,RUS,47,96.419,MEDIUM,1,Lift and Coast
2023,Singapore,R,RUS,48,96.649,MEDIUM,1,Lift and Coast
2023,Singapore,R,RUS,49,96.569,MEDIUM,1,Lift and Coast
2023,Singapore,R,RUS,50,97.006,MEDIUM,1,Lift and Coast
2023,Singapore,R,RUS,51,96.757,MEDIUM,1,Lift and Coast
2023,Singapore,R,RUS,52,97.414,MEDIUM,1,Lift and Coast
2023,Singapore,R,RUS,53,98.567,MEDIUM,3,Vuelta de ataque
2023,Singapore,R,RUS,54,97.396,MEDIUM,3,Vuelta de ataque
2023,Singapore,R,RUS,55,96.937,MEDIUM,1,Lift and Coast
2023,Singapore,R,RUS,56,97.029,MEDIUM,1,Lift and Coast
2023,Singapore,R,RUS,57,97.246,MEDIUM,1,Lift and Coast
2023,Singapore,R,RUS,58,98.686,MEDIUM,1,Lift and Coast
2023,Singapore,R,RUS,59,100.239,MEDIUM,0,Ritmo de carrera
2023,Singapore,R,RUS,60,99.51,MEDIUM,0,Ritmo de carrera
2023,Singapore,R,RUS,61,99.314,MEDIUM,1,Lift and Coast
2023,Singapore,R,BOT,2,102.182,HARD,3,Vuelta de ataque
2023,Singapore,R,BOT,4,101.766,HARD,3,Vuelta de ataque
2023,Singapore,R,BOT,5,101.757,HARD,3,Vuelta de ataque
2023,Singapore,R,BOT,6,101.27,HARD,3,Vuelta de ataque
2023,Singapore,R,BOT,7,102.397,HARD,1,Lift and Coast
2023,Singapore,R,BOT,8,102.153,HARD,3,Vuelta de ataque
2023,Singapore,R,BOT,9,101.303,HARD,3,Vuelta de ataque
2023,Singapore,R,BOT,10,101.23,HARD,3,Vuelta de ataque
2023,Singapore,R,BOT,11,101.376,HARD,3,Vuelta de ataque
2023,Singapore,R,BOT,12,101.063,HARD,3,Vuelta de ataque
2023,Singapore,R,BOT,13,101.194,HARD,3,Vuelta de ataque
2023,Singapore,R,BOT,14,100.955,HARD,3,Vuelta de ataque
2023,Singapore,R,BOT,15,100.793,HARD,3,Vuelta de ataque
2023,Singapore,R,BOT,16,100.925,HARD,3,Vuelta de ataque
2023,Singapore,R,BOT,17,100.809,HARD,3,Vuelta de ataque
2023,Singapore,R,BOT,18,100.904,HARD,3,Vuelta de ataque
2023,Singapore,R,BOT,19,101.786,HARD,3,Vuelta de ataque
2023,Singapore,R,BOT,25,101.759,HARD,3,Vuelta de ataque
2023,Singapore,R,BOT,26,101.366,HARD,3,Vuelta de ataque
2023,Singapore,R,BOT,27,101.288,HARD,1,Lift and Coast
2023,Singapore,R,BOT,28,101.288,HARD,3,Vuelta de ataque
2023,Singapore,R,BOT,29,101.478,HARD,3,Vuelta de ataque
2023,Singapore,R,BOT,30,101.369,HARD,3,Vuelta de ataque
2023,Singapore,R,BOT,31,100.907,HARD,1,Lift and Coast
2023,Singapore,R,BOT,32,101.162,HARD,1,Lift and Coast
2023,Singapore,R,BOT,33,101.06,HARD,3,Vuelta de ataque
2023,Singapore,R,BOT,34,101.088,HARD,3,Vuelta de ataque
2023,Singapore,R,BOT,35,100.808,HARD,3,Vuelta de ataque
2023,Singapore,R,BOT,36,101.628,HARD,3,Vuelta de ataque
2023,Singapore,R,BOT,37,102.375,HARD,3,Vuelta de ataque
2023,Singapore,R,BOT,38,102.282,HARD,3,Vuelta de ataque
2023,Singapore,R,BOT,39,102.059,HARD,1,Lift and Coast
2023,Singapore,R,BOT,42,98.392,MEDIUM,3,Vuelta de ataque
2023,Singapore,R,BOT,45,99.08,MEDIUM,3,Vuelta de ataque
2023,Singapore,R,BOT,46,98.979,MEDIUM,3,Vuelta de ataque
2023,Singapore,R,BOT,47,98.729,MEDIUM,3,Vuelta de ataque
2023,Singapore,R,BOT,48,98.573,MEDIUM,3,Vuelta de ataque
2023,Singapore,R,BOT,49,98.525,MEDIUM,3,Vuelta de ataque
2023,Singapore,R,BOT,50,98.092,MEDIUM,3,Vuelta de ataque
2023,Singapore,R,BOT,51,98.075,MEDIUM,3,Vuelta de ataque
2023,Singapore,R,PIA,2,102.06,MEDIUM,2,Tracción Comprometida
2023,Singapore,R,PIA,3,101.909,MEDIUM,2,Tracción Comprometida
2023,Singapore,R,PIA,4,101.37,MEDIUM,2,Tracción Comprometida
2023,Singapore,R,PIA,5,101.241,MEDIUM,2,Tracción Comprometida
2023,Singapore,R,PIA,7,102.309,MEDIUM,2,Tracción Comprometida
2023,Singapore,R,PIA,8,101.091,MEDIUM,2,Tracción Comprometida
2023,Singapore,R,PIA,9,100.474,MEDIUM,2,Tracción Comprometida
2023,Singapore,R,PIA,10,100.528,MEDIUM,1,Lift and Coast
2023,Singapore,R,PIA,11,100.678,MEDIUM,2,Tracción Comprometida
2023,Singapore,R,PIA,12,100.563,MEDIUM,2,Tracción Comprometida
2023,Singapore,R,PIA,13,101.119,MEDIUM,2,Tracción Comprometida
2023,Singapore,R,PIA,14,100.307,MEDIUM,2,Tracción Comprometida
2023,Singapore,R,PIA,15,100.709,MEDIUM,2,Tracción Comprometida
2023,Singapore,R,PIA,16,100.6,MEDIUM,2,Tracción Comprometida
2023,Singapore,R,PIA,17,100.846,MEDIUM,2,Tracción Comprometida
2023,Singapore,R,PIA,18,100.895,MEDIUM,2,Tracción Comprometida
2023,Singapore,R,PIA,19,101.322,MEDIUM,2,Tracción Comprometida
2023,Singapore,R,PIA,24,102.238,HARD,2,Tracción Comprometida
2023,Singapore,R,PIA,25,101.272,HARD,2,Tracción Comprometida
2023,Singapore,R,PIA,26,100.802,HARD,2,Tracción Comprometida
2023,Singapore,R,PIA,28,101.47,HARD,2,Tracción Comprometida
2023,Singapore,R,PIA,30,100.553,HARD,2,Tracción Comprometida
2023,Singapore,R,PIA,31,100.033,HARD,2,Tracción Comprometida
2023,Singapore,R,PIA,32,100.104,HARD,2,Tracción Comprometida
2023,Singapore,R,PIA,36,100.587,HARD,2,Tracción Comprometida
2023,Singapore,R,PIA,37,100.368,HARD,2,Tracción Comprometida
2023,Singapore,R,PIA,38,100.858,HARD,2,Tracción Comprometida
2023,Singapore,R,PIA,40,100.299,HARD,2,Tracción Comprometida
2023,Singapore,R,PIA,42,99.783,HARD,2,Tracción Comprometida
2023,Singapore,R,PIA,46,98.492,HARD,2,Tracción Comprometida
2023,Singapore,R,PIA,48,98.647,HARD,2,Tracción Comprometida
2023,Singapore,R,PIA,49,99.008,HARD,2,Tracción Comprometida
2023,Singapore,R,PIA,50,98.832,HARD,2,Tracción Comprometida
2023,Singapore,R,PIA,52,98.793,HARD,2,Tracción Comprometida
2023,Singapore,R,PIA,54,100.546,HARD,2,Tracción Comprometida
2023,Singapore,R,PIA,58,99.516,HARD,2,Tracción Comprometida
2023,Singapore,R,PIA,60,99.189,HARD,2,Tracción Comprometida
2023,Singapore,R,PIA,61,99.616,HARD,2,Tracción Comprometida
2023,Singapore,R,PIA,62,101.41,HARD,2,Tracción Comprometida
2023,Abu Dhabi,FP3,VER,2,85.662,SOFT,3,Vuelta de ataque
2023,Abu Dhabi,FP3,VER,5,85.358,SOFT,3,Vuelta de ataque
2023,Abu Dhabi,FP3,VER,7,90.094,SOFT,1,Lift and Coast
2023,Abu Dhabi,FP3,VER,8,89.574,SOFT,1,Lift and Coast
2023,Abu Dhabi,FP3,VER,9,89.146,SOFT,1,Lift and Coast
2023,Abu Dhabi,FP3,VER,10,88.813,SOFT,1,Lift and Coast
2023,Abu Dhabi,FP3,VER,11,88.609,SOFT,1,Lift and Coast
2023,Abu Dhabi,FP3,VER,16,85.153,SOFT,3,Vuelta de ataque
2023,Abu Dhabi,FP3,SAR,3,85.97,SOFT,3,Vuelta de ataque
2023,Abu Dhabi,FP3,SAR,6,85.848,SOFT,3,Vuelta de ataque
2023,Abu Dhabi,FP3,SAR,10,85.205,SOFT,3,Vuelta de ataque
2023,Abu Dhabi,FP3,SAR,13,85.583,SOFT,3,Vuelta de ataque
2023,Abu Dhabi,FP3,RIC,2,86.22,SOFT,3,Vuelta de ataque
2023,Abu Dhabi,FP3,RIC,5,86.002,SOFT,3,Vuelta de ataque
2023,Abu Dhabi,FP3,RIC,9,85.621,SOFT,3,Vuelta de ataque
2023,Abu Dhabi,FP3,RIC,12,85.597,SOFT,3,Vuelta de ataque
2023,Abu Dhabi,FP3,NOR,2,85.85,SOFT,3,Vuelta de ataque
2023,Abu Dhabi,FP3,NOR,5,85.557,SOFT,3,Vuelta de ataque
2023,Abu Dhabi,FP3,NOR,9,84.513,SOFT,3,Vuelta de ataque
2023,Abu Dhabi,FP3,NOR,12,85.076,SOFT,3,Vuelta de ataque
2023,Abu Dhabi,FP3,GAS,2,86.319,SOFT,3,Vuelta de ataque
2023,Abu Dhabi,FP3,GAS,5,86.083,SOFT,3,Vuelta de ataque
2023,Abu Dhabi,FP3,GAS,8,86.068,SOFT,3,Vuelta de ataque
2023,Abu Dhabi,FP3,GAS,11,85.303,SOFT,3,Vuelta de ataque
2023,Abu Dhabi,FP3,GAS,14,85.442,SOFT,3,Vuelta de ataque
2023,Abu Dhabi,FP3,PER,2,85.417,SOFT,3,Vuelta de ataque
2023,Abu Dhabi,FP3,PER,5,85.442,SOFT,3,Vuelta de ataque
2023,Abu Dhabi,FP3,PER,16,85.52,SOFT,3,Vuelta de ataque
2023,Abu Dhabi,FP3,PER,19,85.259,SOFT,3,Vuelta de ataque
2023,Abu Dhabi,FP3,ALO,4,86.297,SOFT,3,Vuelta de ataque
2023,Abu Dhabi,FP3,ALO,7,85.543,SOFT,3,Vuelta de ataque
2023,Abu Dhabi,FP3,ALO,10,89.443,SOFT,3,Vuelta de ataque
2023,Abu Dhabi,FP3,ALO,11,89.947,SOFT,1,Lift and Coast
2023,Abu Dhabi,FP3,ALO,12,90.231,SOFT,1,Lift and Coast
2023,Abu Dhabi,FP3,ALO,13,90.262,SOFT,1,Lift and Coast
2023,Abu Dhabi,FP3,ALO,19,85.343,SOFT,3,Vuelta de ataque
2023,Abu Dhabi,FP3,ALO,22,86.916,SOFT,3,Vuelta de ataque
2023,Abu Dhabi,FP3,LEC,2,86.795,MEDIUM,2,Tracción Comprometida
2023,Abu Dhabi,FP3,LEC,5,86.09,MEDIUM,2,Tracción Comprometida
2023,Abu Dhabi,FP3,LEC,21,85.099,SOFT,3,Vuelta de ataque
2023,Abu Dhabi,FP3,LEC,24,85.242,SOFT,3,Vuelta de ataque
2023,Abu Dhabi,FP3,STR,4,85.912,SOFT,3,Vuelta de ataque
2023,Abu Dhabi,FP3,STR,7,85.52,SOFT,3,Vuelta de ataque
2023,Abu Dhabi,FP3,STR,10,89.295,SOFT,3,Vuelta de ataque
2023,Abu Dhabi,FP3,STR,11,89.472,SOFT,3,Vuelta de ataque
2023,Abu Dhabi,FP3,STR,12,89.773,SOFT,1,Lift and Coast
2023,Abu Dhabi,FP3,STR,18,85.405,SOFT,3,Vuelta de ataque
2023,Abu Dhabi,FP3,STR,22,86.448,SOFT,3,Vuelta de ataque
2023,Abu Dhabi,FP3,MAG,2,87.239,SOFT,3,Vuelta de ataque
2023,Abu Dhabi,FP3,MAG,5,86.617,SOFT,3,Vuelta de ataque
2023,Abu Dhabi,FP3,MAG,8,86.56,SOFT,3,Vuelta de ataque
2023,Abu Dhabi,FP3,MAG,12,85.745,SOFT,3,Vuelta de ataque
2023,Abu Dhabi,FP3,MAG,18,85.652,SOFT,3,Vuelta de ataque
2023,Abu Dhabi,FP3,TSU,2,85.966,SOFT,3,Vuelta de ataque
2023,Abu Dhabi,FP3,TSU,5,85.827,SOFT,3,Vuelta de ataque
2023,Abu Dhabi,FP3,TSU,9,85.345,SOFT,3,Vuelta de ataque
2023,Abu Dhabi,FP3,TSU,12,85.222,SOFT,3,Vuelta de ataque
2023,Abu Dhabi,FP3,ALB,3,85.768,SOFT,3,Vuelta de ataque
2023,Abu Dhabi,FP3,ALB,6,85.701,SOFT,3,Vuelta de ataque
2023,Abu Dhabi,FP3,ALB,10,84.929,SOFT,3,Vuelta de ataque
2023,Abu Dhabi,FP3,ALB,13,85.403,SOFT,3,Vuelta de ataque
2023,Abu Dhabi,FP3,ZHO,2,86.86,SOFT,3,Vuelta de ataque
2023,Abu Dhabi,FP3,ZHO,5,86.4,SOFT,3,Vuelta de ataque
2023,Abu Dhabi,FP3,ZHO,8,89.904,SOFT,0,Ritmo de carrera
2023,Abu Dhabi,FP3,ZHO,9,89.923,SOFT,3,Vuelta de ataque
2023,Abu Dhabi,FP3,ZHO,10,90.268,SOFT,3,Vuelta de ataque
2023,Abu Dhabi,FP3,ZHO,15,85.258,SOFT,3,Vuelta de ataque
2023,Abu Dhabi,FP3,ZHO,18,85.571,SOFT,3,Vuelta de ataque
2023,Abu Dhabi,FP3,ZHO,21,85.504,SOFT,3,Vuelta de ataque
2023,Abu Dhabi,FP3,HUL,2,87.763,SOFT,3,Vuelta de ataque
2023,Abu Dhabi,FP3,HUL,4,86.347,SOFT,3,Vuelta de ataque
2023,Abu Dhabi,FP3,HUL,7,86.91,SOFT,3,Vuelta de ataque
2023,Abu Dhabi,FP3,HUL,9,89.554,SOFT,1,Lift and Coast
2023,Abu Dhabi,FP3,HUL,10,88.74,SOFT,3,Vuelta de ataque
2023,Abu Dhabi,FP3,HUL,11,89.296,SOFT,0,Ritmo de carrera
2023,Abu Dhabi,FP3,HUL,12,89.734,SOFT,1,Lift and Coast
2023,Abu Dhabi,FP3,HUL,15,85.584,SOFT,3,Vuelta de ataque
2023,Abu Dhabi,FP3,HUL,19,85.955,SOFT,3,Vuelta de ataque
2023,Abu Dhabi,FP3,OCO,2,86.639,SOFT,3,Vuelta de ataque
2023,Abu Dhabi,FP3,OCO,5,86.062,SOFT,3,Vuelta de ataque
2023,Abu Dhabi,FP3,OCO,8,85.682,SOFT,3,Vuelta de ataque
2023,Abu Dhabi,FP3,OCO,11,85.194,SOFT,3,Vuelta de ataque
2023,Abu Dhabi,FP3,OCO,14,85.372,SOFT,3,Vuelta de ataque
2023,Abu Dhabi,FP3,HAM,2,86.612,SOFT,3,Vuelta de ataque
2023,Abu Dhabi,FP3,HAM,5,85.941,SOFT,3,Vuelta de ataque
2023,Abu Dhabi,FP3,HAM,20,85.292,SOFT,3,Vuelta de ataque
2023,Abu Dhabi,FP3,HAM,23,85.919,SOFT,3,Vuelta de ataque
2023,Abu Dhabi,FP3,SAI,2,86.609,MEDIUM,3,Vuelta de ataque
2023,Abu Dhabi,FP3,SAI,5,86.785,MEDIUM,3,Vuelta de ataque
2023,Abu Dhabi,FP3,SAI,8,86.181,MEDIUM,3,Vuelta de ataque
2023,Abu Dhabi,FP3,SAI,25,85.713,SOFT,3,Vuelta de ataque
2023,Abu Dhabi,FP3,SAI,28,85.736,SOFT,3,Vuelta de ataque
2023,Abu Dhabi,FP3,RUS,2,85.163,SOFT,3,Vuelta de ataque
2023,Abu Dhabi,FP3,RUS,5,84.829,SOFT,3,Vuelta de ataque
2023,Abu Dhabi,FP3,RUS,8,84.418,SOFT,3,Vuelta de ataque
2023,Abu Dhabi,FP3,BOT,2,86.691,SOFT,3,Vuelta de ataque
2023,Abu Dhabi,FP3,BOT,5,86.044,SOFT,3,Vuelta de ataque
2023,Abu Dhabi,FP3,BOT,9,85.549,SOFT,3,Vuelta de ataque
2023,Abu Dhabi,FP3,BOT,12,85.42,SOFT,3,Vuelta de ataque
2023,Abu Dhabi,FP3,PIA,2,85.675,SOFT,3,Vuelta de ataque
2023,Abu Dhabi,FP3,PIA,5,85.395,SOFT,3,Vuelta de ataque
2023,Abu Dhabi,FP3,PIA,8,84.908,SOFT,3,Vuelta de ataque
2023,Abu Dhabi,FP3,PIA,11,84.81,SOFT,3,Vuelta de ataque
2023,Abu Dhabi,Q,VER,2,84.16,SOFT,3,Vuelta de ataque
2023,Abu Dhabi,Q,VER,5,84.554,SOFT,3,Vuelta de ataque
2023,Abu Dhabi,Q,VER,8,83.74,SOFT,3,Vuelta de ataque
2023,Abu Dhabi,Q,VER,11,83.445,SOFT,3,Vuelta de ataque
2023,Abu Dhabi,Q,VER,14,83.55,SOFT,3,Vuelta de ataque
2023,Abu Dhabi,Q,LEC,2,84.556,SOFT,2,Tracción Comprometida
2023,Abu Dhabi,Q,LEC,5,84.459,SOFT,3,Vuelta de ataque
2023,Abu Dhabi,Q,LEC,8,84.555,SOFT,3,Vuelta de ataque
2023,Abu Dhabi,Q,LEC,11,83.969,SOFT,3,Vuelta de ataque
2023,Abu Dhabi,Q,LEC,14,84.496,SOFT,3,Vuelta de ataque
2023,Abu Dhabi,Q,LEC,17,83.584,SOFT,2,Tracción Comprometida
2023,Abu Dhabi,Q,PIA,2,85.067,SOFT,3,Vuelta de ataque
2023,Abu Dhabi,Q,PIA,5,84.487,SOFT,3,Vuelta de ataque
2023,Abu Dhabi,Q,PIA,8,84.278,SOFT,3,Vuelta de ataque
2023,Abu Dhabi,Q,PIA,13,83.949,SOFT,3,Vuelta de ataque
2023,Abu Dhabi,Q,PIA,16,83.782,SOFT,3,Vuelta de ataque
2023,Abu Dhabi,Q,RUS,2,84.929,SOFT,3,Vuelta de ataque
2023,Abu Dhabi,Q,RUS,5,84.337,SOFT,3,Vuelta de ataque
2023,Abu Dhabi,Q,RUS,8,84.46,SOFT,3,Vuelta de ataque
2023,Abu Dhabi,Q,RUS,11,84.013,SOFT,3,Vuelta de ataque
2023,Abu Dhabi,Q,RUS,14,84.152,SOFT,3,Vuelta de ataque
2023,Abu Dhabi,Q,RUS,17,83.788,SOFT,3,Vuelta de ataque
2023,Abu Dhabi,Q,NOR,2,84.368,SOFT,3,Vuelta de ataque
2023,Abu Dhabi,Q,NOR,7,83.92,SOFT,3,Vuelta de ataque
2023,Abu Dhabi,Q,NOR,12,83.816,SOFT,3,Vuelta de ataque
2023,Abu Dhabi,Q,NOR,15,83.952,SOFT,3,Vuelta de ataque
2023,Abu Dhabi,Q,TSU,2,84.672,SOFT,3,Vuelta de ataque
2023,Abu Dhabi,Q,TSU,5,84.286,SOFT,3,Vuelta de ataque
2023,Abu Dhabi,Q,TSU,8,84.551,SOFT,3,Vuelta de ataque
2023,Abu Dhabi,Q,TSU,11,84.207,SOFT,3,Vuelta de ataque
2023,Abu Dhabi,Q,TSU,14,84.27,SOFT,3,Vuelta de ataque
2023,Abu Dhabi,Q,TSU,17,83.968,SOFT,3,Vuelta de ataque
2023,Abu Dhabi,Q,ALO,2,85.207,SOFT,3,Vuelta de ataque
2023,Abu Dhabi,Q,ALO,5,84.501,SOFT,3,Vuelta de ataque
2023,Abu Dhabi,Q,ALO,8,84.698,SOFT,3,Vuelta de ataque
2023,Abu Dhabi,Q,ALO,11,84.131,SOFT,3,Vuelta de ataque
2023,Abu Dhabi,Q,ALO,14,84.438,SOFT,3,Vuelta de ataque
2023,Abu Dhabi,Q,ALO,17,84.084,SOFT,3,Vuelta de ataque
2023,Abu Dhabi,Q,HUL,2,85.054,SOFT,3,Vuelta de ataque
2023,Abu Dhabi,Q,HUL,5,84.425,SOFT,3,Vuelta de ataque
2023,Abu Dhabi,Q,HUL,8,85.003,SOFT,3,Vuelta de ataque
2023,Abu Dhabi,Q,HUL,11,84.213,SOFT,3,Vuelta de ataque
2023,Abu Dhabi,Q,HUL,14,84.435,SOFT,3,Vuelta de ataque
2023,Abu Dhabi,Q,HUL,17,84.108,SOFT,3,Vuelta de ataque
2023,Abu Dhabi,Q,PER,2,84.74,SOFT,3,Vuelta de ataque
2023,Abu Dhabi,Q,PER,5,84.209,SOFT,3,Vuelta de ataque
2023,Abu Dhabi,Q,PER,8,84.116,SOFT,3,Vuelta de ataque
2023,Abu Dhabi,Q,PER,13,84.171,SOFT,3,Vuelta de ataque
2023,Abu Dhabi,Q,PER,16,83.868,SOFT,3,Vuelta de ataque
2023,Abu Dhabi,Q,GAS,2,85.395,SOFT,3,Vuelta de ataque
2023,Abu Dhabi,Q,GAS,5,84.6,SOFT,3,Vuelta de ataque
2023,Abu Dhabi,Q,GAS,8,84.958,SOFT,3,Vuelta de ataque
2023,Abu Dhabi,Q,GAS,11,84.078,SOFT,3,Vuelta de ataque
2023,Abu Dhabi,Q,GAS,14,84.548,SOFT,3,Vuelta de ataque
2023,Abu Dhabi,Q,GAS,17,84.533,SOFT,3,Vuelta de ataque
2023,Abu Dhabi,Q,HAM,2,85.158,SOFT,3,Vuelta de ataque
2023,Abu Dhabi,Q,HAM,5,84.437,SOFT,3,Vuelta de ataque
2023,Abu Dhabi,Q,HAM,8,84.826,SOFT,3,Vuelta de ataque
2023,Abu Dhabi,Q,HAM,11,84.359,SOFT,3,Vuelta de ataque
2023,Abu Dhabi,Q,OCO,2,85.099,SOFT,3,Vuelta de ataque
2023,Abu Dhabi,Q,OCO,5,84.565,SOFT,3,Vuelta de ataque
2023,Abu Dhabi,Q,OCO,8,85.058,SOFT,3,Vuelta de ataque
2023,Abu Dhabi,Q,OCO,11,84.391,SOFT,3,Vuelta de ataque
2023,Abu Dhabi,Q,STR,2,85.201,SOFT,3,Vuelta de ataque
2023,Abu Dhabi,Q,STR,5,84.405,SOFT,3,Vuelta de ataque
2023,Abu Dhabi,Q,STR,8,84.817,SOFT,3,Vuelta de ataque
2023,Abu Dhabi,Q,STR,11,84.422,SOFT,3,Vuelta de ataque
2023,Abu Dhabi,Q,ALB,2,84.58,SOFT,3,Vuelta de ataque
2023,Abu Dhabi,Q,ALB,5,84.298,SOFT,3,Vuelta de ataque
2023,Abu Dhabi,Q,ALB,8,84.965,SOFT,3,Vuelta de ataque
2023,Abu Dhabi,Q,RIC,2,84.84,SOFT,3,Vuelta de ataque
2023,Abu Dhabi,Q,RIC,5,84.461,SOFT,3,Vuelta de ataque
2023,Abu Dhabi,Q,RIC,8,84.929,SOFT,3,Vuelta de ataque
2023,Abu Dhabi,Q,RIC,11,84.442,SOFT,3,Vuelta de ataque
2023,Abu Dhabi,Q,SAI,2,84.818,SOFT,3,Vuelta de ataque
2023,Abu Dhabi,Q,SAI,5,84.738,SOFT,3,Vuelta de ataque
2023,Abu Dhabi,Q,MAG,2,85.653,SOFT,3,Vuelta de ataque
2023,Abu Dhabi,Q,MAG,5,84.764,SOFT,3,Vuelta de ataque
2023,Abu Dhabi,Q,BOT,2,84.973,SOFT,3,Vuelta de ataque
2023,Abu Dhabi,Q,BOT,5,84.788,SOFT,3,Vuelta de ataque
2023,Abu Dhabi,Q,ZHO,2,85.114,SOFT,3,Vuelta de ataque
2023,Abu Dhabi,Q,ZHO,5,85.159,SOFT,3,Vuelta de ataque
2023,Abu Dhabi,Q,SAR,2,84.722,SOFT,3,Vuelta de ataque
2023,Abu Dhabi,Q,SAR,5,84.532,SOFT,3,Vuelta de ataque
2023,Abu Dhabi,R,VER,1,92.19,MEDIUM,2,Tracción Comprometida
2023,Abu Dhabi,R,VER,2,90.71,MEDIUM,1,Lift and Coast
2023,Abu Dhabi,R,VER,3,90.408,MEDIUM,1,Lift and Coast
2023,Abu Dhabi,R,VER,4,90.716,MEDIUM,1,Lift and Coast
2023,Abu Dhabi,R,VER,5,90.552,MEDIUM,1,Lift and Coast
2023,Abu Dhabi,R,VER,6,90.44,MEDIUM,1,Lift and Coast
2023,Abu Dhabi,R,VER,7,90.529,MEDIUM,1,Lift and Coast
2023,Abu Dhabi,R,VER,8,90.516,MEDIUM,1,Lift and Coast
2023,Abu Dhabi,R,VER,9,90.632,MEDIUM,1,Lift and Coast
2023,Abu Dhabi,R,VER,10,90.506,MEDIUM,1,Lift and Coast
2023,Abu Dhabi,R,VER,11,90.561,MEDIUM,1,Lift and Coast
2023,Abu Dhabi,R,VER,12,90.59,MEDIUM,1,Lift and Coast
2023,Abu Dhabi,R,VER,13,90.561,MEDIUM,1,Lift and Coast
2023,Abu Dhabi,R,VER,14,90.647,MEDIUM,1,Lift and Coast
2023,Abu Dhabi,R,VER,15,90.267,MEDIUM,0,Ritmo de carrera
2023,Abu Dhabi,R,VER,16,92.558,MEDIUM,0,Ritmo de carrera
2023,Abu Dhabi,R,VER,18,89.896,HARD,1,Lift and Coast
2023,Abu Dhabi,R,VER,19,89.386,HARD,0,Ritmo de carrera
2023,Abu Dhabi,R,VER,20,89.628,HARD,0,Ritmo de carrera
2023,Abu Dhabi,R,VER,21,89.127,HARD,0,Ritmo de carrera
2023,Abu Dhabi,R,VER,22,89.689,HARD,0,Ritmo de carrera
2023,Abu Dhabi,R,VER,23,89.634,HARD,1,Lift and Coast
2023,Abu Dhabi,R,VER,24,89.293,HARD,1,Lift and Coast
2023,Abu Dhabi,R,VER,25,89.401,HARD,1,Lift and Coast
2023,Abu Dhabi,R,VER,26,89.289,HARD,0,Ritmo de carrera
2023,Abu Dhabi,R,VER,27,89.156,HARD,0,Ritmo de carrera
2023,Abu Dhabi,R,VER,28,89.217,HARD,1,Lift and Coast
2023,Abu Dhabi,R,VER,29,89.183,HARD,2,Tracción Comprometida
2023,Abu Dhabi,R,VER,30,89.266,HARD,1,Lift and Coast
2023,Abu Dhabi,R,VER,31,89.149,HARD,0,Ritmo de carrera
2023,Abu Dhabi,R,VER,32,89.1,HARD,0,Ritmo de carrera
2023,Abu Dhabi,R,VER,33,89.137,HARD,2,Tracción Comprometida
2023,Abu Dhabi,R,VER,34,89.077,HARD,1,Lift and Coast
2023,Abu Dhabi,R,VER,35,89.148,HARD,0,Ritmo de carrera
2023,Abu Dhabi,R,VER,36,88.902,HARD,3,Vuelta de ataque
2023,Abu Dhabi,R,VER,37,88.91,HARD,3,Vuelta de ataque
2023,Abu Dhabi,R,VER,38,89.073,HARD,3,Vuelta de ataque
2023,Abu Dhabi,R,VER,39,88.849,HARD,3,Vuelta de ataque
2023,Abu Dhabi,R,VER,40,89.053,HARD,3,Vuelta de ataque
2023,Abu Dhabi,R,VER,41,89.003,HARD,3,Vuelta de ataque
2023,Abu Dhabi,R,VER,42,89.082,HARD,3,Vuelta de ataque
2023,Abu Dhabi,R,VER,43,91.391,HARD,0,Ritmo de carrera
2023,Abu Dhabi,R,VER,45,86.993,HARD,3,Vuelta de ataque
2023,Abu Dhabi,R,VER,46,87.902,HARD,3,Vuelta de ataque
2023,Abu Dhabi,R,VER,47,87.962,HARD,3,Vuelta de ataque
2023,Abu Dhabi,R,VER,48,87.968,HARD,3,Vuelta de ataque
2023,Abu Dhabi,R,VER,49,87.901,HARD,3,Vuelta de ataque
2023,Abu Dhabi,R,VER,50,88.04,HARD,3,Vuelta de ataque
2023,Abu Dhabi,R,VER,51,87.849,HARD,3,Vuelta de ataque
2023,Abu Dhabi,R,VER,52,87.851,HARD,3,Vuelta de ataque
2023,Abu Dhabi,R,VER,53,87.683,HARD,3,Vuelta de ataque
2023,Abu Dhabi,R,VER,54,87.513,HARD,3,Vuelta de ataque
2023,Abu Dhabi,R,VER,55,87.93,HARD,3,Vuelta de ataque
2023,Abu Dhabi,R,VER,56,87.727,HARD,3,Vuelta de ataque
2023,Abu Dhabi,R,VER,57,87.98,HARD,3,Vuelta de ataque
2023,Abu Dhabi,R,VER,58,88.545,HARD,0,Ritmo de carrera
2023,Abu Dhabi,R,LEC,2,91.117,MEDIUM,2,Tracción Comprometida
2023,Abu Dhabi,R,LEC,3,90.5,MEDIUM,0,Ritmo de carrera
2023,Abu Dhabi,R,LEC,4,90.884,MEDIUM,2,Tracción Comprometida
2023,Abu Dhabi,R,LEC,5,90.459,MEDIUM,2,Tracción Comprometida
2023,Abu Dhabi,R,LEC,6,90.544,MEDIUM,2,Tracción Comprometida
2023,Abu Dhabi,R,LEC,7,90.373,MEDIUM,1,Lift and Coast
2023,Abu Dhabi,R,LEC,8,90.631,MEDIUM,2,Tracción Comprometida
2023,Abu Dhabi,R,LEC,9,90.431,MEDIUM,0,Ritmo de carrera
2023,Abu Dhabi,R,LEC,10,90.609,MEDIUM,2,Tracción Comprometida
2023,Abu Dhabi,R,LEC,11,90.613,MEDIUM,2,Tracción Comprometida
2023,Abu Dhabi,R,LEC,12,90.584,MEDIUM,0,Ritmo de carrera
2023,Abu Dhabi,R,LEC,13,90.817,MEDIUM,2,Tracción Comprometida
2023,Abu Dhabi,R,LEC,14,90.571,MEDIUM,2,Tracción Comprometida
2023,Abu Dhabi,R,LEC,15,90.618,MEDIUM,2,Tracción Comprometida
2023,Abu Dhabi,R,LEC,16,90.711,MEDIUM,2,Tracción Comprometida
2023,Abu Dhabi,R,LEC,17,92.468,MEDIUM,2,Tracción Comprometida
2023,Abu Dhabi,R,LEC,19,89.908,HARD,2,Tracción Comprometida
2023,Abu Dhabi,R,LEC,20,90.073,HARD,2,Tracción Comprometida
2023,Abu Dhabi,R,LEC,21,89.724,HARD,2,Tracción Comprometida
2023,Abu Dhabi,R,LEC,22,89.704,HARD,1,Lift and Coast
2023,Abu Dhabi,R,LEC,23,89.847,HARD,2,Tracción Comprometida
2023,Abu Dhabi,R,LEC,24,89.577,HARD,1,Lift and Coast
2023,Abu Dhabi,R,LEC,25,89.707,HARD,2,Tracción Comprometida
2023,Abu Dhabi,R,LEC,26,89.655,HARD,2,Tracción Comprometida
2023,Abu Dhabi,R,LEC,27,89.21,HARD,2,Tracción Comprometida
2023,Abu Dhabi,R,LEC,28,89.556,HARD,2,Tracción Comprometida
2023,Abu Dhabi,R,LEC,29,89.556,HARD,2,Tracción Comprometida
2023,Abu Dhabi,R,LEC,30,89.428,HARD,2,Tracción Comprometida
2023,Abu Dhabi,R,LEC,31,89.554,HARD,2,Tracción Comprometida
2023,Abu Dhabi,R,LEC,32,89.815,HARD,2,Tracción Comprometida
2023,Abu Dhabi,R,LEC,33,89.693,HARD,2,Tracción Comprometida
2023,Abu Dhabi,R,LEC,34,89.447,HARD,2,Tracción Comprometida
2023,Abu Dhabi,R,LEC,35,91.443,HARD,2,Tracción Comprometida
2023,Abu Dhabi,R,LEC,37,89.035,HARD,2,Tracción Comprometida
2023,Abu Dhabi,R,LEC,38,88.736,HARD,2,Tracción Comprometida
2023,Abu Dhabi,R,LEC,39,88.759,HARD,2,Tracción Comprometida
2023,Abu Dhabi,R,LEC,40,88.546,HARD,2,Tracción Comprometida
2023,Abu Dhabi,R,LEC,41,88.466,HARD,2,Tracción Comprometida
2023,Abu Dhabi,R,LEC,42,88.277,HARD,2,Tracción Comprometida
2023,Abu Dhabi,R,LEC,43,88.211,HARD,2,Tracción Comprometida
2023,Abu Dhabi,R,LEC,44,88.199,HARD,1,Lift and Coast
2023,Abu Dhabi,R,LEC,45,88.395,HARD,1,Lift and Coast
2023,Abu Dhabi,R,LEC,46,88.446,HARD,1,Lift and Coast
2023,Abu Dhabi,R,LEC,47,88.221,HARD,2,Tracción Comprometida
2023,Abu Dhabi,R,LEC,48,88.419,HARD,1,Lift and Coast
2023,Abu Dhabi,R,LEC,49,88.396,HARD,1,Lift and Coast
2023,Abu Dhabi,R,LEC,50,88.258,HARD,2,Tracción Comprometida
2023,Abu Dhabi,R,LEC,51,88.695,HARD,0,Ritmo de carrera
2023,Abu Dhabi,R,LEC,52,88.603,HARD,1,Lift and Coast
2023,Abu Dhabi,R,LEC,53,88.545,HARD,1,Lift and Coast
2023,Abu Dhabi,R,LEC,54,88.778,HARD,2,Tracción Comprometida
2023,Abu Dhabi,R,LEC,55,88.552,HARD,1,Lift and Coast
2023,Abu Dhabi,R,LEC,56,88.657,HARD,2,Tracción Comprometida
2023,Abu Dhabi,R,LEC,57,89.031,HARD,2,Tracción Comprometida
2023,Abu Dhabi,R,LEC,58,91.284,HARD,2,Tracción Comprometida
2023,Abu Dhabi,R,RUS,2,91.598,MEDIUM,1,Lift and Coast
2023,Abu Dhabi,R,RUS,3,90.598,MEDIUM,1,Lift and Coast
2023,Abu Dhabi,R,RUS,5,90.689,MEDIUM,1,Lift and Coast
2023,Abu Dhabi,R,RUS,6,90.808,MEDIUM,1,Lift and Coast
2023,Abu Dhabi,R,RUS,7,90.842,MEDIUM,1,Lift and Coast
2023,Abu Dhabi,R,RUS,8,90.933,MEDIUM,1,Lift and Coast
2023,Abu Dhabi,R,RUS,9,90.767,MEDIUM,1,Lift and Coast
2023,Abu Dhabi,R,RUS,10,91.14,MEDIUM,1,Lift and Coast
2023,Abu Dhabi,R,RUS,11,90.856,MEDIUM,1,Lift and Coast
2023,Abu Dhabi,R,RUS,12,90.95,MEDIUM,1,Lift and Coast
2023,Abu Dhabi,R,RUS,13,90.816,MEDIUM,1,Lift and Coast
2023,Abu Dhabi,R,RUS,14,92.471,MEDIUM,0,Ritmo de carrera
2023,Abu Dhabi,R,RUS,16,89.537,HARD,1,Lift and Coast
2023,Abu Dhabi,R,RUS,17,90.049,HARD,1,Lift and Coast
2023,Abu Dhabi,R,RUS,18,89.522,HARD,1,Lift and Coast
2023,Abu Dhabi,R,RUS,19,90.358,HARD,1,Lift and Coast
2023,Abu Dhabi,R,RUS,20,90.088,HARD,1,Lift and Coast
2023,Abu Dhabi,R,RUS,21,90.118,HARD,1,Lift and Coast
2023,Abu Dhabi,R,RUS,22,89.786,HARD,1,Lift and Coast
2023,Abu Dhabi,R,RUS,23,89.672,HARD,1,Lift and Coast
2023,Abu Dhabi,R,RUS,24,89.355,HARD,0,Ritmo de carrera
2023,Abu Dhabi,R,RUS,25,89.545,HARD,1,Lift and Coast
2023,Abu Dhabi,R,RUS,26,89.54,HARD,1,Lift and Coast
2023,Abu Dhabi,R,RUS,27,89.432,HARD,1,Lift and Coast
2023,Abu Dhabi,R,RUS,28,89.565,HARD,1,Lift and Coast
2023,Abu Dhabi,R,RUS,29,89.722,HARD,1,Lift and Coast
2023,Abu Dhabi,R,RUS,30,89.84,HARD,1,Lift and Coast
2023,Abu Dhabi,R,RUS,31,89.402,HARD,1,Lift and Coast
2023,Abu Dhabi,R,RUS,32,89.692,HARD,1,Lift and Coast
2023,Abu Dhabi,R,RUS,33,89.593,HARD,1,Lift and Coast
2023,Abu Dhabi,R,RUS,34,90.962,HARD,0,Ritmo de carrera
2023,Abu Dhabi,R,RUS,36,88.687,HARD,1,Lift and Coast
2023,Abu Dhabi,R,RUS,37,88.943,HARD,1,Lift and Coast
2023,Abu Dhabi,R,RUS,38,89.243,HARD,1,Lift and Coast
2023,Abu Dhabi,R,RUS,39,89.194,HARD,1,Lift and Coast
2023,Abu Dhabi,R,RUS,40,88.683,HARD,1,Lift and Coast
2023,Abu Dhabi,R,RUS,41,88.612,HARD,1,Lift and Coast
2023,Abu Dhabi,R,RUS,42,88.792,HARD,1,Lift and Coast
2023,Abu Dhabi,R,RUS,43,88.524,HARD,1,Lift and Coast
2023,Abu Dhabi,R,RUS,44,88.36,HARD,1,Lift and Coast
2023,Abu Dhabi,R,RUS,45,88.187,HARD,1,Lift and Coast
2023,Abu Dhabi,R,RUS,46,88.192,HARD,1,Lift and Coast
2023,Abu Dhabi,R,RUS,47,88.261,HARD,3,Vuelta de ataque
2023,Abu Dhabi,R,RUS,48,88.53,HARD,3,Vuelta de ataque
2023,Abu Dhabi,R,RUS,49,88.428,HARD,1,Lift and Coast
2023,Abu Dhabi,R,RUS,50,88.4,HARD,1,Lift and Coast
2023,Abu Dhabi,R,RUS,51,88.692,HARD,0,Ritmo de carrera
2023,Abu Dhabi,R,RUS,52,88.877,HARD,1,Lift and Coast
2023,Abu Dhabi,R,RUS,53,88.825,HARD,1,Lift and Coast
2023,Abu Dhabi,R,RUS,54,90.038,HARD,1,Lift and Coast
2023,Abu Dhabi,R,RUS,55,88.976,HARD,1,Lift and Coast
2023,Abu Dhabi,R,RUS,56,88.466,HARD,1,Lift and Coast
2023,Abu Dhabi,R,RUS,57,88.557,HARD,0,Ritmo de carrera
2023,Abu Dhabi,R,RUS,58,88.82,HARD,2,Tracción Comprometida
2023,Abu Dhabi,R,PER,2,91.672,MEDIUM,1,Lift and Coast
2023,Abu Dhabi,R,PER,3,90.469,MEDIUM,0,Ritmo de carrera
2023,Abu Dhabi,R,PER,4,90.759,MEDIUM,1,Lift and Coast
2023,Abu Dhabi,R,PER,5,90.797,MEDIUM,1,Lift and Coast
2023,Abu Dhabi,R,PER,6,90.682,MEDIUM,1,Lift and Coast
2023,Abu Dhabi,R,PER,7,90.818,MEDIUM,0,Ritmo de carrera
2023,Abu Dhabi,R,PER,8,90.993,MEDIUM,0,Ritmo de carrera
2023,Abu Dhabi,R,PER,9,91.287,MEDIUM,0,Ritmo de carrera
2023,Abu Dhabi,R,PER,10,91.214,MEDIUM,1,Lift and Coast
2023,Abu Dhabi,R,PER,11,91.535,MEDIUM,0,Ritmo de carrera
2023,Abu Dhabi,R,PER,12,90.874,MEDIUM,0,Ritmo de carrera
2023,Abu Dhabi,R,PER,13,91.309,MEDIUM,0,Ritmo de carrera
2023,Abu Dhabi,R,PER,14,91.19,MEDIUM,1,Lift and Coast
2023,Abu Dhabi,R,PER,15,91.225,MEDIUM,0,Ritmo de carrera
2023,Abu Dhabi,R,PER,16,91.375,MEDIUM,0,Ritmo de carrera
2023,Abu Dhabi,R,PER,19,89.365,HARD,1,Lift and Coast
2023,Abu Dhabi,R,PER,20,89.107,HARD,0,Ritmo de carrera
2023,Abu Dhabi,R,PER,21,88.986,HARD,0,Ritmo de carrera
2023,Abu Dhabi,R,PER,22,89.719,HARD,0,Ritmo de carrera
2023,Abu Dhabi,R,PER,23,89.71,HARD,0,Ritmo de carrera
2023,Abu Dhabi,R,PER,24,90.001,HARD,0,Ritmo de carrera
2023,Abu Dhabi,R,PER,25,89.572,HARD,0,Ritmo de carrera
2023,Abu Dhabi,R,PER,26,89.864,HARD,1,Lift and Coast
2023,Abu Dhabi,R,PER,27,89.34,HARD,0,Ritmo de carrera
2023,Abu Dhabi,R,PER,28,88.954,HARD,0,Ritmo de carrera
2023,Abu Dhabi,R,PER,29,89.563,HARD,3,Vuelta de ataque
2023,Abu Dhabi,R,PER,30,89.48,HARD,3,Vuelta de ataque
2023,Abu Dhabi,R,PER,31,89.413,HARD,3,Vuelta de ataque
2023,Abu Dhabi,R,PER,32,89.314,HARD,3,Vuelta de ataque
2023,Abu Dhabi,R,PER,33,89.261,HARD,3,Vuelta de ataque
2023,Abu Dhabi,R,PER,34,89.316,HARD,3,Vuelta de ataque
2023,Abu Dhabi,R,PER,35,89.243,HARD,3,Vuelta de ataque
2023,Abu Dhabi,R,PER,36,88.928,HARD,3,Vuelta de ataque
2023,Abu Dhabi,R,PER,37,88.992,HARD,3,Vuelta de ataque
2023,Abu Dhabi,R,PER,38,89.043,HARD,3,Vuelta de ataque
2023,Abu Dhabi,R,PER,39,89.13,HARD,3,Vuelta de ataque
2023,Abu Dhabi,R,PER,40,88.909,HARD,3,Vuelta de ataque
2023,Abu Dhabi,R,PER,41,89.195,HARD,3,Vuelta de ataque
2023,Abu Dhabi,R,PER,42,90.958,HARD,3,Vuelta de ataque
2023,Abu Dhabi,R,PER,44,87.493,HARD,0,Ritmo de carrera
2023,Abu Dhabi,R,PER,45,87.837,HARD,3,Vuelta de ataque
2023,Abu Dhabi,R,PER,46,87.914,HARD,3,Vuelta de ataque
2023,Abu Dhabi,R,PER,47,88.401,HARD,0,Ritmo de carrera
2023,Abu Dhabi,R,PER,48,87.97,HARD,3,Vuelta de ataque
2023,Abu Dhabi,R,PER,49,87.926,HARD,3,Vuelta de ataque
2023,Abu Dhabi,R,PER,50,87.758,HARD,3,Vuelta de ataque
2023,Abu Dhabi,R,PER,51,87.866,HARD,3,Vuelta de ataque
2023,Abu Dhabi,R,PER,52,87.886,HARD,3,Vuelta de ataque
2023,Abu Dhabi,R,PER,53,88.307,HARD,3,Vuelta de ataque
2023,Abu Dhabi,R,PER,54,88.024,HARD,0,Ritmo de carrera
2023,Abu Dhabi,R,PER,55,88.187,HARD,3,Vuelta de ataque
2023,Abu Dhabi,R,PER,56,87.896,HARD,3,Vuelta de ataque
2023,Abu Dhabi,R,PER,57,87.991,HARD,1,Lift and Coast
2023,Abu Dhabi,R,PER,58,87.948,HARD,3,Vuelta de ataque
2023,Abu Dhabi,R,NOR,2,91.43,MEDIUM,1,Lift and Coast
2023,Abu Dhabi,R,NOR,3,90.714,MEDIUM,1,Lift and Coast
2023,Abu Dhabi,R,NOR,4,90.188,MEDIUM,0,Ritmo de carrera
2023,Abu Dhabi,R,NOR,5,90.456,MEDIUM,0,Ritmo de carrera
2023,Abu Dhabi,R,NOR,6,90.45,MEDIUM,0,Ritmo de carrera
2023,Abu Dhabi,R,NOR,7,90.533,MEDIUM,0,Ritmo de carrera
2023,Abu Dhabi,R,NOR,8,90.676,MEDIUM,0,Ritmo de carrera
2023,Abu Dhabi,R,NOR,9,90.613,MEDIUM,0,Ritmo de carrera
2023,Abu Dhabi,R,NOR,10,90.912,MEDIUM,1,Lift and Coast
2023,Abu Dhabi,R,NOR,11,91.228,MEDIUM,1,Lift and Coast
2023,Abu Dhabi,R,NOR,12,91.189,MEDIUM,1,Lift and Coast
2023,Abu Dhabi,R,NOR,13,91.013,MEDIUM,1,Lift and Coast
2023,Abu Dhabi,R,NOR,14,92.394,MEDIUM,0,Ritmo de carrera
2023,Abu Dhabi,R,NOR,16,89.654,HARD,2,Tracción Comprometida
2023,Abu Dhabi,R,NOR,17,90.133,HARD,2,Tracción Comprometida
2023,Abu Dhabi,R,NOR,18,90.044,HARD,2,Tracción Comprometida
2023,Abu Dhabi,R,NOR,19,89.727,HARD,2,Tracción Comprometida
2023,Abu Dhabi,R,NOR,20,89.902,HARD,2,Tracción Comprometida
2023,Abu Dhabi,R,NOR,21,89.781,HARD,2,Tracción Comprometida
2023,Abu Dhabi,R,NOR,22,90.393,HARD,2,Tracción Comprometida
2023,Abu Dhabi,R,NOR,23,90.24,HARD,2,Tracción Comprometida
2023,Abu Dhabi,R,NOR,24,89.791,HARD,2,Tracción Comprometida
2023,Abu Dhabi,R,NOR,25,89.637,HARD,2,Tracción Comprometida
2023,Abu Dhabi,R,NOR,26,89.308,HARD,2,Tracción Comprometida
2023,Abu Dhabi,R,NOR,27,89.48,HARD,2,Tracción Comprometida
2023,Abu Dhabi,R,NOR,28,89.469,HARD,1,Lift and Coast
2023,Abu Dhabi,R,NOR,29,89.426,HARD,2,Tracción Comprometida
2023,Abu Dhabi,R,NOR,30,89.5,HARD,2,Tracción Comprometida
2023,Abu Dhabi,R,NOR,31,90.01,HARD,2,Tracción Comprometida
2023,Abu Dhabi,R,NOR,32,89.842,HARD,2,Tracción Comprometida
2023,Abu Dhabi,R,NOR,33,91.445,HARD,0,Ritmo de carrera
2023,Abu Dhabi,R,NOR,35,88.736,HARD,1,Lift and Coast
2023,Abu Dhabi,R,NOR,36,89.881,HARD,2,Tracción Comprometida
2023,Abu Dhabi,R,NOR,37,89.22,HARD,0,Ritmo de carrera
2023,Abu Dhabi,R,NOR,38,89.596,HARD,2,Tracción Comprometida
2023,Abu Dhabi,R,NOR,39,89.432,HARD,2,Tracción Comprometida
2023,Abu Dhabi,R,NOR,40,89.243,HARD,2,Tracción Comprometida
2023,Abu Dhabi,R,NOR,41,89.064,HARD,1,Lift and Coast
2023,Abu Dhabi,R,NOR,42,88.522,HARD,1,Lift and Coast
2023,Abu Dhabi,R,NOR,43,88.848,HARD,2,Tracción Comprometida
2023,Abu Dhabi,R,NOR,44,88.539,HARD,2,Tracción Comprometida
2023,Abu Dhabi,R,NOR,45,88.164,HARD,2,Tracción Comprometida
2023,Abu Dhabi,R,NOR,46,88.187,HARD,2,Tracción Comprometida
2023,Abu Dhabi,R,NOR,47,88.568,HARD,2,Tracción Comprometida
2023,Abu Dhabi,R,NOR,48,89.763,HARD,2,Tracción Comprometida
2023,Abu Dhabi,R,NOR,49,88.797,HARD,0,Ritmo de carrera
2023,Abu Dhabi,R,NOR,50,88.634,HARD,2,Tracción Comprometida
2023,Abu Dhabi,R,NOR,51,88.526,HARD,2,Tracción Comprometida
2023,Abu Dhabi,R,NOR,52,88.839,HARD,2,Tracción Comprometida
2023,Abu Dhabi,R,NOR,53,88.557,HARD,2,Tracción Comprometida
2023,Abu Dhabi,R,NOR,54,88.59,HARD,2,Tracción Comprometida
2023,Abu Dhabi,R,NOR,55,88.458,HARD,2,Tracción Comprometida
2023,Abu Dhabi,R,NOR,56,88.572,HARD,2,Tracción Comprometida
2023,Abu Dhabi,R,NOR,57,88.8,HARD,2,Tracción Comprometida
2023,Abu Dhabi,R,NOR,58,88.588,HARD,2,Tracción Comprometida
2023,Abu Dhabi,R,PIA,2,91.075,MEDIUM,0,Ritmo de carrera
2023,Abu Dhabi,R,PIA,3,90.631,MEDIUM,0,Ritmo de carrera
2023,Abu Dhabi,R,PIA,4,91.816,MEDIUM,0,Ritmo de carrera
2023,Abu Dhabi,R,PIA,5,90.419,MEDIUM,0,Ritmo de carrera
2023,Abu Dhabi,R,PIA,6,90.813,MEDIUM,1,Lift and Coast
2023,Abu Dhabi,R,PIA,7,90.953,MEDIUM,0,Ritmo de carrera
2023,Abu Dhabi,R,PIA,8,90.795,MEDIUM,1,Lift and Coast
2023,Abu Dhabi,R,PIA,9,90.899,MEDIUM,1,Lift and Coast
2023,Abu Dhabi,R,PIA,10,91.239,MEDIUM,1,Lift and Coast
2023,Abu Dhabi,R,PIA,11,92.448,MEDIUM,1,Lift and Coast
2023,Abu Dhabi,R,PIA,12,91.304,MEDIUM,0,Ritmo de carrera
2023,Abu Dhabi,R,PIA,13,92.981,MEDIUM,0,Ritmo de carrera
2023,Abu Dhabi,R,PIA,15,90.649,HARD,1,Lift and Coast
2023,Abu Dhabi,R,PIA,16,90.276,HARD,1,Lift and Coast
2023,Abu Dhabi,R,PIA,17,89.954,HARD,0,Ritmo de carrera
2023,Abu Dhabi,R,PIA,18,90.438,HARD,1,Lift and Coast
2023,Abu Dhabi,R,PIA,19,90.498,HARD,1,Lift and Coast
2023,Abu Dhabi,R,PIA,20,90.088,HARD,0,Ritmo de carrera
2023,Abu Dhabi,R,PIA,21,89.888,HARD,1,Lift and Coast
2023,Abu Dhabi,R,PIA,22,90.496,HARD,1,Lift and Coast
2023,Abu Dhabi,R,PIA,23,90.103,HARD,0,Ritmo de carrera
2023,Abu Dhabi,R,PIA,24,89.958,HARD,1,Lift and Coast
2023,Abu Dhabi,R,PIA,25,90.028,HARD,0,Ritmo de carrera
2023,Abu Dhabi,R,PIA,26,89.918,HARD,1,Lift and Coast
2023,Abu Dhabi,R,PIA,27,89.602,HARD,1,Lift and Coast
2023,Abu Dhabi,R,PIA,28,91.036,HARD,1,Lift and Coast
2023,Abu Dhabi,R,PIA,29,90.34,HARD,1,Lift and Coast
2023,Abu Dhabi,R,PIA,30,90.497,HARD,1,Lift and Coast
2023,Abu Dhabi,R,PIA,31,90.082,HARD,0,Ritmo de carrera
2023,Abu Dhabi,R,PIA,32,89.847,HARD,1,Lift and Coast
2023,Abu Dhabi,R,PIA,33,89.777,HARD,0,Ritmo de carrera
2023,Abu Dhabi,R,PIA,34,89.841,HARD,0,Ritmo de carrera
2023,Abu Dhabi,R,PIA,35,89.858,HARD,1,Lift and Coast
2023,Abu Dhabi,R,PIA,36,91.58,HARD,1,Lift and Coast
2023,Abu Dhabi,R,PIA,38,88.138,HARD,1,Lift and Coast
2023,Abu Dhabi,R,PIA,39,88.65,HARD,0,Ritmo de carrera
2023,Abu Dhabi,R,PIA,40,88.683,HARD,1,Lift and Coast
2023,Abu Dhabi,R,PIA,41,88.762,HARD,1,Lift and Coast
2023,Abu Dhabi,R,PIA,42,88.978,HARD,2,Tracción Comprometida
2023,Abu Dhabi,R,PIA,43,88.332,HARD,2,Tracción Comprometida
2023,Abu Dhabi,R,PIA,44,88.489,HARD,1,Lift and Coast
2023,Abu Dhabi,R,PIA,45,88.149,HARD,1,Lift and Coast
2023,Abu Dhabi,R,PIA,46,88.806,HARD,0,Ritmo de carrera
2023,Abu Dhabi,R,PIA,47,89.266,HARD,1,Lift and Coast
2023,Abu Dhabi,R,PIA,48,89.061,HARD,0,Ritmo de carrera
2023,Abu Dhabi,R,PIA,49,89.445,HARD,1,Lift and Coast
2023,Abu Dhabi,R,PIA,50,88.761,HARD,1,Lift and Coast
2023,Abu Dhabi,R,PIA,51,88.556,HARD,1,Lift and Coast
2023,Abu Dhabi,R,PIA,52,88.397,HARD,1,Lift and Coast
2023,Abu Dhabi,R,PIA,53,88.788,HARD,0,Ritmo de carrera
2023,Abu Dhabi,R,PIA,54,88.536,HARD,1,Lift and Coast
2023,Abu Dhabi,R,PIA,55,88.729,HARD,0,Ritmo de carrera
2023,Abu Dhabi,R,PIA,56,88.706,HARD,1,Lift and Coast
2023,Abu Dhabi,R,PIA,57,88.786,HARD,1,Lift and Coast
2023,Abu Dhabi,R,PIA,58,88.467,HARD,3,Vuelta de ataque
2023,Abu Dhabi,R,ALO,2,91.755,MEDIUM,3,Vuelta de ataque
2023,Abu Dhabi,R,ALO,3,90.823,MEDIUM,3,Vuelta de ataque
2023,Abu Dhabi,R,ALO,4,90.66,MEDIUM,3,Vuelta de ataque
2023,Abu Dhabi,R,ALO,5,90.773,MEDIUM,0,Ritmo de carrera
2023,Abu Dhabi,R,ALO,6,90.803,MEDIUM,0,Ritmo de carrera
2023,Abu Dhabi,R,ALO,7,90.782,MEDIUM,0,Ritmo de carrera
2023,Abu Dhabi,R,ALO,8,91.109,MEDIUM,0,Ritmo de carrera
2023,Abu Dhabi,R,ALO,9,90.915,MEDIUM,0,Ritmo de carrera
2023,Abu Dhabi,R,ALO,10,91.18,MEDIUM,0,Ritmo de carrera
2023,Abu Dhabi,R,ALO,11,91.381,MEDIUM,0,Ritmo de carrera
2023,Abu Dhabi,R,ALO,14,90.466,HARD,0,Ritmo de carrera
2023,Abu Dhabi,R,ALO,15,90.389,HARD,0,Ritmo de carrera
2023,Abu Dhabi,R,ALO,16,90.314,HARD,0,Ritmo de carrera
2023,Abu Dhabi,R,ALO,17,90.308,HARD,0,Ritmo de carrera
2023,Abu Dhabi,R,ALO,18,90.38,HARD,0,Ritmo de carrera
2023,Abu Dhabi,R,ALO,19,90.205,HARD,0,Ritmo de carrera
2023,Abu Dhabi,R,ALO,20,90.38,HARD,0,Ritmo de carrera
2023,Abu Dhabi,R,ALO,21,89.887,HARD,0,Ritmo de carrera
2023,Abu Dhabi,R,ALO,22,90.463,HARD,0,Ritmo de carrera
2023,Abu Dhabi,R,ALO,23,90.102,HARD,0,Ritmo de carrera
2023,Abu Dhabi,R,ALO,24,90.093,HARD,0,Ritmo de carrera
2023,Abu Dhabi,R,ALO,25,90.951,HARD,0,Ritmo de carrera
2023,Abu Dhabi,R,ALO,26,89.936,HARD,0,Ritmo de carrera
2023,Abu Dhabi,R,ALO,27,90.229,HARD,3,Vuelta de ataque
2023,Abu Dhabi,R,ALO,28,90.559,HARD,3,Vuelta de ataque
2023,Abu Dhabi,R,ALO,29,90.009,HARD,3,Vuelta de ataque
2023,Abu Dhabi,R,ALO,30,90.415,HARD,3,Vuelta de ataque
2023,Abu Dhabi,R,ALO,31,90.128,HARD,3,Vuelta de ataque
2023,Abu Dhabi,R,ALO,32,89.807,HARD,3,Vuelta de ataque
2023,Abu Dhabi,R,ALO,33,90.426,HARD,3,Vuelta de ataque
2023,Abu Dhabi,R,ALO,34,89.884,HARD,3,Vuelta de ataque
2023,Abu Dhabi,R,ALO,35,89.869,HARD,3,Vuelta de ataque
2023,Abu Dhabi,R,ALO,36,92.048,HARD,0,Ritmo de carrera
2023,Abu Dhabi,R,ALO,38,88.909,HARD,3,Vuelta de ataque
2023,Abu Dhabi,R,ALO,39,88.8,HARD,3,Vuelta de ataque
2023,Abu Dhabi,R,ALO,40,88.617,HARD,3,Vuelta de ataque
2023,Abu Dhabi,R,ALO,41,88.81,HARD,3,Vuelta de ataque
2023,Abu Dhabi,R,ALO,42,88.256,HARD,0,Ritmo de carrera
2023,Abu Dhabi,R,ALO,43,88.769,HARD,3,Vuelta de ataque
2023,Abu Dhabi,R,ALO,44,88.986,HARD,0,Ritmo de carrera
2023,Abu Dhabi,R,ALO,45,90.177,HARD,0,Ritmo de carrera
2023,Abu Dhabi,R,ALO,46,88.554,HARD,3,Vuelta de ataque
2023,Abu Dhabi,R,ALO,47,88.625,HARD,3,Vuelta de ataque
2023,Abu Dhabi,R,ALO,48,88.592,HARD,3,Vuelta de ataque
2023,Abu Dhabi,R,ALO,49,88.5,HARD,3,Vuelta de ataque
2023,Abu Dhabi,R,ALO,50,88.619,HARD,3,Vuelta de ataque
2023,Abu Dhabi,R,ALO,51,88.491,HARD,3,Vuelta de ataque
2023,Abu Dhabi,R,ALO,52,88.604,HARD,3,Vuelta de ataque
2023,Abu Dhabi,R,ALO,53,88.714,HARD,3,Vuelta de ataque
2023,Abu Dhabi,R,ALO,54,89.174,HARD,3,Vuelta de ataque
2023,Abu Dhabi,R,ALO,55,88.952,HARD,3,Vuelta de ataque
2023,Abu Dhabi,R,ALO,56,89.108,HARD,3,Vuelta de ataque
2023,Abu Dhabi,R,ALO,57,89.038,HARD,0,Ritmo de carrera
2023,Abu Dhabi,R,ALO,58,88.706,HARD,3,Vuelta de ataque
2023,Abu Dhabi,R,TSU,2,91.674,MEDIUM,1,Lift and Coast
2023,Abu Dhabi,R,TSU,3,90.674,MEDIUM,1,Lift and Coast
2023,Abu Dhabi,R,TSU,4,90.757,MEDIUM,1,Lift and Coast
2023,Abu Dhabi,R,TSU,5,90.685,MEDIUM,1,Lift and Coast
2023,Abu Dhabi,R,TSU,6,90.786,MEDIUM,1,Lift and Coast
2023,Abu Dhabi,R,TSU,7,90.826,MEDIUM,0,Ritmo de carrera
2023,Abu Dhabi,R,TSU,8,91.097,MEDIUM,1,Lift and Coast
2023,Abu Dhabi,R,TSU,9,90.862,MEDIUM,0,Ritmo de carrera
2023,Abu Dhabi,R,TSU,10,91.104,MEDIUM,1,Lift and Coast
2023,Abu Dhabi,R,TSU,11,91.472,MEDIUM,0,Ritmo de carrera
2023,Abu Dhabi,R,TSU,12,91.466,MEDIUM,1,Lift and Coast
2023,Abu Dhabi,R,TSU,13,91.198,MEDIUM,1,Lift and Coast
2023,Abu Dhabi,R,TSU,14,90.85,MEDIUM,1,Lift and Coast
2023,Abu Dhabi,R,TSU,15,90.901,MEDIUM,3,Vuelta de ataque
2023,Abu Dhabi,R,TSU,16,91.081,MEDIUM,1,Lift and Coast
2023,Abu Dhabi,R,TSU,17,91.228,MEDIUM,0,Ritmo de carrera
2023,Abu Dhabi,R,TSU,18,91.244,MEDIUM,3,Vuelta de ataque
2023,Abu Dhabi,R,TSU,19,91.453,MEDIUM,3,Vuelta de ataque
2023,Abu Dhabi,R,TSU,20,91.211,MEDIUM,3,Vuelta de ataque
2023,Abu Dhabi,R,TSU,21,91.134,MEDIUM,1,Lift and Coast
2023,Abu Dhabi,R,TSU,22,92.567,MEDIUM,0,Ritmo de carrera
2023,Abu Dhabi,R,TSU,24,90.313,HARD,0,Ritmo de carrera
2023,Abu Dhabi,R,TSU,25,90.104,HARD,1,Lift and Coast
2023,Abu Dhabi,R,TSU,26,89.724,HARD,0,Ritmo de carrera
2023,Abu Dhabi,R,TSU,27,89.942,HARD,1,Lift and Coast
2023,Abu Dhabi,R,TSU,28,89.892,HARD,1,Lift and Coast
2023,Abu Dhabi,R,TSU,29,89.688,HARD,1,Lift and Coast
2023,Abu Dhabi,R,TSU,30,89.989,HARD,0,Ritmo de carrera
2023,Abu Dhabi,R,TSU,31,89.667,HARD,1,Lift and Coast
2023,Abu Dhabi,R,TSU,32,89.968,HARD,1,Lift and Coast
2023,Abu Dhabi,R,TSU,33,89.759,HARD,1,Lift and Coast
2023,Abu Dhabi,R,TSU,34,89.976,HARD,1,Lift and Coast
2023,Abu Dhabi,R,TSU,35,89.773,HARD,1,Lift and Coast
2023,Abu Dhabi,R,TSU,36,89.64,HARD,0,Ritmo de carrera
2023,Abu Dhabi,R,TSU,37,89.834,HARD,1,Lift and Coast
2023,Abu Dhabi,R,TSU,38,90.579,HARD,1,Lift and Coast
2023,Abu Dhabi,R,TSU,39,91.013,HARD,0,Ritmo de carrera
2023,Abu Dhabi,R,TSU,40,89.633,HARD,0,Ritmo de carrera
2023,Abu Dhabi,R,TSU,41,89.511,HARD,1,Lift and Coast
2023,Abu Dhabi,R,TSU,42,90.349,HARD,1,Lift and Coast
2023,Abu Dhabi,R,TSU,43,89.659,HARD,1,Lift and Coast
2023,Abu Dhabi,R,TSU,44,89.732,HARD,0,Ritmo de carrera
2023,Abu Dhabi,R,TSU,45,89.315,HARD,3,Vuelta de ataque
2023,Abu Dhabi,R,TSU,46,89.41,HARD,0,Ritmo de carrera
2023,Abu Dhabi,R,TSU,47,89.335,HARD,1,Lift and Coast
2023,Abu Dhabi,R,TSU,48,90.932,HARD,3,Vuelta de ataque
2023,Abu Dhabi,R,TSU,49,89.951,HARD,1,Lift and Coast
2023,Abu Dhabi,R,TSU,50,89.643,HARD,3,Vuelta de ataque
2023,Abu Dhabi,R,TSU,51,89.529,HARD,1,Lift and Coast
2023,Abu Dhabi,R,TSU,52,89.454,HARD,3,Vuelta de ataque
2023,Abu Dhabi,R,TSU,53,89.413,HARD,1,Lift and Coast
2023,Abu Dhabi,R,TSU,54,89.385,HARD,3,Vuelta de ataque
2023,Abu Dhabi,R,TSU,55,89.256,HARD,3,Vuelta de ataque
2023,Abu Dhabi,R,TSU,56,91.027,HARD,3,Vuelta de ataque
2023,Abu Dhabi,R,TSU,57,89.828,HARD,1,Lift and Coast
2023,Abu Dhabi,R,TSU,58,90.38,HARD,3,Vuelta de ataque
2023,Abu Dhabi,R,HAM,2,91.727,MEDIUM,0,Ritmo de carrera
2023,Abu Dhabi,R,HAM,3,91.526,MEDIUM,0,Ritmo de carrera
2023,Abu Dhabi,R,HAM,4,90.844,MEDIUM,2,Tracción Comprometida
2023,Abu Dhabi,R,HAM,5,90.844,MEDIUM,0,Ritmo de carrera
2023,Abu Dhabi,R,HAM,6,90.634,MEDIUM,0,Ritmo de carrera
2023,Abu Dhabi,R,HAM,7,90.899,MEDIUM,0,Ritmo de carrera
2023,Abu Dhabi,R,HAM,8,91.061,MEDIUM,0,Ritmo de carrera
2023,Abu Dhabi,R,HAM,9,91.132,MEDIUM,0,Ritmo de carrera
2023,Abu Dhabi,R,HAM,10,91.271,MEDIUM,0,Ritmo de carrera
2023,Abu Dhabi,R,HAM,11,91.378,MEDIUM,0,Ritmo de carrera
2023,Abu Dhabi,R,HAM,12,91.716,MEDIUM,0,Ritmo de carrera
2023,Abu Dhabi,R,HAM,13,91.689,MEDIUM,0,Ritmo de carrera
2023,Abu Dhabi,R,HAM,14,91.432,MEDIUM,2,Tracción Comprometida
2023,Abu Dhabi,R,HAM,17,90.095,HARD,0,Ritmo de carrera
2023,Abu Dhabi,R,HAM,18,90.057,HARD,2,Tracción Comprometida
2023,Abu Dhabi,R,HAM,19,89.979,HARD,2,Tracción Comprometida
2023,Abu Dhabi,R,HAM,20,89.657,HARD,2,Tracción Comprometida
2023,Abu Dhabi,R,HAM,21,89.85,HARD,2,Tracción Comprometida
2023,Abu Dhabi,R,HAM,22,91.502,HARD,2,Tracción Comprometida
2023,Abu Dhabi,R,HAM,23,90.265,HARD,2,Tracción Comprometida
2023,Abu Dhabi,R,HAM,24,89.861,HARD,0,Ritmo de carrera
2023,Abu Dhabi,R,HAM,25,89.37,HARD,0,Ritmo de carrera
2023,Abu Dhabi,R,HAM,26,89.899,HARD,1,Lift and Coast
2023,Abu Dhabi,R,HAM,27,89.568,HARD,2,Tracción Comprometida
2023,Abu Dhabi,R,HAM,28,89.691,HARD,2,Tracción Comprometida
2023,Abu Dhabi,R,HAM,29,89.842,HARD,0,Ritmo de carrera
2023,Abu Dhabi,R,HAM,30,90.118,HARD,2,Tracción Comprometida
2023,Abu Dhabi,R,HAM,31,89.806,HARD,2,Tracción Comprometida
2023,Abu Dhabi,R,HAM,32,89.876,HARD,1,Lift and Coast
2023,Abu Dhabi,R,HAM,33,89.774,HARD,2,Tracción Comprometida
2023,Abu Dhabi,R,HAM,34,89.789,HARD,2,Tracción Comprometida
2023,Abu Dhabi,R,HAM,35,91.324,HARD,2,Tracción Comprometida
2023,Abu Dhabi,R,HAM,37,89.532,HARD,2,Tracción Comprometida
2023,Abu Dhabi,R,HAM,38,90.373,HARD,2,Tracción Comprometida
2023,Abu Dhabi,R,HAM,39,89.221,HARD,1,Lift and Coast
2023,Abu Dhabi,R,HAM,40,88.867,HARD,0,Ritmo de carrera
2023,Abu Dhabi,R,HAM,41,88.81,HARD,1,Lift and Coast
2023,Abu Dhabi,R,HAM,42,88.793,HARD,1,Lift and Coast
2023,Abu Dhabi,R,HAM,43,88.711,HARD,1,Lift and Coast
2023,Abu Dhabi,R,HAM,44,88.99,HARD,1,Lift and Coast
2023,Abu Dhabi,R,HAM,45,89.023,HARD,1,Lift and Coast
2023,Abu Dhabi,R,HAM,46,89.729,HARD,2,Tracción Comprometida
2023,Abu Dhabi,R,HAM,47,89.528,HARD,0,Ritmo de carrera
2023,Abu Dhabi,R,HAM,48,88.814,HARD,0,Ritmo de carrera
2023,Abu Dhabi,R,HAM,49,88.809,HARD,2,Tracción Comprometida
2023,Abu Dhabi,R,HAM,50,88.585,HARD,1,Lift and Coast
2023,Abu Dhabi,R,HAM,51,88.531,HARD,2,Tracción Comprometida
2023,Abu Dhabi,R,HAM,52,88.372,HARD,0,Ritmo de carrera
2023,Abu Dhabi,R,HAM,53,88.474,HARD,0,Ritmo de carrera
2023,Abu Dhabi,R,HAM,54,88.634,HARD,2,Tracción Comprometida
2023,Abu Dhabi,R,HAM,55,88.584,HARD,2,Tracción Comprometida
2023,Abu Dhabi,R,HAM,56,89.138,HARD,0,Ritmo de carrera
2023,Abu Dhabi,R,HAM,57,89.666,HARD,2,Tracción Comprometida
2023,Abu Dhabi,R,HAM,58,90.894,HARD,0,Ritmo de carrera
2023,Abu Dhabi,R,STR,2,91.963,HARD,1,Lift and Coast
2023,Abu Dhabi,R,STR,3,90.927,HARD,1,Lift and Coast
2023,Abu Dhabi,R,STR,4,91.017,HARD,1,Lift and Coast
2023,Abu Dhabi,R,STR,5,91.094,HARD,1,Lift and Coast
2023,Abu Dhabi,R,STR,6,90.795,HARD,1,Lift and Coast
2023,Abu Dhabi,R,STR,7,91.056,HARD,1,Lift and Coast
2023,Abu Dhabi,R,STR,8,90.988,HARD,0,Ritmo de carrera
2023,Abu Dhabi,R,STR,9,91.195,HARD,1,Lift and Coast
2023,Abu Dhabi,R,STR,10,91.074,HARD,1,Lift and Coast
2023,Abu Dhabi,R,STR,11,91.367,HARD,0,Ritmo de carrera
2023,Abu Dhabi,R,STR,12,91.555,HARD,0,Ritmo de carrera
2023,Abu Dhabi,R,STR,13,91.631,HARD,0,Ritmo de carrera
2023,Abu Dhabi,R,STR,14,91.693,HARD,1,Lift and Coast
2023,Abu Dhabi,R,STR,15,91.312,HARD,1,Lift and Coast
2023,Abu Dhabi,R,STR,16,91.293,HARD,1,Lift and Coast
2023,Abu Dhabi,R,STR,17,90.5,HARD,1,Lift and Coast
2023,Abu Dhabi,R,STR,18,91.011,HARD,1,Lift and Coast
2023,Abu Dhabi,R,STR,19,90.64,HARD,1,Lift and Coast
2023,Abu Dhabi,R,STR,20,90.655,HARD,0,Ritmo de carrera
2023,Abu Dhabi,R,STR,21,91.623,HARD,1,Lift and Coast
2023,Abu Dhabi,R,STR,22,92.915,HARD,0,Ritmo de carrera
2023,Abu Dhabi,R,STR,24,90.353,HARD,0,Ritmo de carrera
2023,Abu Dhabi,R,STR,25,89.87,HARD,0,Ritmo de carrera
2023,Abu Dhabi,R,STR,26,88.86,HARD,1,Lift and Coast
2023,Abu Dhabi,R,STR,27,90.191,HARD,1,Lift and Coast
2023,Abu Dhabi,R,STR,28,90.312,HARD,1,Lift and Coast
2023,Abu Dhabi,R,STR,29,89.602,HARD,0,Ritmo de carrera
2023,Abu Dhabi,R,STR,30,89.736,HARD,3,Vuelta de ataque
2023,Abu Dhabi,R,STR,31,89.706,HARD,3,Vuelta de ataque
2023,Abu Dhabi,R,STR,32,89.831,HARD,1,Lift and Coast
2023,Abu Dhabi,R,STR,33,90.128,HARD,1,Lift and Coast
2023,Abu Dhabi,R,STR,34,89.921,HARD,3,Vuelta de ataque
2023,Abu Dhabi,R,STR,35,89.902,HARD,1,Lift and Coast
2023,Abu Dhabi,R,STR,36,90.486,HARD,0,Ritmo de carrera
2023,Abu Dhabi,R,STR,37,90.751,HARD,1,Lift and Coast
2023,Abu Dhabi,R,STR,38,90.403,HARD,1,Lift and Coast
2023,Abu Dhabi,R,STR,39,90.305,HARD,1,Lift and Coast
2023,Abu Dhabi,R,STR,40,90.099,HARD,1,Lift and Coast
2023,Abu Dhabi,R,STR,41,89.991,HARD,1,Lift and Coast
2023,Abu Dhabi,R,STR,42,91.64,HARD,0,Ritmo de carrera
2023,Abu Dhabi,R,STR,44,88.05,MEDIUM,3,Vuelta de ataque
2023,Abu Dhabi,R,STR,45,88.177,MEDIUM,1,Lift and Coast
2023,Abu Dhabi,R,STR,46,88.239,MEDIUM,1,Lift and Coast
2023,Abu Dhabi,R,STR,47,88.535,MEDIUM,1,Lift and Coast
2023,Abu Dhabi,R,STR,48,88.639,MEDIUM,1,Lift and Coast
2023,Abu Dhabi,R,STR,49,89.03,MEDIUM,1,Lift and Coast
2023,Abu Dhabi,R,STR,50,88.81,MEDIUM,0,Ritmo de carrera
2023,Abu Dhabi,R,STR,51,88.801,MEDIUM,3,Vuelta de ataque
2023,Abu Dhabi,R,STR,52,88.864,MEDIUM,1,Lift and Coast
2023,Abu Dhabi,R,STR,53,89.205,MEDIUM,3,Vuelta de ataque
2023,Abu Dhabi,R,STR,54,89.301,MEDIUM,1,Lift and Coast
2023,Abu Dhabi,R,STR,55,89.458,MEDIUM,0,Ritmo de carrera
2023,Abu Dhabi,R,STR,56,89.655,MEDIUM,1,Lift and Coast
2023,Abu Dhabi,R,STR,57,89.486,MEDIUM,3,Vuelta de ataque
2023,Abu Dhabi,R,STR,58,89.683,MEDIUM,3,Vuelta de ataque
2023,Abu Dhabi,R,RIC,2,92.742,MEDIUM,0,Ritmo de carrera
2023,Abu Dhabi,R,RIC,3,91.519,MEDIUM,0,Ritmo de carrera
2023,Abu Dhabi,R,RIC,4,91.284,MEDIUM,1,Lift and Coast
2023,Abu Dhabi,R,RIC,5,91.326,MEDIUM,1,Lift and Coast
2023,Abu Dhabi,R,RIC,6,91.064,MEDIUM,0,Ritmo de carrera
2023,Abu Dhabi,R,RIC,7,93.072,MEDIUM,0,Ritmo de carrera
2023,Abu Dhabi,R,RIC,9,89.815,HARD,3,Vuelta de ataque
2023,Abu Dhabi,R,RIC,10,90.238,HARD,3,Vuelta de ataque
2023,Abu Dhabi,R,RIC,11,90.43,HARD,3,Vuelta de ataque
2023,Abu Dhabi,R,RIC,12,90.078,HARD,1,Lift and Coast
2023,Abu Dhabi,R,RIC,13,90.271,HARD,1,Lift and Coast
2023,Abu Dhabi,R,RIC,14,90.424,HARD,1,Lift and Coast
2023,Abu Dhabi,R,RIC,15,90.475,HARD,1,Lift and Coast
2023,Abu Dhabi,R,RIC,16,90.482,HARD,3,Vuelta de ataque
2023,Abu Dhabi,R,RIC,17,90.391,HARD,1,Lift and Coast
2023,Abu Dhabi,R,RIC,18,90.697,HARD,0,Ritmo de carrera
2023,Abu Dhabi,R,RIC,19,90.418,HARD,3,Vuelta de ataque
2023,Abu Dhabi,R,RIC,20,91.085,HARD,1,Lift and Coast
2023,Abu Dhabi,R,RIC,21,90.686,HARD,0,Ritmo de carrera
2023,Abu Dhabi,R,RIC,22,90.883,HARD,3,Vuelta de ataque
2023,Abu Dhabi,R,RIC,23,90.476,HARD,3,Vuelta de ataque
2023,Abu Dhabi,R,RIC,24,90.295,HARD,1,Lift and Coast
2023,Abu Dhabi,R,RIC,25,91.132,HARD,1,Lift and Coast
2023,Abu Dhabi,R,RIC,26,91.949,HARD,1,Lift and Coast
2023,Abu Dhabi,R,RIC,27,90.737,HARD,3,Vuelta de ataque
2023,Abu Dhabi,R,RIC,28,90.697,HARD,3,Vuelta de ataque
2023,Abu Dhabi,R,RIC,29,91.307,HARD,0,Ritmo de carrera
2023,Abu Dhabi,R,RIC,30,90.678,HARD,1,Lift and Coast
2023,Abu Dhabi,R,RIC,31,92.484,HARD,0,Ritmo de carrera
2023,Abu Dhabi,R,RIC,33,89.349,HARD,1,Lift and Coast
2023,Abu Dhabi,R,RIC,34,89.584,HARD,1,Lift and Coast
2023,Abu Dhabi,R,RIC,35,89.814,HARD,1,Lift and Coast
2023,Abu Dhabi,R,RIC,36,90.531,HARD,1,Lift and Coast
2023,Abu Dhabi,R,RIC,37,91.968,HARD,0,Ritmo de carrera
2023,Abu Dhabi,R,RIC,38,91.008,HARD,0,Ritmo de carrera
2023,Abu Dhabi,R,RIC,39,90.068,HARD,0,Ritmo de carrera
2023,Abu Dhabi,R,RIC,40,88.841,HARD,3,Vuelta de ataque
2023,Abu Dhabi,R,RIC,41,88.838,HARD,3,Vuelta de ataque
2023,Abu Dhabi,R,RIC,42,88.581,HARD,3,Vuelta de ataque
2023,Abu Dhabi,R,RIC,43,90.055,HARD,0,Ritmo de carrera
2023,Abu Dhabi,R,RIC,44,88.818,HARD,3,Vuelta de ataque
2023,Abu Dhabi,R,RIC,45,88.705,HARD,3,Vuelta de ataque
2023,Abu Dhabi,R,RIC,46,88.708,HARD,3,Vuelta de ataque
2023,Abu Dhabi,R,RIC,47,88.571,HARD,3,Vuelta de ataque
2023,Abu Dhabi,R,RIC,48,88.702,HARD,3,Vuelta de ataque
2023,Abu Dhabi,R,RIC,49,88.791,HARD,3,Vuelta de ataque
2023,Abu Dhabi,R,RIC,50,89.065,HARD,3,Vuelta de ataque
2023,Abu Dhabi,R,RIC,51,89.332,HARD,3,Vuelta de ataque
2023,Abu Dhabi,R,RIC,52,88.743,HARD,3,Vuelta de ataque
2023,Abu Dhabi,R,RIC,53,88.742,HARD,3,Vuelta de ataque
2023,Abu Dhabi,R,RIC,54,88.76,HARD,3,Vuelta de ataque
2023,Abu Dhabi,R,RIC,55,88.871,HARD,3,Vuelta de ataque
2023,Abu Dhabi,R,RIC,56,88.929,HARD,0,Ritmo de carrera
2023,Abu Dhabi,R,RIC,57,89.06,HARD,0,Ritmo de carrera
2023,Abu Dhabi,R,RIC,58,89.02,HARD,3,Vuelta de ataque
2023,Abu Dhabi,R,OCO,2,91.81,MEDIUM,0,Ritmo de carrera
2023,Abu Dhabi,R,OCO,3,91.033,MEDIUM,0,Ritmo de carrera
2023,Abu Dhabi,R,OCO,4,90.988,MEDIUM,2,Tracción Comprometida
2023,Abu Dhabi,R,OCO,5,90.994,MEDIUM,0,Ritmo de carrera
2023,Abu Dhabi,R,OCO,6,90.689,MEDIUM,2,Tracción Comprometida
2023,Abu Dhabi,R,OCO,7,90.932,MEDIUM,0,Ritmo de carrera
2023,Abu Dhabi,R,OCO,8,90.997,MEDIUM,0,Ritmo de carrera
2023,Abu Dhabi,R,OCO,9,91.073,MEDIUM,0,Ritmo de carrera
2023,Abu Dhabi,R,OCO,10,91.254,MEDIUM,0,Ritmo de carrera
2023,Abu Dhabi,R,OCO,11,91.422,MEDIUM,0,Ritmo de carrera
2023,Abu Dhabi,R,OCO,12,91.527,MEDIUM,0,Ritmo de carrera
2023,Abu Dhabi,R,OCO,13,91.77,MEDIUM,0,Ritmo de carrera
2023,Abu Dhabi,R,OCO,14,91.647,MEDIUM,2,Tracción Comprometida
2023,Abu Dhabi,R,OCO,17,90.134,HARD,0,Ritmo de carrera
2023,Abu Dhabi,R,OCO,18,90.276,HARD,0,Ritmo de carrera
2023,Abu Dhabi,R,OCO,19,90.132,HARD,0,Ritmo de carrera
2023,Abu Dhabi,R,OCO,20,90.128,HARD,0,Ritmo de carrera
2023,Abu Dhabi,R,OCO,21,90.246,HARD,0,Ritmo de carrera
2023,Abu Dhabi,R,OCO,22,90.756,HARD,2,Tracción Comprometida
2023,Abu Dhabi,R,OCO,23,91.726,HARD,0,Ritmo de carrera
2023,Abu Dhabi,R,OCO,24,90.791,HARD,0,Ritmo de carrera
2023,Abu Dhabi,R,OCO,25,90.338,HARD,2,Tracción Comprometida
2023,Abu Dhabi,R,OCO,26,90.993,HARD,2,Tracción Comprometida
2023,Abu Dhabi,R,OCO,27,90.578,HARD,0,Ritmo de carrera
2023,Abu Dhabi,R,OCO,28,90.322,HARD,0,Ritmo de carrera
2023,Abu Dhabi,R,OCO,29,90.504,HARD,2,Tracción Comprometida
2023,Abu Dhabi,R,OCO,30,90.514,HARD,0,Ritmo de carrera
2023,Abu Dhabi,R,OCO,31,90.319,HARD,2,Tracción Comprometida
2023,Abu Dhabi,R,OCO,32,90.243,HARD,3,Vuelta de ataque
2023,Abu Dhabi,R,OCO,33,90.244,HARD,1,Lift and Coast
2023,Abu Dhabi,R,OCO,34,90.033,HARD,2,Tracción Comprometida
2023,Abu Dhabi,R,OCO,35,90.474,HARD,2,Tracción Comprometida
2023,Abu Dhabi,R,OCO,36,90.622,HARD,1,Lift and Coast
2023,Abu Dhabi,R,OCO,37,90.307,HARD,2,Tracción Comprometida
2023,Abu Dhabi,R,OCO,38,90.138,HARD,2,Tracción Comprometida
2023,Abu Dhabi,R,OCO,39,92.095,HARD,2,Tracción Comprometida
2023,Abu Dhabi,R,OCO,40,90.447,HARD,2,Tracción Comprometida
2023,Abu Dhabi,R,OCO,41,90.252,HARD,0,Ritmo de carrera
2023,Abu Dhabi,R,OCO,42,90.742,HARD,2,Tracción Comprometida
2023,Abu Dhabi,R,OCO,43,91.081,HARD,0,Ritmo de carrera
2023,Abu Dhabi,R,OCO,44,90.431,HARD,2,Tracción Comprometida
2023,Abu Dhabi,R,OCO,45,90.163,HARD,1,Lift and Coast
2023,Abu Dhabi,R,OCO,46,90.113,HARD,3,Vuelta de ataque
2023,Abu Dhabi,R,OCO,47,90.177,HARD,0,Ritmo de carrera
2023,Abu Dhabi,R,OCO,48,90.359,HARD,2,Tracción Comprometida
2023,Abu Dhabi,R,OCO,49,90.258,HARD,0,Ritmo de carrera
2023,Abu Dhabi,R,OCO,50,90.986,HARD,0,Ritmo de carrera
2023,Abu Dhabi,R,OCO,51,90.31,HARD,2,Tracción Comprometida
2023,Abu Dhabi,R,OCO,52,90.984,HARD,0,Ritmo de carrera
2023,Abu Dhabi,R,OCO,53,90.283,HARD,0,Ritmo de carrera
2023,Abu Dhabi,R,OCO,54,90.272,HARD,2,Tracción Comprometida
2023,Abu Dhabi,R,OCO,55,90.287,HARD,0,Ritmo de carrera
2023,Abu Dhabi,R,OCO,56,90.208,HARD,2,Tracción Comprometida
2023,Abu Dhabi,R,OCO,57,90.477,HARD,2,Tracción Comprometida
2023,Abu Dhabi,R,OCO,58,90.639,HARD,0,Ritmo de carrera
2023,Abu Dhabi,R,GAS,2,91.774,MEDIUM,1,Lift and Coast
2023,Abu Dhabi,R,GAS,3,90.824,MEDIUM,1,Lift and Coast
2023,Abu Dhabi,R,GAS,4,90.758,MEDIUM,1,Lift and Coast
2023,Abu Dhabi,R,GAS,5,90.764,MEDIUM,3,Vuelta de ataque
2023,Abu Dhabi,R,GAS,6,90.886,MEDIUM,1,Lift and Coast
2023,Abu Dhabi,R,GAS,7,90.787,MEDIUM,0,Ritmo de carrera
2023,Abu Dhabi,R,GAS,8,90.944,MEDIUM,0,Ritmo de carrera
2023,Abu Dhabi,R,GAS,9,91.305,MEDIUM,1,Lift and Coast
2023,Abu Dhabi,R,GAS,10,91.136,MEDIUM,0,Ritmo de carrera
2023,Abu Dhabi,R,GAS,11,91.467,MEDIUM,0,Ritmo de carrera
2023,Abu Dhabi,R,GAS,12,92.492,MEDIUM,1,Lift and Coast
2023,Abu Dhabi,R,GAS,13,91.532,MEDIUM,1,Lift and Coast
2023,Abu Dhabi,R,GAS,14,91.457,MEDIUM,1,Lift and Coast
2023,Abu Dhabi,R,GAS,15,91.986,MEDIUM,1,Lift and Coast
2023,Abu Dhabi,R,GAS,16,92.273,MEDIUM,1,Lift and Coast
2023,Abu Dhabi,R,GAS,19,90.0,HARD,1,Lift and Coast
2023,Abu Dhabi,R,GAS,20,90.242,HARD,1,Lift and Coast
2023,Abu Dhabi,R,GAS,21,90.422,HARD,1,Lift and Coast
2023,Abu Dhabi,R,GAS,22,90.179,HARD,1,Lift and Coast
2023,Abu Dhabi,R,GAS,23,91.158,HARD,0,Ritmo de carrera
2023,Abu Dhabi,R,GAS,24,90.802,HARD,3,Vuelta de ataque
2023,Abu Dhabi,R,GAS,25,90.852,HARD,1,Lift and Coast
2023,Abu Dhabi,R,GAS,26,90.629,HARD,2,Tracción Comprometida
2023,Abu Dhabi,R,GAS,27,90.404,HARD,1,Lift and Coast
2023,Abu Dhabi,R,GAS,28,90.496,HARD,1,Lift and Coast
2023,Abu Dhabi,R,GAS,29,90.329,HARD,1,Lift and Coast
2023,Abu Dhabi,R,GAS,30,90.392,HARD,1,Lift and Coast
2023,Abu Dhabi,R,GAS,31,90.239,HARD,1,Lift and Coast
2023,Abu Dhabi,R,GAS,32,92.563,HARD,1,Lift and Coast
2023,Abu Dhabi,R,GAS,34,89.151,HARD,1,Lift and Coast
2023,Abu Dhabi,R,GAS,35,89.016,HARD,1,Lift and Coast
2023,Abu Dhabi,R,GAS,36,89.351,HARD,1,Lift and Coast
2023,Abu Dhabi,R,GAS,37,90.01,HARD,1,Lift and Coast
2023,Abu Dhabi,R,GAS,38,90.098,HARD,1,Lift and Coast
2023,Abu Dhabi,R,GAS,39,90.797,HARD,0,Ritmo de carrera
2023,Abu Dhabi,R,GAS,40,89.859,HARD,3,Vuelta de ataque
2023,Abu Dhabi,R,GAS,41,89.621,HARD,1,Lift and Coast
2023,Abu Dhabi,R,GAS,42,89.231,HARD,1,Lift and Coast
2023,Abu Dhabi,R,GAS,43,89.717,HARD,1,Lift and Coast
2023,Abu Dhabi,R,GAS,44,89.77,HARD,1,Lift and Coast
2023,Abu Dhabi,R,GAS,45,89.503,HARD,1,Lift and Coast
2023,Abu Dhabi,R,GAS,46,89.428,HARD,3,Vuelta de ataque
2023,Abu Dhabi,R,GAS,47,89.726,HARD,3,Vuelta de ataque
2023,Abu Dhabi,R,GAS,48,89.505,HARD,1,Lift and Coast
2023,Abu Dhabi,R,GAS,49,89.518,HARD,1,Lift and Coast
2023,Abu Dhabi,R,GAS,50,89.549,HARD,1,Lift and Coast
2023,Abu Dhabi,R,GAS,51,89.445,HARD,1,Lift and Coast
2023,Abu Dhabi,R,GAS,52,89.587,HARD,1,Lift and Coast
2023,Abu Dhabi,R,GAS,53,89.532,HARD,1,Lift and Coast
2023,Abu Dhabi,R,GAS,54,89.435,HARD,1,Lift and Coast
2023,Abu Dhabi,R,GAS,55,89.307,HARD,1,Lift and Coast
2023,Abu Dhabi,R,GAS,56,89.496,HARD,1,Lift and Coast
2023,Abu Dhabi,R,GAS,57,89.642,HARD,1,Lift and Coast
2023,Abu Dhabi,R,GAS,58,89.547,HARD,1,Lift and Coast
2023,Abu Dhabi,R,ALB,3,91.768,MEDIUM,1,Lift and Coast
2023,Abu Dhabi,R,ALB,4,91.591,MEDIUM,0,Ritmo de carrera
2023,Abu Dhabi,R,ALB,5,91.422,MEDIUM,2,Tracción Comprometida
2023,Abu Dhabi,R,ALB,6,91.491,MEDIUM,0,Ritmo de carrera
2023,Abu Dhabi,R,ALB,7,91.438,MEDIUM,1,Lift and Coast
2023,Abu Dhabi,R,ALB,8,91.58,MEDIUM,0,Ritmo de carrera
2023,Abu Dhabi,R,ALB,9,91.644,MEDIUM,2,Tracción Comprometida
2023,Abu Dhabi,R,ALB,10,91.978,MEDIUM,2,Tracción Comprometida
2023,Abu Dhabi,R,ALB,11,91.962,MEDIUM,0,Ritmo de carrera
2023,Abu Dhabi,R,ALB,12,91.958,MEDIUM,0,Ritmo de carrera
2023,Abu Dhabi,R,ALB,13,91.7,MEDIUM,1,Lift and Coast
2023,Abu Dhabi,R,ALB,14,91.655,MEDIUM,0,Ritmo de carrera
2023,Abu Dhabi,R,ALB,15,91.729,MEDIUM,2,Tracción Comprometida
2023,Abu Dhabi,R,ALB,18,90.463,HARD,1,Lift and Coast
2023,Abu Dhabi,R,ALB,19,90.573,HARD,1,Lift and Coast
2023,Abu Dhabi,R,ALB,20,90.392,HARD,2,Tracción Comprometida
2023,Abu Dhabi,R,ALB,21,90.54,HARD,1,Lift and Coast
2023,Abu Dhabi,R,ALB,22,90.706,HARD,1,Lift and Coast
2023,Abu Dhabi,R,ALB,23,90.272,HARD,0,Ritmo de carrera
2023,Abu Dhabi,R,ALB,24,90.511,HARD,2,Tracción Comprometida
2023,Abu Dhabi,R,ALB,25,90.655,HARD,0,Ritmo de carrera
2023,Abu Dhabi,R,ALB,26,90.092,HARD,0,Ritmo de carrera
2023,Abu Dhabi,R,ALB,27,90.728,HARD,2,Tracción Comprometida
2023,Abu Dhabi,R,ALB,28,90.631,HARD,2,Tracción Comprometida
2023,Abu Dhabi,R,ALB,29,90.588,HARD,2,Tracción Comprometida
2023,Abu Dhabi,R,ALB,30,90.591,HARD,2,Tracción Comprometida
2023,Abu Dhabi,R,ALB,31,90.555,HARD,2,Tracción Comprometida
2023,Abu Dhabi,R,ALB,32,90.35,HARD,0,Ritmo de carrera
2023,Abu Dhabi,R,ALB,33,90.447,HARD,2,Tracción Comprometida
2023,Abu Dhabi,R,ALB,34,90.026,HARD,2,Tracción Comprometida
2023,Abu Dhabi,R,ALB,35,89.987,HARD,2,Tracción Comprometida
2023,Abu Dhabi,R,ALB,36,90.341,HARD,2,Tracción Comprometida
2023,Abu Dhabi,R,ALB,37,90.413,HARD,2,Tracción Comprometida
2023,Abu Dhabi,R,ALB,38,90.238,HARD,0,Ritmo de carrera
2023,Abu Dhabi,R,ALB,39,90.497,HARD,2,Tracción Comprometida
2023,Abu Dhabi,R,ALB,40,90.331,HARD,2,Tracción Comprometida
2023,Abu Dhabi,R,ALB,41,90.31,HARD,1,Lift and Coast
2023,Abu Dhabi,R,ALB,42,90.355,HARD,1,Lift and Coast
2023,Abu Dhabi,R,ALB,43,92.175,HARD,2,Tracción Comprometida
2023,Abu Dhabi,R,ALB,45,87.845,HARD,0,Ritmo de carrera
2023,Abu Dhabi,R,ALB,46,88.694,HARD,1,Lift and Coast
2023,Abu Dhabi,R,ALB,47,88.74,HARD,0,Ritmo de carrera
2023,Abu Dhabi,R,ALB,48,88.92,HARD,1,Lift and Coast
2023,Abu Dhabi,R,ALB,49,88.761,HARD,2,Tracción Comprometida
2023,Abu Dhabi,R,ALB,50,89.011,HARD,0,Ritmo de carrera
2023,Abu Dhabi,R,ALB,51,88.675,HARD,2,Tracción Comprometida
2023,Abu Dhabi,R,ALB,52,88.402,HARD,0,Ritmo de carrera
2023,Abu Dhabi,R,ALB,53,88.608,HARD,1,Lift and Coast
2023,Abu Dhabi,R,ALB,54,88.812,HARD,0,Ritmo de carrera
2023,Abu Dhabi,R,ALB,55,88.742,HARD,2,Tracción Comprometida
2023,Abu Dhabi,R,ALB,56,88.743,HARD,1,Lift and Coast
2023,Abu Dhabi,R,ALB,57,88.749,HARD,0,Ritmo de carrera
2023,Abu Dhabi,R,ALB,58,88.67,HARD,0,Ritmo de carrera
2023,Abu Dhabi,R,HUL,2,92.921,MEDIUM,2,Tracción Comprometida
2023,Abu Dhabi,R,HUL,3,91.351,MEDIUM,0,Ritmo de carrera
2023,Abu Dhabi,R,HUL,4,91.374,MEDIUM,0,Ritmo de carrera
2023,Abu Dhabi,R,HUL,5,91.227,MEDIUM,1,Lift and Coast
2023,Abu Dhabi,R,HUL,6,91.101,MEDIUM,0,Ritmo de carrera
2023,Abu Dhabi,R,HUL,7,91.332,MEDIUM,0,Ritmo de carrera
2023,Abu Dhabi,R,HUL,8,91.5,MEDIUM,0,Ritmo de carrera
2023,Abu Dhabi,R,HUL,9,91.545,MEDIUM,3,Vuelta de ataque
2023,Abu Dhabi,R,HUL,10,91.583,MEDIUM,1,Lift and Coast
2023,Abu Dhabi,R,HUL,11,92.002,MEDIUM,0,Ritmo de carrera
2023,Abu Dhabi,R,HUL,12,91.827,MEDIUM,1,Lift and Coast
2023,Abu Dhabi,R,HUL,15,90.133,HARD,1,Lift and Coast
2023,Abu Dhabi,R,HUL,16,90.574,HARD,1,Lift and Coast
2023,Abu Dhabi,R,HUL,17,90.356,HARD,0,Ritmo de carrera
2023,Abu Dhabi,R,HUL,18,91.635,HARD,0,Ritmo de carrera
2023,Abu Dhabi,R,HUL,19,90.335,HARD,1,Lift and Coast
2023,Abu Dhabi,R,HUL,20,90.436,HARD,1,Lift and Coast
2023,Abu Dhabi,R,HUL,21,90.636,HARD,2,Tracción Comprometida
2023,Abu Dhabi,R,HUL,22,90.451,HARD,1,Lift and Coast
2023,Abu Dhabi,R,HUL,23,91.02,HARD,1,Lift and Coast
2023,Abu Dhabi,R,HUL,24,91.104,HARD,2,Tracción Comprometida
2023,Abu Dhabi,R,HUL,25,90.868,HARD,2,Tracción Comprometida
2023,Abu Dhabi,R,HUL,26,91.444,HARD,1,Lift and Coast
2023,Abu Dhabi,R,HUL,27,92.085,HARD,1,Lift and Coast
2023,Abu Dhabi,R,HUL,28,91.58,HARD,1,Lift and Coast
2023,Abu Dhabi,R,HUL,29,91.768,HARD,0,Ritmo de carrera
2023,Abu Dhabi,R,HUL,30,90.667,HARD,1,Lift and Coast
2023,Abu Dhabi,R,HUL,31,90.593,HARD,1,Lift and Coast
2023,Abu Dhabi,R,HUL,32,90.845,HARD,1,Lift and Coast
2023,Abu Dhabi,R,HUL,33,92.455,HARD,0,Ritmo de carrera
2023,Abu Dhabi,R,HUL,35,90.498,HARD,1,Lift and Coast
2023,Abu Dhabi,R,HUL,36,89.691,HARD,1,Lift and Coast
2023,Abu Dhabi,R,HUL,37,89.747,HARD,1,Lift and Coast
2023,Abu Dhabi,R,HUL,38,89.462,HARD,3,Vuelta de ataque
2023,Abu Dhabi,R,HUL,39,90.091,HARD,1,Lift and Coast
2023,Abu Dhabi,R,HUL,40,90.121,HARD,1,Lift and Coast
2023,Abu Dhabi,R,HUL,41,89.893,HARD,1,Lift and Coast
2023,Abu Dhabi,R,HUL,42,89.396,HARD,3,Vuelta de ataque
2023,Abu Dhabi,R,HUL,43,89.485,HARD,1,Lift and Coast
2023,Abu Dhabi,R,HUL,44,89.542,HARD,1,Lift and Coast
2023,Abu Dhabi,R,HUL,45,89.5,HARD,3,Vuelta de ataque
2023,Abu Dhabi,R,HUL,46,89.456,HARD,3,Vuelta de ataque
2023,Abu Dhabi,R,HUL,47,90.035,HARD,3,Vuelta de ataque
2023,Abu Dhabi,R,HUL,48,90.121,HARD,3,Vuelta de ataque
2023,Abu Dhabi,R,HUL,49,90.705,HARD,0,Ritmo de carrera
2023,Abu Dhabi,R,HUL,50,90.2,HARD,2,Tracción Comprometida
2023,Abu Dhabi,R,HUL,51,90.079,HARD,1,Lift and Coast
2023,Abu Dhabi,R,HUL,52,90.105,HARD,1,Lift and Coast
2023,Abu Dhabi,R,HUL,53,90.09,HARD,3,Vuelta de ataque
2023,Abu Dhabi,R,HUL,54,89.667,HARD,3,Vuelta de ataque
2023,Abu Dhabi,R,HUL,55,89.576,HARD,3,Vuelta de ataque
2023,Abu Dhabi,R,HUL,56,89.507,HARD,3,Vuelta de ataque
2023,Abu Dhabi,R,HUL,57,89.437,HARD,1,Lift and Coast
2023,Abu Dhabi,R,HUL,58,89.217,HARD,3,Vuelta de ataque
2023,Abu Dhabi,R,SAR,3,91.4,MEDIUM,0,Ritmo de carrera
2023,Abu Dhabi,R,SAR,4,91.487,MEDIUM,0,Ritmo de carrera
2023,Abu Dhabi,R,SAR,5,92.275,MEDIUM,0,Ritmo de carrera
2023,Abu Dhabi,R,SAR,6,91.712,MEDIUM,0,Ritmo de carrera
2023,Abu Dhabi,R,SAR,7,91.157,MEDIUM,0,Ritmo de carrera
2023,Abu Dhabi,R,SAR,8,91.542,MEDIUM,0,Ritmo de carrera
2023,Abu Dhabi,R,SAR,9,91.408,MEDIUM,0,Ritmo de carrera
2023,Abu Dhabi,R,SAR,10,92.038,MEDIUM,0,Ritmo de carrera
2023,Abu Dhabi,R,SAR,11,91.882,MEDIUM,0,Ritmo de carrera
2023,Abu Dhabi,R,SAR,12,91.889,MEDIUM,0,Ritmo de carrera
2023,Abu Dhabi,R,SAR,13,92.05,MEDIUM,0,Ritmo de carrera
2023,Abu Dhabi,R,SAR,14,91.825,MEDIUM,0,Ritmo de carrera
2023,Abu Dhabi,R,SAR,17,90.404,HARD,0,Ritmo de carrera
2023,Abu Dhabi,R,SAR,18,91.295,HARD,1,Lift and Coast
2023,Abu Dhabi,R,SAR,19,90.368,HARD,0,Ritmo de carrera
2023,Abu Dhabi,R,SAR,20,90.406,HARD,1,Lift and Coast
2023,Abu Dhabi,R,SAR,21,90.281,HARD,1,Lift and Coast
2023,Abu Dhabi,R,SAR,22,90.434,HARD,1,Lift and Coast
2023,Abu Dhabi,R,SAR,23,90.837,HARD,1,Lift and Coast
2023,Abu Dhabi,R,SAR,24,90.609,HARD,1,Lift and Coast
2023,Abu Dhabi,R,SAR,25,90.53,HARD,1,Lift and Coast
2023,Abu Dhabi,R,SAR,26,90.608,HARD,1,Lift and Coast
2023,Abu Dhabi,R,SAR,27,90.465,HARD,1,Lift and Coast
2023,Abu Dhabi,R,SAR,28,90.987,HARD,0,Ritmo de carrera
2023,Abu Dhabi,R,SAR,29,90.693,HARD,1,Lift and Coast
2023,Abu Dhabi,R,SAR,30,90.642,HARD,0,Ritmo de carrera
2023,Abu Dhabi,R,SAR,31,90.647,HARD,0,Ritmo de carrera
2023,Abu Dhabi,R,SAR,32,91.13,HARD,0,Ritmo de carrera
2023,Abu Dhabi,R,SAR,33,90.878,HARD,0,Ritmo de carrera
2023,Abu Dhabi,R,SAR,34,90.769,HARD,1,Lift and Coast
2023,Abu Dhabi,R,SAR,35,90.545,HARD,0,Ritmo de carrera
2023,Abu Dhabi,R,SAR,36,90.74,HARD,0,Ritmo de carrera
2023,Abu Dhabi,R,SAR,37,91.78,HARD,0,Ritmo de carrera
2023,Abu Dhabi,R,SAR,38,91.231,HARD,0,Ritmo de carrera
2023,Abu Dhabi,R,SAR,39,91.989,HARD,2,Tracción Comprometida
2023,Abu Dhabi,R,SAR,40,91.754,HARD,0,Ritmo de carrera
2023,Abu Dhabi,R,SAR,41,92.696,HARD,0,Ritmo de carrera
2023,Abu Dhabi,R,SAR,43,88.58,HARD,0,Ritmo de carrera
2023,Abu Dhabi,R,SAR,44,88.645,HARD,0,Ritmo de carrera
2023,Abu Dhabi,R,SAR,45,88.791,HARD,0,Ritmo de carrera
2023,Abu Dhabi,R,SAR,46,88.918,HARD,0,Ritmo de carrera
2023,Abu Dhabi,R,SAR,47,89.458,HARD,0,Ritmo de carrera
2023,Abu Dhabi,R,SAR,48,89.931,HARD,0,Ritmo de carrera
2023,Abu Dhabi,R,SAR,49,88.896,HARD,2,Tracción Comprometida
2023,Abu Dhabi,R,SAR,50,88.98,HARD,0,Ritmo de carrera
2023,Abu Dhabi,R,SAR,51,88.837,HARD,1,Lift and Coast
2023,Abu Dhabi,R,SAR,52,88.64,HARD,0,Ritmo de carrera
2023,Abu Dhabi,R,SAR,53,88.943,HARD,0,Ritmo de carrera
2023,Abu Dhabi,R,SAR,54,88.923,HARD,3,Vuelta de ataque
2023,Abu Dhabi,R,SAR,55,89.025,HARD,2,Tracción Comprometida
2023,Abu Dhabi,R,SAR,56,89.43,HARD,3,Vuelta de ataque
2023,Abu Dhabi,R,SAR,57,89.265,HARD,0,Ritmo de carrera
2023,Abu Dhabi,R,SAR,58,89.379,HARD,0,Ritmo de carrera
2023,Abu Dhabi,R,ZHO,2,92.533,MEDIUM,0,Ritmo de carrera
2023,Abu Dhabi,R,ZHO,3,91.817,MEDIUM,0,Ritmo de carrera
2023,Abu Dhabi,R,ZHO,4,91.303,MEDIUM,0,Ritmo de carrera
2023,Abu Dhabi,R,ZHO,5,91.44,MEDIUM,0,Ritmo de carrera
2023,Abu Dhabi,R,ZHO,6,91.331,MEDIUM,0,Ritmo de carrera
2023,Abu Dhabi,R,ZHO,7,91.227,MEDIUM,0,Ritmo de carrera
2023,Abu Dhabi,R,ZHO,8,91.318,MEDIUM,0,Ritmo de carrera
2023,Abu Dhabi,R,ZHO,9,91.662,MEDIUM,0,Ritmo de carrera
2023,Abu Dhabi,R,ZHO,10,91.936,MEDIUM,0,Ritmo de carrera
2023,Abu Dhabi,R,ZHO,11,91.845,MEDIUM,0,Ritmo de carrera
2023,Abu Dhabi,R,ZHO,12,92.298,MEDIUM,0,Ritmo de carrera
2023,Abu Dhabi,R,ZHO,15,90.762,HARD,2,Tracción Comprometida
2023,Abu Dhabi,R,ZHO,16,90.842,HARD,0,Ritmo de carrera
2023,Abu Dhabi,R,ZHO,17,90.892,HARD,0,Ritmo de carrera
2023,Abu Dhabi,R,ZHO,18,90.973,HARD,0,Ritmo de carrera
2023,Abu Dhabi,R,ZHO,19,91.083,HARD,0,Ritmo de carrera
2023,Abu Dhabi,R,ZHO,20,91.099,HARD,0,Ritmo de carrera
2023,Abu Dhabi,R,ZHO,21,91.055,HARD,0,Ritmo de carrera
2023,Abu Dhabi,R,ZHO,22,90.353,HARD,0,Ritmo de carrera
2023,Abu Dhabi,R,ZHO,23,90.707,HARD,0,Ritmo de carrera
2023,Abu Dhabi,R,ZHO,24,90.957,HARD,0,Ritmo de carrera
2023,Abu Dhabi,R,ZHO,25,90.695,HARD,0,Ritmo de carrera
2023,Abu Dhabi,R,ZHO,26,91.879,HARD,0,Ritmo de carrera
2023,Abu Dhabi,R,ZHO,27,90.619,HARD,0,Ritmo de carrera
2023,Abu Dhabi,R,ZHO,28,90.782,HARD,0,Ritmo de carrera
2023,Abu Dhabi,R,ZHO,29,90.608,HARD,0,Ritmo de carrera
2023,Abu Dhabi,R,ZHO,30,91.054,HARD,0,Ritmo de carrera
2023,Abu Dhabi,R,ZHO,31,90.935,HARD,0,Ritmo de carrera
2023,Abu Dhabi,R,ZHO,32,90.874,HARD,0,Ritmo de carrera
2023,Abu Dhabi,R,ZHO,33,90.844,HARD,0,Ritmo de carrera
2023,Abu Dhabi,R,ZHO,34,90.941,HARD,0,Ritmo de carrera
2023,Abu Dhabi,R,ZHO,35,90.594,HARD,0,Ritmo de carrera
2023,Abu Dhabi,R,ZHO,36,90.67,HARD,0,Ritmo de carrera
2023,Abu Dhabi,R,ZHO,37,92.936,HARD,2,Tracción Comprometida
2023,Abu Dhabi,R,ZHO,39,88.951,MEDIUM,3,Vuelta de ataque
2023,Abu Dhabi,R,ZHO,40,89.081,MEDIUM,0,Ritmo de carrera
2023,Abu Dhabi,R,ZHO,41,89.402,MEDIUM,3,Vuelta de ataque
2023,Abu Dhabi,R,ZHO,42,88.972,MEDIUM,0,Ritmo de carrera
2023,Abu Dhabi,R,ZHO,43,88.746,MEDIUM,0,Ritmo de carrera
2023,Abu Dhabi,R,ZHO,44,89.083,MEDIUM,3,Vuelta de ataque
2023,Abu Dhabi,R,ZHO,45,89.89,MEDIUM,0,Ritmo de carrera
2023,Abu Dhabi,R,ZHO,46,89.324,MEDIUM,1,Lift and Coast
2023,Abu Dhabi,R,ZHO,47,89.409,MEDIUM,3,Vuelta de ataque
2023,Abu Dhabi,R,ZHO,48,89.383,MEDIUM,3,Vuelta de ataque
2023,Abu Dhabi,R,ZHO,49,89.766,MEDIUM,3,Vuelta de ataque
2023,Abu Dhabi,R,ZHO,50,89.704,MEDIUM,0,Ritmo de carrera
2023,Abu Dhabi,R,ZHO,51,89.702,MEDIUM,1,Lift and Coast
2023,Abu Dhabi,R,ZHO,52,89.608,MEDIUM,3,Vuelta de ataque
2023,Abu Dhabi,R,ZHO,53,89.781,MEDIUM,2,Tracción Comprometida
2023,Abu Dhabi,R,ZHO,54,90.289,MEDIUM,0,Ritmo de carrera
2023,Abu Dhabi,R,ZHO,55,90.416,MEDIUM,1,Lift and Coast
2023,Abu Dhabi,R,ZHO,56,90.2,MEDIUM,0,Ritmo de carrera
2023,Abu Dhabi,R,ZHO,57,90.991,MEDIUM,0,Ritmo de carrera
2023,Abu Dhabi,R,ZHO,58,90.327,MEDIUM,0,Ritmo de carrera
2023,Abu Dhabi,R,SAI,2,91.98,HARD,0,Ritmo de carrera
2023,Abu Dhabi,R,SAI,3,91.308,HARD,2,Tracción Comprometida
2023,Abu Dhabi,R,SAI,4,91.099,HARD,0,Ritmo de carrera
2023,Abu Dhabi,R,SAI,5,91.158,HARD,0,Ritmo de carrera
2023,Abu Dhabi,R,SAI,6,91.175,HARD,0,Ritmo de carrera
2023,Abu Dhabi,R,SAI,7,91.301,HARD,2,Tracción Comprometida
2023,Abu Dhabi,R,SAI,8,91.263,HARD,0,Ritmo de carrera
2023,Abu Dhabi,R,SAI,9,90.965,HARD,2,Tracción Comprometida
2023,Abu Dhabi,R,SAI,10,91.305,HARD,2,Tracción Comprometida
2023,Abu Dhabi,R,SAI,11,91.085,HARD,2,Tracción Comprometida
2023,Abu Dhabi,R,SAI,12,91.278,HARD,1,Lift and Coast
2023,Abu Dhabi,R,SAI,13,91.385,HARD,2,Tracción Comprometida
2023,Abu Dhabi,R,SAI,14,91.416,HARD,0,Ritmo de carrera
2023,Abu Dhabi,R,SAI,15,91.619,HARD,0,Ritmo de carrera
2023,Abu Dhabi,R,SAI,16,91.197,HARD,2,Tracción Comprometida
2023,Abu Dhabi,R,SAI,17,91.621,HARD,2,Tracción Comprometida
2023,Abu Dhabi,R,SAI,18,90.96,HARD,2,Tracción Comprometida
2023,Abu Dhabi,R,SAI,19,91.551,HARD,2,Tracción Comprometida
2023,Abu Dhabi,R,SAI,20,90.933,HARD,0,Ritmo de carrera
2023,Abu Dhabi,R,SAI,21,92.184,HARD,2,Tracción Comprometida
2023,Abu Dhabi,R,SAI,22,92.071,HARD,2,Tracción Comprometida
2023,Abu Dhabi,R,SAI,25,90.188,HARD,0,Ritmo de carrera
2023,Abu Dhabi,R,SAI,26,90.007,HARD,1,Lift and Coast
2023,Abu Dhabi,R,SAI,27,89.841,HARD,0,Ritmo de carrera
2023,Abu Dhabi,R,SAI,28,89.977,HARD,2,Tracción Comprometida
2023,Abu Dhabi,R,SAI,29,89.64,HARD,3,Vuelta de ataque
2023,Abu Dhabi,R,SAI,30,89.7,HARD,3,Vuelta de ataque
2023,Abu Dhabi,R,SAI,31,89.764,HARD,2,Tracción Comprometida
2023,Abu Dhabi,R,SAI,32,89.897,HARD,0,Ritmo de carrera
2023,Abu Dhabi,R,SAI,33,89.76,HARD,0,Ritmo de carrera
2023,Abu Dhabi,R,SAI,34,89.674,HARD,2,Tracción Comprometida
2023,Abu Dhabi,R,SAI,35,89.494,HARD,3,Vuelta de ataque
2023,Abu Dhabi,R,SAI,36,90.228,HARD,1,Lift and Coast
2023,Abu Dhabi,R,SAI,37,89.807,HARD,1,Lift and Coast
2023,Abu Dhabi,R,SAI,38,89.746,HARD,0,Ritmo de carrera
2023,Abu Dhabi,R,SAI,39,90.581,HARD,0,Ritmo de carrera
2023,Abu Dhabi,R,SAI,40,89.635,HARD,3,Vuelta de ataque
2023,Abu Dhabi,R,SAI,41,89.495,HARD,2,Tracción Comprometida
2023,Abu Dhabi,R,SAI,42,89.452,HARD,3,Vuelta de ataque
2023,Abu Dhabi,R,SAI,43,89.612,HARD,1,Lift and Coast
2023,Abu Dhabi,R,SAI,44,89.809,HARD,1,Lift and Coast
2023,Abu Dhabi,R,SAI,45,90.132,HARD,1,Lift and Coast
2023,Abu Dhabi,R,SAI,46,90.712,HARD,0,Ritmo de carrera
2023,Abu Dhabi,R,SAI,47,91.102,HARD,0,Ritmo de carrera
2023,Abu Dhabi,R,SAI,48,90.565,HARD,1,Lift and Coast
2023,Abu Dhabi,R,SAI,49,90.033,HARD,1,Lift and Coast
2023,Abu Dhabi,R,SAI,50,89.873,HARD,1,Lift and Coast
2023,Abu Dhabi,R,SAI,51,89.718,HARD,1,Lift and Coast
2023,Abu Dhabi,R,SAI,52,89.645,HARD,1,Lift and Coast
2023,Abu Dhabi,R,SAI,53,89.775,HARD,1,Lift and Coast
2023,Abu Dhabi,R,SAI,54,89.734,HARD,1,Lift and Coast
2023,Abu Dhabi,R,SAI,55,89.654,HARD,0,Ritmo de carrera
2023,Abu Dhabi,R,SAI,56,91.454,HARD,0,Ritmo de carrera
2023,Abu Dhabi,R,BOT,2,92.77,HARD,0,Ritmo de carrera
2023,Abu Dhabi,R,BOT,3,91.698,HARD,0,Ritmo de carrera
2023,Abu Dhabi,R,BOT,4,91.281,HARD,0,Ritmo de carrera
2023,Abu Dhabi,R,BOT,5,91.445,HARD,0,Ritmo de carrera
2023,Abu Dhabi,R,BOT,6,91.122,HARD,0,Ritmo de carrera
2023,Abu Dhabi,R,BOT,7,91.189,HARD,0,Ritmo de carrera
2023,Abu Dhabi,R,BOT,8,91.206,HARD,1,Lift and Coast
2023,Abu Dhabi,R,BOT,9,91.716,HARD,0,Ritmo de carrera
2023,Abu Dhabi,R,BOT,10,91.713,HARD,0,Ritmo de carrera
2023,Abu Dhabi,R,BOT,11,91.616,HARD,0,Ritmo de carrera
2023,Abu Dhabi,R,BOT,12,91.78,HARD,0,Ritmo de carrera
2023,Abu Dhabi,R,BOT,13,91.887,HARD,0,Ritmo de carrera
2023,Abu Dhabi,R,BOT,14,91.709,HARD,0,Ritmo de carrera
2023,Abu Dhabi,R,BOT,15,91.436,HARD,1,Lift and Coast
2023,Abu Dhabi,R,BOT,16,91.475,HARD,1,Lift and Coast
2023,Abu Dhabi,R,BOT,17,91.561,HARD,1,Lift and Coast
2023,Abu Dhabi,R,BOT,18,92.236,HARD,0,Ritmo de carrera
2023,Abu Dhabi,R,BOT,19,92.309,HARD,0,Ritmo de carrera
2023,Abu Dhabi,R,BOT,20,92.795,HARD,0,Ritmo de carrera
2023,Abu Dhabi,R,BOT,21,92.462,HARD,0,Ritmo de carrera
2023,Abu Dhabi,R,BOT,22,92.922,HARD,2,Tracción Comprometida
2023,Abu Dhabi,R,BOT,23,92.934,HARD,0,Ritmo de carrera
2023,Abu Dhabi,R,BOT,24,92.36,HARD,0,Ritmo de carrera
2023,Abu Dhabi,R,BOT,25,92.139,HARD,2,Tracción Comprometida
2023,Abu Dhabi,R,BOT,26,92.821,HARD,0,Ritmo de carrera
2023,Abu Dhabi,R,BOT,27,91.817,HARD,1,Lift and Coast
2023,Abu Dhabi,R,BOT,28,92.424,HARD,0,Ritmo de carrera
2023,Abu Dhabi,R,BOT,31,91.308,MEDIUM,1,Lift and Coast
2023,Abu Dhabi,R,BOT,32,90.245,MEDIUM,1,Lift and Coast
2023,Abu Dhabi,R,BOT,33,90.623,MEDIUM,1,Lift and Coast
2023,Abu Dhabi,R,BOT,34,90.473,MEDIUM,1,Lift and Coast
2023,Abu Dhabi,R,BOT,35,90.401,MEDIUM,1,Lift and Coast
2023,Abu Dhabi,R,BOT,36,90.207,MEDIUM,1,Lift and Coast
2023,Abu Dhabi,R,BOT,37,90.246,MEDIUM,0,Ritmo de carrera
2023,Abu Dhabi,R,BOT,38,90.016,MEDIUM,0,Ritmo de carrera
2023,Abu Dhabi,R,BOT,39,90.001,MEDIUM,1,Lift and Coast
2023,Abu Dhabi,R,BOT,40,90.345,MEDIUM,1,Lift and Coast
2023,Abu Dhabi,R,BOT,41,90.161,MEDIUM,1,Lift and Coast
2023,Abu Dhabi,R,BOT,42,89.863,MEDIUM,1,Lift and Coast
2023,Abu Dhabi,R,BOT,43,91.418,MEDIUM,1,Lift and Coast
2023,Abu Dhabi,R,BOT,44,89.999,MEDIUM,0,Ritmo de carrera
2023,Abu Dhabi,R,BOT,45,90.495,MEDIUM,1,Lift and Coast
2023,Abu Dhabi,R,BOT,46,89.998,MEDIUM,0,Ritmo de carrera
2023,Abu Dhabi,R,BOT,47,90.448,MEDIUM,1,Lift and Coast
2023,Abu Dhabi,R,BOT,48,90.492,MEDIUM,1,Lift and Coast
2023,Abu Dhabi,R,BOT,49,90.688,MEDIUM,0,Ritmo de carrera
2023,Abu Dhabi,R,BOT,50,91.586,MEDIUM,0,Ritmo de carrera
2023,Abu Dhabi,R,BOT,51,91.017,MEDIUM,0,Ritmo de carrera
2023,Abu Dhabi,R,BOT,52,90.924,MEDIUM,1,Lift and Coast
2023,Abu Dhabi,R,BOT,53,91.713,MEDIUM,0,Ritmo de carrera
2023,Abu Dhabi,R,BOT,54,90.855,MEDIUM,1,Lift and Coast
2023,Abu Dhabi,R,BOT,55,90.53,MEDIUM,1,Lift and Coast
2023,Abu Dhabi,R,BOT,57,90.55,MEDIUM,1,Lift and Coast
2023,Abu Dhabi,R,MAG,2,93.067,MEDIUM,0,Ritmo de carrera
2023,Abu Dhabi,R,MAG,3,91.711,MEDIUM,2,Tracción Comprometida
2023,Abu Dhabi,R,MAG,4,91.593,MEDIUM,0,Ritmo de carrera
2023,Abu Dhabi,R,MAG,7,90.445,HARD,3,Vuelta de ataque
2023,Abu Dhabi,R,MAG,8,90.312,HARD,2,Tracción Comprometida
2023,Abu Dhabi,R,MAG,9,90.325,HARD,1,Lift and Coast
2023,Abu Dhabi,R,MAG,10,90.814,HARD,2,Tracción Comprometida
2023,Abu Dhabi,R,MAG,11,91.051,HARD,1,Lift and Coast
2023,Abu Dhabi,R,MAG,12,90.791,HARD,0,Ritmo de carrera
2023,Abu Dhabi,R,MAG,13,90.956,HARD,2,Tracción Comprometida
2023,Abu Dhabi,R,MAG,14,91.074,HARD,1,Lift and Coast
2023,Abu Dhabi,R,MAG,15,91.241,HARD,2,Tracción Comprometida
2023,Abu Dhabi,R,MAG,16,91.91,HARD,1,Lift and Coast
2023,Abu Dhabi,R,MAG,17,92.454,HARD,2,Tracción Comprometida
2023,Abu Dhabi,R,MAG,18,92.108,HARD,2,Tracción Comprometida
2023,Abu Dhabi,R,MAG,19,92.16,HARD,2,Tracción Comprometida
2023,Abu Dhabi,R,MAG,20,91.521,HARD,2,Tracción Comprometida
2023,Abu Dhabi,R,MAG,21,91.95,HARD,2,Tracción Comprometida
2023,Abu Dhabi,R,MAG,24,91.448,HARD,1,Lift and Coast
2023,Abu Dhabi,R,MAG,25,90.592,HARD,1,Lift and Coast
2023,Abu Dhabi,R,MAG,26,90.599,HARD,1,Lift and Coast
2023,Abu Dhabi,R,MAG,27,90.691,HARD,1,Lift and Coast
2023,Abu Dhabi,R,MAG,28,90.709,HARD,1,Lift and Coast
2023,Abu Dhabi,R,MAG,29,90.628,HARD,1,Lift and Coast
2023,Abu Dhabi,R,MAG,30,90.116,HARD,2,Tracción Comprometida
2023,Abu Dhabi,R,MAG,31,90.631,HARD,1,Lift and Coast
2023,Abu Dhabi,R,MAG,32,90.684,HARD,2,Tracción Comprometida
2023,Abu Dhabi,R,MAG,33,90.437,HARD,1,Lift and Coast
2023,Abu Dhabi,R,MAG,34,90.452,HARD,1,Lift and Coast
2023,Abu Dhabi,R,MAG,35,90.413,HARD,1,Lift and Coast
2023,Abu Dhabi,R,MAG,36,90.674,HARD,1,Lift and Coast
2023,Abu Dhabi,R,MAG,37,90.345,HARD,0,Ritmo de carrera
2023,Abu Dhabi,R,MAG,38,90.376,HARD,1,Lift and Coast
2023,Abu Dhabi,R,MAG,39,90.425,HARD,1,Lift and Coast
2023,Abu Dhabi,R,MAG,40,91.437,HARD,2,Tracción Comprometida
2023,Abu Dhabi,R,MAG,41,90.48,HARD,1,Lift and Coast
2023,Abu Dhabi,R,MAG,42,90.356,HARD,1,Lift and Coast
2023,Abu Dhabi,R,MAG,43,90.057,HARD,2,Tracción Comprometida
2023,Abu Dhabi,R,MAG,44,90.084,HARD,0,Ritmo de carrera
2023,Abu Dhabi,R,MAG,45,90.11,HARD,1,Lift and Coast
2023,Abu Dhabi,R,MAG,46,89.934,HARD,1,Lift and Coast
2023,Abu Dhabi,R,MAG,48,90.657,HARD,1,Lift and Coast
2023,Abu Dhabi,R,MAG,49,90.553,HARD,1,Lift and Coast
2023,Abu Dhabi,R,MAG,50,90.509,HARD,1,Lift and Coast
2023,Abu Dhabi,R,MAG,51,90.432,HARD,1,Lift and Coast
2023,Abu Dhabi,R,MAG,52,91.497,HARD,2,Tracción Comprometida
2023,Abu Dhabi,R,MAG,53,90.445,HARD,0,Ritmo de carrera
2023,Abu Dhabi,R,MAG,54,90.207,HARD,2,Tracción Comprometida
2023,Abu Dhabi,R,MAG,55,90.252,HARD,2,Tracción Comprometida
2023,Abu Dhabi,R,MAG,56,90.429,HARD,2,Tracción Comprometida
2023,Abu Dhabi,R,MAG,57,91.256,HARD,2,Tracción Comprometida
2024,Italian,FP3,VER,2,81.56,MEDIUM,3,Vuelta de ataque
2024,Italian,FP3,VER,5,80.95,MEDIUM,3,Vuelta de ataque
2024,Italian,FP3,VER,9,85.178,MEDIUM,1,Lift and Coast
2024,Italian,FP3,VER,10,84.686,MEDIUM,1,Lift and Coast
2024,Italian,FP3,VER,11,84.942,MEDIUM,3,Vuelta de ataque
2024,Italian,FP3,VER,12,84.807,MEDIUM,1,Lift and Coast
2024,Italian,FP3,VER,13,85.419,MEDIUM,2,Tracción Comprometida
2024,Italian,FP3,VER,14,85.507,MEDIUM,1,Lift and Coast
2024,Italian,FP3,VER,19,80.368,SOFT,3,Vuelta de ataque
2024,Italian,FP3,VER,22,80.419,SOFT,3,Vuelta de ataque
2024,Italian,FP3,RIC,3,81.669,SOFT,3,Vuelta de ataque
2024,Italian,FP3,RIC,6,82.014,SOFT,3,Vuelta de ataque
2024,Italian,FP3,RIC,11,81.077,SOFT,3,Vuelta de ataque
2024,Italian,FP3,RIC,15,84.199,SOFT,1,Lift and Coast
2024,Italian,FP3,RIC,16,83.789,SOFT,1,Lift and Coast
2024,Italian,FP3,NOR,2,80.787,SOFT,3,Vuelta de ataque
2024,Italian,FP3,NOR,5,83.005,SOFT,1,Lift and Coast
2024,Italian,FP3,NOR,8,80.262,SOFT,3,Vuelta de ataque
2024,Italian,FP3,NOR,11,80.96,SOFT,3,Vuelta de ataque
2024,Italian,FP3,GAS,2,82.504,SOFT,0,Ritmo de carrera
2024,Italian,FP3,GAS,5,81.873,SOFT,3,Vuelta de ataque
2024,Italian,FP3,GAS,8,81.588,SOFT,3,Vuelta de ataque
2024,Italian,FP3,GAS,11,81.562,SOFT,3,Vuelta de ataque
2024,Italian,FP3,GAS,15,81.155,SOFT,3,Vuelta de ataque
2024,Italian,FP3,GAS,18,81.472,SOFT,3,Vuelta de ataque
2024,Italian,FP3,PER,2,81.662,MEDIUM,3,Vuelta de ataque
2024,Italian,FP3,PER,5,81.287,MEDIUM,3,Vuelta de ataque
2024,Italian,FP3,PER,8,84.993,MEDIUM,1,Lift and Coast
2024,Italian,FP3,PER,9,84.758,MEDIUM,1,Lift and Coast
2024,Italian,FP3,PER,11,84.654,MEDIUM,3,Vuelta de ataque
2024,Italian,FP3,PER,12,85.549,MEDIUM,1,Lift and Coast
2024,Italian,FP3,PER,13,85.105,MEDIUM,1,Lift and Coast
2024,Italian,FP3,PER,14,85.395,MEDIUM,1,Lift and Coast
2024,Italian,FP3,PER,21,82.26,SOFT,0,Ritmo de carrera
2024,Italian,FP3,ALO,6,81.732,SOFT,3,Vuelta de ataque
2024,Italian,FP3,ALO,11,81.314,SOFT,3,Vuelta de ataque
2024,Italian,FP3,ALO,14,80.968,SOFT,3,Vuelta de ataque
2024,Italian,FP3,ALO,17,81.148,SOFT,3,Vuelta de ataque
2024,Italian,FP3,LEC,4,81.171,SOFT,2,Tracción Comprometida
2024,Italian,FP3,LEC,7,80.614,SOFT,2,Tracción Comprometida
2024,Italian,FP3,LEC,10,80.565,SOFT,2,Tracción Comprometida
2024,Italian,FP3,LEC,13,80.226,SOFT,2,Tracción Comprometida
2024,Italian,FP3,LEC,20,80.38,SOFT,2,Tracción Comprometida
2024,Italian,FP3,STR,6,82.281,SOFT,3,Vuelta de ataque
2024,Italian,FP3,STR,9,82.029,SOFT,3,Vuelta de ataque
2024,Italian,FP3,STR,12,81.371,SOFT,3,Vuelta de ataque
2024,Italian,FP3,STR,15,81.233,SOFT,3,Vuelta de ataque
2024,Italian,FP3,STR,20,81.157,SOFT,3,Vuelta de ataque
2024,Italian,FP3,MAG,2,81.774,SOFT,3,Vuelta de ataque
2024,Italian,FP3,MAG,5,81.738,SOFT,3,Vuelta de ataque
2024,Italian,FP3,MAG,8,85.721,SOFT,1,Lift and Coast
2024,Italian,FP3,MAG,9,85.409,SOFT,1,Lift and Coast
2024,Italian,FP3,MAG,16,81.29,SOFT,3,Vuelta de ataque
2024,Italian,FP3,MAG,19,81.208,SOFT,3,Vuelta de ataque
2024,Italian,FP3,TSU,3,82.142,MEDIUM,1,Lift and Coast
2024,Italian,FP3,TSU,6,81.34,MEDIUM,3,Vuelta de ataque
2024,Italian,FP3,TSU,9,81.141,SOFT,3,Vuelta de ataque
2024,Italian,FP3,TSU,12,81.246,SOFT,1,Lift and Coast
2024,Italian,FP3,ALB,2,81.16,SOFT,3,Vuelta de ataque
2024,Italian,FP3,ALB,5,80.596,SOFT,3,Vuelta de ataque
2024,Italian,FP3,ALB,8,80.886,SOFT,3,Vuelta de ataque
2024,Italian,FP3,ALB,11,81.089,SOFT,3,Vuelta de ataque
2024,Italian,FP3,ZHO,4,82.737,SOFT,0,Ritmo de carrera
2024,Italian,FP3,ZHO,7,83.325,SOFT,3,Vuelta de ataque
2024,Italian,FP3,ZHO,11,82.035,SOFT,3,Vuelta de ataque
2024,Italian,FP3,ZHO,14,82.994,SOFT,3,Vuelta de ataque
2024,Italian,FP3,HUL,2,81.571,SOFT,3,Vuelta de ataque
2024,Italian,FP3,HUL,5,81.208,SOFT,3,Vuelta de ataque
2024,Italian,FP3,HUL,7,85.323,SOFT,1,Lift and Coast
2024,Italian,FP3,HUL,8,85.245,SOFT,1,Lift and Coast
2024,Italian,FP3,HUL,9,85.034,SOFT,1,Lift and Coast
2024,Italian,FP3,HUL,10,84.922,SOFT,1,Lift and Coast
2024,Italian,FP3,HUL,13,80.943,SOFT,3,Vuelta de ataque
2024,Italian,FP3,HUL,16,81.041,SOFT,3,Vuelta de ataque
2024,Italian,FP3,OCO,2,82.347,SOFT,3,Vuelta de ataque
2024,Italian,FP3,OCO,5,81.876,SOFT,3,Vuelta de ataque
2024,Italian,FP3,OCO,8,81.785,SOFT,3,Vuelta de ataque
2024,Italian,FP3,OCO,11,81.43,SOFT,3,Vuelta de ataque
2024,Italian,FP3,OCO,14,81.636,SOFT,3,Vuelta de ataque
2024,Italian,FP3,OCO,17,81.258,SOFT,3,Vuelta de ataque
2024,Italian,FP3,COL,2,82.129,SOFT,3,Vuelta de ataque
2024,Italian,FP3,COL,5,81.713,SOFT,3,Vuelta de ataque
2024,Italian,FP3,COL,10,80.905,SOFT,3,Vuelta de ataque
2024,Italian,FP3,COL,13,81.836,SOFT,3,Vuelta de ataque
2024,Italian,FP3,HAM,2,81.545,MEDIUM,3,Vuelta de ataque
2024,Italian,FP3,HAM,5,80.766,MEDIUM,1,Lift and Coast
2024,Italian,FP3,HAM,9,80.984,MEDIUM,3,Vuelta de ataque
2024,Italian,FP3,HAM,13,80.117,SOFT,3,Vuelta de ataque
2024,Italian,FP3,HAM,16,80.514,SOFT,3,Vuelta de ataque
2024,Italian,FP3,SAI,2,82.107,SOFT,3,Vuelta de ataque
2024,Italian,FP3,SAI,5,80.742,SOFT,3,Vuelta de ataque
2024,Italian,FP3,SAI,8,80.463,SOFT,3,Vuelta de ataque
2024,Italian,FP3,SAI,11,80.467,SOFT,3,Vuelta de ataque
2024,Italian,FP3,SAI,16,80.467,SOFT,3,Vuelta de ataque
2024,Italian,FP3,SAI,18,80.711,SOFT,2,Tracción Comprometida
2024,Italian,FP3,RUS,2,81.169,MEDIUM,3,Vuelta de ataque
2024,Italian,FP3,RUS,5,80.706,MEDIUM,3,Vuelta de ataque
2024,Italian,FP3,RUS,9,84.146,MEDIUM,0,Ritmo de carrera
2024,Italian,FP3,RUS,10,84.193,MEDIUM,1,Lift and Coast
2024,Italian,FP3,RUS,11,84.289,MEDIUM,1,Lift and Coast
2024,Italian,FP3,RUS,12,84.046,MEDIUM,1,Lift and Coast
2024,Italian,FP3,RUS,13,83.352,MEDIUM,3,Vuelta de ataque
2024,Italian,FP3,RUS,14,83.023,MEDIUM,3,Vuelta de ataque
2024,Italian,FP3,RUS,17,80.21,SOFT,3,Vuelta de ataque
2024,Italian,FP3,RUS,20,80.233,SOFT,3,Vuelta de ataque
2024,Italian,FP3,BOT,5,82.111,SOFT,3,Vuelta de ataque
2024,Italian,FP3,BOT,8,82.102,SOFT,3,Vuelta de ataque
2024,Italian,FP3,BOT,12,81.357,SOFT,3,Vuelta de ataque
2024,Italian,FP3,BOT,15,82.188,SOFT,3,Vuelta de ataque
2024,Italian,FP3,BOT,18,81.989,SOFT,3,Vuelta de ataque
2024,Italian,FP3,PIA,2,80.887,SOFT,3,Vuelta de ataque
2024,Italian,FP3,PIA,5,80.859,SOFT,3,Vuelta de ataque
2024,Italian,FP3,PIA,9,80.252,SOFT,3,Vuelta de ataque
2024,Italian,FP3,PIA,12,85.107,SOFT,0,Ritmo de carrera
2024,Italian,Q,NOR,2,79.911,SOFT,3,Vuelta de ataque
2024,Italian,Q,NOR,5,79.727,SOFT,3,Vuelta de ataque
2024,Italian,Q,NOR,8,79.401,SOFT,3,Vuelta de ataque
2024,Italian,Q,NOR,11,79.327,SOFT,3,Vuelta de ataque
2024,Italian,Q,PIA,3,80.488,SOFT,3,Vuelta de ataque
2024,Italian,Q,PIA,6,80.076,SOFT,3,Vuelta de ataque
2024,Italian,Q,PIA,9,79.808,SOFT,3,Vuelta de ataque
2024,Italian,Q,PIA,12,79.845,SOFT,3,Vuelta de ataque
2024,Italian,Q,PIA,15,79.436,SOFT,3,Vuelta de ataque
2024,Italian,Q,PIA,18,79.661,SOFT,1,Lift and Coast
2024,Italian,Q,RUS,2,80.32,SOFT,3,Vuelta de ataque
2024,Italian,Q,RUS,5,80.169,SOFT,3,Vuelta de ataque
2024,Italian,Q,RUS,8,79.877,SOFT,3,Vuelta de ataque
2024,Italian,Q,RUS,11,80.107,SOFT,3,Vuelta de ataque
2024,Italian,Q,RUS,14,79.569,SOFT,3,Vuelta de ataque
2024,Italian,Q,RUS,17,79.44,SOFT,3,Vuelta de ataque
2024,Italian,Q,LEC,2,80.074,SOFT,2,Tracción Comprometida
2024,Italian,Q,LEC,5,80.278,SOFT,3,Vuelta de ataque
2024,Italian,Q,LEC,8,80.296,SOFT,2,Tracción Comprometida
2024,Italian,Q,LEC,11,80.007,SOFT,2,Tracción Comprometida
2024,Italian,Q,LEC,14,80.076,SOFT,2,Tracción Comprometida
2024,Italian,Q,LEC,17,79.704,SOFT,3,Vuelta de ataque
2024,Italian,Q,LEC,20,79.461,SOFT,2,Tracción Comprometida
2024,Italian,Q,SAI,2,83.504,SOFT,1,Lift and Coast
2024,Italian,Q,SAI,5,80.149,SOFT,3,Vuelta de ataque
2024,Italian,Q,SAI,8,80.328,SOFT,3,Vuelta de ataque
2024,Italian,Q,SAI,11,79.799,SOFT,2,Tracción Comprometida
2024,Italian,Q,SAI,14,79.701,SOFT,3,Vuelta de ataque
2024,Italian,Q,SAI,17,79.467,SOFT,3,Vuelta de ataque
2024,Italian,Q,HAM,2,80.477,SOFT,3,Vuelta de ataque
2024,Italian,Q,HAM,5,80.542,SOFT,3,Vuelta de ataque
2024,Italian,Q,HAM,8,79.641,SOFT,3,Vuelta de ataque
2024,Italian,Q,HAM,11,79.989,SOFT,3,Vuelta de ataque
2024,Italian,Q,HAM,14,79.601,SOFT,3,Vuelta de ataque
2024,Italian,Q,HAM,17,79.513,SOFT,3,Vuelta de ataque
2024,Italian,Q,VER,2,80.226,SOFT,3,Vuelta de ataque
2024,Italian,Q,VER,5,82.812,SOFT,1,Lift and Coast
2024,Italian,Q,VER,8,79.874,SOFT,3,Vuelta de ataque
2024,Italian,Q,VER,11,79.662,SOFT,3,Vuelta de ataque
2024,Italian,Q,VER,14,80.072,SOFT,3,Vuelta de ataque
2024,Italian,Q,VER,17,80.022,SOFT,3,Vuelta de ataque
2024,Italian,Q,PER,2,81.11,SOFT,3,Vuelta de ataque
2024,Italian,Q,PER,5,80.598,SOFT,3,Vuelta de ataque
2024,Italian,Q,PER,8,80.402,SOFT,3,Vuelta de ataque
2024,Italian,Q,PER,11,80.216,SOFT,3,Vuelta de ataque
2024,Italian,Q,PER,14,80.062,SOFT,3,Vuelta de ataque
2024,Italian,Q,ALB,2,80.82,SOFT,3,Vuelta de ataque
2024,Italian,Q,ALB,5,80.542,SOFT,3,Vuelta de ataque
2024,Italian,Q,ALB,8,80.46,SOFT,3,Vuelta de ataque
2024,Italian,Q,ALB,11,80.314,SOFT,3,Vuelta de ataque
2024,Italian,Q,ALB,14,80.87,SOFT,3,Vuelta de ataque
2024,Italian,Q,ALB,17,80.299,SOFT,3,Vuelta de ataque
2024,Italian,Q,HUL,2,80.781,SOFT,3,Vuelta de ataque
2024,Italian,Q,HUL,5,81.278,SOFT,3,Vuelta de ataque
2024,Italian,Q,HUL,8,80.434,SOFT,3,Vuelta de ataque
2024,Italian,Q,HUL,11,80.411,SOFT,3,Vuelta de ataque
2024,Italian,Q,HUL,14,80.482,SOFT,3,Vuelta de ataque
2024,Italian,Q,HUL,17,80.339,SOFT,3,Vuelta de ataque
2024,Italian,Q,ALO,2,80.617,SOFT,3,Vuelta de ataque
2024,Italian,Q,ALO,7,80.57,SOFT,3,Vuelta de ataque
2024,Italian,Q,ALO,10,80.421,SOFT,3,Vuelta de ataque
2024,Italian,Q,RIC,2,81.059,SOFT,3,Vuelta de ataque
2024,Italian,Q,RIC,5,80.901,SOFT,3,Vuelta de ataque
2024,Italian,Q,RIC,8,81.273,SOFT,3,Vuelta de ataque
2024,Italian,Q,RIC,11,80.479,SOFT,3,Vuelta de ataque
2024,Italian,Q,MAG,2,80.856,SOFT,3,Vuelta de ataque
2024,Italian,Q,MAG,7,80.698,SOFT,3,Vuelta de ataque
2024,Italian,Q,MAG,10,80.933,SOFT,3,Vuelta de ataque
2024,Italian,Q,GAS,2,81.908,SOFT,3,Vuelta de ataque
2024,Italian,Q,GAS,5,80.748,SOFT,3,Vuelta de ataque
2024,Italian,Q,GAS,11,80.738,SOFT,3,Vuelta de ataque
2024,Italian,Q,GAS,15,81.009,SOFT,3,Vuelta de ataque
2024,Italian,Q,OCO,2,81.346,SOFT,3,Vuelta de ataque
2024,Italian,Q,OCO,5,80.764,SOFT,3,Vuelta de ataque
2024,Italian,Q,OCO,11,80.884,SOFT,3,Vuelta de ataque
2024,Italian,Q,OCO,15,80.766,SOFT,3,Vuelta de ataque
2024,Italian,Q,TSU,2,81.068,SOFT,3,Vuelta de ataque
2024,Italian,Q,TSU,5,80.945,SOFT,3,Vuelta de ataque
2024,Italian,Q,STR,2,81.013,SOFT,3,Vuelta de ataque
2024,Italian,Q,STR,5,81.193,SOFT,3,Vuelta de ataque
2024,Italian,Q,COL,2,81.061,SOFT,3,Vuelta de ataque
2024,Italian,Q,COL,5,82.531,SOFT,0,Ritmo de carrera
2024,Italian,Q,BOT,2,81.101,SOFT,3,Vuelta de ataque
2024,Italian,Q,BOT,5,83.467,SOFT,0,Ritmo de carrera
2024,Italian,Q,ZHO,2,81.968,SOFT,3,Vuelta de ataque
2024,Italian,Q,ZHO,5,81.514,SOFT,3,Vuelta de ataque
2024,Italian,Q,ZHO,8,81.445,SOFT,3,Vuelta de ataque
2024,Italian,R,LEC,2,85.396,MEDIUM,2,Tracción Comprometida
2024,Italian,R,LEC,3,85.179,MEDIUM,2,Tracción Comprometida
2024,Italian,R,LEC,4,84.81,MEDIUM,2,Tracción Comprometida
2024,Italian,R,LEC,5,84.603,MEDIUM,2,Tracción Comprometida
2024,Italian,R,LEC,6,84.663,MEDIUM,0,Ritmo de carrera
2024,Italian,R,LEC,7,84.434,MEDIUM,2,Tracción Comprometida
2024,Italian,R,LEC,8,84.569,MEDIUM,2,Tracción Comprometida
2024,Italian,R,LEC,9,84.362,MEDIUM,2,Tracción Comprometida
2024,Italian,R,LEC,10,84.432,MEDIUM,2,Tracción Comprometida
2024,Italian,R,LEC,11,84.846,MEDIUM,2,Tracción Comprometida
2024,Italian,R,LEC,12,84.916,MEDIUM,2,Tracción Comprometida
2024,Italian,R,LEC,13,85.529,MEDIUM,2,Tracción Comprometida
2024,Italian,R,LEC,14,85.606,MEDIUM,2,Tracción Comprometida
2024,Italian,R,LEC,17,84.27,HARD,2,Tracción Comprometida
2024,Italian,R,LEC,18,83.875,HARD,2,Tracción Comprometida
2024,Italian,R,LEC,19,84.203,HARD,2,Tracción Comprometida
2024,Italian,R,LEC,20,83.826,HARD,2,Tracción Comprometida
2024,Italian,R,LEC,21,83.88,HARD,2,Tracción Comprometida
2024,Italian,R,LEC,22,83.768,HARD,2,Tracción Comprometida
2024,Italian,R,LEC,23,83.864,HARD,2,Tracción Comprometida
2024,Italian,R,LEC,24,83.64,HARD,2,Tracción Comprometida
2024,Italian,R,LEC,25,83.59,HARD,2,Tracción Comprometida
2024,Italian,R,LEC,26,83.321,HARD,2,Tracción Comprometida
2024,Italian,R,LEC,27,83.534,HARD,2,Tracción Comprometida
2024,Italian,R,LEC,28,83.284,HARD,2,Tracción Comprometida
2024,Italian,R,LEC,29,83.229,HARD,2,Tracción Comprometida
2024,Italian,R,LEC,30,83.359,HARD,2,Tracción Comprometida
2024,Italian,R,LEC,31,83.972,HARD,2,Tracción Comprometida
2024,Italian,R,LEC,32,83.274,HARD,2,Tracción Comprometida
2024,Italian,R,LEC,33,83.226,HARD,2,Tracción Comprometida
2024,Italian,R,LEC,34,83.43,HARD,2,Tracción Comprometida
2024,Italian,R,LEC,35,83.681,HARD,2,Tracción Comprometida
2024,Italian,R,LEC,36,83.714,HARD,2,Tracción Comprometida
2024,Italian,R,LEC,37,83.55,HARD,2,Tracción Comprometida
2024,Italian,R,LEC,38,83.624,HARD,2,Tracción Comprometida
2024,Italian,R,LEC,39,83.718,HARD,2,Tracción Comprometida
2024,Italian,R,LEC,40,83.69,HARD,2,Tracción Comprometida
2024,Italian,R,LEC,41,83.611,HARD,2,Tracción Comprometida
2024,Italian,R,LEC,42,83.67,HARD,2,Tracción Comprometida
2024,Italian,R,LEC,43,83.867,HARD,2,Tracción Comprometida
2024,Italian,R,LEC,44,83.43,HARD,2,Tracción Comprometida
2024,Italian,R,LEC,45,83.731,HARD,2,Tracción Comprometida
2024,Italian,R,LEC,46,83.597,HARD,2,Tracción Comprometida
2024,Italian,R,LEC,47,83.676,HARD,2,Tracción Comprometida
2024,Italian,R,LEC,48,83.518,HARD,2,Tracción Comprometida
2024,Italian,R,LEC,49,83.467,HARD,2,Tracción Comprometida
2024,Italian,R,LEC,50,83.461,HARD,2,Tracción Comprometida
2024,Italian,R,LEC,51,83.555,HARD,2,Tracción Comprometida
2024,Italian,R,LEC,52,83.75,HARD,2,Tracción Comprometida
2024,Italian,R,LEC,53,83.268,HARD,2,Tracción Comprometida
2024,Italian,R,PIA,2,85.116,MEDIUM,0,Ritmo de carrera
2024,Italian,R,PIA,3,85.261,MEDIUM,1,Lift and Coast
2024,Italian,R,PIA,4,84.695,MEDIUM,1,Lift and Coast
2024,Italian,R,PIA,5,84.66,MEDIUM,1,Lift and Coast
2024,Italian,R,PIA,6,84.603,MEDIUM,3,Vuelta de ataque
2024,Italian,R,PIA,7,84.418,MEDIUM,1,Lift and Coast
2024,Italian,R,PIA,8,84.57,MEDIUM,1,Lift and Coast
2024,Italian,R,PIA,9,84.375,MEDIUM,1,Lift and Coast
2024,Italian,R,PIA,10,84.077,MEDIUM,1,Lift and Coast
2024,Italian,R,PIA,11,84.247,MEDIUM,1,Lift and Coast
2024,Italian,R,PIA,12,84.748,MEDIUM,1,Lift and Coast
2024,Italian,R,PIA,13,84.67,MEDIUM,1,Lift and Coast
2024,Italian,R,PIA,14,85.048,MEDIUM,1,Lift and Coast
2024,Italian,R,PIA,15,85.166,MEDIUM,1,Lift and Coast
2024,Italian,R,PIA,18,84.028,HARD,1,Lift and Coast
2024,Italian,R,PIA,19,84.602,HARD,1,Lift and Coast
2024,Italian,R,PIA,20,83.986,HARD,1,Lift and Coast
2024,Italian,R,PIA,21,83.903,HARD,1,Lift and Coast
2024,Italian,R,PIA,22,83.647,HARD,1,Lift and Coast
2024,Italian,R,PIA,23,83.66,HARD,1,Lift and Coast
2024,Italian,R,PIA,24,83.315,HARD,1,Lift and Coast
2024,Italian,R,PIA,25,83.23,HARD,1,Lift and Coast
2024,Italian,R,PIA,26,83.133,HARD,3,Vuelta de ataque
2024,Italian,R,PIA,27,83.088,HARD,1,Lift and Coast
2024,Italian,R,PIA,28,83.168,HARD,1,Lift and Coast
2024,Italian,R,PIA,29,83.066,HARD,1,Lift and Coast
2024,Italian,R,PIA,30,82.968,HARD,3,Vuelta de ataque
2024,Italian,R,PIA,31,83.221,HARD,1,Lift and Coast
2024,Italian,R,PIA,32,83.48,HARD,1,Lift and Coast
2024,Italian,R,PIA,33,83.148,HARD,1,Lift and Coast
2024,Italian,R,PIA,34,83.456,HARD,1,Lift and Coast
2024,Italian,R,PIA,35,83.409,HARD,1,Lift and Coast
2024,Italian,R,PIA,36,83.746,HARD,1,Lift and Coast
2024,Italian,R,PIA,37,83.691,HARD,1,Lift and Coast
2024,Italian,R,PIA,40,82.264,HARD,3,Vuelta de ataque
2024,Italian,R,PIA,41,82.066,HARD,1,Lift and Coast
2024,Italian,R,PIA,42,82.331,HARD,1,Lift and Coast
2024,Italian,R,PIA,43,82.092,HARD,1,Lift and Coast
2024,Italian,R,PIA,44,82.628,HARD,1,Lift and Coast
2024,Italian,R,PIA,45,83.675,HARD,0,Ritmo de carrera
2024,Italian,R,PIA,46,82.537,HARD,1,Lift and Coast
2024,Italian,R,PIA,47,82.253,HARD,1,Lift and Coast
2024,Italian,R,PIA,48,82.725,HARD,3,Vuelta de ataque
2024,Italian,R,PIA,49,82.945,HARD,1,Lift and Coast
2024,Italian,R,PIA,50,82.586,HARD,3,Vuelta de ataque
2024,Italian,R,PIA,51,82.424,HARD,3,Vuelta de ataque
2024,Italian,R,PIA,52,81.948,HARD,1,Lift and Coast
2024,Italian,R,PIA,53,81.943,HARD,1,Lift and Coast
2024,Italian,R,NOR,2,85.458,MEDIUM,0,Ritmo de carrera
2024,Italian,R,NOR,3,85.11,MEDIUM,0,Ritmo de carrera
2024,Italian,R,NOR,4,85.168,MEDIUM,0,Ritmo de carrera
2024,Italian,R,NOR,5,84.674,MEDIUM,0,Ritmo de carrera
2024,Italian,R,NOR,6,84.768,MEDIUM,0,Ritmo de carrera
2024,Italian,R,NOR,7,84.531,MEDIUM,1,Lift and Coast
2024,Italian,R,NOR,8,84.674,MEDIUM,0,Ritmo de carrera
2024,Italian,R,NOR,9,84.664,MEDIUM,0,Ritmo de carrera
2024,Italian,R,NOR,10,84.391,MEDIUM,1,Lift and Coast
2024,Italian,R,NOR,11,84.448,MEDIUM,0,Ritmo de carrera
2024,Italian,R,NOR,12,84.655,MEDIUM,1,Lift and Coast
2024,Italian,R,NOR,13,85.359,MEDIUM,1,Lift and Coast
2024,Italian,R,NOR,16,84.154,HARD,1,Lift and Coast
2024,Italian,R,NOR,17,85.585,HARD,0,Ritmo de carrera
2024,Italian,R,NOR,18,83.92,HARD,0,Ritmo de carrera
2024,Italian,R,NOR,19,84.152,HARD,1,Lift and Coast
2024,Italian,R,NOR,20,83.882,HARD,1,Lift and Coast
2024,Italian,R,NOR,21,83.753,HARD,1,Lift and Coast
2024,Italian,R,NOR,22,83.652,HARD,1,Lift and Coast
2024,Italian,R,NOR,23,83.581,HARD,1,Lift and Coast
2024,Italian,R,NOR,24,83.601,HARD,1,Lift and Coast
2024,Italian,R,NOR,25,83.321,HARD,1,Lift and Coast
2024,Italian,R,NOR,26,83.469,HARD,1,Lift and Coast
2024,Italian,R,NOR,27,83.267,HARD,0,Ritmo de carrera
2024,Italian,R,NOR,28,83.067,HARD,0,Ritmo de carrera
2024,Italian,R,NOR,29,83.3,HARD,1,Lift and Coast
2024,Italian,R,NOR,30,83.614,HARD,1,Lift and Coast
2024,Italian,R,NOR,31,84.94,HARD,1,Lift and Coast
2024,Italian,R,NOR,34,82.837,HARD,1,Lift and Coast
2024,Italian,R,NOR,35,83.137,HARD,0,Ritmo de carrera
2024,Italian,R,NOR,36,83.114,HARD,1,Lift and Coast
2024,Italian,R,NOR,37,83.178,HARD,0,Ritmo de carrera
2024,Italian,R,NOR,38,83.133,HARD,0,Ritmo de carrera
2024,Italian,R,NOR,39,83.061,HARD,0,Ritmo de carrera
2024,Italian,R,NOR,40,84.162,HARD,1,Lift and Coast
2024,Italian,R,NOR,41,82.234,HARD,0,Ritmo de carrera
2024,Italian,R,NOR,42,82.678,HARD,3,Vuelta de ataque
2024,Italian,R,NOR,43,82.25,HARD,1,Lift and Coast
2024,Italian,R,NOR,44,82.403,HARD,1,Lift and Coast
2024,Italian,R,NOR,45,82.398,HARD,0,Ritmo de carrera
2024,Italian,R,NOR,46,82.041,HARD,1,Lift and Coast
2024,Italian,R,NOR,47,83.852,HARD,0,Ritmo de carrera
2024,Italian,R,NOR,48,81.824,HARD,3,Vuelta de ataque
2024,Italian,R,NOR,49,82.436,HARD,3,Vuelta de ataque
2024,Italian,R,NOR,50,83.266,HARD,2,Tracción Comprometida
2024,Italian,R,NOR,51,82.269,HARD,3,Vuelta de ataque
2024,Italian,R,NOR,52,82.302,HARD,1,Lift and Coast
2024,Italian,R,NOR,53,81.432,HARD,3,Vuelta de ataque
2024,Italian,R,SAI,2,85.731,MEDIUM,0,Ritmo de carrera
2024,Italian,R,SAI,3,85.358,MEDIUM,0,Ritmo de carrera
2024,Italian,R,SAI,4,85.086,MEDIUM,0,Ritmo de carrera
2024,Italian,R,SAI,5,85.006,MEDIUM,0,Ritmo de carrera
2024,Italian,R,SAI,6,84.642,MEDIUM,0,Ritmo de carrera
2024,Italian,R,SAI,7,84.715,MEDIUM,2,Tracción Comprometida
2024,Italian,R,SAI,8,84.87,MEDIUM,3,Vuelta de ataque
2024,Italian,R,SAI,9,84.774,MEDIUM,2,Tracción Comprometida
2024,Italian,R,SAI,10,84.684,MEDIUM,2,Tracción Comprometida
2024,Italian,R,SAI,11,85.066,MEDIUM,2,Tracción Comprometida
2024,Italian,R,SAI,12,85.276,MEDIUM,2,Tracción Comprometida
2024,Italian,R,SAI,13,85.423,MEDIUM,2,Tracción Comprometida
2024,Italian,R,SAI,14,85.234,MEDIUM,2,Tracción Comprometida
2024,Italian,R,SAI,15,85.183,MEDIUM,2,Tracción Comprometida
2024,Italian,R,SAI,16,85.341,MEDIUM,2,Tracción Comprometida
2024,Italian,R,SAI,17,85.407,MEDIUM,2,Tracción Comprometida
2024,Italian,R,SAI,18,85.678,MEDIUM,2,Tracción Comprometida
2024,Italian,R,SAI,21,84.499,HARD,3,Vuelta de ataque
2024,Italian,R,SAI,22,84.226,HARD,3,Vuelta de ataque
2024,Italian,R,SAI,23,84.557,HARD,3,Vuelta de ataque
2024,Italian,R,SAI,24,83.682,HARD,3,Vuelta de ataque
2024,Italian,R,SAI,25,83.687,HARD,2,Tracción Comprometida
2024,Italian,R,SAI,26,83.503,HARD,2,Tracción Comprometida
2024,Italian,R,SAI,27,83.503,HARD,2,Tracción Comprometida
2024,Italian,R,SAI,28,83.751,HARD,3,Vuelta de ataque
2024,Italian,R,SAI,29,83.473,HARD,2,Tracción Comprometida
2024,Italian,R,SAI,30,83.584,HARD,2,Tracción Comprometida
2024,Italian,R,SAI,31,83.33,HARD,3,Vuelta de ataque
2024,Italian,R,SAI,32,83.354,HARD,2,Tracción Comprometida
2024,Italian,R,SAI,33,83.412,HARD,2,Tracción Comprometida
2024,Italian,R,SAI,34,83.285,HARD,2,Tracción Comprometida
2024,Italian,R,SAI,35,83.334,HARD,3,Vuelta de ataque
2024,Italian,R,SAI,36,83.27,HARD,2,Tracción Comprometida
2024,Italian,R,SAI,37,83.29,HARD,2,Tracción Comprometida
2024,Italian,R,SAI,38,83.551,HARD,2,Tracción Comprometida
2024,Italian,R,SAI,39,83.809,HARD,2,Tracción Comprometida
2024,Italian,R,SAI,40,83.803,HARD,2,Tracción Comprometida
2024,Italian,R,SAI,41,83.337,HARD,3,Vuelta de ataque
2024,Italian,R,SAI,42,83.838,HARD,2,Tracción Comprometida
2024,Italian,R,SAI,43,83.793,HARD,2,Tracción Comprometida
2024,Italian,R,SAI,44,83.931,HARD,0,Ritmo de carrera
2024,Italian,R,SAI,45,85.113,HARD,2,Tracción Comprometida
2024,Italian,R,SAI,46,84.001,HARD,0,Ritmo de carrera
2024,Italian,R,SAI,47,84.09,HARD,0,Ritmo de carrera
2024,Italian,R,SAI,48,84.939,HARD,2,Tracción Comprometida
2024,Italian,R,SAI,49,83.921,HARD,3,Vuelta de ataque
2024,Italian,R,SAI,50,83.769,HARD,2,Tracción Comprometida
2024,Italian,R,SAI,51,83.754,HARD,2,Tracción Comprometida
2024,Italian,R,SAI,52,83.722,HARD,2,Tracción Comprometida
2024,Italian,R,SAI,53,83.219,HARD,2,Tracción Comprometida
2024,Italian,R,HAM,2,86.043,MEDIUM,0,Ritmo de carrera
2024,Italian,R,HAM,3,85.63,MEDIUM,0,Ritmo de carrera
2024,Italian,R,HAM,4,85.722,MEDIUM,0,Ritmo de carrera
2024,Italian,R,HAM,5,84.771,MEDIUM,0,Ritmo de carrera
2024,Italian,R,HAM,6,84.919,MEDIUM,0,Ritmo de carrera
2024,Italian,R,HAM,7,85.205,MEDIUM,0,Ritmo de carrera
2024,Italian,R,HAM,8,84.871,MEDIUM,0,Ritmo de carrera
2024,Italian,R,HAM,9,85.035,MEDIUM,1,Lift and Coast
2024,Italian,R,HAM,10,84.909,MEDIUM,1,Lift and Coast
2024,Italian,R,HAM,11,84.938,MEDIUM,1,Lift and Coast
2024,Italian,R,HAM,12,84.932,MEDIUM,0,Ritmo de carrera
2024,Italian,R,HAM,13,85.329,MEDIUM,3,Vuelta de ataque
2024,Italian,R,HAM,14,85.817,MEDIUM,2,Tracción Comprometida
2024,Italian,R,HAM,17,84.843,HARD,0,Ritmo de carrera
2024,Italian,R,HAM,18,84.831,HARD,0,Ritmo de carrera
2024,Italian,R,HAM,19,84.649,HARD,1,Lift and Coast
2024,Italian,R,HAM,20,84.64,HARD,0,Ritmo de carrera
2024,Italian,R,HAM,21,84.915,HARD,0,Ritmo de carrera
2024,Italian,R,HAM,22,84.613,HARD,0,Ritmo de carrera
2024,Italian,R,HAM,23,84.132,HARD,0,Ritmo de carrera
2024,Italian,R,HAM,24,83.818,HARD,1,Lift and Coast
2024,Italian,R,HAM,25,83.804,HARD,0,Ritmo de carrera
2024,Italian,R,HAM,26,83.673,HARD,3,Vuelta de ataque
2024,Italian,R,HAM,27,83.495,HARD,1,Lift and Coast
2024,Italian,R,HAM,28,83.64,HARD,3,Vuelta de ataque
2024,Italian,R,HAM,29,83.507,HARD,1,Lift and Coast
2024,Italian,R,HAM,30,83.445,HARD,0,Ritmo de carrera
2024,Italian,R,HAM,31,83.36,HARD,0,Ritmo de carrera
2024,Italian,R,HAM,32,83.328,HARD,3,Vuelta de ataque
2024,Italian,R,HAM,33,83.397,HARD,1,Lift and Coast
2024,Italian,R,HAM,34,83.531,HARD,0,Ritmo de carrera
2024,Italian,R,HAM,35,83.378,HARD,3,Vuelta de ataque
2024,Italian,R,HAM,36,83.601,HARD,3,Vuelta de ataque
2024,Italian,R,HAM,39,82.968,HARD,3,Vuelta de ataque
2024,Italian,R,HAM,40,83.012,HARD,3,Vuelta de ataque
2024,Italian,R,HAM,41,82.927,HARD,3,Vuelta de ataque
2024,Italian,R,HAM,42,82.52,HARD,3,Vuelta de ataque
2024,Italian,R,HAM,43,82.396,HARD,3,Vuelta de ataque
2024,Italian,R,HAM,44,82.136,HARD,3,Vuelta de ataque
2024,Italian,R,HAM,45,82.176,HARD,1,Lift and Coast
2024,Italian,R,HAM,46,82.307,HARD,3,Vuelta de ataque
2024,Italian,R,HAM,47,82.471,HARD,3,Vuelta de ataque
2024,Italian,R,HAM,48,82.794,HARD,2,Tracción Comprometida
2024,Italian,R,HAM,49,82.446,HARD,3,Vuelta de ataque
2024,Italian,R,HAM,50,82.243,HARD,3,Vuelta de ataque
2024,Italian,R,HAM,51,82.737,HARD,3,Vuelta de ataque
2024,Italian,R,HAM,52,85.703,HARD,1,Lift and Coast
2024,Italian,R,HAM,53,81.512,HARD,3,Vuelta de ataque
2024,Italian,R,VER,2,86.17,HARD,0,Ritmo de carrera
2024,Italian,R,VER,3,85.855,HARD,0,Ritmo de carrera
2024,Italian,R,VER,4,85.633,HARD,0,Ritmo de carrera
2024,Italian,R,VER,5,85.218,HARD,0,Ritmo de carrera
2024,Italian,R,VER,6,85.096,HARD,0,Ritmo de carrera
2024,Italian,R,VER,7,85.042,HARD,0,Ritmo de carrera
2024,Italian,R,VER,8,84.918,HARD,0,Ritmo de carrera
2024,Italian,R,VER,9,85.05,HARD,0,Ritmo de carrera
2024,Italian,R,VER,10,84.964,HARD,0,Ritmo de carrera
2024,Italian,R,VER,11,84.978,HARD,0,Ritmo de carrera
2024,Italian,R,VER,12,84.968,HARD,0,Ritmo de carrera
2024,Italian,R,VER,13,84.957,HARD,0,Ritmo de carrera
2024,Italian,R,VER,14,85.287,HARD,0,Ritmo de carrera
2024,Italian,R,VER,15,85.746,HARD,0,Ritmo de carrera
2024,Italian,R,VER,16,85.244,HARD,2,Tracción Comprometida
2024,Italian,R,VER,17,85.34,HARD,0,Ritmo de carrera
2024,Italian,R,VER,18,85.469,HARD,0,Ritmo de carrera
2024,Italian,R,VER,19,85.537,HARD,1,Lift and Coast
2024,Italian,R,VER,20,85.559,HARD,3,Vuelta de ataque
2024,Italian,R,VER,21,85.381,HARD,0,Ritmo de carrera
2024,Italian,R,VER,24,83.545,HARD,3,Vuelta de ataque
2024,Italian,R,VER,25,83.801,HARD,3,Vuelta de ataque
2024,Italian,R,VER,26,83.618,HARD,3,Vuelta de ataque
2024,Italian,R,VER,27,83.524,HARD,3,Vuelta de ataque
2024,Italian,R,VER,28,83.509,HARD,3,Vuelta de ataque
2024,Italian,R,VER,29,83.452,HARD,3,Vuelta de ataque
2024,Italian,R,VER,30,83.542,HARD,1,Lift and Coast
2024,Italian,R,VER,31,83.424,HARD,3,Vuelta de ataque
2024,Italian,R,VER,32,83.49,HARD,3,Vuelta de ataque
2024,Italian,R,VER,33,83.621,HARD,3,Vuelta de ataque
2024,Italian,R,VER,34,83.576,HARD,3,Vuelta de ataque
2024,Italian,R,VER,35,83.589,HARD,3,Vuelta de ataque
2024,Italian,R,VER,36,83.559,HARD,3,Vuelta de ataque
2024,Italian,R,VER,37,83.485,HARD,3,Vuelta de ataque
2024,Italian,R,VER,38,83.427,HARD,3,Vuelta de ataque
2024,Italian,R,VER,39,83.501,HARD,3,Vuelta de ataque
2024,Italian,R,VER,40,84.337,HARD,0,Ritmo de carrera
2024,Italian,R,VER,43,81.745,MEDIUM,3,Vuelta de ataque
2024,Italian,R,VER,44,83.045,MEDIUM,1,Lift and Coast
2024,Italian,R,VER,45,83.363,MEDIUM,3,Vuelta de ataque
2024,Italian,R,VER,46,82.941,MEDIUM,3,Vuelta de ataque
2024,Italian,R,VER,47,82.52,MEDIUM,3,Vuelta de ataque
2024,Italian,R,VER,48,82.57,MEDIUM,3,Vuelta de ataque
2024,Italian,R,VER,49,82.584,MEDIUM,3,Vuelta de ataque
2024,Italian,R,VER,50,82.585,MEDIUM,3,Vuelta de ataque
2024,Italian,R,VER,51,82.574,MEDIUM,3,Vuelta de ataque
2024,Italian,R,VER,52,82.92,MEDIUM,0,Ritmo de carrera
2024,Italian,R,VER,53,83.711,MEDIUM,0,Ritmo de carrera
2024,Italian,R,RUS,2,86.055,MEDIUM,0,Ritmo de carrera
2024,Italian,R,RUS,3,85.733,MEDIUM,0,Ritmo de carrera
2024,Italian,R,RUS,4,85.762,MEDIUM,0,Ritmo de carrera
2024,Italian,R,RUS,5,85.494,MEDIUM,0,Ritmo de carrera
2024,Italian,R,RUS,6,85.101,MEDIUM,3,Vuelta de ataque
2024,Italian,R,RUS,7,85.046,MEDIUM,3,Vuelta de ataque
2024,Italian,R,RUS,8,85.216,MEDIUM,3,Vuelta de ataque
2024,Italian,R,RUS,9,85.115,MEDIUM,3,Vuelta de ataque
2024,Italian,R,RUS,10,85.468,MEDIUM,3,Vuelta de ataque
2024,Italian,R,RUS,13,84.546,HARD,3,Vuelta de ataque
2024,Italian,R,RUS,14,84.548,HARD,3,Vuelta de ataque
2024,Italian,R,RUS,15,84.56,HARD,3,Vuelta de ataque
2024,Italian,R,RUS,16,84.692,HARD,3,Vuelta de ataque
2024,Italian,R,RUS,17,84.546,HARD,1,Lift and Coast
2024,Italian,R,RUS,18,84.521,HARD,1,Lift and Coast
2024,Italian,R,RUS,19,84.706,HARD,1,Lift and Coast
2024,Italian,R,RUS,20,85.504,HARD,1,Lift and Coast
2024,Italian,R,RUS,21,84.626,HARD,1,Lift and Coast
2024,Italian,R,RUS,22,84.711,HARD,0,Ritmo de carrera
2024,Italian,R,RUS,23,84.624,HARD,1,Lift and Coast
2024,Italian,R,RUS,24,84.621,HARD,0,Ritmo de carrera
2024,Italian,R,RUS,25,85.174,HARD,0,Ritmo de carrera
2024,Italian,R,RUS,26,83.575,HARD,3,Vuelta de ataque
2024,Italian,R,RUS,27,83.732,HARD,1,Lift and Coast
2024,Italian,R,RUS,28,83.383,HARD,1,Lift and Coast
2024,Italian,R,RUS,29,83.516,HARD,1,Lift and Coast
2024,Italian,R,RUS,30,83.177,HARD,3,Vuelta de ataque
2024,Italian,R,RUS,31,85.331,HARD,0,Ritmo de carrera
2024,Italian,R,RUS,32,83.542,HARD,1,Lift and Coast
2024,Italian,R,RUS,35,82.944,HARD,3,Vuelta de ataque
2024,Italian,R,RUS,36,83.333,HARD,3,Vuelta de ataque
2024,Italian,R,RUS,37,83.158,HARD,0,Ritmo de carrera
2024,Italian,R,RUS,38,85.166,HARD,0,Ritmo de carrera
2024,Italian,R,RUS,39,83.142,HARD,3,Vuelta de ataque
2024,Italian,R,RUS,40,82.886,HARD,3,Vuelta de ataque
2024,Italian,R,RUS,41,84.039,HARD,1,Lift and Coast
2024,Italian,R,RUS,42,82.799,HARD,3,Vuelta de ataque
2024,Italian,R,RUS,43,82.939,HARD,3,Vuelta de ataque
2024,Italian,R,RUS,44,82.923,HARD,3,Vuelta de ataque
2024,Italian,R,RUS,45,82.685,HARD,3,Vuelta de ataque
2024,Italian,R,RUS,46,82.419,HARD,3,Vuelta de ataque
2024,Italian,R,RUS,47,82.343,HARD,3,Vuelta de ataque
2024,Italian,R,RUS,48,82.165,HARD,3,Vuelta de ataque
2024,Italian,R,RUS,49,82.036,HARD,3,Vuelta de ataque
2024,Italian,R,RUS,50,82.156,HARD,3,Vuelta de ataque
2024,Italian,R,RUS,51,82.311,HARD,3,Vuelta de ataque
2024,Italian,R,RUS,52,82.447,HARD,3,Vuelta de ataque
2024,Italian,R,RUS,53,82.7,HARD,3,Vuelta de ataque
2024,Italian,R,PER,2,86.411,HARD,0,Ritmo de carrera
2024,Italian,R,PER,3,85.757,HARD,0,Ritmo de carrera
2024,Italian,R,PER,4,85.805,HARD,0,Ritmo de carrera
2024,Italian,R,PER,5,85.447,HARD,0,Ritmo de carrera
2024,Italian,R,PER,6,85.105,HARD,1,Lift and Coast
2024,Italian,R,PER,7,85.434,HARD,0,Ritmo de carrera
2024,Italian,R,PER,8,85.186,HARD,0,Ritmo de carrera
2024,Italian,R,PER,9,84.977,HARD,0,Ritmo de carrera
2024,Italian,R,PER,10,84.841,HARD,0,Ritmo de carrera
2024,Italian,R,PER,11,84.773,HARD,0,Ritmo de carrera
2024,Italian,R,PER,12,84.654,HARD,1,Lift and Coast
2024,Italian,R,PER,13,85.041,HARD,1,Lift and Coast
2024,Italian,R,PER,14,85.229,HARD,0,Ritmo de carrera
2024,Italian,R,PER,15,85.543,HARD,0,Ritmo de carrera
2024,Italian,R,PER,16,85.434,HARD,0,Ritmo de carrera
2024,Italian,R,PER,17,85.444,HARD,0,Ritmo de carrera
2024,Italian,R,PER,18,85.448,HARD,0,Ritmo de carrera
2024,Italian,R,PER,19,85.683,HARD,0,Ritmo de carrera
2024,Italian,R,PER,20,86.111,HARD,0,Ritmo de carrera
2024,Italian,R,PER,21,85.864,HARD,0,Ritmo de carrera
2024,Italian,R,PER,22,85.709,HARD,0,Ritmo de carrera
2024,Italian,R,PER,25,84.109,HARD,0,Ritmo de carrera
2024,Italian,R,PER,26,83.975,HARD,0,Ritmo de carrera
2024,Italian,R,PER,27,83.784,HARD,3,Vuelta de ataque
2024,Italian,R,PER,28,83.598,HARD,3,Vuelta de ataque
2024,Italian,R,PER,29,83.854,HARD,3,Vuelta de ataque
2024,Italian,R,PER,30,83.474,HARD,3,Vuelta de ataque
2024,Italian,R,PER,31,85.086,HARD,0,Ritmo de carrera
2024,Italian,R,PER,32,83.825,HARD,3,Vuelta de ataque
2024,Italian,R,PER,33,83.473,HARD,3,Vuelta de ataque
2024,Italian,R,PER,34,83.611,HARD,3,Vuelta de ataque
2024,Italian,R,PER,37,83.291,MEDIUM,3,Vuelta de ataque
2024,Italian,R,PER,38,86.243,MEDIUM,0,Ritmo de carrera
2024,Italian,R,PER,39,83.707,MEDIUM,0,Ritmo de carrera
2024,Italian,R,PER,40,83.393,MEDIUM,3,Vuelta de ataque
2024,Italian,R,PER,41,83.267,MEDIUM,0,Ritmo de carrera
2024,Italian,R,PER,42,83.908,MEDIUM,0,Ritmo de carrera
2024,Italian,R,PER,43,84.537,MEDIUM,0,Ritmo de carrera
2024,Italian,R,PER,44,83.617,MEDIUM,0,Ritmo de carrera
2024,Italian,R,PER,45,83.033,MEDIUM,0,Ritmo de carrera
2024,Italian,R,PER,46,82.996,MEDIUM,3,Vuelta de ataque
2024,Italian,R,PER,47,82.971,MEDIUM,1,Lift and Coast
2024,Italian,R,PER,48,83.315,MEDIUM,3,Vuelta de ataque
2024,Italian,R,PER,49,83.612,MEDIUM,3,Vuelta de ataque
2024,Italian,R,PER,50,83.39,MEDIUM,3,Vuelta de ataque
2024,Italian,R,PER,51,83.415,MEDIUM,3,Vuelta de ataque
2024,Italian,R,PER,52,84.071,MEDIUM,0,Ritmo de carrera
2024,Italian,R,PER,53,84.511,MEDIUM,2,Tracción Comprometida
2024,Italian,R,ALB,2,87.011,MEDIUM,0,Ritmo de carrera
2024,Italian,R,ALB,3,86.282,MEDIUM,0,Ritmo de carrera
2024,Italian,R,ALB,4,86.527,MEDIUM,0,Ritmo de carrera
2024,Italian,R,ALB,5,86.039,MEDIUM,0,Ritmo de carrera
2024,Italian,R,ALB,6,85.946,MEDIUM,0,Ritmo de carrera
2024,Italian,R,ALB,7,85.99,MEDIUM,1,Lift and Coast
2024,Italian,R,ALB,8,85.963,MEDIUM,1,Lift and Coast
2024,Italian,R,ALB,9,85.666,MEDIUM,0,Ritmo de carrera
2024,Italian,R,ALB,10,85.711,MEDIUM,0,Ritmo de carrera
2024,Italian,R,ALB,11,85.734,MEDIUM,2,Tracción Comprometida
2024,Italian,R,ALB,12,85.468,MEDIUM,1,Lift and Coast
2024,Italian,R,ALB,13,85.533,MEDIUM,1,Lift and Coast
2024,Italian,R,ALB,14,86.14,MEDIUM,0,Ritmo de carrera
2024,Italian,R,ALB,15,86.463,MEDIUM,0,Ritmo de carrera
2024,Italian,R,ALB,16,86.454,MEDIUM,2,Tracción Comprometida
2024,Italian,R,ALB,19,85.254,HARD,1,Lift and Coast
2024,Italian,R,ALB,20,85.074,HARD,0,Ritmo de carrera
2024,Italian,R,ALB,21,84.86,HARD,0,Ritmo de carrera
2024,Italian,R,ALB,22,85.053,HARD,0,Ritmo de carrera
2024,Italian,R,ALB,23,85.132,HARD,2,Tracción Comprometida
2024,Italian,R,ALB,24,85.196,HARD,0,Ritmo de carrera
2024,Italian,R,ALB,25,84.707,HARD,1,Lift and Coast
2024,Italian,R,ALB,26,85.065,HARD,0,Ritmo de carrera
2024,Italian,R,ALB,27,84.949,HARD,1,Lift and Coast
2024,Italian,R,ALB,28,84.793,HARD,1,Lift and Coast
2024,Italian,R,ALB,29,84.871,HARD,1,Lift and Coast
2024,Italian,R,ALB,30,84.754,HARD,1,Lift and Coast
2024,Italian,R,ALB,31,85.229,HARD,0,Ritmo de carrera
2024,Italian,R,ALB,32,84.412,HARD,0,Ritmo de carrera
2024,Italian,R,ALB,33,86.282,HARD,0,Ritmo de carrera
2024,Italian,R,ALB,34,85.57,HARD,0,Ritmo de carrera
2024,Italian,R,ALB,35,84.994,HARD,1,Lift and Coast
2024,Italian,R,ALB,36,84.748,HARD,1,Lift and Coast
2024,Italian,R,ALB,37,85.882,HARD,0,Ritmo de carrera
2024,Italian,R,ALB,38,85.214,HARD,0,Ritmo de carrera
2024,Italian,R,ALB,39,84.971,HARD,0,Ritmo de carrera
2024,Italian,R,ALB,40,84.552,HARD,0,Ritmo de carrera
2024,Italian,R,ALB,41,84.372,HARD,0,Ritmo de carrera
2024,Italian,R,ALB,42,84.874,HARD,2,Tracción Comprometida
2024,Italian,R,ALB,43,84.669,HARD,2,Tracción Comprometida
2024,Italian,R,ALB,44,84.678,HARD,2,Tracción Comprometida
2024,Italian,R,ALB,45,84.569,HARD,3,Vuelta de ataque
2024,Italian,R,ALB,46,84.554,HARD,3,Vuelta de ataque
2024,Italian,R,ALB,47,84.383,HARD,3,Vuelta de ataque
2024,Italian,R,ALB,48,84.149,HARD,3,Vuelta de ataque
2024,Italian,R,ALB,49,84.262,HARD,3,Vuelta de ataque
2024,Italian,R,ALB,50,83.956,HARD,3,Vuelta de ataque
2024,Italian,R,ALB,51,83.921,HARD,3,Vuelta de ataque
2024,Italian,R,ALB,52,83.955,HARD,3,Vuelta de ataque
2024,Italian,R,ALB,53,83.918,HARD,3,Vuelta de ataque
2024,Italian,R,MAG,3,86.584,MEDIUM,0,Ritmo de carrera
2024,Italian,R,MAG,4,86.372,MEDIUM,1,Lift and Coast
2024,Italian,R,MAG,5,86.142,MEDIUM,1,Lift and Coast
2024,Italian,R,MAG,6,85.902,MEDIUM,1,Lift and Coast
2024,Italian,R,MAG,7,85.825,MEDIUM,1,Lift and Coast
2024,Italian,R,MAG,8,85.966,MEDIUM,1,Lift and Coast
2024,Italian,R,MAG,9,85.785,MEDIUM,1,Lift and Coast
2024,Italian,R,MAG,10,85.799,MEDIUM,0,Ritmo de carrera
2024,Italian,R,MAG,11,86.04,MEDIUM,0,Ritmo de carrera
2024,Italian,R,MAG,12,86.145,MEDIUM,1,Lift and Coast
2024,Italian,R,MAG,13,86.286,MEDIUM,1,Lift and Coast
2024,Italian,R,MAG,16,85.644,HARD,1,Lift and Coast
2024,Italian,R,MAG,17,84.769,HARD,1,Lift and Coast
2024,Italian,R,MAG,18,86.533,HARD,0,Ritmo de carrera
2024,Italian,R,MAG,19,85.109,HARD,1,Lift and Coast
2024,Italian,R,MAG,20,85.154,HARD,1,Lift and Coast
2024,Italian,R,MAG,21,84.793,HARD,1,Lift and Coast
2024,Italian,R,MAG,22,85.071,HARD,0,Ritmo de carrera
2024,Italian,R,MAG,23,85.057,HARD,1,Lift and Coast
2024,Italian,R,MAG,24,85.131,HARD,1,Lift and Coast
2024,Italian,R,MAG,25,85.504,HARD,1,Lift and Coast
2024,Italian,R,MAG,26,85.199,HARD,0,Ritmo de carrera
2024,Italian,R,MAG,27,84.64,HARD,1,Lift and Coast
2024,Italian,R,MAG,28,84.415,HARD,1,Lift and Coast
2024,Italian,R,MAG,29,84.799,HARD,1,Lift and Coast
2024,Italian,R,MAG,30,84.573,HARD,1,Lift and Coast
2024,Italian,R,MAG,31,84.458,HARD,1,Lift and Coast
2024,Italian,R,MAG,32,84.408,HARD,1,Lift and Coast
2024,Italian,R,MAG,33,84.853,HARD,1,Lift and Coast
2024,Italian,R,MAG,34,84.702,HARD,1,Lift and Coast
2024,Italian,R,MAG,35,84.17,HARD,1,Lift and Coast
2024,Italian,R,MAG,36,84.276,HARD,1,Lift and Coast
2024,Italian,R,MAG,37,83.95,HARD,1,Lift and Coast
2024,Italian,R,MAG,38,84.803,HARD,1,Lift and Coast
2024,Italian,R,MAG,39,84.463,HARD,1,Lift and Coast
2024,Italian,R,MAG,40,84.282,HARD,1,Lift and Coast
2024,Italian,R,MAG,41,84.625,HARD,1,Lift and Coast
2024,Italian,R,MAG,42,84.628,HARD,1,Lift and Coast
2024,Italian,R,MAG,43,84.605,HARD,1,Lift and Coast
2024,Italian,R,MAG,44,85.205,HARD,1,Lift and Coast
2024,Italian,R,MAG,45,84.272,HARD,1,Lift and Coast
2024,Italian,R,MAG,46,84.124,HARD,3,Vuelta de ataque
2024,Italian,R,MAG,47,83.971,HARD,1,Lift and Coast
2024,Italian,R,MAG,48,83.741,HARD,3,Vuelta de ataque
2024,Italian,R,MAG,49,83.708,HARD,3,Vuelta de ataque
2024,Italian,R,MAG,50,83.603,HARD,0,Ritmo de carrera
2024,Italian,R,MAG,51,83.437,HARD,3,Vuelta de ataque
2024,Italian,R,MAG,52,83.691,HARD,3,Vuelta de ataque
2024,Italian,R,MAG,53,83.715,HARD,3,Vuelta de ataque
2024,Italian,R,ALO,3,86.41,MEDIUM,0,Ritmo de carrera
2024,Italian,R,ALO,4,86.411,MEDIUM,0,Ritmo de carrera
2024,Italian,R,ALO,5,86.218,MEDIUM,1,Lift and Coast
2024,Italian,R,ALO,6,85.911,MEDIUM,0,Ritmo de carrera
2024,Italian,R,ALO,7,85.95,MEDIUM,0,Ritmo de carrera
2024,Italian,R,ALO,8,85.693,MEDIUM,0,Ritmo de carrera
2024,Italian,R,ALO,9,85.969,MEDIUM,0,Ritmo de carrera
2024,Italian,R,ALO,10,85.832,MEDIUM,0,Ritmo de carrera
2024,Italian,R,ALO,11,85.758,MEDIUM,0,Ritmo de carrera
2024,Italian,R,ALO,14,85.832,HARD,0,Ritmo de carrera
2024,Italian,R,ALO,15,84.67,HARD,0,Ritmo de carrera
2024,Italian,R,ALO,16,84.614,HARD,0,Ritmo de carrera
2024,Italian,R,ALO,17,84.574,HARD,0,Ritmo de carrera
2024,Italian,R,ALO,18,84.882,HARD,0,Ritmo de carrera
2024,Italian,R,ALO,19,85.314,HARD,0,Ritmo de carrera
2024,Italian,R,ALO,20,85.676,HARD,1,Lift and Coast
2024,Italian,R,ALO,21,85.297,HARD,0,Ritmo de carrera
2024,Italian,R,ALO,22,85.451,HARD,0,Ritmo de carrera
2024,Italian,R,ALO,23,85.017,HARD,3,Vuelta de ataque
2024,Italian,R,ALO,24,84.588,HARD,3,Vuelta de ataque
2024,Italian,R,ALO,25,84.504,HARD,3,Vuelta de ataque
2024,Italian,R,ALO,26,84.937,HARD,0,Ritmo de carrera
2024,Italian,R,ALO,27,84.891,HARD,0,Ritmo de carrera
2024,Italian,R,ALO,28,84.725,HARD,3,Vuelta de ataque
2024,Italian,R,ALO,29,85.011,HARD,2,Tracción Comprometida
2024,Italian,R,ALO,30,85.039,HARD,0,Ritmo de carrera
2024,Italian,R,ALO,31,85.128,HARD,2,Tracción Comprometida
2024,Italian,R,ALO,32,85.099,HARD,3,Vuelta de ataque
2024,Italian,R,ALO,33,85.289,HARD,0,Ritmo de carrera
2024,Italian,R,ALO,34,85.083,HARD,3,Vuelta de ataque
2024,Italian,R,ALO,37,83.703,HARD,1,Lift and Coast
2024,Italian,R,ALO,38,83.847,HARD,3,Vuelta de ataque
2024,Italian,R,ALO,39,83.77,HARD,0,Ritmo de carrera
2024,Italian,R,ALO,40,83.683,HARD,3,Vuelta de ataque
2024,Italian,R,ALO,41,83.822,HARD,0,Ritmo de carrera
2024,Italian,R,ALO,42,83.637,HARD,3,Vuelta de ataque
2024,Italian,R,ALO,43,83.681,HARD,0,Ritmo de carrera
2024,Italian,R,ALO,44,83.529,HARD,0,Ritmo de carrera
2024,Italian,R,ALO,45,83.484,HARD,3,Vuelta de ataque
2024,Italian,R,ALO,46,82.944,HARD,3,Vuelta de ataque
2024,Italian,R,ALO,47,83.221,HARD,1,Lift and Coast
2024,Italian,R,ALO,48,83.245,HARD,3,Vuelta de ataque
2024,Italian,R,ALO,49,83.525,HARD,3,Vuelta de ataque
2024,Italian,R,ALO,50,83.511,HARD,3,Vuelta de ataque
2024,Italian,R,ALO,51,83.468,HARD,3,Vuelta de ataque
2024,Italian,R,ALO,52,83.761,HARD,3,Vuelta de ataque
2024,Italian,R,ALO,53,83.686,HARD,0,Ritmo de carrera
2024,Italian,R,COL,3,86.578,MEDIUM,0,Ritmo de carrera
2024,Italian,R,COL,4,86.25,MEDIUM,2,Tracción Comprometida
2024,Italian,R,COL,6,86.057,MEDIUM,0,Ritmo de carrera
2024,Italian,R,COL,8,86.385,MEDIUM,2,Tracción Comprometida
2024,Italian,R,COL,9,86.222,MEDIUM,0,Ritmo de carrera
2024,Italian,R,COL,10,86.289,MEDIUM,2,Tracción Comprometida
2024,Italian,R,COL,11,86.607,MEDIUM,2,Tracción Comprometida
2024,Italian,R,COL,12,86.5,MEDIUM,0,Ritmo de carrera
2024,Italian,R,COL,13,86.41,MEDIUM,0,Ritmo de carrera
2024,Italian,R,COL,14,86.93,MEDIUM,1,Lift and Coast
2024,Italian,R,COL,15,86.672,MEDIUM,0,Ritmo de carrera
2024,Italian,R,COL,18,84.485,HARD,0,Ritmo de carrera
2024,Italian,R,COL,19,84.928,HARD,2,Tracción Comprometida
2024,Italian,R,COL,20,85.148,HARD,2,Tracción Comprometida
2024,Italian,R,COL,21,84.784,HARD,2,Tracción Comprometida
2024,Italian,R,COL,22,84.852,HARD,0,Ritmo de carrera
2024,Italian,R,COL,23,84.649,HARD,1,Lift and Coast
2024,Italian,R,COL,24,84.635,HARD,1,Lift and Coast
2024,Italian,R,COL,25,84.916,HARD,0,Ritmo de carrera
2024,Italian,R,COL,26,84.639,HARD,2,Tracción Comprometida
2024,Italian,R,COL,27,84.497,HARD,2,Tracción Comprometida
2024,Italian,R,COL,28,85.005,HARD,0,Ritmo de carrera
2024,Italian,R,COL,29,85.634,HARD,2,Tracción Comprometida
2024,Italian,R,COL,30,85.412,HARD,0,Ritmo de carrera
2024,Italian,R,COL,31,85.586,HARD,0,Ritmo de carrera
2024,Italian,R,COL,32,85.433,HARD,0,Ritmo de carrera
2024,Italian,R,COL,33,84.868,HARD,0,Ritmo de carrera
2024,Italian,R,COL,34,84.921,HARD,1,Lift and Coast
2024,Italian,R,COL,35,84.798,HARD,0,Ritmo de carrera
2024,Italian,R,COL,36,84.84,HARD,0,Ritmo de carrera
2024,Italian,R,COL,37,85.345,HARD,1,Lift and Coast
2024,Italian,R,COL,38,85.194,HARD,2,Tracción Comprometida
2024,Italian,R,COL,39,85.128,HARD,2,Tracción Comprometida
2024,Italian,R,COL,40,85.147,HARD,1,Lift and Coast
2024,Italian,R,COL,41,84.801,HARD,0,Ritmo de carrera
2024,Italian,R,COL,42,84.62,HARD,0,Ritmo de carrera
2024,Italian,R,COL,43,85.979,HARD,2,Tracción Comprometida
2024,Italian,R,COL,44,85.161,HARD,0,Ritmo de carrera
2024,Italian,R,COL,45,84.812,HARD,0,Ritmo de carrera
2024,Italian,R,COL,46,84.939,HARD,2,Tracción Comprometida
2024,Italian,R,COL,47,84.697,HARD,1,Lift and Coast
2024,Italian,R,COL,48,84.538,HARD,2,Tracción Comprometida
2024,Italian,R,COL,49,84.474,HARD,2,Tracción Comprometida
2024,Italian,R,COL,50,84.3,HARD,2,Tracción Comprometida
2024,Italian,R,COL,51,84.186,HARD,2,Tracción Comprometida
2024,Italian,R,COL,52,84.429,HARD,2,Tracción Comprometida
2024,Italian,R,COL,53,83.728,HARD,0,Ritmo de carrera
2024,Italian,R,RIC,5,86.251,MEDIUM,1,Lift and Coast
2024,Italian,R,RIC,6,85.899,MEDIUM,1,Lift and Coast
2024,Italian,R,RIC,7,85.713,MEDIUM,0,Ritmo de carrera
2024,Italian,R,RIC,8,85.993,MEDIUM,0,Ritmo de carrera
2024,Italian,R,RIC,9,85.815,MEDIUM,0,Ritmo de carrera
2024,Italian,R,RIC,10,86.111,MEDIUM,0,Ritmo de carrera
2024,Italian,R,RIC,13,86.122,HARD,1,Lift and Coast
2024,Italian,R,RIC,14,85.827,HARD,1,Lift and Coast
2024,Italian,R,RIC,15,85.572,HARD,1,Lift and Coast
2024,Italian,R,RIC,16,85.398,HARD,1,Lift and Coast
2024,Italian,R,RIC,17,85.028,HARD,1,Lift and Coast
2024,Italian,R,RIC,18,85.062,HARD,1,Lift and Coast
2024,Italian,R,RIC,19,84.897,HARD,1,Lift and Coast
2024,Italian,R,RIC,20,84.753,HARD,1,Lift and Coast
2024,Italian,R,RIC,21,84.991,HARD,1,Lift and Coast
2024,Italian,R,RIC,22,85.08,HARD,1,Lift and Coast
2024,Italian,R,RIC,23,84.848,HARD,1,Lift and Coast
2024,Italian,R,RIC,24,84.931,HARD,1,Lift and Coast
2024,Italian,R,RIC,25,85.047,HARD,1,Lift and Coast
2024,Italian,R,RIC,26,84.906,HARD,0,Ritmo de carrera
2024,Italian,R,RIC,27,85.595,HARD,0,Ritmo de carrera
2024,Italian,R,RIC,28,85.38,HARD,0,Ritmo de carrera
2024,Italian,R,RIC,29,84.835,HARD,1,Lift and Coast
2024,Italian,R,RIC,30,84.97,HARD,1,Lift and Coast
2024,Italian,R,RIC,31,84.875,HARD,1,Lift and Coast
2024,Italian,R,RIC,32,84.69,HARD,1,Lift and Coast
2024,Italian,R,RIC,33,84.662,HARD,1,Lift and Coast
2024,Italian,R,RIC,34,84.777,HARD,1,Lift and Coast
2024,Italian,R,RIC,35,85.588,HARD,1,Lift and Coast
2024,Italian,R,RIC,36,85.081,HARD,0,Ritmo de carrera
2024,Italian,R,RIC,37,85.095,HARD,0,Ritmo de carrera
2024,Italian,R,RIC,38,85.288,HARD,0,Ritmo de carrera
2024,Italian,R,RIC,39,85.033,HARD,1,Lift and Coast
2024,Italian,R,RIC,40,85.025,HARD,0,Ritmo de carrera
2024,Italian,R,RIC,41,84.945,HARD,3,Vuelta de ataque
2024,Italian,R,RIC,42,84.954,HARD,3,Vuelta de ataque
2024,Italian,R,RIC,43,85.179,HARD,0,Ritmo de carrera
2024,Italian,R,RIC,44,84.776,HARD,0,Ritmo de carrera
2024,Italian,R,RIC,45,85.063,HARD,0,Ritmo de carrera
2024,Italian,R,RIC,46,85.685,HARD,0,Ritmo de carrera
2024,Italian,R,RIC,47,84.775,HARD,3,Vuelta de ataque
2024,Italian,R,RIC,48,84.518,HARD,0,Ritmo de carrera
2024,Italian,R,RIC,49,84.617,HARD,3,Vuelta de ataque
2024,Italian,R,RIC,50,84.817,HARD,3,Vuelta de ataque
2024,Italian,R,RIC,51,84.639,HARD,1,Lift and Coast
2024,Italian,R,RIC,52,84.219,HARD,3,Vuelta de ataque
2024,Italian,R,RIC,53,84.347,HARD,3,Vuelta de ataque
2024,Italian,R,OCO,3,86.466,HARD,0,Ritmo de carrera
2024,Italian,R,OCO,4,86.297,HARD,0,Ritmo de carrera
2024,Italian,R,OCO,5,86.568,HARD,0,Ritmo de carrera
2024,Italian,R,OCO,6,85.684,HARD,0,Ritmo de carrera
2024,Italian,R,OCO,7,86.006,HARD,0,Ritmo de carrera
2024,Italian,R,OCO,8,86.053,HARD,0,Ritmo de carrera
2024,Italian,R,OCO,9,85.369,HARD,0,Ritmo de carrera
2024,Italian,R,OCO,10,86.035,HARD,0,Ritmo de carrera
2024,Italian,R,OCO,11,86.349,HARD,0,Ritmo de carrera
2024,Italian,R,OCO,12,85.954,HARD,0,Ritmo de carrera
2024,Italian,R,OCO,13,86.059,HARD,0,Ritmo de carrera
2024,Italian,R,OCO,14,86.307,HARD,1,Lift and Coast
2024,Italian,R,OCO,15,86.677,HARD,2,Tracción Comprometida
2024,Italian,R,OCO,16,86.694,HARD,0,Ritmo de carrera
2024,Italian,R,OCO,17,86.002,HARD,0,Ritmo de carrera
2024,Italian,R,OCO,18,86.234,HARD,2,Tracción Comprometida
2024,Italian,R,OCO,19,86.174,HARD,2,Tracción Comprometida
2024,Italian,R,OCO,21,86.45,HARD,2,Tracción Comprometida
2024,Italian,R,OCO,22,86.327,HARD,2,Tracción Comprometida
2024,Italian,R,OCO,23,86.201,HARD,2,Tracción Comprometida
2024,Italian,R,OCO,24,86.77,HARD,2,Tracción Comprometida
2024,Italian,R,OCO,26,86.383,HARD,2,Tracción Comprometida
2024,Italian,R,OCO,27,86.725,HARD,2,Tracción Comprometida
2024,Italian,R,OCO,28,86.013,HARD,0,Ritmo de carrera
2024,Italian,R,OCO,29,86.099,HARD,3,Vuelta de ataque
2024,Italian,R,OCO,30,86.025,HARD,3,Vuelta de ataque
2024,Italian,R,OCO,33,84.652,MEDIUM,2,Tracción Comprometida
2024,Italian,R,OCO,34,84.965,MEDIUM,2,Tracción Comprometida
2024,Italian,R,OCO,35,85.019,MEDIUM,3,Vuelta de ataque
2024,Italian,R,OCO,36,84.942,MEDIUM,2,Tracción Comprometida
2024,Italian,R,OCO,37,84.613,MEDIUM,3,Vuelta de ataque
2024,Italian,R,OCO,38,84.845,MEDIUM,3,Vuelta de ataque
2024,Italian,R,OCO,39,85.267,MEDIUM,3,Vuelta de ataque
2024,Italian,R,OCO,40,85.211,MEDIUM,1,Lift and Coast
2024,Italian,R,OCO,41,85.06,MEDIUM,1,Lift and Coast
2024,Italian,R,OCO,42,85.119,MEDIUM,0,Ritmo de carrera
2024,Italian,R,OCO,43,86.111,MEDIUM,2,Tracción Comprometida
2024,Italian,R,OCO,44,84.669,MEDIUM,0,Ritmo de carrera
2024,Italian,R,OCO,45,84.587,MEDIUM,2,Tracción Comprometida
2024,Italian,R,OCO,46,84.449,MEDIUM,2,Tracción Comprometida
2024,Italian,R,OCO,47,84.506,MEDIUM,3,Vuelta de ataque
2024,Italian,R,OCO,48,84.458,MEDIUM,3,Vuelta de ataque
2024,Italian,R,OCO,49,85.79,MEDIUM,2,Tracción Comprometida
2024,Italian,R,OCO,50,85.688,MEDIUM,2,Tracción Comprometida
2024,Italian,R,OCO,51,84.59,MEDIUM,3,Vuelta de ataque
2024,Italian,R,OCO,52,84.343,MEDIUM,3,Vuelta de ataque
2024,Italian,R,GAS,2,86.606,MEDIUM,0,Ritmo de carrera
2024,Italian,R,GAS,3,86.646,MEDIUM,0,Ritmo de carrera
2024,Italian,R,GAS,4,86.395,MEDIUM,0,Ritmo de carrera
2024,Italian,R,GAS,5,86.361,MEDIUM,0,Ritmo de carrera
2024,Italian,R,GAS,6,86.042,MEDIUM,0,Ritmo de carrera
2024,Italian,R,GAS,7,85.82,MEDIUM,1,Lift and Coast
2024,Italian,R,GAS,8,86.465,MEDIUM,0,Ritmo de carrera
2024,Italian,R,GAS,12,85.07,HARD,0,Ritmo de carrera
2024,Italian,R,GAS,13,84.816,HARD,3,Vuelta de ataque
2024,Italian,R,GAS,14,85.214,HARD,0,Ritmo de carrera
2024,Italian,R,GAS,15,85.529,HARD,0,Ritmo de carrera
2024,Italian,R,GAS,16,85.537,HARD,0,Ritmo de carrera
2024,Italian,R,GAS,17,85.165,HARD,3,Vuelta de ataque
2024,Italian,R,GAS,18,86.182,HARD,0,Ritmo de carrera
2024,Italian,R,GAS,19,85.403,HARD,0,Ritmo de carrera
2024,Italian,R,GAS,20,85.058,HARD,0,Ritmo de carrera
2024,Italian,R,GAS,21,84.878,HARD,0,Ritmo de carrera
2024,Italian,R,GAS,22,85.105,HARD,3,Vuelta de ataque
2024,Italian,R,GAS,23,86.161,HARD,0,Ritmo de carrera
2024,Italian,R,GAS,24,85.882,HARD,0,Ritmo de carrera
2024,Italian,R,GAS,25,85.988,HARD,0,Ritmo de carrera
2024,Italian,R,GAS,26,85.742,HARD,0,Ritmo de carrera
2024,Italian,R,GAS,28,85.823,HARD,0,Ritmo de carrera
2024,Italian,R,GAS,29,86.079,HARD,1,Lift and Coast
2024,Italian,R,GAS,32,84.423,HARD,3,Vuelta de ataque
2024,Italian,R,GAS,33,84.252,HARD,0,Ritmo de carrera
2024,Italian,R,GAS,34,84.383,HARD,3,Vuelta de ataque
2024,Italian,R,GAS,35,84.822,HARD,1,Lift and Coast
2024,Italian,R,GAS,36,85.591,HARD,0,Ritmo de carrera
2024,Italian,R,GAS,37,84.386,HARD,0,Ritmo de carrera
2024,Italian,R,GAS,38,85.229,HARD,0,Ritmo de carrera
2024,Italian,R,GAS,39,84.591,HARD,0,Ritmo de carrera
2024,Italian,R,GAS,40,85.104,HARD,0,Ritmo de carrera
2024,Italian,R,GAS,41,85.772,HARD,0,Ritmo de carrera
2024,Italian,R,GAS,42,84.605,HARD,0,Ritmo de carrera
2024,Italian,R,GAS,43,85.142,HARD,0,Ritmo de carrera
2024,Italian,R,GAS,44,86.175,HARD,0,Ritmo de carrera
2024,Italian,R,GAS,45,85.425,HARD,2,Tracción Comprometida
2024,Italian,R,GAS,46,84.403,HARD,0,Ritmo de carrera
2024,Italian,R,GAS,47,83.923,HARD,0,Ritmo de carrera
2024,Italian,R,GAS,48,84.036,HARD,0,Ritmo de carrera
2024,Italian,R,GAS,49,83.852,HARD,3,Vuelta de ataque
2024,Italian,R,GAS,50,84.077,HARD,3,Vuelta de ataque
2024,Italian,R,GAS,51,83.755,HARD,3,Vuelta de ataque
2024,Italian,R,GAS,52,83.973,HARD,3,Vuelta de ataque
2024,Italian,R,BOT,3,86.918,HARD,0,Ritmo de carrera
2024,Italian,R,BOT,4,86.324,HARD,0,Ritmo de carrera
2024,Italian,R,BOT,6,86.499,HARD,0,Ritmo de carrera
2024,Italian,R,BOT,7,86.359,HARD,0,Ritmo de carrera
2024,Italian,R,BOT,8,86.206,HARD,0,Ritmo de carrera
2024,Italian,R,BOT,9,86.188,HARD,0,Ritmo de carrera
2024,Italian,R,BOT,10,86.118,HARD,0,Ritmo de carrera
2024,Italian,R,BOT,11,86.47,HARD,0,Ritmo de carrera
2024,Italian,R,BOT,12,86.207,HARD,0,Ritmo de carrera
2024,Italian,R,BOT,13,86.349,HARD,0,Ritmo de carrera
2024,Italian,R,BOT,14,86.481,HARD,0,Ritmo de carrera
2024,Italian,R,BOT,15,86.79,HARD,0,Ritmo de carrera
2024,Italian,R,BOT,16,86.569,HARD,0,Ritmo de carrera
2024,Italian,R,BOT,17,86.396,HARD,0,Ritmo de carrera
2024,Italian,R,BOT,18,86.359,HARD,0,Ritmo de carrera
2024,Italian,R,BOT,19,86.456,HARD,0,Ritmo de carrera
2024,Italian,R,BOT,20,86.803,HARD,0,Ritmo de carrera
2024,Italian,R,BOT,23,86.943,HARD,0,Ritmo de carrera
2024,Italian,R,BOT,24,86.542,HARD,0,Ritmo de carrera
2024,Italian,R,BOT,25,86.863,HARD,0,Ritmo de carrera
2024,Italian,R,BOT,26,86.885,HARD,0,Ritmo de carrera
2024,Italian,R,BOT,27,86.309,HARD,0,Ritmo de carrera
2024,Italian,R,BOT,28,85.804,HARD,0,Ritmo de carrera
2024,Italian,R,BOT,29,86.827,HARD,0,Ritmo de carrera
2024,Italian,R,BOT,30,86.022,HARD,0,Ritmo de carrera
2024,Italian,R,BOT,31,86.004,HARD,3,Vuelta de ataque
2024,Italian,R,BOT,35,85.336,MEDIUM,0,Ritmo de carrera
2024,Italian,R,BOT,36,85.114,MEDIUM,0,Ritmo de carrera
2024,Italian,R,BOT,37,85.213,MEDIUM,0,Ritmo de carrera
2024,Italian,R,BOT,38,86.704,MEDIUM,0,Ritmo de carrera
2024,Italian,R,BOT,39,85.081,MEDIUM,0,Ritmo de carrera
2024,Italian,R,BOT,40,85.16,MEDIUM,0,Ritmo de carrera
2024,Italian,R,BOT,41,86.31,MEDIUM,0,Ritmo de carrera
2024,Italian,R,BOT,42,86.036,MEDIUM,0,Ritmo de carrera
2024,Italian,R,BOT,43,84.637,MEDIUM,3,Vuelta de ataque
2024,Italian,R,BOT,44,84.792,MEDIUM,0,Ritmo de carrera
2024,Italian,R,BOT,45,84.588,MEDIUM,3,Vuelta de ataque
2024,Italian,R,BOT,46,84.358,MEDIUM,3,Vuelta de ataque
2024,Italian,R,BOT,47,84.089,MEDIUM,3,Vuelta de ataque
2024,Italian,R,BOT,48,85.126,MEDIUM,0,Ritmo de carrera
2024,Italian,R,BOT,49,83.885,MEDIUM,3,Vuelta de ataque
2024,Italian,R,BOT,50,84.357,MEDIUM,3,Vuelta de ataque
2024,Italian,R,BOT,51,83.979,MEDIUM,3,Vuelta de ataque
2024,Italian,R,BOT,52,83.609,MEDIUM,3,Vuelta de ataque
2024,Italian,R,HUL,3,86.434,MEDIUM,0,Ritmo de carrera
2024,Italian,R,HUL,4,86.541,MEDIUM,0,Ritmo de carrera
2024,Italian,R,HUL,7,85.882,HARD,1,Lift and Coast
2024,Italian,R,HUL,8,85.351,HARD,1,Lift and Coast
2024,Italian,R,HUL,9,85.191,HARD,1,Lift and Coast
2024,Italian,R,HUL,10,85.194,HARD,1,Lift and Coast
2024,Italian,R,HUL,11,85.322,HARD,0,Ritmo de carrera
2024,Italian,R,HUL,12,85.166,HARD,1,Lift and Coast
2024,Italian,R,HUL,13,84.983,HARD,0,Ritmo de carrera
2024,Italian,R,HUL,14,85.014,HARD,3,Vuelta de ataque
2024,Italian,R,HUL,15,85.862,HARD,1,Lift and Coast
2024,Italian,R,HUL,16,85.017,HARD,0,Ritmo de carrera
2024,Italian,R,HUL,17,86.119,HARD,0,Ritmo de carrera
2024,Italian,R,HUL,18,85.465,HARD,0,Ritmo de carrera
2024,Italian,R,HUL,19,85.326,HARD,1,Lift and Coast
2024,Italian,R,HUL,20,86.113,HARD,1,Lift and Coast
2024,Italian,R,HUL,21,85.735,HARD,1,Lift and Coast
2024,Italian,R,HUL,22,85.565,HARD,1,Lift and Coast
2024,Italian,R,HUL,23,85.632,HARD,0,Ritmo de carrera
2024,Italian,R,HUL,24,85.608,HARD,0,Ritmo de carrera
2024,Italian,R,HUL,25,85.716,HARD,0,Ritmo de carrera
2024,Italian,R,HUL,26,85.506,HARD,0,Ritmo de carrera
2024,Italian,R,HUL,27,85.674,HARD,1,Lift and Coast
2024,Italian,R,HUL,28,85.43,HARD,1,Lift and Coast
2024,Italian,R,HUL,29,85.57,HARD,0,Ritmo de carrera
2024,Italian,R,HUL,30,85.628,HARD,1,Lift and Coast
2024,Italian,R,HUL,31,85.142,HARD,0,Ritmo de carrera
2024,Italian,R,HUL,34,83.587,HARD,0,Ritmo de carrera
2024,Italian,R,HUL,35,83.761,HARD,3,Vuelta de ataque
2024,Italian,R,HUL,36,83.772,HARD,3,Vuelta de ataque
2024,Italian,R,HUL,38,83.88,HARD,0,Ritmo de carrera
2024,Italian,R,HUL,39,84.019,HARD,0,Ritmo de carrera
2024,Italian,R,HUL,40,83.621,HARD,0,Ritmo de carrera
2024,Italian,R,HUL,41,83.449,HARD,3,Vuelta de ataque
2024,Italian,R,HUL,42,83.624,HARD,3,Vuelta de ataque
2024,Italian,R,HUL,43,83.591,HARD,3,Vuelta de ataque
2024,Italian,R,HUL,44,83.275,HARD,3,Vuelta de ataque
2024,Italian,R,HUL,45,83.807,HARD,2,Tracción Comprometida
2024,Italian,R,HUL,46,84.107,HARD,3,Vuelta de ataque
2024,Italian,R,HUL,47,86.991,HARD,0,Ritmo de carrera
2024,Italian,R,HUL,48,85.125,HARD,0,Ritmo de carrera
2024,Italian,R,HUL,49,83.404,HARD,3,Vuelta de ataque
2024,Italian,R,HUL,50,84.017,HARD,3,Vuelta de ataque
2024,Italian,R,HUL,51,84.211,HARD,0,Ritmo de carrera
2024,Italian,R,HUL,52,83.966,HARD,1,Lift and Coast
2024,Italian,R,ZHO,3,86.997,MEDIUM,0,Ritmo de carrera
2024,Italian,R,ZHO,4,86.226,MEDIUM,0,Ritmo de carrera
2024,Italian,R,ZHO,6,85.942,MEDIUM,0,Ritmo de carrera
2024,Italian,R,ZHO,7,86.381,MEDIUM,0,Ritmo de carrera
2024,Italian,R,ZHO,8,86.411,MEDIUM,0,Ritmo de carrera
2024,Italian,R,ZHO,9,86.315,MEDIUM,0,Ritmo de carrera
2024,Italian,R,ZHO,10,86.128,MEDIUM,0,Ritmo de carrera
2024,Italian,R,ZHO,11,86.488,MEDIUM,0,Ritmo de carrera
2024,Italian,R,ZHO,12,86.348,MEDIUM,0,Ritmo de carrera
2024,Italian,R,ZHO,13,86.802,MEDIUM,0,Ritmo de carrera
2024,Italian,R,ZHO,14,87.092,MEDIUM,0,Ritmo de carrera
2024,Italian,R,ZHO,17,85.092,HARD,1,Lift and Coast
2024,Italian,R,ZHO,18,85.245,HARD,3,Vuelta de ataque
2024,Italian,R,ZHO,19,85.777,HARD,0,Ritmo de carrera
2024,Italian,R,ZHO,20,85.588,HARD,0,Ritmo de carrera
2024,Italian,R,ZHO,21,85.743,HARD,1,Lift and Coast
2024,Italian,R,ZHO,22,85.876,HARD,1,Lift and Coast
2024,Italian,R,ZHO,23,86.061,HARD,0,Ritmo de carrera
2024,Italian,R,ZHO,24,86.041,HARD,1,Lift and Coast
2024,Italian,R,ZHO,25,85.583,HARD,1,Lift and Coast
2024,Italian,R,ZHO,26,85.549,HARD,0,Ritmo de carrera
2024,Italian,R,ZHO,27,85.603,HARD,1,Lift and Coast
2024,Italian,R,ZHO,28,85.699,HARD,1,Lift and Coast
2024,Italian,R,ZHO,29,85.515,HARD,1,Lift and Coast
2024,Italian,R,ZHO,30,85.491,HARD,1,Lift and Coast
2024,Italian,R,ZHO,31,85.478,HARD,0,Ritmo de carrera
2024,Italian,R,ZHO,32,85.356,HARD,1,Lift and Coast
2024,Italian,R,ZHO,33,85.451,HARD,1,Lift and Coast
2024,Italian,R,ZHO,34,85.487,HARD,1,Lift and Coast
2024,Italian,R,ZHO,35,85.52,HARD,0,Ritmo de carrera
2024,Italian,R,ZHO,36,86.606,HARD,0,Ritmo de carrera
2024,Italian,R,ZHO,37,85.205,HARD,0,Ritmo de carrera
2024,Italian,R,ZHO,38,86.652,HARD,0,Ritmo de carrera
2024,Italian,R,ZHO,39,85.584,HARD,0,Ritmo de carrera
2024,Italian,R,ZHO,40,85.82,HARD,1,Lift and Coast
2024,Italian,R,ZHO,41,86.437,HARD,0,Ritmo de carrera
2024,Italian,R,ZHO,43,86.916,HARD,0,Ritmo de carrera
2024,Italian,R,ZHO,44,86.918,HARD,0,Ritmo de carrera
2024,Italian,R,ZHO,45,85.632,HARD,0,Ritmo de carrera
2024,Italian,R,ZHO,46,85.857,HARD,1,Lift and Coast
2024,Italian,R,ZHO,48,85.84,HARD,0,Ritmo de carrera
2024,Italian,R,ZHO,49,86.298,HARD,0,Ritmo de carrera
2024,Italian,R,ZHO,50,85.539,HARD,3,Vuelta de ataque
2024,Italian,R,ZHO,51,85.946,HARD,0,Ritmo de carrera
2024,Italian,R,STR,3,86.734,HARD,0,Ritmo de carrera
2024,Italian,R,STR,4,86.253,HARD,0,Ritmo de carrera
2024,Italian,R,STR,6,85.558,HARD,0,Ritmo de carrera
2024,Italian,R,STR,7,86.208,HARD,0,Ritmo de carrera
2024,Italian,R,STR,8,85.799,HARD,1,Lift and Coast
2024,Italian,R,STR,9,86.024,HARD,1,Lift and Coast
2024,Italian,R,STR,10,86.182,HARD,0,Ritmo de carrera
2024,Italian,R,STR,11,85.675,HARD,0,Ritmo de carrera
2024,Italian,R,STR,12,85.947,HARD,1,Lift and Coast
2024,Italian,R,STR,13,86.143,HARD,1,Lift and Coast
2024,Italian,R,STR,14,85.895,HARD,1,Lift and Coast
2024,Italian,R,STR,15,86.986,HARD,1,Lift and Coast
2024,Italian,R,STR,16,86.593,HARD,1,Lift and Coast
2024,Italian,R,STR,17,86.584,HARD,1,Lift and Coast
2024,Italian,R,STR,21,84.721,HARD,1,Lift and Coast
2024,Italian,R,STR,22,84.721,HARD,1,Lift and Coast
2024,Italian,R,STR,23,84.659,HARD,0,Ritmo de carrera
2024,Italian,R,STR,24,84.768,HARD,0,Ritmo de carrera
2024,Italian,R,STR,25,84.743,HARD,3,Vuelta de ataque
2024,Italian,R,STR,26,84.491,HARD,1,Lift and Coast
2024,Italian,R,STR,27,84.437,HARD,0,Ritmo de carrera
2024,Italian,R,STR,28,84.618,HARD,0,Ritmo de carrera
2024,Italian,R,STR,29,85.397,HARD,0,Ritmo de carrera
2024,Italian,R,STR,30,86.377,HARD,0,Ritmo de carrera
2024,Italian,R,STR,31,84.749,HARD,0,Ritmo de carrera
2024,Italian,R,STR,32,85.576,HARD,0,Ritmo de carrera
2024,Italian,R,STR,33,84.947,HARD,0,Ritmo de carrera
2024,Italian,R,STR,34,84.856,HARD,0,Ritmo de carrera
2024,Italian,R,STR,35,84.863,HARD,0,Ritmo de carrera
2024,Italian,R,STR,38,83.617,MEDIUM,3,Vuelta de ataque
2024,Italian,R,STR,39,84.43,MEDIUM,0,Ritmo de carrera
2024,Italian,R,STR,40,85.777,MEDIUM,0,Ritmo de carrera
2024,Italian,R,STR,41,83.702,MEDIUM,1,Lift and Coast
2024,Italian,R,STR,42,83.823,MEDIUM,3,Vuelta de ataque
2024,Italian,R,STR,43,83.81,MEDIUM,1,Lift and Coast
2024,Italian,R,STR,44,83.654,MEDIUM,3,Vuelta de ataque
2024,Italian,R,STR,45,83.427,MEDIUM,3,Vuelta de ataque
2024,Italian,R,STR,46,83.906,MEDIUM,3,Vuelta de ataque
2024,Italian,R,STR,47,84.014,MEDIUM,3,Vuelta de ataque
2024,Italian,R,STR,48,86.104,MEDIUM,0,Ritmo de carrera
2024,Italian,R,STR,49,85.064,MEDIUM,1,Lift and Coast
2024,Italian,R,STR,52,82.232,SOFT,3,Vuelta de ataque
2024,Italian,R,TSU,3,86.665,HARD,0,Ritmo de carrera
2024,Italian,R,TSU,4,86.198,HARD,0,Ritmo de carrera
2024,Monaco,FP3,VER,2,74.209,SOFT,3,Vuelta de ataque
2024,Monaco,FP3,VER,12,72.391,SOFT,3,Vuelta de ataque
2024,Monaco,FP3,VER,18,72.214,SOFT,3,Vuelta de ataque
2024,Monaco,FP3,SAR,3,74.032,SOFT,3,Vuelta de ataque
2024,Monaco,FP3,SAR,6,73.749,SOFT,3,Vuelta de ataque
2024,Monaco,FP3,SAR,8,73.665,SOFT,3,Vuelta de ataque
2024,Monaco,FP3,SAR,12,72.712,SOFT,3,Vuelta de ataque
2024,Monaco,FP3,SAR,14,72.703,SOFT,3,Vuelta de ataque
2024,Monaco,FP3,RIC,4,74.548,SOFT,3,Vuelta de ataque
2024,Monaco,FP3,RIC,7,74.28,SOFT,3,Vuelta de ataque
2024,Monaco,FP3,RIC,10,73.417,SOFT,3,Vuelta de ataque
2024,Monaco,FP3,RIC,13,73.007,SOFT,3,Vuelta de ataque
2024,Monaco,FP3,RIC,16,73.091,SOFT,3,Vuelta de ataque
2024,Monaco,FP3,RIC,19,72.829,SOFT,3,Vuelta de ataque
2024,Monaco,FP3,RIC,22,72.877,SOFT,3,Vuelta de ataque
2024,Monaco,FP3,NOR,4,75.118,SOFT,1,Lift and Coast
2024,Monaco,FP3,NOR,6,73.726,SOFT,3,Vuelta de ataque
2024,Monaco,FP3,NOR,8,73.292,SOFT,3,Vuelta de ataque
2024,Monaco,FP3,NOR,10,72.835,SOFT,3,Vuelta de ataque
2024,Monaco,FP3,NOR,12,72.771,SOFT,3,Vuelta de ataque
2024,Monaco,FP3,NOR,18,72.091,SOFT,3,Vuelta de ataque
2024,Monaco,FP3,NOR,20,71.988,SOFT,3,Vuelta de ataque
2024,Monaco,FP3,GAS,2,75.241,SOFT,3,Vuelta de ataque
2024,Monaco,FP3,GAS,4,73.876,SOFT,3,Vuelta de ataque
2024,Monaco,FP3,GAS,6,73.746,SOFT,3,Vuelta de ataque
2024,Monaco,FP3,GAS,9,73.384,SOFT,3,Vuelta de ataque
2024,Monaco,FP3,GAS,12,72.972,SOFT,3,Vuelta de ataque
2024,Monaco,FP3,GAS,15,72.711,SOFT,3,Vuelta de ataque
2024,Monaco,FP3,GAS,18,72.144,SOFT,3,Vuelta de ataque
2024,Monaco,FP3,GAS,21,72.817,SOFT,3,Vuelta de ataque
2024,Monaco,FP3,GAS,24,72.326,SOFT,3,Vuelta de ataque
2024,Monaco,FP3,PER,2,75.761,SOFT,3,Vuelta de ataque
2024,Monaco,FP3,PER,4,74.203,SOFT,3,Vuelta de ataque
2024,Monaco,FP3,PER,9,73.155,SOFT,3,Vuelta de ataque
2024,Monaco,FP3,PER,12,72.717,SOFT,3,Vuelta de ataque
2024,Monaco,FP3,PER,16,72.277,SOFT,3,Vuelta de ataque
2024,Monaco,FP3,PER,22,71.923,SOFT,3,Vuelta de ataque
2024,Monaco,FP3,ALO,4,75.72,MEDIUM,0,Ritmo de carrera
2024,Monaco,FP3,ALO,7,74.166,MEDIUM,3,Vuelta de ataque
2024,Monaco,FP3,ALO,9,73.79,MEDIUM,3,Vuelta de ataque
2024,Monaco,FP3,ALO,15,72.955,SOFT,0,Ritmo de carrera
2024,Monaco,FP3,ALO,19,74.255,SOFT,0,Ritmo de carrera
2024,Monaco,FP3,ALO,21,74.197,SOFT,0,Ritmo de carrera
2024,Monaco,FP3,LEC,2,73.791,SOFT,2,Tracción Comprometida
2024,Monaco,FP3,LEC,4,73.043,SOFT,3,Vuelta de ataque
2024,Monaco,FP3,LEC,6,72.521,SOFT,3,Vuelta de ataque
2024,Monaco,FP3,LEC,11,72.092,SOFT,3,Vuelta de ataque
2024,Monaco,FP3,LEC,13,71.977,SOFT,2,Tracción Comprometida
2024,Monaco,FP3,LEC,24,72.757,SOFT,3,Vuelta de ataque
2024,Monaco,FP3,STR,4,76.333,MEDIUM,3,Vuelta de ataque
2024,Monaco,FP3,STR,5,74.54,MEDIUM,3,Vuelta de ataque
2024,Monaco,FP3,STR,7,73.799,MEDIUM,3,Vuelta de ataque
2024,Monaco,FP3,STR,9,73.543,MEDIUM,3,Vuelta de ataque
2024,Monaco,FP3,STR,11,73.166,MEDIUM,3,Vuelta de ataque
2024,Monaco,FP3,STR,14,72.822,SOFT,3,Vuelta de ataque
2024,Monaco,FP3,STR,16,72.363,SOFT,3,Vuelta de ataque
2024,Monaco,FP3,STR,19,72.331,SOFT,3,Vuelta de ataque
2024,Monaco,FP3,STR,21,72.746,SOFT,3,Vuelta de ataque
2024,Monaco,FP3,STR,24,72.484,SOFT,3,Vuelta de ataque
2024,Monaco,FP3,MAG,2,74.683,SOFT,3,Vuelta de ataque
2024,Monaco,FP3,MAG,4,74.174,SOFT,3,Vuelta de ataque
2024,Monaco,FP3,MAG,9,73.255,SOFT,3,Vuelta de ataque
2024,Monaco,FP3,MAG,12,73.047,SOFT,3,Vuelta de ataque
2024,Monaco,FP3,MAG,14,72.929,SOFT,3,Vuelta de ataque
2024,Monaco,FP3,MAG,19,72.354,SOFT,3,Vuelta de ataque
2024,Monaco,FP3,MAG,22,72.26,SOFT,3,Vuelta de ataque
2024,Monaco,FP3,MAG,25,72.543,SOFT,3,Vuelta de ataque
2024,Monaco,FP3,MAG,28,72.216,SOFT,3,Vuelta de ataque
2024,Monaco,FP3,TSU,4,74.171,SOFT,3,Vuelta de ataque
2024,Monaco,FP3,TSU,20,71.991,SOFT,3,Vuelta de ataque
2024,Monaco,FP3,ALB,3,74.194,SOFT,3,Vuelta de ataque
2024,Monaco,FP3,ALB,6,73.369,SOFT,3,Vuelta de ataque
2024,Monaco,FP3,ALB,8,73.048,SOFT,3,Vuelta de ataque
2024,Monaco,FP3,ALB,10,72.788,SOFT,3,Vuelta de ataque
2024,Monaco,FP3,ALB,13,72.668,SOFT,3,Vuelta de ataque
2024,Monaco,FP3,ALB,19,72.18,SOFT,3,Vuelta de ataque
2024,Monaco,FP3,ALB,22,72.838,SOFT,3,Vuelta de ataque
2024,Monaco,FP3,ZHO,4,75.543,SOFT,3,Vuelta de ataque
2024,Monaco,FP3,ZHO,7,75.173,SOFT,3,Vuelta de ataque
2024,Monaco,FP3,ZHO,10,75.069,SOFT,3,Vuelta de ataque
2024,Monaco,FP3,ZHO,12,74.668,SOFT,3,Vuelta de ataque
2024,Monaco,FP3,ZHO,18,74.381,SOFT,3,Vuelta de ataque
2024,Monaco,FP3,ZHO,20,73.947,SOFT,3,Vuelta de ataque
2024,Monaco,FP3,ZHO,22,73.83,SOFT,3,Vuelta de ataque
2024,Monaco,FP3,ZHO,26,74.705,SOFT,3,Vuelta de ataque
2024,Monaco,FP3,HUL,4,73.652,SOFT,3,Vuelta de ataque
2024,Monaco,FP3,HUL,7,73.344,SOFT,3,Vuelta de ataque
2024,Monaco,FP3,HUL,11,73.112,SOFT,3,Vuelta de ataque
2024,Monaco,FP3,HUL,15,72.646,SOFT,3,Vuelta de ataque
2024,Monaco,FP3,HUL,17,72.392,SOFT,3,Vuelta de ataque
2024,Monaco,FP3,HUL,22,72.192,SOFT,3,Vuelta de ataque
2024,Monaco,FP3,OCO,2,75.589,SOFT,3,Vuelta de ataque
2024,Monaco,FP3,OCO,4,74.056,SOFT,3,Vuelta de ataque
2024,Monaco,FP3,OCO,9,74.036,SOFT,3,Vuelta de ataque
2024,Monaco,FP3,OCO,11,73.379,SOFT,3,Vuelta de ataque
2024,Monaco,FP3,OCO,14,72.951,SOFT,3,Vuelta de ataque
2024,Monaco,FP3,OCO,16,72.472,SOFT,3,Vuelta de ataque
2024,Monaco,FP3,OCO,18,72.586,SOFT,3,Vuelta de ataque
2024,Monaco,FP3,OCO,23,74.033,SOFT,3,Vuelta de ataque
2024,Monaco,FP3,HAM,2,74.104,SOFT,3,Vuelta de ataque
2024,Monaco,FP3,HAM,9,72.941,SOFT,3,Vuelta de ataque
2024,Monaco,FP3,HAM,12,72.402,SOFT,3,Vuelta de ataque
2024,Monaco,FP3,HAM,16,72.014,SOFT,3,Vuelta de ataque
2024,Monaco,FP3,HAM,21,71.71,SOFT,3,Vuelta de ataque
2024,Monaco,FP3,HAM,23,72.275,SOFT,3,Vuelta de ataque
2024,Monaco,FP3,SAI,2,74.198,SOFT,0,Ritmo de carrera
2024,Monaco,FP3,SAI,4,73.276,SOFT,3,Vuelta de ataque
2024,Monaco,FP3,SAI,6,72.984,SOFT,3,Vuelta de ataque
2024,Monaco,FP3,SAI,9,72.76,SOFT,3,Vuelta de ataque
2024,Monaco,FP3,SAI,11,72.279,SOFT,3,Vuelta de ataque
2024,Monaco,FP3,SAI,14,71.979,SOFT,3,Vuelta de ataque
2024,Monaco,FP3,SAI,18,72.136,SOFT,2,Tracción Comprometida
2024,Monaco,FP3,SAI,24,72.083,SOFT,3,Vuelta de ataque
2024,Monaco,FP3,RUS,7,73.988,SOFT,3,Vuelta de ataque
2024,Monaco,FP3,RUS,9,73.304,SOFT,3,Vuelta de ataque
2024,Monaco,FP3,RUS,12,73.769,SOFT,3,Vuelta de ataque
2024,Monaco,FP3,RUS,15,73.246,SOFT,3,Vuelta de ataque
2024,Monaco,FP3,RUS,19,72.223,SOFT,3,Vuelta de ataque
2024,Monaco,FP3,RUS,21,72.281,SOFT,3,Vuelta de ataque
2024,Monaco,FP3,RUS,28,71.968,SOFT,3,Vuelta de ataque
2024,Monaco,FP3,RUS,31,72.56,SOFT,3,Vuelta de ataque
2024,Monaco,FP3,PIA,4,74.359,SOFT,3,Vuelta de ataque
2024,Monaco,FP3,PIA,6,72.875,SOFT,3,Vuelta de ataque
2024,Monaco,FP3,PIA,8,72.684,SOFT,3,Vuelta de ataque
2024,Monaco,FP3,PIA,11,72.791,SOFT,3,Vuelta de ataque
2024,Monaco,FP3,PIA,14,72.399,SOFT,3,Vuelta de ataque
2024,Monaco,FP3,PIA,16,72.174,SOFT,3,Vuelta de ataque
2024,Monaco,FP3,PIA,18,72.527,SOFT,3,Vuelta de ataque
2024,Monaco,FP3,PIA,21,71.901,SOFT,3,Vuelta de ataque
2024,Monaco,Q,LEC,2,72.839,SOFT,3,Vuelta de ataque
2024,Monaco,Q,LEC,4,72.452,SOFT,3,Vuelta de ataque
2024,Monaco,Q,LEC,9,71.584,SOFT,3,Vuelta de ataque
2024,Monaco,Q,LEC,12,71.356,SOFT,3,Vuelta de ataque
2024,Monaco,Q,LEC,14,71.289,SOFT,3,Vuelta de ataque
2024,Monaco,Q,LEC,17,70.825,SOFT,3,Vuelta de ataque
2024,Monaco,Q,LEC,19,71.074,SOFT,3,Vuelta de ataque
2024,Monaco,Q,LEC,25,70.27,SOFT,3,Vuelta de ataque
2024,Monaco,Q,PIA,3,72.644,SOFT,3,Vuelta de ataque
2024,Monaco,Q,PIA,5,71.881,SOFT,3,Vuelta de ataque
2024,Monaco,Q,PIA,9,72.099,SOFT,3,Vuelta de ataque
2024,Monaco,Q,PIA,11,71.5,SOFT,3,Vuelta de ataque
2024,Monaco,Q,PIA,14,71.373,SOFT,3,Vuelta de ataque
2024,Monaco,Q,PIA,17,70.756,SOFT,3,Vuelta de ataque
2024,Monaco,Q,PIA,20,70.444,SOFT,3,Vuelta de ataque
2024,Monaco,Q,PIA,23,70.424,SOFT,3,Vuelta de ataque
2024,Monaco,Q,SAI,3,72.291,SOFT,3,Vuelta de ataque
2024,Monaco,Q,SAI,6,71.942,SOFT,3,Vuelta de ataque
2024,Monaco,Q,SAI,10,71.543,SOFT,3,Vuelta de ataque
2024,Monaco,Q,SAI,13,71.177,SOFT,3,Vuelta de ataque
2024,Monaco,Q,SAI,16,71.075,SOFT,3,Vuelta de ataque
2024,Monaco,Q,SAI,19,71.18,SOFT,3,Vuelta de ataque
2024,Monaco,Q,SAI,27,70.518,SOFT,3,Vuelta de ataque
2024,Monaco,Q,NOR,2,74.086,SOFT,3,Vuelta de ataque
2024,Monaco,Q,NOR,4,72.609,SOFT,3,Vuelta de ataque
2024,Monaco,Q,NOR,6,72.379,SOFT,3,Vuelta de ataque
2024,Monaco,Q,NOR,12,71.76,SOFT,3,Vuelta de ataque
2024,Monaco,Q,NOR,15,71.372,SOFT,3,Vuelta de ataque
2024,Monaco,Q,NOR,17,71.429,SOFT,3,Vuelta de ataque
2024,Monaco,Q,NOR,20,70.732,SOFT,3,Vuelta de ataque
2024,Monaco,Q,NOR,23,70.94,SOFT,3,Vuelta de ataque
2024,Monaco,Q,NOR,26,70.542,SOFT,3,Vuelta de ataque
2024,Monaco,Q,RUS,3,73.238,SOFT,3,Vuelta de ataque
2024,Monaco,Q,RUS,5,72.267,SOFT,3,Vuelta de ataque
2024,Monaco,Q,RUS,7,71.939,SOFT,3,Vuelta de ataque
2024,Monaco,Q,RUS,10,71.492,SOFT,3,Vuelta de ataque
2024,Monaco,Q,RUS,24,70.918,SOFT,3,Vuelta de ataque
2024,Monaco,Q,RUS,27,70.543,SOFT,3,Vuelta de ataque
2024,Monaco,Q,VER,2,72.79,SOFT,3,Vuelta de ataque
2024,Monaco,Q,VER,6,71.97,SOFT,3,Vuelta de ataque
2024,Monaco,Q,VER,9,71.711,SOFT,3,Vuelta de ataque
2024,Monaco,Q,VER,11,71.923,SOFT,3,Vuelta de ataque
2024,Monaco,Q,VER,14,71.196,SOFT,3,Vuelta de ataque
2024,Monaco,Q,HAM,3,72.954,SOFT,3,Vuelta de ataque
2024,Monaco,Q,HAM,8,71.916,SOFT,3,Vuelta de ataque
2024,Monaco,Q,HAM,11,71.528,SOFT,3,Vuelta de ataque
2024,Monaco,Q,HAM,15,71.502,SOFT,3,Vuelta de ataque
2024,Monaco,Q,HAM,18,71.11,SOFT,3,Vuelta de ataque
2024,Monaco,Q,HAM,21,71.056,SOFT,3,Vuelta de ataque
2024,Monaco,Q,HAM,24,70.975,SOFT,3,Vuelta de ataque
2024,Monaco,Q,TSU,2,73.087,SOFT,3,Vuelta de ataque
2024,Monaco,Q,TSU,4,72.752,SOFT,3,Vuelta de ataque
2024,Monaco,Q,TSU,7,71.852,SOFT,3,Vuelta de ataque
2024,Monaco,Q,TSU,9,72.213,SOFT,3,Vuelta de ataque
2024,Monaco,Q,ALB,3,73.328,SOFT,3,Vuelta de ataque
2024,Monaco,Q,ALB,5,72.702,SOFT,3,Vuelta de ataque
2024,Monaco,Q,ALB,7,72.478,SOFT,3,Vuelta de ataque
2024,Monaco,Q,ALB,10,71.753,SOFT,3,Vuelta de ataque
2024,Monaco,Q,ALB,12,71.623,SOFT,3,Vuelta de ataque
2024,Monaco,Q,ALB,16,71.66,SOFT,3,Vuelta de ataque
2024,Monaco,Q,ALB,18,71.607,SOFT,3,Vuelta de ataque
2024,Monaco,Q,ALB,21,71.216,SOFT,3,Vuelta de ataque
2024,Monaco,Q,ALB,25,71.805,SOFT,3,Vuelta de ataque
2024,Monaco,Q,GAS,2,74.032,SOFT,3,Vuelta de ataque
2024,Monaco,Q,GAS,4,72.736,SOFT,3,Vuelta de ataque
2024,Monaco,Q,GAS,6,72.113,SOFT,3,Vuelta de ataque
2024,Monaco,Q,GAS,9,74.708,SOFT,1,Lift and Coast
2024,Monaco,Q,GAS,14,72.495,SOFT,3,Vuelta de ataque
2024,Monaco,Q,GAS,29,71.505,SOFT,3,Vuelta de ataque
2024,Monaco,Q,OCO,2,73.659,SOFT,3,Vuelta de ataque
2024,Monaco,Q,OCO,4,72.506,SOFT,3,Vuelta de ataque
2024,Monaco,Q,OCO,6,72.23,SOFT,3,Vuelta de ataque
2024,Monaco,Q,OCO,9,71.906,SOFT,3,Vuelta de ataque
2024,Monaco,Q,OCO,11,71.887,SOFT,3,Vuelta de ataque
2024,Monaco,Q,OCO,15,71.285,SOFT,3,Vuelta de ataque
2024,Monaco,Q,RIC,2,74.337,SOFT,3,Vuelta de ataque
2024,Monaco,Q,RIC,5,72.766,SOFT,3,Vuelta de ataque
2024,Monaco,Q,RIC,17,72.064,SOFT,3,Vuelta de ataque
2024,Monaco,Q,STR,3,72.826,SOFT,3,Vuelta de ataque
2024,Monaco,Q,STR,5,72.239,SOFT,3,Vuelta de ataque
2024,Monaco,Q,STR,8,71.728,SOFT,3,Vuelta de ataque
2024,Monaco,Q,STR,10,72.026,SOFT,3,Vuelta de ataque
2024,Monaco,Q,STR,13,71.563,SOFT,3,Vuelta de ataque
2024,Monaco,Q,STR,16,71.618,SOFT,3,Vuelta de ataque
2024,Monaco,Q,HUL,2,72.416,SOFT,3,Vuelta de ataque
2024,Monaco,Q,HUL,7,71.876,SOFT,3,Vuelta de ataque
2024,Monaco,Q,HUL,9,72.357,SOFT,3,Vuelta de ataque
2024,Monaco,Q,HUL,12,71.928,SOFT,3,Vuelta de ataque
2024,Monaco,Q,HUL,15,72.08,SOFT,3,Vuelta de ataque
2024,Monaco,Q,ALO,5,72.118,SOFT,3,Vuelta de ataque
2024,Monaco,Q,ALO,10,72.087,SOFT,3,Vuelta de ataque
2024,Monaco,Q,SAR,5,72.796,SOFT,3,Vuelta de ataque
2024,Monaco,Q,SAR,9,72.094,SOFT,3,Vuelta de ataque
2024,Monaco,Q,SAR,11,72.02,SOFT,3,Vuelta de ataque
2024,Monaco,Q,MAG,2,72.572,SOFT,3,Vuelta de ataque
2024,Monaco,Q,MAG,4,72.404,SOFT,3,Vuelta de ataque
2024,Monaco,Q,MAG,7,71.832,SOFT,3,Vuelta de ataque
2024,Monaco,Q,MAG,10,71.845,SOFT,3,Vuelta de ataque
2024,Monaco,Q,MAG,13,71.725,SOFT,3,Vuelta de ataque
2024,Monaco,Q,MAG,17,71.966,SOFT,3,Vuelta de ataque
2024,Monaco,Q,PER,2,73.981,SOFT,3,Vuelta de ataque
2024,Monaco,Q,PER,4,73.359,SOFT,3,Vuelta de ataque
2024,Monaco,Q,PER,11,72.067,SOFT,3,Vuelta de ataque
2024,Monaco,Q,BOT,2,73.936,SOFT,3,Vuelta de ataque
2024,Monaco,Q,BOT,4,73.684,SOFT,3,Vuelta de ataque
2024,Monaco,Q,BOT,8,72.741,SOFT,3,Vuelta de ataque
2024,Monaco,Q,ZHO,2,75.072,SOFT,3,Vuelta de ataque
2024,Monaco,Q,ZHO,4,74.151,SOFT,3,Vuelta de ataque
2024,Monaco,Q,ZHO,8,73.247,SOFT,3,Vuelta de ataque
2024,Monaco,Q,ZHO,10,73.028,SOFT,3,Vuelta de ataque
2024,Monaco,R,LEC,13,79.017,HARD,2,Tracción Comprometida
2024,Monaco,R,LEC,19,78.842,HARD,2,Tracción Comprometida
2024,Monaco,R,LEC,20,78.724,HARD,2,Tracción Comprometida
2024,Monaco,R,LEC,21,78.472,HARD,2,Tracción Comprometida
2024,Monaco,R,LEC,22,78.62,HARD,2,Tracción Comprometida
2024,Monaco,R,LEC,23,78.458,HARD,2,Tracción Comprometida
2024,Monaco,R,LEC,24,78.725,HARD,1,Lift and Coast
2024,Monaco,R,LEC,25,78.973,HARD,2,Tracción Comprometida
2024,Monaco,R,LEC,26,78.445,HARD,2,Tracción Comprometida
2024,Monaco,R,LEC,27,78.351,HARD,2,Tracción Comprometida
2024,Monaco,R,LEC,28,78.71,HARD,2,Tracción Comprometida
2024,Monaco,R,LEC,29,79.053,HARD,2,Tracción Comprometida
2024,Monaco,R,LEC,31,78.393,HARD,2,Tracción Comprometida
2024,Monaco,R,LEC,32,79.125,HARD,2,Tracción Comprometida
2024,Monaco,R,LEC,33,78.494,HARD,2,Tracción Comprometida
2024,Monaco,R,LEC,34,79.319,HARD,2,Tracción Comprometida
2024,Monaco,R,LEC,35,78.53,HARD,2,Tracción Comprometida
2024,Monaco,R,LEC,36,78.689,HARD,2,Tracción Comprometida
2024,Monaco,R,LEC,37,78.925,HARD,1,Lift and Coast
2024,Monaco,R,LEC,38,78.528,HARD,2,Tracción Comprometida
2024,Monaco,R,LEC,39,78.181,HARD,2,Tracción Comprometida
2024,Monaco,R,LEC,40,78.733,HARD,2,Tracción Comprometida
2024,Monaco,R,LEC,41,78.694,HARD,2,Tracción Comprometida
2024,Monaco,R,LEC,42,79.277,HARD,2,Tracción Comprometida
2024,Monaco,R,LEC,43,77.865,HARD,2,Tracción Comprometida
2024,Monaco,R,LEC,44,78.276,HARD,0,Ritmo de carrera
2024,Monaco,R,LEC,45,78.541,HARD,2,Tracción Comprometida
2024,Monaco,R,LEC,46,78.567,HARD,2,Tracción Comprometida
2024,Monaco,R,LEC,47,79.185,HARD,2,Tracción Comprometida
2024,Monaco,R,LEC,48,77.941,HARD,2,Tracción Comprometida
2024,Monaco,R,LEC,49,78.506,HARD,2,Tracción Comprometida
2024,Monaco,R,LEC,50,78.185,HARD,2,Tracción Comprometida
2024,Monaco,R,LEC,51,77.79,HARD,0,Ritmo de carrera
2024,Monaco,R,LEC,52,78.311,HARD,2,Tracción Comprometida
2024,Monaco,R,LEC,53,77.748,HARD,2,Tracción Comprometida
2024,Monaco,R,LEC,54,77.357,HARD,2,Tracción Comprometida
2024,Monaco,R,LEC,55,77.444,HARD,2,Tracción Comprometida
2024,Monaco,R,LEC,56,77.266,HARD,2,Tracción Comprometida
2024,Monaco,R,LEC,57,77.64,HARD,2,Tracción Comprometida
2024,Monaco,R,LEC,58,77.028,HARD,2,Tracción Comprometida
2024,Monaco,R,LEC,59,77.034,HARD,2,Tracción Comprometida
2024,Monaco,R,LEC,60,76.414,HARD,2,Tracción Comprometida
2024,Monaco,R,LEC,61,76.863,HARD,2,Tracción Comprometida
2024,Monaco,R,LEC,62,77.454,HARD,2,Tracción Comprometida
2024,Monaco,R,LEC,63,76.971,HARD,2,Tracción Comprometida
2024,Monaco,R,LEC,64,76.56,HARD,1,Lift and Coast
2024,Monaco,R,LEC,65,76.607,HARD,2,Tracción Comprometida
2024,Monaco,R,LEC,66,76.489,HARD,2,Tracción Comprometida
2024,Monaco,R,LEC,67,75.941,HARD,2,Tracción Comprometida
2024,Monaco,R,LEC,68,76.082,HARD,2,Tracción Comprometida
2024,Monaco,R,LEC,69,76.373,HARD,2,Tracción Comprometida
2024,Monaco,R,LEC,70,75.767,HARD,2,Tracción Comprometida
2024,Monaco,R,LEC,71,75.162,HARD,2,Tracción Comprometida
2024,Monaco,R,LEC,72,75.547,HARD,2,Tracción Comprometida
2024,Monaco,R,LEC,73,76.219,HARD,2,Tracción Comprometida
2024,Monaco,R,LEC,74,76.105,HARD,2,Tracción Comprometida
2024,Monaco,R,LEC,75,76.387,HARD,2,Tracción Comprometida
2024,Monaco,R,LEC,76,76.808,HARD,2,Tracción Comprometida
2024,Monaco,R,LEC,77,76.933,HARD,2,Tracción Comprometida
2024,Monaco,R,LEC,78,78.636,HARD,2,Tracción Comprometida
2024,Monaco,R,PIA,13,78.745,HARD,1,Lift and Coast
2024,Monaco,R,PIA,19,79.179,HARD,1,Lift and Coast
2024,Monaco,R,PIA,20,79.055,HARD,1,Lift and Coast
2024,Monaco,R,PIA,21,78.601,HARD,1,Lift and Coast
2024,Monaco,R,PIA,22,78.585,HARD,1,Lift and Coast
2024,Monaco,R,PIA,23,78.658,HARD,1,Lift and Coast
2024,Monaco,R,PIA,24,78.636,HARD,1,Lift and Coast
2024,Monaco,R,PIA,25,78.784,HARD,1,Lift and Coast
2024,Monaco,R,PIA,26,78.44,HARD,1,Lift and Coast
2024,Monaco,R,PIA,27,78.523,HARD,1,Lift and Coast
2024,Monaco,R,PIA,28,78.791,HARD,1,Lift and Coast
2024,Monaco,R,PIA,29,79.01,HARD,1,Lift and Coast
2024,Monaco,R,PIA,31,78.449,HARD,1,Lift and Coast
2024,Monaco,R,PIA,32,78.969,HARD,1,Lift and Coast
2024,Monaco,R,PIA,33,79.06,HARD,1,Lift and Coast
2024,Monaco,R,PIA,34,78.978,HARD,1,Lift and Coast
2024,Monaco,R,PIA,35,78.605,HARD,1,Lift and Coast
2024,Monaco,R,PIA,36,78.882,HARD,1,Lift and Coast
2024,Monaco,R,PIA,37,78.612,HARD,1,Lift and Coast
2024,Monaco,R,PIA,38,78.731,HARD,1,Lift and Coast
2024,Monaco,R,PIA,39,78.362,HARD,1,Lift and Coast
2024,Monaco,R,PIA,40,78.951,HARD,1,Lift and Coast
2024,Monaco,R,PIA,41,78.846,HARD,1,Lift and Coast
2024,Monaco,R,PIA,43,78.198,HARD,1,Lift and Coast
2024,Monaco,R,PIA,44,78.277,HARD,1,Lift and Coast
2024,Monaco,R,PIA,45,78.082,HARD,1,Lift and Coast
2024,Monaco,R,PIA,46,78.623,HARD,1,Lift and Coast
2024,Monaco,R,PIA,47,78.399,HARD,1,Lift and Coast
2024,Monaco,R,PIA,48,78.395,HARD,1,Lift and Coast
2024,Monaco,R,PIA,49,78.136,HARD,1,Lift and Coast
2024,Monaco,R,PIA,50,78.35,HARD,1,Lift and Coast
2024,Monaco,R,PIA,51,77.909,HARD,2,Tracción Comprometida
2024,Monaco,R,PIA,52,78.214,HARD,1,Lift and Coast
2024,Monaco,R,PIA,53,77.609,HARD,0,Ritmo de carrera
2024,Monaco,R,PIA,54,77.362,HARD,1,Lift and Coast
2024,Monaco,R,PIA,55,77.445,HARD,0,Ritmo de carrera
2024,Monaco,R,PIA,56,77.456,HARD,1,Lift and Coast
2024,Monaco,R,PIA,57,77.3,HARD,1,Lift and Coast
2024,Monaco,R,PIA,58,77.344,HARD,1,Lift and Coast
2024,Monaco,R,PIA,59,77.042,HARD,1,Lift and Coast
2024,Monaco,R,PIA,60,76.617,HARD,1,Lift and Coast
2024,Monaco,R,PIA,61,76.771,HARD,1,Lift and Coast
2024,Monaco,R,PIA,62,77.095,HARD,1,Lift and Coast
2024,Monaco,R,PIA,63,76.921,HARD,1,Lift and Coast
2024,Monaco,R,PIA,64,76.909,HARD,0,Ritmo de carrera
2024,Monaco,R,PIA,65,76.391,HARD,1,Lift and Coast
2024,Monaco,R,PIA,66,76.64,HARD,0,Ritmo de carrera
2024,Monaco,R,PIA,67,76.596,HARD,3,Vuelta de ataque
2024,Monaco,R,PIA,68,76.601,HARD,1,Lift and Coast
2024,Monaco,R,PIA,69,77.371,HARD,0,Ritmo de carrera
2024,Monaco,R,PIA,70,77.27,HARD,0,Ritmo de carrera
2024,Monaco,R,PIA,71,77.184,HARD,0,Ritmo de carrera
2024,Monaco,R,PIA,72,76.652,HARD,2,Tracción Comprometida
2024,Monaco,R,PIA,73,76.281,HARD,0,Ritmo de carrera
2024,Monaco,R,PIA,74,76.356,HARD,2,Tracción Comprometida
2024,Monaco,R,PIA,75,76.644,HARD,2,Tracción Comprometida
2024,Monaco,R,PIA,76,76.59,HARD,0,Ritmo de carrera
2024,Monaco,R,PIA,77,76.734,HARD,2,Tracción Comprometida
2024,Monaco,R,PIA,78,77.126,HARD,2,Tracción Comprometida
2024,Monaco,R,SAI,18,79.177,HARD,0,Ritmo de carrera
2024,Monaco,R,SAI,21,78.917,HARD,0,Ritmo de carrera
2024,Monaco,R,SAI,22,78.889,HARD,1,Lift and Coast
2024,Monaco,R,SAI,23,78.993,HARD,2,Tracción Comprometida
2024,Monaco,R,SAI,24,78.568,HARD,2,Tracción Comprometida
2024,Monaco,R,SAI,25,78.537,HARD,2,Tracción Comprometida
2024,Monaco,R,SAI,26,78.088,HARD,0,Ritmo de carrera
2024,Monaco,R,SAI,28,79.281,HARD,1,Lift and Coast
2024,Monaco,R,SAI,29,78.697,HARD,1,Lift and Coast
2024,Monaco,R,SAI,30,77.326,HARD,1,Lift and Coast
2024,Monaco,R,SAI,33,78.778,HARD,2,Tracción Comprometida
2024,Monaco,R,SAI,34,79.013,HARD,0,Ritmo de carrera
2024,Monaco,R,SAI,35,78.465,HARD,1,Lift and Coast
2024,Monaco,R,SAI,36,79.275,HARD,1,Lift and Coast
2024,Monaco,R,SAI,37,77.577,HARD,2,Tracción Comprometida
2024,Monaco,R,SAI,38,78.412,HARD,1,Lift and Coast
2024,Monaco,R,SAI,39,78.31,HARD,1,Lift and Coast
2024,Monaco,R,SAI,40,78.653,HARD,0,Ritmo de carrera
2024,Monaco,R,SAI,41,78.714,HARD,2,Tracción Comprometida
2024,Monaco,R,SAI,42,79.171,HARD,2,Tracción Comprometida
2024,Monaco,R,SAI,44,78.762,HARD,2,Tracción Comprometida
2024,Monaco,R,SAI,45,77.885,HARD,0,Ritmo de carrera
2024,Monaco,R,SAI,46,78.731,HARD,1,Lift and Coast
2024,Monaco,R,SAI,47,78.141,HARD,2,Tracción Comprometida
2024,Monaco,R,SAI,48,77.894,HARD,0,Ritmo de carrera
2024,Monaco,R,SAI,49,78.259,HARD,2,Tracción Comprometida
2024,Monaco,R,SAI,50,78.545,HARD,0,Ritmo de carrera
2024,Monaco,R,SAI,51,77.528,HARD,2,Tracción Comprometida
2024,Monaco,R,SAI,52,78.094,HARD,2,Tracción Comprometida
2024,Monaco,R,SAI,53,77.759,HARD,1,Lift and Coast
2024,Monaco,R,SAI,54,77.742,HARD,0,Ritmo de carrera
2024,Monaco,R,SAI,55,78.661,HARD,2,Tracción Comprometida
2024,Monaco,R,SAI,56,78.119,HARD,2,Tracción Comprometida
2024,Monaco,R,SAI,57,77.599,HARD,0,Ritmo de carrera
2024,Monaco,R,SAI,58,77.501,HARD,0,Ritmo de carrera
2024,Monaco,R,SAI,59,77.134,HARD,2,Tracción Comprometida
2024,Monaco,R,SAI,60,75.159,HARD,3,Vuelta de ataque
2024,Monaco,R,SAI,61,79.046,HARD,2,Tracción Comprometida
2024,Monaco,R,SAI,62,74.726,HARD,2,Tracción Comprometida
2024,Monaco,R,SAI,63,78.207,HARD,2,Tracción Comprometida
2024,Monaco,R,SAI,64,74.813,HARD,3,Vuelta de ataque
2024,Monaco,R,SAI,65,78.137,HARD,0,Ritmo de carrera
2024,Monaco,R,SAI,66,75.409,HARD,0,Ritmo de carrera
2024,Monaco,R,SAI,67,76.847,HARD,2,Tracción Comprometida
2024,Monaco,R,SAI,68,75.595,HARD,3,Vuelta de ataque
2024,Monaco,R,SAI,69,76.218,HARD,2,Tracción Comprometida
2024,Monaco,R,SAI,70,77.117,HARD,2,Tracción Comprometida
2024,Monaco,R,SAI,71,77.214,HARD,2,Tracción Comprometida
2024,Monaco,R,SAI,72,76.785,HARD,0,Ritmo de carrera
2024,Monaco,R,SAI,73,76.417,HARD,0,Ritmo de carrera
2024,Monaco,R,SAI,74,76.063,HARD,2,Tracción Comprometida
2024,Monaco,R,SAI,75,76.905,HARD,2,Tracción Comprometida
2024,Monaco,R,SAI,76,76.328,HARD,0,Ritmo de carrera
2024,Monaco,R,SAI,77,76.701,HARD,2,Tracción Comprometida
2024,Monaco,R,SAI,78,77.072,HARD,0,Ritmo de carrera
2024,Monaco,R,NOR,19,79.28,HARD,1,Lift and Coast
2024,Monaco,R,NOR,30,78.403,HARD,1,Lift and Coast
2024,Monaco,R,NOR,37,77.958,HARD,2,Tracción Comprometida
2024,Monaco,R,NOR,38,77.994,HARD,1,Lift and Coast
2024,Monaco,R,NOR,39,78.303,HARD,1,Lift and Coast
2024,Monaco,R,NOR,40,78.824,HARD,2,Tracción Comprometida
2024,Monaco,R,NOR,41,78.519,HARD,1,Lift and Coast
2024,Monaco,R,NOR,44,78.906,HARD,1,Lift and Coast
2024,Monaco,R,NOR,45,77.897,HARD,1,Lift and Coast
2024,Monaco,R,NOR,46,78.215,HARD,1,Lift and Coast
2024,Monaco,R,NOR,47,78.141,HARD,1,Lift and Coast
2024,Monaco,R,NOR,48,77.975,HARD,1,Lift and Coast
2024,Monaco,R,NOR,49,78.177,HARD,1,Lift and Coast
2024,Monaco,R,NOR,50,78.218,HARD,2,Tracción Comprometida
2024,Monaco,R,NOR,51,77.772,HARD,1,Lift and Coast
2024,Monaco,R,NOR,52,78.223,HARD,2,Tracción Comprometida
2024,Monaco,R,NOR,53,77.57,HARD,1,Lift and Coast
2024,Monaco,R,NOR,54,77.838,HARD,1,Lift and Coast
2024,Monaco,R,NOR,55,78.382,HARD,2,Tracción Comprometida
2024,Monaco,R,NOR,56,78.155,HARD,1,Lift and Coast
2024,Monaco,R,NOR,57,77.815,HARD,2,Tracción Comprometida
2024,Monaco,R,NOR,58,77.395,HARD,0,Ritmo de carrera
2024,Monaco,R,NOR,59,77.122,HARD,2,Tracción Comprometida
2024,Monaco,R,NOR,60,76.695,HARD,1,Lift and Coast
2024,Monaco,R,NOR,61,77.614,HARD,1,Lift and Coast
2024,Monaco,R,NOR,62,76.026,HARD,2,Tracción Comprometida
2024,Monaco,R,NOR,63,76.876,HARD,1,Lift and Coast
2024,Monaco,R,NOR,64,75.742,HARD,0,Ritmo de carrera
2024,Monaco,R,NOR,65,77.143,HARD,1,Lift and Coast
2024,Monaco,R,NOR,66,76.214,HARD,0,Ritmo de carrera
2024,Monaco,R,NOR,67,76.115,HARD,1,Lift and Coast
2024,Monaco,R,NOR,68,76.172,HARD,1,Lift and Coast
2024,Monaco,R,NOR,69,76.314,HARD,2,Tracción Comprometida
2024,Monaco,R,NOR,70,77.213,HARD,1,Lift and Coast
2024,Monaco,R,NOR,71,76.609,HARD,2,Tracción Comprometida
2024,Monaco,R,NOR,72,76.801,HARD,1,Lift and Coast
2024,Monaco,R,NOR,73,76.285,HARD,1,Lift and Coast
2024,Monaco,R,NOR,74,76.429,HARD,2,Tracción Comprometida
2024,Monaco,R,NOR,75,76.517,HARD,1,Lift and Coast
2024,Monaco,R,NOR,76,76.671,HARD,2,Tracción Comprometida
2024,Monaco,R,NOR,77,76.512,HARD,2,Tracción Comprometida
2024,Monaco,R,NOR,78,77.296,HARD,2,Tracción Comprometida
2024,Monaco,R,RUS,25,78.651,MEDIUM,1,Lift and Coast
2024,Monaco,R,RUS,26,79.006,MEDIUM,1,Lift and Coast
2024,Monaco,R,RUS,27,78.927,MEDIUM,1,Lift and Coast
2024,Monaco,R,RUS,28,78.679,MEDIUM,2,Tracción Comprometida
2024,Monaco,R,RUS,29,78.624,MEDIUM,2,Tracción Comprometida
2024,Monaco,R,RUS,30,78.811,MEDIUM,1,Lift and Coast
2024,Monaco,R,RUS,31,79.101,MEDIUM,2,Tracción Comprometida
2024,Monaco,R,RUS,32,79.122,MEDIUM,1,Lift and Coast
2024,Monaco,R,RUS,33,78.91,MEDIUM,2,Tracción Comprometida
2024,Monaco,R,RUS,37,78.757,MEDIUM,1,Lift and Coast
2024,Monaco,R,RUS,38,78.446,MEDIUM,0,Ritmo de carrera
2024,Monaco,R,RUS,39,78.45,MEDIUM,2,Tracción Comprometida
2024,Monaco,R,RUS,40,78.139,MEDIUM,2,Tracción Comprometida
2024,Monaco,R,RUS,41,78.308,MEDIUM,2,Tracción Comprometida
2024,Monaco,R,RUS,42,78.204,MEDIUM,1,Lift and Coast
2024,Monaco,R,RUS,43,78.684,MEDIUM,1,Lift and Coast
2024,Monaco,R,RUS,44,78.177,MEDIUM,1,Lift and Coast
2024,Monaco,R,RUS,45,78.449,MEDIUM,2,Tracción Comprometida
2024,Monaco,R,RUS,46,78.387,MEDIUM,1,Lift and Coast
2024,Monaco,R,RUS,47,78.314,MEDIUM,1,Lift and Coast
2024,Monaco,R,RUS,48,78.702,MEDIUM,2,Tracción Comprometida
2024,Monaco,R,RUS,49,78.985,MEDIUM,0,Ritmo de carrera
2024,Monaco,R,RUS,50,78.447,MEDIUM,2,Tracción Comprometida
2024,Monaco,R,RUS,51,78.049,MEDIUM,1,Lift and Coast
2024,Monaco,R,RUS,52,78.602,MEDIUM,1,Lift and Coast
2024,Monaco,R,RUS,54,78.201,MEDIUM,1,Lift and Coast
2024,Monaco,R,RUS,55,77.305,MEDIUM,1,Lift and Coast
2024,Monaco,R,RUS,56,77.071,MEDIUM,1,Lift and Coast
2024,Monaco,R,RUS,57,76.91,MEDIUM,1,Lift and Coast
2024,Monaco,R,RUS,58,77.142,MEDIUM,0,Ritmo de carrera
2024,Monaco,R,RUS,59,76.842,MEDIUM,0,Ritmo de carrera
2024,Monaco,R,RUS,60,76.604,MEDIUM,0,Ritmo de carrera
2024,Monaco,R,RUS,61,76.697,MEDIUM,0,Ritmo de carrera
2024,Monaco,R,RUS,62,76.787,MEDIUM,0,Ritmo de carrera
2024,Monaco,R,RUS,63,76.581,MEDIUM,0,Ritmo de carrera
2024,Monaco,R,RUS,64,76.133,MEDIUM,0,Ritmo de carrera
2024,Monaco,R,RUS,65,75.651,MEDIUM,3,Vuelta de ataque
2024,Monaco,R,RUS,66,75.848,MEDIUM,3,Vuelta de ataque
2024,Monaco,R,RUS,67,76.157,MEDIUM,0,Ritmo de carrera
2024,Monaco,R,RUS,68,75.931,MEDIUM,3,Vuelta de ataque
2024,Monaco,R,RUS,69,75.869,MEDIUM,0,Ritmo de carrera
2024,Monaco,R,RUS,70,75.251,MEDIUM,3,Vuelta de ataque
2024,Monaco,R,RUS,71,75.827,MEDIUM,0,Ritmo de carrera
2024,Monaco,R,RUS,72,75.839,MEDIUM,0,Ritmo de carrera
2024,Monaco,R,RUS,73,75.228,MEDIUM,3,Vuelta de ataque
2024,Monaco,R,RUS,74,75.376,MEDIUM,3,Vuelta de ataque
2024,Monaco,R,RUS,75,75.525,MEDIUM,0,Ritmo de carrera
2024,Monaco,R,RUS,76,75.753,MEDIUM,3,Vuelta de ataque
2024,Monaco,R,RUS,77,75.532,MEDIUM,3,Vuelta de ataque
2024,Monaco,R,RUS,78,76.303,MEDIUM,0,Ritmo de carrera
2024,Monaco,R,VER,38,78.844,MEDIUM,1,Lift and Coast
2024,Monaco,R,VER,41,78.083,MEDIUM,1,Lift and Coast
2024,Monaco,R,VER,42,78.074,MEDIUM,1,Lift and Coast
2024,Monaco,R,VER,44,78.405,MEDIUM,1,Lift and Coast
2024,Monaco,R,VER,46,78.203,MEDIUM,1,Lift and Coast
2024,Monaco,R,VER,47,78.537,MEDIUM,1,Lift and Coast
2024,Monaco,R,VER,48,78.337,MEDIUM,1,Lift and Coast
2024,Monaco,R,VER,49,78.477,MEDIUM,1,Lift and Coast
2024,Monaco,R,VER,50,78.88,MEDIUM,1,Lift and Coast
2024,Monaco,R,VER,51,78.142,MEDIUM,1,Lift and Coast
2024,Monaco,R,VER,53,78.724,HARD,1,Lift and Coast
2024,Monaco,R,VER,54,75.815,HARD,0,Ritmo de carrera
2024,Monaco,R,VER,55,75.398,HARD,1,Lift and Coast
2024,Monaco,R,VER,56,75.466,HARD,1,Lift and Coast
2024,Monaco,R,VER,57,76.181,HARD,3,Vuelta de ataque
2024,Monaco,R,VER,58,74.569,HARD,3,Vuelta de ataque
2024,Monaco,R,VER,59,74.748,HARD,3,Vuelta de ataque
2024,Monaco,R,VER,60,75.238,HARD,3,Vuelta de ataque
2024,Monaco,R,VER,61,75.121,HARD,3,Vuelta de ataque
2024,Monaco,R,VER,62,76.561,HARD,2,Tracción Comprometida
2024,Monaco,R,VER,63,76.547,HARD,1,Lift and Coast
2024,Monaco,R,VER,64,76.619,HARD,1,Lift and Coast
2024,Monaco,R,VER,65,75.468,HARD,1,Lift and Coast
2024,Monaco,R,VER,66,76.121,HARD,1,Lift and Coast
2024,Monaco,R,VER,67,76.276,HARD,1,Lift and Coast
2024,Monaco,R,VER,68,75.954,HARD,1,Lift and Coast
2024,Monaco,R,VER,69,75.463,HARD,1,Lift and Coast
2024,Monaco,R,VER,70,75.449,HARD,1,Lift and Coast
2024,Monaco,R,VER,71,75.659,HARD,1,Lift and Coast
2024,Monaco,R,VER,72,75.733,HARD,1,Lift and Coast
2024,Monaco,R,VER,73,75.436,HARD,1,Lift and Coast
2024,Monaco,R,VER,74,75.38,HARD,1,Lift and Coast
2024,Monaco,R,VER,75,75.396,HARD,1,Lift and Coast
2024,Monaco,R,VER,76,75.641,HARD,3,Vuelta de ataque
2024,Monaco,R,VER,77,75.543,HARD,3,Vuelta de ataque
2024,Monaco,R,VER,78,76.248,HARD,1,Lift and Coast
2024,Monaco,R,HAM,23,79.089,MEDIUM,1,Lift and Coast
2024,Monaco,R,HAM,24,78.785,MEDIUM,1,Lift and Coast
2024,Monaco,R,HAM,27,78.549,MEDIUM,1,Lift and Coast
2024,Monaco,R,HAM,28,78.587,MEDIUM,1,Lift and Coast
2024,Monaco,R,HAM,29,78.94,MEDIUM,1,Lift and Coast
2024,Monaco,R,HAM,30,78.371,MEDIUM,1,Lift and Coast
2024,Monaco,R,HAM,31,78.471,MEDIUM,1,Lift and Coast
2024,Monaco,R,HAM,32,78.618,MEDIUM,1,Lift and Coast
2024,Monaco,R,HAM,33,78.746,MEDIUM,1,Lift and Coast
2024,Monaco,R,HAM,34,78.86,MEDIUM,1,Lift and Coast
2024,Monaco,R,HAM,37,78.605,MEDIUM,1,Lift and Coast
2024,Monaco,R,HAM,39,78.943,MEDIUM,1,Lift and Coast
2024,Monaco,R,HAM,40,78.673,MEDIUM,2,Tracción Comprometida
2024,Monaco,R,HAM,42,77.542,MEDIUM,2,Tracción Comprometida
2024,Monaco,R,HAM,43,77.867,MEDIUM,1,Lift and Coast
2024,Monaco,R,HAM,44,78.225,MEDIUM,1,Lift and Coast
2024,Monaco,R,HAM,45,78.156,MEDIUM,1,Lift and Coast
2024,Monaco,R,HAM,48,77.831,MEDIUM,1,Lift and Coast
2024,Monaco,R,HAM,49,77.398,MEDIUM,2,Tracción Comprometida
2024,Monaco,R,HAM,50,78.461,MEDIUM,2,Tracción Comprometida
2024,Monaco,R,HAM,53,76.458,HARD,2,Tracción Comprometida
2024,Monaco,R,HAM,54,76.388,HARD,2,Tracción Comprometida
2024,Monaco,R,HAM,55,76.492,HARD,2,Tracción Comprometida
2024,Monaco,R,HAM,56,74.423,HARD,0,Ritmo de carrera
2024,Monaco,R,HAM,57,77.857,HARD,2,Tracción Comprometida
2024,Monaco,R,HAM,58,76.855,HARD,2,Tracción Comprometida
2024,Monaco,R,HAM,59,74.204,HARD,2,Tracción Comprometida
2024,Monaco,R,HAM,60,75.848,HARD,2,Tracción Comprometida
2024,Monaco,R,HAM,61,75.274,HARD,2,Tracción Comprometida
2024,Monaco,R,HAM,62,75.414,HARD,2,Tracción Comprometida
2024,Monaco,R,HAM,63,74.165,HARD,3,Vuelta de ataque
2024,Monaco,R,HAM,64,76.164,HARD,2,Tracción Comprometida
2024,Monaco,R,HAM,65,75.19,HARD,2,Tracción Comprometida
2024,Monaco,R,HAM,66,75.342,HARD,2,Tracción Comprometida
2024,Monaco,R,HAM,67,76.117,HARD,2,Tracción Comprometida
2024,Monaco,R,HAM,68,75.836,HARD,1,Lift and Coast
2024,Monaco,R,HAM,69,75.648,HARD,1,Lift and Coast
2024,Monaco,R,HAM,70,75.638,HARD,2,Tracción Comprometida
2024,Monaco,R,HAM,71,75.643,HARD,2,Tracción Comprometida
2024,Monaco,R,HAM,72,75.468,HARD,2,Tracción Comprometida
2024,Monaco,R,HAM,73,75.134,HARD,3,Vuelta de ataque
2024,Monaco,R,HAM,74,75.324,HARD,2,Tracción Comprometida
2024,Monaco,R,HAM,75,75.324,HARD,2,Tracción Comprometida
2024,Monaco,R,HAM,76,75.245,HARD,0,Ritmo de carrera
2024,Monaco,R,HAM,77,75.697,HARD,2,Tracción Comprometida
2024,Monaco,R,HAM,78,76.355,HARD,2,Tracción Comprometida
2024,Monaco,R,TSU,56,78.502,HARD,1,Lift and Coast
2024,Monaco,R,TSU,59,78.035,HARD,1,Lift and Coast
2024,Monaco,R,TSU,64,77.631,HARD,1,Lift and Coast
2024,Monaco,R,TSU,71,78.258,HARD,1,Lift and Coast
2024,Monaco,R,TSU,72,77.079,HARD,1,Lift and Coast
2024,Monaco,R,TSU,73,75.955,HARD,1,Lift and Coast
2024,Monaco,R,TSU,74,75.462,HARD,1,Lift and Coast
2024,Monaco,R,TSU,75,74.992,HARD,1,Lift and Coast
2024,Monaco,R,TSU,76,75.205,HARD,1,Lift and Coast
2024,Monaco,R,TSU,77,74.72,HARD,3,Vuelta de ataque
2024,Monaco,R,ALB,34,79.134,HARD,2,Tracción Comprometida
2024,Monaco,R,ALB,35,78.816,HARD,2,Tracción Comprometida
2024,Monaco,R,ALB,41,79.329,HARD,2,Tracción Comprometida
2024,Monaco,R,ALB,48,79.321,HARD,1,Lift and Coast
2024,Monaco,R,ALB,50,79.268,HARD,2,Tracción Comprometida
2024,Monaco,R,ALB,51,78.863,HARD,2,Tracción Comprometida
2024,Monaco,R,ALB,55,79.085,HARD,2,Tracción Comprometida
2024,Monaco,R,ALB,56,78.796,HARD,0,Ritmo de carrera
2024,Monaco,R,ALB,57,78.271,HARD,2,Tracción Comprometida
2024,Monaco,R,ALB,58,78.69,HARD,2,Tracción Comprometida
2024,Monaco,R,ALB,59,78.201,HARD,2,Tracción Comprometida
2024,Monaco,R,ALB,64,77.911,HARD,2,Tracción Comprometida
2024,Monaco,R,ALB,65,77.261,HARD,2,Tracción Comprometida
2024,Monaco,R,ALB,66,78.003,HARD,2,Tracción Comprometida
2024,Monaco,R,ALB,67,77.874,HARD,2,Tracción Comprometida
2024,Monaco,R,ALB,68,78.385,HARD,2,Tracción Comprometida
2024,Monaco,R,ALB,71,78.957,HARD,2,Tracción Comprometida
2024,Monaco,R,ALB,72,78.165,HARD,0,Ritmo de carrera
2024,Monaco,R,ALB,73,78.432,HARD,2,Tracción Comprometida
2024,Monaco,R,ALB,74,78.014,HARD,2,Tracción Comprometida
2024,Monaco,R,ALB,75,77.85,HARD,2,Tracción Comprometida
2024,Monaco,R,ALB,76,77.279,HARD,2,Tracción Comprometida
2024,Monaco,R,ALB,77,77.06,HARD,2,Tracción Comprometida
2024,Monaco,R,GAS,54,79.091,MEDIUM,1,Lift and Coast
2024,Monaco,R,GAS,58,79.097,MEDIUM,1,Lift and Coast
2024,Monaco,R,GAS,62,78.469,MEDIUM,0,Ritmo de carrera
2024,Monaco,R,GAS,63,79.155,MEDIUM,0,Ritmo de carrera
2024,Monaco,R,GAS,64,78.868,MEDIUM,0,Ritmo de carrera
2024,Monaco,R,GAS,65,79.22,MEDIUM,1,Lift and Coast
2024,Monaco,R,GAS,66,78.726,MEDIUM,1,Lift and Coast
2024,Monaco,R,GAS,67,78.624,MEDIUM,0,Ritmo de carrera
2024,Monaco,R,GAS,68,78.545,MEDIUM,1,Lift and Coast
2024,Monaco,R,GAS,69,78.363,MEDIUM,0,Ritmo de carrera
2024,Monaco,R,GAS,70,77.799,MEDIUM,1,Lift and Coast
2024,Monaco,R,GAS,71,78.14,MEDIUM,1,Lift and Coast
2024,Monaco,R,GAS,72,78.382,MEDIUM,1,Lift and Coast
2024,Monaco,R,GAS,73,77.992,MEDIUM,1,Lift and Coast
2024,Monaco,R,GAS,74,76.689,MEDIUM,0,Ritmo de carrera
2024,Monaco,R,GAS,75,78.12,MEDIUM,0,Ritmo de carrera
2024,Monaco,R,GAS,76,77.516,MEDIUM,0,Ritmo de carrera
2024,Monaco,R,GAS,77,75.625,MEDIUM,3,Vuelta de ataque
2024,Monaco,R,ALO,44,78.852,MEDIUM,0,Ritmo de carrera
2024,Monaco,R,ALO,46,78.928,MEDIUM,0,Ritmo de carrera
2024,Monaco,R,ALO,50,79.334,MEDIUM,2,Tracción Comprometida
2024,Monaco,R,ALO,54,79.191,MEDIUM,0,Ritmo de carrera
2024,Monaco,R,ALO,58,79.229,MEDIUM,0,Ritmo de carrera
2024,Monaco,R,ALO,59,79.219,MEDIUM,0,Ritmo de carrera
2024,Monaco,R,ALO,60,79.166,MEDIUM,1,Lift and Coast
2024,Monaco,R,ALO,61,78.752,MEDIUM,0,Ritmo de carrera
2024,Monaco,R,ALO,62,78.816,MEDIUM,0,Ritmo de carrera
2024,Monaco,R,ALO,63,78.556,MEDIUM,0,Ritmo de carrera
2024,Monaco,R,ALO,64,78.736,MEDIUM,2,Tracción Comprometida
2024,Monaco,R,ALO,65,78.633,MEDIUM,2,Tracción Comprometida
2024,Monaco,R,ALO,66,78.637,MEDIUM,0,Ritmo de carrera
2024,Monaco,R,ALO,67,78.126,MEDIUM,0,Ritmo de carrera
2024,Monaco,R,ALO,68,77.939,MEDIUM,0,Ritmo de carrera
2024,Monaco,R,ALO,69,78.713,MEDIUM,0,Ritmo de carrera
2024,Monaco,R,ALO,70,78.473,MEDIUM,0,Ritmo de carrera
2024,Monaco,R,ALO,71,78.133,MEDIUM,0,Ritmo de carrera
2024,Monaco,R,ALO,72,78.081,MEDIUM,0,Ritmo de carrera
2024,Monaco,R,ALO,73,78.504,MEDIUM,0,Ritmo de carrera
2024,Monaco,R,ALO,75,78.663,MEDIUM,0,Ritmo de carrera
2024,Monaco,R,ALO,76,79.053,MEDIUM,0,Ritmo de carrera
2024,Monaco,R,RIC,44,78.003,HARD,1,Lift and Coast
2024,Monaco,R,RIC,46,77.172,HARD,0,Ritmo de carrera
2024,Monaco,R,RIC,48,78.282,HARD,1,Lift and Coast
2024,Monaco,R,RIC,54,79.176,HARD,1,Lift and Coast
2024,Monaco,R,RIC,58,79.119,HARD,1,Lift and Coast
2024,Monaco,R,RIC,59,78.936,HARD,1,Lift and Coast
2024,Monaco,R,RIC,60,79.23,HARD,1,Lift and Coast
2024,Monaco,R,RIC,61,78.771,HARD,1,Lift and Coast
2024,Monaco,R,RIC,62,78.977,HARD,1,Lift and Coast
2024,Monaco,R,RIC,63,78.805,HARD,1,Lift and Coast
2024,Monaco,R,RIC,64,78.637,HARD,1,Lift and Coast
2024,Monaco,R,RIC,65,78.73,HARD,1,Lift and Coast
2024,Monaco,R,RIC,66,78.248,HARD,1,Lift and Coast
2024,Monaco,R,RIC,67,78.219,HARD,1,Lift and Coast
2024,Monaco,R,RIC,68,78.116,HARD,1,Lift and Coast
2024,Monaco,R,RIC,69,78.386,HARD,1,Lift and Coast
2024,Monaco,R,RIC,70,78.706,HARD,1,Lift and Coast
2024,Monaco,R,RIC,71,78.108,HARD,1,Lift and Coast
2024,Monaco,R,RIC,72,78.068,HARD,1,Lift and Coast
2024,Monaco,R,RIC,73,78.512,HARD,1,Lift and Coast
2024,Monaco,R,RIC,75,78.645,HARD,1,Lift and Coast
2024,Monaco,R,RIC,76,78.93,HARD,1,Lift and Coast
2024,Monaco,R,BOT,17,76.561,HARD,3,Vuelta de ataque
2024,Monaco,R,BOT,18,76.567,HARD,3,Vuelta de ataque
2024,Monaco,R,BOT,19,77.829,HARD,0,Ritmo de carrera
2024,Monaco,R,BOT,20,79.124,HARD,2,Tracción Comprometida
2024,Monaco,R,BOT,51,77.205,HARD,0,Ritmo de carrera
2024,Monaco,R,BOT,52,77.202,HARD,0,Ritmo de carrera
2024,Monaco,R,BOT,53,78.456,HARD,0,Ritmo de carrera
2024,Monaco,R,BOT,57,78.994,HARD,0,Ritmo de carrera
2024,Monaco,R,BOT,58,79.28,HARD,0,Ritmo de carrera
2024,Monaco,R,BOT,59,78.999,HARD,0,Ritmo de carrera
2024,Monaco,R,BOT,60,79.069,HARD,0,Ritmo de carrera
2024,Monaco,R,BOT,61,78.623,HARD,0,Ritmo de carrera
2024,Monaco,R,BOT,62,78.964,HARD,0,Ritmo de carrera
2024,Monaco,R,BOT,63,79.024,HARD,0,Ritmo de carrera
2024,Monaco,R,BOT,64,78.531,HARD,0,Ritmo de carrera
2024,Monaco,R,BOT,65,78.642,HARD,0,Ritmo de carrera
2024,Monaco,R,BOT,66,78.383,HARD,1,Lift and Coast
2024,Monaco,R,BOT,67,78.467,HARD,1,Lift and Coast
2024,Monaco,R,BOT,68,78.052,HARD,1,Lift and Coast
2024,Monaco,R,BOT,69,78.088,HARD,0,Ritmo de carrera
2024,Monaco,R,BOT,70,78.778,HARD,0,Ritmo de carrera
2024,Monaco,R,BOT,71,78.104,HARD,0,Ritmo de carrera
2024,Monaco,R,BOT,72,78.347,HARD,0,Ritmo de carrera
2024,Monaco,R,BOT,74,78.318,HARD,0,Ritmo de carrera
2024,Monaco,R,BOT,75,78.779,HARD,0,Ritmo de carrera
2024,Monaco,R,BOT,76,78.774,HARD,0,Ritmo de carrera
2024,Monaco,R,STR,21,79.016,MEDIUM,1,Lift and Coast
2024,Monaco,R,STR,36,79.297,MEDIUM,1,Lift and Coast
2024,Monaco,R,STR,44,78.551,HARD,1,Lift and Coast
2024,Monaco,R,STR,45,78.806,HARD,1,Lift and Coast
2024,Monaco,R,STR,46,78.296,HARD,1,Lift and Coast
2024,Monaco,R,STR,47,78.062,HARD,1,Lift and Coast
2024,Monaco,R,STR,49,79.089,SOFT,1,Lift and Coast
2024,Monaco,R,STR,51,76.982,SOFT,1,Lift and Coast
2024,Monaco,R,STR,52,77.35,SOFT,1,Lift and Coast
2024,Monaco,R,STR,56,77.279,SOFT,0,Ritmo de carrera
2024,Monaco,R,STR,57,76.914,SOFT,0,Ritmo de carrera
2024,Monaco,R,STR,58,77.156,SOFT,0,Ritmo de carrera
2024,Monaco,R,STR,59,76.71,SOFT,0,Ritmo de carrera
2024,Monaco,R,STR,60,77.326,SOFT,0,Ritmo de carrera
2024,Monaco,R,STR,61,78.298,SOFT,0,Ritmo de carrera
2024,Monaco,R,STR,62,79.07,SOFT,0,Ritmo de carrera
2024,Monaco,R,STR,63,79.1,SOFT,0,Ritmo de carrera
2024,Monaco,R,STR,64,78.425,SOFT,0,Ritmo de carrera
2024,Monaco,R,STR,65,78.732,SOFT,0,Ritmo de carrera
2024,Monaco,R,STR,66,78.748,SOFT,0,Ritmo de carrera
2024,Monaco,R,STR,67,78.636,SOFT,1,Lift and Coast
2024,Monaco,R,STR,68,78.057,SOFT,0,Ritmo de carrera
2024,Monaco,R,STR,69,78.275,SOFT,0,Ritmo de carrera
2024,Monaco,R,STR,70,78.557,SOFT,1,Lift and Coast
2024,Monaco,R,STR,71,78.464,SOFT,0,Ritmo de carrera
2024,Monaco,R,STR,72,78.332,SOFT,1,Lift and Coast
2024,Monaco,R,STR,75,78.511,SOFT,1,Lift and Coast
2024,Monaco,R,STR,76,78.623,SOFT,1,Lift and Coast
2024,Monaco,R,SAR,59,75.594,MEDIUM,3,Vuelta de ataque
2024,Monaco,R,SAR,60,75.58,MEDIUM,3,Vuelta de ataque
2024,Monaco,R,SAR,61,75.558,MEDIUM,3,Vuelta de ataque
2024,Monaco,R,SAR,62,75.525,MEDIUM,0,Ritmo de carrera
2024,Monaco,R,SAR,63,75.688,MEDIUM,3,Vuelta de ataque
2024,Monaco,R,SAR,64,76.895,MEDIUM,0,Ritmo de carrera
2024,Monaco,R,SAR,69,76.077,MEDIUM,0,Ritmo de carrera
2024,Monaco,R,SAR,70,76.866,MEDIUM,0,Ritmo de carrera
2024,Monaco,R,SAR,71,76.326,MEDIUM,0,Ritmo de carrera
2024,Monaco,R,SAR,72,76.402,MEDIUM,0,Ritmo de carrera
2024,Monaco,R,SAR,73,76.37,MEDIUM,0,Ritmo de carrera
2024,Monaco,R,SAR,74,76.863,MEDIUM,0,Ritmo de carrera
2024,Monaco,R,SAR,75,76.324,MEDIUM,0,Ritmo de carrera
2024,Monaco,R,SAR,76,77.197,MEDIUM,0,Ritmo de carrera
2024,Monaco,R,ZHO,58,78.795,HARD,0,Ritmo de carrera
2024,Monaco,R,ZHO,59,77.936,HARD,0,Ritmo de carrera
2024,Monaco,R,ZHO,60,78.545,HARD,0,Ritmo de carrera
2024,Monaco,R,ZHO,61,78.707,HARD,0,Ritmo de carrera
2024,Monaco,R,ZHO,62,78.817,HARD,0,Ritmo de carrera
2024,Monaco,R,ZHO,63,78.789,HARD,0,Ritmo de carrera
2024,Monaco,R,ZHO,64,79.295,HARD,0,Ritmo de carrera
2024,Monaco,R,ZHO,73,75.233,SOFT,0,Ritmo de carrera
2024,Monaco,R,ZHO,75,74.718,SOFT,3,Vuelta de ataque
2024,Monaco,R,ZHO,76,77.173,SOFT,0,Ritmo de carrera
2024,Bahrain,FP3,VER,2,93.215,HARD,3,Vuelta de ataque
2024,Bahrain,FP3,VER,5,93.046,HARD,3,Vuelta de ataque
2024,Bahrain,FP3,VER,8,91.062,SOFT,3,Vuelta de ataque
2024,Bahrain,FP3,VER,11,91.246,SOFT,3,Vuelta de ataque
2024,Bahrain,FP3,SAR,2,93.11,SOFT,3,Vuelta de ataque
2024,Bahrain,FP3,SAR,5,93.079,SOFT,3,Vuelta de ataque
2024,Bahrain,FP3,SAR,9,92.125,SOFT,3,Vuelta de ataque
2024,Bahrain,FP3,SAR,12,92.614,SOFT,3,Vuelta de ataque
2024,Bahrain,FP3,RIC,2,92.772,SOFT,3,Vuelta de ataque
2024,Bahrain,FP3,RIC,8,91.449,SOFT,3,Vuelta de ataque
2024,Bahrain,FP3,GAS,2,93.112,SOFT,3,Vuelta de ataque
2024,Bahrain,FP3,GAS,5,93.519,SOFT,3,Vuelta de ataque
2024,Bahrain,FP3,GAS,8,92.382,SOFT,3,Vuelta de ataque
2024,Bahrain,FP3,GAS,11,93.093,SOFT,3,Vuelta de ataque
2024,Bahrain,FP3,PER,2,93.365,HARD,3,Vuelta de ataque
2024,Bahrain,FP3,PER,5,93.371,HARD,3,Vuelta de ataque
2024,Bahrain,FP3,PER,9,91.248,SOFT,3,Vuelta de ataque
2024,Bahrain,FP3,PER,12,91.328,SOFT,3,Vuelta de ataque
2024,Bahrain,FP3,ALO,2,91.582,SOFT,3,Vuelta de ataque
2024,Bahrain,FP3,ALO,5,92.733,SOFT,3,Vuelta de ataque
2024,Bahrain,FP3,ALO,7,94.303,SOFT,3,Vuelta de ataque
2024,Bahrain,FP3,ALO,11,90.965,SOFT,3,Vuelta de ataque
2024,Bahrain,FP3,ALO,14,92.585,SOFT,3,Vuelta de ataque
2024,Bahrain,FP3,LEC,2,92.677,SOFT,2,Tracción Comprometida
2024,Bahrain,FP3,LEC,5,92.025,SOFT,2,Tracción Comprometida
2024,Bahrain,FP3,LEC,8,92.693,SOFT,2,Tracción Comprometida
2024,Bahrain,FP3,LEC,11,95.286,SOFT,2,Tracción Comprometida
2024,Bahrain,FP3,LEC,13,91.094,SOFT,2,Tracción Comprometida
2024,Bahrain,FP3,LEC,15,91.337,SOFT,2,Tracción Comprometida
2024,Bahrain,FP3,STR,2,92.327,SOFT,3,Vuelta de ataque
2024,Bahrain,FP3,STR,4,92.282,SOFT,3,Vuelta de ataque
2024,Bahrain,FP3,STR,6,93.173,SOFT,3,Vuelta de ataque
2024,Bahrain,FP3,STR,10,91.396,SOFT,3,Vuelta de ataque
2024,Bahrain,FP3,STR,13,91.735,SOFT,3,Vuelta de ataque
2024,Bahrain,FP3,MAG,2,92.44,SOFT,3,Vuelta de ataque
2024,Bahrain,FP3,MAG,5,93.178,SOFT,3,Vuelta de ataque
2024,Bahrain,FP3,MAG,8,96.052,SOFT,1,Lift and Coast
2024,Bahrain,FP3,MAG,9,95.747,SOFT,3,Vuelta de ataque
2024,Bahrain,FP3,MAG,10,95.864,SOFT,3,Vuelta de ataque
2024,Bahrain,FP3,MAG,11,95.892,SOFT,3,Vuelta de ataque
2024,Bahrain,FP3,MAG,12,96.036,SOFT,3,Vuelta de ataque
2024,Bahrain,FP3,MAG,17,91.671,SOFT,3,Vuelta de ataque
2024,Bahrain,FP3,TSU,2,92.845,SOFT,3,Vuelta de ataque
2024,Bahrain,FP3,TSU,5,92.161,SOFT,3,Vuelta de ataque
2024,Bahrain,FP3,TSU,9,91.631,SOFT,3,Vuelta de ataque
2024,Bahrain,FP3,TSU,12,92.765,SOFT,3,Vuelta de ataque
2024,Bahrain,FP3,ALB,3,92.495,SOFT,2,Tracción Comprometida
2024,Bahrain,FP3,ALB,6,95.477,SOFT,2,Tracción Comprometida
2024,Bahrain,FP3,ALB,9,92.137,SOFT,3,Vuelta de ataque
2024,Bahrain,FP3,ALB,12,91.965,SOFT,3,Vuelta de ataque
2024,Bahrain,FP3,ZHO,2,93.517,SOFT,3,Vuelta de ataque
2024,Bahrain,FP3,ZHO,5,93.454,SOFT,3,Vuelta de ataque
2024,Bahrain,FP3,ZHO,9,92.059,SOFT,3,Vuelta de ataque
2024,Bahrain,FP3,ZHO,12,92.0,SOFT,3,Vuelta de ataque
2024,Bahrain,FP3,HUL,2,93.015,SOFT,3,Vuelta de ataque
2024,Bahrain,FP3,HUL,5,93.038,SOFT,3,Vuelta de ataque
2024,Bahrain,FP3,HUL,8,91.278,SOFT,3,Vuelta de ataque
2024,Bahrain,FP3,OCO,2,93.003,SOFT,3,Vuelta de ataque
2024,Bahrain,FP3,OCO,5,93.012,SOFT,3,Vuelta de ataque
2024,Bahrain,FP3,OCO,8,92.124,SOFT,3,Vuelta de ataque
2024,Bahrain,FP3,HAM,13,91.452,SOFT,3,Vuelta de ataque
2024,Bahrain,FP3,HAM,16,91.975,SOFT,3,Vuelta de ataque
2024,Bahrain,FP3,HAM,17,96.217,SOFT,0,Ritmo de carrera
2024,Bahrain,FP3,SAI,2,92.762,SOFT,3,Vuelta de ataque
2024,Bahrain,FP3,SAI,5,92.202,SOFT,3,Vuelta de ataque
2024,Bahrain,FP3,SAI,8,92.831,SOFT,3,Vuelta de ataque
2024,Bahrain,FP3,SAI,10,92.971,SOFT,3,Vuelta de ataque
2024,Bahrain,FP3,SAI,13,90.824,SOFT,3,Vuelta de ataque
2024,Bahrain,FP3,SAI,16,93.111,SOFT,1,Lift and Coast
2024,Bahrain,FP3,RUS,2,91.821,SOFT,3,Vuelta de ataque
2024,Bahrain,FP3,RUS,5,92.831,SOFT,3,Vuelta de ataque
2024,Bahrain,FP3,RUS,8,91.19,SOFT,3,Vuelta de ataque
2024,Bahrain,FP3,BOT,2,93.09,SOFT,3,Vuelta de ataque
2024,Bahrain,FP3,BOT,5,93.468,SOFT,3,Vuelta de ataque
2024,Bahrain,FP3,BOT,9,92.269,SOFT,3,Vuelta de ataque
2024,Bahrain,FP3,BOT,12,92.096,SOFT,3,Vuelta de ataque
2024,Bahrain,FP3,PIA,3,93.273,SOFT,3,Vuelta de ataque
2024,Bahrain,FP3,PIA,6,93.322,SOFT,3,Vuelta de ataque
2024,Bahrain,FP3,PIA,9,91.21,SOFT,3,Vuelta de ataque
2024,Bahrain,Q,VER,2,90.031,SOFT,3,Vuelta de ataque
2024,Bahrain,Q,VER,5,90.16,SOFT,3,Vuelta de ataque
2024,Bahrain,Q,VER,8,89.374,SOFT,3,Vuelta de ataque
2024,Bahrain,Q,VER,13,89.421,SOFT,3,Vuelta de ataque
2024,Bahrain,Q,VER,16,89.179,SOFT,3,Vuelta de ataque
2024,Bahrain,Q,LEC,2,91.26,MEDIUM,3,Vuelta de ataque
2024,Bahrain,Q,LEC,5,90.243,SOFT,2,Tracción Comprometida
2024,Bahrain,Q,LEC,9,90.094,SOFT,3,Vuelta de ataque
2024,Bahrain,Q,LEC,12,89.165,SOFT,3,Vuelta de ataque
2024,Bahrain,Q,LEC,18,89.407,SOFT,3,Vuelta de ataque
2024,Bahrain,Q,RUS,2,90.35,SOFT,3,Vuelta de ataque
2024,Bahrain,Q,RUS,7,90.698,SOFT,3,Vuelta de ataque
2024,Bahrain,Q,RUS,10,89.922,SOFT,3,Vuelta de ataque
2024,Bahrain,Q,RUS,13,89.603,SOFT,3,Vuelta de ataque
2024,Bahrain,Q,RUS,16,89.485,SOFT,3,Vuelta de ataque
2024,Bahrain,Q,SAI,2,91.208,MEDIUM,3,Vuelta de ataque
2024,Bahrain,Q,SAI,5,89.909,SOFT,3,Vuelta de ataque
2024,Bahrain,Q,SAI,8,90.425,SOFT,3,Vuelta de ataque
2024,Bahrain,Q,SAI,11,89.573,SOFT,3,Vuelta de ataque
2024,Bahrain,Q,SAI,14,89.608,SOFT,3,Vuelta de ataque
2024,Bahrain,Q,SAI,17,89.507,SOFT,3,Vuelta de ataque
2024,Bahrain,Q,PER,2,90.221,SOFT,3,Vuelta de ataque
2024,Bahrain,Q,PER,5,90.5,SOFT,3,Vuelta de ataque
2024,Bahrain,Q,PER,8,89.932,SOFT,3,Vuelta de ataque
2024,Bahrain,Q,PER,13,90.03,SOFT,3,Vuelta de ataque
2024,Bahrain,Q,PER,16,89.537,SOFT,3,Vuelta de ataque
2024,Bahrain,Q,ALO,2,90.179,SOFT,3,Vuelta de ataque
2024,Bahrain,Q,ALO,7,90.136,SOFT,3,Vuelta de ataque
2024,Bahrain,Q,ALO,10,89.801,SOFT,3,Vuelta de ataque
2024,Bahrain,Q,PIA,2,90.692,SOFT,3,Vuelta de ataque
2024,Bahrain,Q,PIA,5,90.531,SOFT,3,Vuelta de ataque
2024,Bahrain,Q,PIA,8,90.624,SOFT,3,Vuelta de ataque
2024,Bahrain,Q,PIA,11,90.122,SOFT,3,Vuelta de ataque
2024,Bahrain,Q,PIA,14,90.651,SOFT,3,Vuelta de ataque
2024,Bahrain,Q,PIA,17,89.683,SOFT,3,Vuelta de ataque
2024,Bahrain,Q,HAM,2,90.806,SOFT,3,Vuelta de ataque
2024,Bahrain,Q,HAM,5,90.451,SOFT,3,Vuelta de ataque
2024,Bahrain,Q,HAM,8,90.363,SOFT,3,Vuelta de ataque
2024,Bahrain,Q,HAM,11,89.718,SOFT,3,Vuelta de ataque
2024,Bahrain,Q,HAM,14,90.445,SOFT,3,Vuelta de ataque
2024,Bahrain,Q,HAM,17,89.71,SOFT,3,Vuelta de ataque
2024,Bahrain,Q,HUL,2,90.623,SOFT,3,Vuelta de ataque
2024,Bahrain,Q,HUL,5,90.566,SOFT,3,Vuelta de ataque
2024,Bahrain,Q,HUL,8,90.997,SOFT,3,Vuelta de ataque
2024,Bahrain,Q,HUL,11,89.851,SOFT,3,Vuelta de ataque
2024,Bahrain,Q,HUL,14,90.502,SOFT,3,Vuelta de ataque
2024,Bahrain,Q,HUL,17,90.616,SOFT,3,Vuelta de ataque
2024,Bahrain,Q,TSU,2,90.881,SOFT,3,Vuelta de ataque
2024,Bahrain,Q,TSU,5,90.481,SOFT,3,Vuelta de ataque
2024,Bahrain,Q,TSU,8,91.102,SOFT,3,Vuelta de ataque
2024,Bahrain,Q,TSU,11,90.129,SOFT,3,Vuelta de ataque
2024,Bahrain,Q,STR,2,90.864,SOFT,3,Vuelta de ataque
2024,Bahrain,Q,STR,5,89.965,SOFT,3,Vuelta de ataque
2024,Bahrain,Q,STR,11,90.2,SOFT,3,Vuelta de ataque
2024,Bahrain,Q,ALB,2,90.692,SOFT,3,Vuelta de ataque
2024,Bahrain,Q,ALB,5,90.397,SOFT,3,Vuelta de ataque
2024,Bahrain,Q,ALB,8,91.152,SOFT,3,Vuelta de ataque
2024,Bahrain,Q,ALB,11,90.221,SOFT,3,Vuelta de ataque
2024,Bahrain,Q,RIC,2,91.025,SOFT,3,Vuelta de ataque
2024,Bahrain,Q,RIC,5,90.562,SOFT,3,Vuelta de ataque
2024,Bahrain,Q,RIC,8,91.126,SOFT,3,Vuelta de ataque
2024,Bahrain,Q,RIC,11,90.278,SOFT,3,Vuelta de ataque
2024,Bahrain,Q,MAG,2,91.252,SOFT,3,Vuelta de ataque
2024,Bahrain,Q,MAG,5,90.646,SOFT,3,Vuelta de ataque
2024,Bahrain,Q,MAG,8,91.17,SOFT,3,Vuelta de ataque
2024,Bahrain,Q,MAG,11,90.529,SOFT,3,Vuelta de ataque
2024,Bahrain,Q,BOT,2,91.077,SOFT,3,Vuelta de ataque
2024,Bahrain,Q,BOT,5,90.756,SOFT,3,Vuelta de ataque
2024,Bahrain,Q,ZHO,2,91.075,SOFT,3,Vuelta de ataque
2024,Bahrain,Q,ZHO,5,90.757,SOFT,3,Vuelta de ataque
2024,Bahrain,Q,SAR,2,90.77,SOFT,3,Vuelta de ataque
2024,Bahrain,Q,SAR,5,91.128,SOFT,3,Vuelta de ataque
2024,Bahrain,Q,OCO,2,91.99,MEDIUM,3,Vuelta de ataque
2024,Bahrain,Q,OCO,5,91.261,SOFT,3,Vuelta de ataque
2024,Bahrain,Q,OCO,8,90.793,SOFT,3,Vuelta de ataque
2024,Bahrain,Q,GAS,2,92.434,MEDIUM,3,Vuelta de ataque
2024,Bahrain,Q,GAS,5,91.281,SOFT,3,Vuelta de ataque
2024,Bahrain,Q,GAS,8,90.948,SOFT,3,Vuelta de ataque
2022,Italian,FP3,STR,4,84.365,SOFT,-1,Atípico
2022,Italian,FP3,STR,6,83.739,SOFT,-1,Atípico
2022,Italian,FP3,STR,8,84.24,SOFT,-1,Atípico
2022,Italian,FP3,STR,12,84.068,SOFT,-1,Atípico
2022,Italian,FP3,STR,14,83.767,SOFT,-1,Atípico
2022,Italian,Q,STR,2,84.231,SOFT,-1,Atípico
2022,Italian,Q,STR,5,82.997,SOFT,-1,Atípico
2022,Italian,Q,STR,8,82.748,SOFT,-1,Atípico
2022,Italian,R,STR,2,88.722,MEDIUM,-1,Atípico
2022,Italian,R,STR,3,88.096,MEDIUM,-1,Atípico
2022,Italian,R,STR,4,87.618,MEDIUM,-1,Atípico
2022,Italian,R,STR,5,87.637,MEDIUM,-1,Atípico
2022,Italian,R,STR,6,88.499,MEDIUM,-1,Atípico
2022,Italian,R,STR,7,87.694,MEDIUM,-1,Atípico
2022,Italian,R,STR,8,87.783,MEDIUM,-1,Atípico
2022,Italian,R,STR,9,87.902,MEDIUM,-1,Atípico
2022,Italian,R,STR,10,88.014,MEDIUM,-1,Atípico
2022,Italian,R,STR,11,88.112,MEDIUM,-1,Atípico
2022,Italian,R,STR,13,87.931,MEDIUM,-1,Atípico
2022,Italian,R,STR,14,87.527,MEDIUM,-1,Atípico
2022,Italian,R,STR,15,87.915,MEDIUM,-1,Atípico
2022,Italian,R,STR,16,87.824,MEDIUM,-1,Atípico
2022,Italian,R,STR,17,88.819,MEDIUM,-1,Atípico
2022,Italian,R,STR,20,88.51,HARD,-1,Atípico
2022,Italian,R,STR,21,88.442,HARD,-1,Atípico
2022,Italian,R,STR,22,87.815,HARD,-1,Atípico
2022,Italian,R,STR,23,87.595,HARD,-1,Atípico
2022,Italian,R,STR,24,88.746,HARD,-1,Atípico
2022,Italian,R,STR,25,87.749,HARD,-1,Atípico
2022,Italian,R,STR,26,87.704,HARD,-1,Atípico
2022,Italian,R,STR,27,87.491,HARD,-1,Atípico
2022,Italian,R,STR,28,87.687,HARD,-1,Atípico
2022,Italian,R,STR,29,87.583,HARD,-1,Atípico
2022,Italian,R,STR,30,87.499,HARD,-1,Atípico
2022,Italian,R,STR,31,87.761,HARD,-1,Atípico
2022,Italian,R,STR,32,87.641,HARD,-1,Atípico
2022,Italian,R,STR,33,87.5,HARD,-1,Atípico
2022,Italian,R,STR,34,87.467,HARD,-1,Atípico
2022,Italian,R,STR,35,88.234,HARD,-1,Atípico
2022,Italian,R,STR,36,88.569,HARD,-1,Atípico
2022,Italian,R,STR,37,88.318,HARD,-1,Atípico
2022,Italian,R,STR,38,87.475,HARD,-1,Atípico
2022,Italian,R,NOR,52,88.203,SOFT,-1,Atípico
2022,Italian,R,HAM,52,89.345,SOFT,-1,Atípico
2022,Italian,R,DEV,52,89.693,MEDIUM,-1,Atípico
2022,Italian,R,VET,2,89.616,MEDIUM,-1,Atípico
2022,Italian,R,SAI,2,89.685,MEDIUM,-1,Atípico
2022,Italian,R,SAI,52,89.168,SOFT,-1,Atípico
2022,Italian,R,BOT,2,89.846,MEDIUM,-1,Atípico
2022,Monaco,FP3,GAS,4,75.198,SOFT,-1,Atípico
2022,Monaco,FP3,GAS,8,73.917,SOFT,-1,Atípico
2022,Monaco,FP3,GAS,10,74.268,SOFT,-1,Atípico
2022,Monaco,FP3,GAS,13,73.21,SOFT,-1,Atípico
2022,Monaco,FP3,GAS,15,73.349,SOFT,-1,Atípico
2022,Monaco,FP3,GAS,18,74.021,SOFT,-1,Atípico
2022,Monaco,FP3,LEC,24,72.517,SOFT,-1,Atípico
2022,Monaco,FP3,TSU,3,75.196,SOFT,-1,Atípico
2022,Monaco,FP3,TSU,12,73.916,SOFT,-1,Atípico
2022,Monaco,FP3,TSU,14,73.645,SOFT,-1,Atípico
2022,Monaco,FP3,TSU,16,74.313,SOFT,-1,Atípico
2022,Monaco,FP3,TSU,21,74.177,SOFT,-1,Atípico
2022,Monaco,Q,RUS,10,72.787,SOFT,-1,Atípico
2022,Monaco,Q,ALO,19,72.247,SOFT,-1,Atípico
2022,Monaco,Q,TSU,4,74.594,SOFT,-1,Atípico
2022,Monaco,Q,TSU,9,73.11,SOFT,-1,Atípico
2022,Monaco,Q,TSU,12,73.841,SOFT,-1,Atípico
2022,Monaco,Q,TSU,14,73.675,SOFT,-1,Atípico
2022,Monaco,Q,MAG,8,73.069,SOFT,-1,Atípico
2022,Monaco,Q,MAG,18,72.921,SOFT,-1,Atípico
2022,Monaco,Q,ALB,9,73.626,SOFT,-1,Atípico
2022,Monaco,R,PER,56,78.898,MEDIUM,-1,Atípico
2022,Monaco,R,PER,59,78.77,MEDIUM,-1,Atípico
2022,Monaco,R,LEC,35,79.112,HARD,-1,Atípico
2022,Monaco,R,LEC,36,79.394,HARD,-1,Atípico
2022,Monaco,R,LEC,37,78.761,HARD,-1,Atípico
2022,Monaco,R,LEC,39,76.98,HARD,-1,Atípico
2022,Monaco,R,LEC,40,77.447,HARD,-1,Atípico
2022,Monaco,R,LEC,41,76.861,HARD,-1,Atípico
2022,Monaco,R,LEC,42,76.987,HARD,-1,Atípico
2022,Monaco,R,LEC,45,76.479,HARD,-1,Atípico
2022,Monaco,R,LEC,47,76.492,HARD,-1,Atípico
2022,Monaco,R,LEC,48,76.896,HARD,-1,Atípico
2022,Monaco,R,LEC,50,77.522,HARD,-1,Atípico
2022,Monaco,R,LEC,53,77.135,HARD,-1,Atípico
2022,Monaco,R,LEC,54,77.709,HARD,-1,Atípico
2022,Monaco,R,LEC,57,79.06,HARD,-1,Atípico
2022,Monaco,R,LEC,58,78.952,HARD,-1,Atípico
2022,Monaco,R,LEC,59,79.024,HARD,-1,Atípico
2022,Monaco,R,LEC,64,78.338,HARD,-1,Atípico
2022,Monaco,R,STR,42,79.828,NONE,-1,Atípico
2022,Monaco,R,STR,43,79.566,NONE,-1,Atípico
2022,Monaco,R,STR,45,79.53,NONE,-1,Atípico
2022,Monaco,R,STR,46,79.604,NONE,-1,Atípico
2022,Monaco,R,STR,47,79.768,NONE,-1,Atípico
2022,Monaco,R,STR,48,79.101,NONE,-1,Atípico
2022,Monaco,R,STR,49,79.182,NONE,-1,Atípico
2022,Monaco,R,STR,64,78.996,NONE,-1,Atípico
2022,Monaco,R,RIC,43,79.292,HARD,-1,Atípico
2022,Monaco,R,RIC,44,79.587,HARD,-1,Atípico
2022,Monaco,R,OCO,45,79.273,MEDIUM,-1,Atípico
2022,Monaco,R,OCO,46,78.774,MEDIUM,-1,Atípico
2022,Monaco,R,OCO,50,77.571,MEDIUM,-1,Atípico
2022,Monaco,R,OCO,56,78.194,MEDIUM,-1,Atípico
2022,Monaco,R,OCO,58,78.07,MEDIUM,-1,Atípico
2022,Monaco,R,OCO,59,78.099,MEDIUM,-1,Atípico
2022,Monaco,R,SAI,35,79.838,HARD,-1,Atípico
2022,Monaco,R,SAI,37,78.15,HARD,-1,Atípico
2022,Monaco,R,SAI,38,77.385,HARD,-1,Atípico
2022,Monaco,R,SAI,41,76.583,HARD,-1,Atípico
2022,Monaco,R,SAI,54,77.97,HARD,-1,Atípico
2022,Monaco,R,SAI,55,78.476,HARD,-1,Atípico
2022,Monaco,R,SAI,56,78.928,HARD,-1,Atípico
2022,Monaco,R,SAI,57,78.714,HARD,-1,Atípico
2022,Monaco,R,SAI,58,79.406,HARD,-1,Atípico
2022,Monaco,R,SAI,59,78.896,HARD,-1,Atípico
2022,Monaco,R,SAI,60,78.747,HARD,-1,Atípico
2022,Monaco,R,SAI,61,78.896,HARD,-1,Atípico
2022,Bahrain,R,LEC,18,97.634,SOFT,-1,Atípico
2022,Bahrain,R,LEC,57,96.373,SOFT,-1,Atípico
2022,Bahrain,R,STR,57,100.395,SOFT,-1,Atípico
2022,Bahrain,R,HUL,57,101.18,SOFT,-1,Atípico
2022,Bahrain,R,NOR,50,98.098,SOFT,-1,Atípico
2022,British,FP3,STR,19,89.892,SOFT,-1,Atípico
2022,British,Q,SAI,22,105.264,INTERMEDIATE,-1,Atípico
2022,British,Q,VER,2,105.743,INTERMEDIATE,-1,Atípico
2022,British,Q,VER,18,104.887,INTERMEDIATE,-1,Atípico
2022,British,Q,LEC,5,105.687,INTERMEDIATE,-1,Atípico
2022,British,Q,LEC,13,103.617,INTERMEDIATE,-1,Atípico
2022,British,Q,LEC,20,104.844,INTERMEDIATE,-1,Atípico
2022,British,Q,LEC,23,101.298,INTERMEDIATE,-1,Atípico
2022,British,Q,LEC,24,105.7,INTERMEDIATE,-1,Atípico
2022,British,Q,PER,4,102.795,INTERMEDIATE,-1,Atípico
2022,British,Q,PER,14,104.538,INTERMEDIATE,-1,Atípico
2022,British,Q,PER,15,103.995,INTERMEDIATE,-1,Atípico
2022,British,Q,PER,21,105.507,INTERMEDIATE,-1,Atípico
2022,British,Q,PER,22,104.809,INTERMEDIATE,-1,Atípico
2022,British,Q,HAM,3,103.994,INTERMEDIATE,-1,Atípico
2022,British,Q,HAM,7,105.735,INTERMEDIATE,-1,Atípico
2022,British,Q,HAM,13,102.682,INTERMEDIATE,-1,Atípico
2022,British,Q,HAM,18,105.59,INTERMEDIATE,-1,Atípico
2022,British,Q,HAM,19,103.25,INTERMEDIATE,-1,Atípico
2022,British,Q,NOR,9,105.859,INTERMEDIATE,-1,Atípico
2022,British,Q,RUS,7,105.778,INTERMEDIATE,-1,Atípico
2022,British,Q,LAT,5,105.765,INTERMEDIATE,-1,Atípico
2022,British,Q,LAT,6,103.863,INTERMEDIATE,-1,Atípico
2022,British,Q,LAT,7,105.738,INTERMEDIATE,-1,Atípico
2022,British,Q,LAT,9,102.309,INTERMEDIATE,-1,Atípico
2022,British,Q,LAT,13,105.161,INTERMEDIATE,-1,Atípico
2022,British,Q,LAT,15,103.273,INTERMEDIATE,-1,Atípico
2022,British,Q,RIC,14,105.876,INTERMEDIATE,-1,Atípico
2022,British,Q,OCO,11,105.43,INTERMEDIATE,-1,Atípico
2022,British,Q,OCO,16,105.809,INTERMEDIATE,-1,Atípico
2022,British,Q,MAG,7,103.724,INTERMEDIATE,-1,Atípico
2022,British,Q,VET,4,105.741,INTERMEDIATE,-1,Atípico
2022,British,Q,VET,5,104.423,INTERMEDIATE,-1,Atípico
2022,British,Q,VET,6,103.088,INTERMEDIATE,-1,Atípico
2022,British,Q,VET,8,102.666,INTERMEDIATE,-1,Atípico
2022,British,Q,MSC,6,105.175,INTERMEDIATE,-1,Atípico
2022,British,Q,STR,5,105.234,INTERMEDIATE,-1,Atípico
2022,British,Q,STR,6,104.009,INTERMEDIATE,-1,Atípico
2022,British,Q,STR,9,103.43,INTERMEDIATE,-1,Atípico
2022,British,R,RIC,35,94.517,SOFT,-1,Atípico
2022,British,R,BOT,15,95.279,MEDIUM,-1,Atípico
2022,Hungarian,FP3,VER,4,105.232,INTERMEDIATE,-1,Atípico
2022,Hungarian,FP3,VER,8,103.205,INTERMEDIATE,-1,Atípico
2022,Hungarian,FP3,RIC,2,105.82,WET,-1,Atípico
2022,Hungarian,FP3,RIC,8,106.615,INTERMEDIATE,-1,Atípico
2022,Hungarian,FP3,RIC,9,105.624,INTERMEDIATE,-1,Atípico
2022,Hungarian,FP3,NOR,2,106.749,WET,-1,Atípico
2022,Hungarian,FP3,NOR,5,104.635,WET,-1,Atípico
2022,Hungarian,FP3,NOR,11,103.743,INTERMEDIATE,-1,Atípico
2022,Hungarian,FP3,VET,4,105.638,WET,-1,Atípico
2022,Hungarian,FP3,VET,7,104.178,WET,-1,Atípico
2022,Hungarian,FP3,VET,13,107.643,INTERMEDIATE,-1,Atípico
2022,Hungarian,FP3,LAT,7,107.839,WET,-1,Atípico
2022,Hungarian,FP3,LAT,8,105.914,WET,-1,Atípico
2022,Hungarian,FP3,LAT,11,107.657,INTERMEDIATE,-1,Atípico
2022,Hungarian,FP3,LAT,15,105.769,INTERMEDIATE,-1,Atípico
2022,Hungarian,FP3,LAT,16,101.48,INTERMEDIATE,-1,Atípico
2022,Hungarian,FP3,GAS,2,107.862,WET,-1,Atípico
2022,Hungarian,FP3,GAS,4,107.596,WET,-1,Atípico
2022,Hungarian,FP3,GAS,5,108.357,WET,-1,Atípico
2022,Hungarian,FP3,GAS,8,108.051,WET,-1,Atípico
2022,Hungarian,FP3,GAS,9,106.777,WET,-1,Atípico
2022,Hungarian,FP3,GAS,10,106.091,WET,-1,Atípico
2022,Hungarian,FP3,PER,4,108.24,INTERMEDIATE,-1,Atípico
2022,Hungarian,FP3,ALO,3,105.813,INTERMEDIATE,-1,Atípico
2022,Hungarian,FP3,ALO,7,105.852,INTERMEDIATE,-1,Atípico
2022,Hungarian,FP3,ALO,8,105.252,INTERMEDIATE,-1,Atípico
2022,Hungarian,FP3,ALO,9,104.659,INTERMEDIATE,-1,Atípico
2022,Hungarian,FP3,ALO,12,103.57,INTERMEDIATE,-1,Atípico
2022,Hungarian,FP3,LEC,2,106.044,WET,-1,Atípico
2022,Hungarian,FP3,LEC,3,103.364,WET,-1,Atípico
2022,Hungarian,FP3,LEC,8,107.033,INTERMEDIATE,-1,Atípico
2022,Hungarian,FP3,LEC,9,105.157,INTERMEDIATE,-1,Atípico
2022,Hungarian,FP3,LEC,12,102.141,INTERMEDIATE,-1,Atípico
2022,Hungarian,FP3,STR,2,107.487,WET,-1,Atípico
2022,Hungarian,FP3,STR,3,106.588,WET,-1,Atípico
2022,Hungarian,FP3,STR,4,105.789,WET,-1,Atípico
2022,Hungarian,FP3,STR,10,108.482,INTERMEDIATE,-1,Atípico
2022,Hungarian,FP3,STR,12,105.638,INTERMEDIATE,-1,Atípico
2022,Hungarian,FP3,MAG,2,107.825,WET,-1,Atípico
2022,Hungarian,FP3,MAG,3,107.795,WET,-1,Atípico
2022,Hungarian,FP3,MAG,6,108.025,WET,-1,Atípico
2022,Hungarian,FP3,MAG,7,106.056,WET,-1,Atípico
2022,Hungarian,FP3,MAG,8,106.064,WET,-1,Atípico
2022,Hungarian,FP3,MAG,9,104.655,WET,-1,Atípico
2022,Hungarian,FP3,MAG,14,107.211,INTERMEDIATE,-1,Atípico
2022,Hungarian,FP3,TSU,3,106.966,WET,-1,Atípico
2022,Hungarian,FP3,TSU,5,106.701,WET,-1,Atípico
2022,Hungarian,FP3,TSU,9,105.97,WET,-1,Atípico
2022,Hungarian,FP3,TSU,10,105.85,WET,-1,Atípico
2022,Hungarian,FP3,ALB,4,106.899,WET,-1,Atípico
2022,Hungarian,FP3,ALB,5,107.175,WET,-1,Atípico
2022,Hungarian,FP3,ALB,9,104.919,WET,-1,Atípico
2022,Hungarian,FP3,ALB,14,105.137,INTERMEDIATE,-1,Atípico
2022,Hungarian,FP3,ALB,17,102.381,INTERMEDIATE,-1,Atípico
2022,Hungarian,FP3,ZHO,3,107.583,WET,-1,Atípico
2022,Hungarian,FP3,ZHO,4,107.079,WET,-1,Atípico
2022,Hungarian,FP3,ZHO,10,106.656,WET,-1,Atípico
2022,Hungarian,FP3,ZHO,11,105.691,WET,-1,Atípico
2022,Hungarian,FP3,OCO,2,107.797,WET,-1,Atípico
2022,Hungarian,FP3,OCO,4,107.51,WET,-1,Atípico
2022,Hungarian,FP3,OCO,12,108.108,INTERMEDIATE,-1,Atípico
2022,Hungarian,FP3,OCO,15,105.57,INTERMEDIATE,-1,Atípico
2022,Hungarian,FP3,HAM,2,108.063,WET,-1,Atípico
2022,Hungarian,FP3,HAM,9,107.466,INTERMEDIATE,-1,Atípico
2022,Hungarian,FP3,HAM,10,104.832,INTERMEDIATE,-1,Atípico
2022,Hungarian,FP3,MSC,2,107.193,WET,-1,Atípico
2022,Hungarian,FP3,MSC,3,107.46,WET,-1,Atípico
2022,Hungarian,FP3,MSC,6,107.482,WET,-1,Atípico
2022,Hungarian,FP3,MSC,7,105.156,WET,-1,Atípico
2022,Hungarian,FP3,MSC,8,107.145,WET,-1,Atípico
2022,Hungarian,FP3,SAI,2,105.569,WET,-1,Atípico
2022,Hungarian,FP3,SAI,3,104.626,WET,-1,Atípico
2022,Hungarian,FP3,SAI,4,104.283,WET,-1,Atípico
2022,Hungarian,FP3,SAI,8,107.886,INTERMEDIATE,-1,Atípico
2022,Hungarian,FP3,SAI,9,107.757,INTERMEDIATE,-1,Atípico
2022,Hungarian,FP3,SAI,12,104.728,INTERMEDIATE,-1,Atípico
2022,Hungarian,FP3,SAI,13,103.589,INTERMEDIATE,-1,Atípico
2022,Hungarian,FP3,RUS,2,107.703,WET,-1,Atípico
2022,Hungarian,FP3,RUS,11,105.306,INTERMEDIATE,-1,Atípico
2022,Hungarian,FP3,RUS,12,103.434,INTERMEDIATE,-1,Atípico
2022,Hungarian,FP3,BOT,2,107.929,WET,-1,Atípico
2022,Hungarian,FP3,BOT,3,107.329,WET,-1,Atípico
2022,Hungarian,FP3,BOT,5,107.924,WET,-1,Atípico
2022,Hungarian,FP3,BOT,6,108.023,WET,-1,Atípico
2022,Hungarian,FP3,BOT,8,107.029,WET,-1,Atípico
2022,Hungarian,FP3,BOT,9,106.927,WET,-1,Atípico
2022,Hungarian,FP3,BOT,14,105.93,INTERMEDIATE,-1,Atípico
2022,Hungarian,Q,NOR,7,78.653,SOFT,-1,Atípico
2022,Hungarian,Q,RIC,18,78.379,SOFT,-1,Atípico
2022,Hungarian,R,GAS,44,85.029,MEDIUM,-1,Atípico
2022,Hungarian,R,GAS,45,85.473,MEDIUM,-1,Atípico
2022,Hungarian,R,LEC,9,83.818,MEDIUM,-1,Atípico
2022,Hungarian,R,LEC,11,84.148,MEDIUM,-1,Atípico
2022,Hungarian,R,LEC,14,84.326,MEDIUM,-1,Atípico
2022,Hungarian,R,LEC,15,84.407,MEDIUM,-1,Atípico
2022,Hungarian,R,LEC,17,84.385,MEDIUM,-1,Atípico
2022,Hungarian,R,LEC,19,83.911,MEDIUM,-1,Atípico
2022,Hungarian,R,LEC,21,86.481,MEDIUM,-1,Atípico
2022,Hungarian,R,LEC,24,83.596,MEDIUM,-1,Atípico
2022,Hungarian,R,LEC,26,83.278,MEDIUM,-1,Atípico
2022,Hungarian,R,LEC,27,83.602,MEDIUM,-1,Atípico
2022,Hungarian,R,LEC,28,84.56,MEDIUM,-1,Atípico
2022,Hungarian,R,LEC,29,84.278,MEDIUM,-1,Atípico
2022,Hungarian,R,LEC,30,84.056,MEDIUM,-1,Atípico
2022,Hungarian,R,LEC,31,83.003,MEDIUM,-1,Atípico
2022,Hungarian,R,LEC,36,83.144,MEDIUM,-1,Atípico
2022,Hungarian,R,LEC,38,83.805,MEDIUM,-1,Atípico
2022,Hungarian,R,LEC,39,86.324,MEDIUM,-1,Atípico
2022,Hungarian,R,LEC,51,84.152,HARD,-1,Atípico
2022,Hungarian,R,LEC,70,84.304,SOFT,-1,Atípico
2022,Hungarian,R,HAM,10,85.266,MEDIUM,-1,Atípico
2022,Hungarian,R,HAM,11,85.711,MEDIUM,-1,Atípico
2022,Hungarian,R,HAM,48,84.863,MEDIUM,-1,Atípico
2022,Hungarian,R,HAM,62,83.666,SOFT,-1,Atípico
2022,Hungarian,R,HAM,70,86.838,SOFT,-1,Atípico
2022,Hungarian,R,VET,4,85.497,SOFT,-1,Atípico
2022,Hungarian,R,VET,5,85.146,SOFT,-1,Atípico
2022,Hungarian,R,VET,6,85.323,SOFT,-1,Atípico
2022,Hungarian,R,VET,7,85.504,SOFT,-1,Atípico
2022,Hungarian,R,VET,8,85.476,SOFT,-1,Atípico
2022,Hungarian,R,VET,9,85.481,SOFT,-1,Atípico
2022,Hungarian,R,VET,10,85.51,SOFT,-1,Atípico
2022,Hungarian,R,VET,11,85.948,SOFT,-1,Atípico
2022,Hungarian,R,VET,12,86.083,SOFT,-1,Atípico
2022,Hungarian,R,VET,14,86.61,SOFT,-1,Atípico
2022,Hungarian,R,VET,17,85.68,MEDIUM,-1,Atípico
2022,Hungarian,R,VET,18,86.198,MEDIUM,-1,Atípico
2022,Hungarian,R,VET,19,84.924,MEDIUM,-1,Atípico
2022,Hungarian,R,VET,20,84.974,MEDIUM,-1,Atípico
2022,Hungarian,R,VET,30,85.432,MEDIUM,-1,Atípico
2022,Hungarian,R,VET,35,85.639,MEDIUM,-1,Atípico
2022,Hungarian,R,VET,36,84.674,MEDIUM,-1,Atípico
2022,Hungarian,R,VET,37,84.683,MEDIUM,-1,Atípico
2022,Hungarian,R,VET,38,84.817,MEDIUM,-1,Atípico
2022,Hungarian,R,VET,48,86.301,MEDIUM,-1,Atípico
2022,Hungarian,R,VET,49,85.179,MEDIUM,-1,Atípico
2022,Hungarian,R,VET,50,84.134,MEDIUM,-1,Atípico
2022,Hungarian,R,VET,53,82.968,MEDIUM,-1,Atípico
2022,Hungarian,R,VET,55,82.907,MEDIUM,-1,Atípico
2022,Hungarian,R,VET,58,83.263,MEDIUM,-1,Atípico
2022,Hungarian,R,VET,59,83.416,MEDIUM,-1,Atípico
2022,Hungarian,R,VET,60,83.494,MEDIUM,-1,Atípico
2022,Hungarian,R,VET,61,84.284,MEDIUM,-1,Atípico
2022,Hungarian,R,VET,62,83.425,MEDIUM,-1,Atípico
2022,Hungarian,R,VET,63,85.466,MEDIUM,-1,Atípico
2022,Hungarian,R,VET,64,83.628,MEDIUM,-1,Atípico
2022,Hungarian,R,VET,65,85.28,MEDIUM,-1,Atípico
2022,Hungarian,R,SAI,11,83.901,MEDIUM,-1,Atípico
2022,Hungarian,R,SAI,15,84.667,MEDIUM,-1,Atípico
2022,Hungarian,R,SAI,16,85.113,MEDIUM,-1,Atípico
2022,Hungarian,R,SAI,34,83.755,MEDIUM,-1,Atípico
2022,Hungarian,R,SAI,37,84.076,MEDIUM,-1,Atípico
2022,Hungarian,R,SAI,63,84.236,SOFT,-1,Atípico
2022,Hungarian,R,RUS,51,84.17,MEDIUM,-1,Atípico
2022,Hungarian,R,BOT,12,86.37,MEDIUM,-1,Atípico
2022,Belgian,R,VET,5,114.49,MEDIUM,-1,Atípico
2022,Belgian,R,VET,7,114.47,MEDIUM,-1,Atípico
2022,Belgian,R,VET,9,115.57,MEDIUM,-1,Atípico
2022,Singapore,FP3,NOR,5,125.247,INTERMEDIATE,-1,Atípico
2022,Singapore,FP3,NOR,7,123.403,INTERMEDIATE,-1,Atípico
2022,Singapore,FP3,NOR,11,124.067,INTERMEDIATE,-1,Atípico
2022,Singapore,FP3,VET,5,124.762,INTERMEDIATE,-1,Atípico
2022,Singapore,FP3,VET,6,122.731,INTERMEDIATE,-1,Atípico
2022,Singapore,FP3,VET,8,123.629,INTERMEDIATE,-1,Atípico
2022,Singapore,FP3,VET,9,121.007,INTERMEDIATE,-1,Atípico
2022,Singapore,FP3,LAT,7,124.394,INTERMEDIATE,-1,Atípico
2022,Singapore,FP3,LAT,8,123.51,INTERMEDIATE,-1,Atípico
2022,Singapore,FP3,GAS,6,123.478,INTERMEDIATE,-1,Atípico
2022,Singapore,FP3,PER,2,123.819,INTERMEDIATE,-1,Atípico
2022,Singapore,FP3,PER,9,124.555,INTERMEDIATE,-1,Atípico
2022,Singapore,FP3,ALO,2,124.1,INTERMEDIATE,-1,Atípico
2022,Singapore,FP3,ALO,3,122.101,INTERMEDIATE,-1,Atípico
2022,Singapore,FP3,ALO,5,120.745,INTERMEDIATE,-1,Atípico
2022,Singapore,FP3,LEC,2,124.616,INTERMEDIATE,-1,Atípico
2022,Singapore,FP3,LEC,4,120.983,INTERMEDIATE,-1,Atípico
2022,Singapore,FP3,STR,4,123.969,INTERMEDIATE,-1,Atípico
2022,Singapore,FP3,STR,6,122.359,INTERMEDIATE,-1,Atípico
2022,Singapore,FP3,STR,9,120.373,INTERMEDIATE,-1,Atípico
2022,Singapore,FP3,MAG,7,123.997,INTERMEDIATE,-1,Atípico
2022,Singapore,FP3,MAG,8,122.039,INTERMEDIATE,-1,Atípico
2022,Singapore,FP3,MAG,9,121.316,INTERMEDIATE,-1,Atípico
2022,Singapore,FP3,ALB,6,125.288,INTERMEDIATE,-1,Atípico
2022,Singapore,FP3,ALB,8,123.557,INTERMEDIATE,-1,Atípico
2022,Singapore,FP3,ALB,9,123.052,INTERMEDIATE,-1,Atípico
2022,Singapore,FP3,ALB,11,121.907,INTERMEDIATE,-1,Atípico
2022,Singapore,FP3,ZHO,6,124.803,INTERMEDIATE,-1,Atípico
2022,Singapore,FP3,ZHO,8,124.157,INTERMEDIATE,-1,Atípico
2022,Singapore,FP3,OCO,3,124.604,INTERMEDIATE,-1,Atípico
2022,Singapore,FP3,OCO,4,122.043,INTERMEDIATE,-1,Atípico
2022,Singapore,FP3,OCO,6,121.739,INTERMEDIATE,-1,Atípico
2022,Singapore,FP3,OCO,7,120.911,INTERMEDIATE,-1,Atípico
2022,Singapore,FP3,HAM,3,125.678,INTERMEDIATE,-1,Atípico
2022,Singapore,FP3,HAM,4,121.22,INTERMEDIATE,-1,Atípico
2022,Singapore,FP3,HAM,6,125.749,INTERMEDIATE,-1,Atípico
2022,Singapore,FP3,MSC,8,122.97,INTERMEDIATE,-1,Atípico
2022,Singapore,FP3,MSC,9,121.502,INTERMEDIATE,-1,Atípico
2022,Singapore,FP3,MSC,11,125.667,INTERMEDIATE,-1,Atípico
2022,Singapore,FP3,SAI,5,122.158,INTERMEDIATE,-1,Atípico
2022,Singapore,FP3,SAI,7,120.45,INTERMEDIATE,-1,Atípico
2022,Singapore,FP3,SAI,10,118.848,INTERMEDIATE,-1,Atípico
2022,Singapore,FP3,RUS,5,124.197,INTERMEDIATE,-1,Atípico
2022,Singapore,FP3,RUS,6,122.407,INTERMEDIATE,-1,Atípico
2022,Singapore,FP3,RUS,8,121.01,INTERMEDIATE,-1,Atípico
2022,Singapore,FP3,BOT,8,124.012,INTERMEDIATE,-1,Atípico
2022,Singapore,FP3,BOT,10,122.066,INTERMEDIATE,-1,Atípico
2022,Singapore,Q,LEC,9,112.343,INTERMEDIATE,-1,Atípico
2022,Singapore,Q,LEC,19,109.412,SOFT,-1,Atípico
2022,Singapore,Q,SAI,5,114.559,INTERMEDIATE,-1,Atípico
2022,Singapore,Q,SAI,18,114.588,SOFT,-1,Atípico
2022,Singapore,Q,SAI,19,112.234,SOFT,-1,Atípico
2022,Singapore,Q,SAI,20,115.867,SOFT,-1,Atípico
2022,Singapore,Q,SAI,21,109.583,SOFT,-1,Atípico
2022,Singapore,Q,VET,7,115.602,INTERMEDIATE,-1,Atípico
2022,Singapore,Q,VET,10,114.38,INTERMEDIATE,-1,Atípico
2022,Singapore,R,LEC,41,113.302,MEDIUM,-1,Atípico
2022,Singapore,R,LEC,42,112.533,MEDIUM,-1,Atípico
2022,Singapore,R,LEC,43,111.724,MEDIUM,-1,Atípico
2022,Singapore,R,LEC,44,111.582,MEDIUM,-1,Atípico
2022,Singapore,R,LEC,47,110.151,MEDIUM,-1,Atípico
2022,Singapore,R,LEC,51,110.099,MEDIUM,-1,Atípico
2022,Singapore,R,LEC,58,111.181,MEDIUM,-1,Atípico
2022,Singapore,R,LEC,59,109.913,MEDIUM,-1,Atípico
2022,Singapore,R,NOR,44,112.396,MEDIUM,-1,Atípico
2022,Singapore,R,NOR,46,111.071,MEDIUM,-1,Atípico
2022,Singapore,R,NOR,49,110.139,MEDIUM,-1,Atípico
2022,Singapore,R,NOR,53,110.253,MEDIUM,-1,Atípico
2022,Singapore,R,NOR,55,110.427,MEDIUM,-1,Atípico
2022,Singapore,R,NOR,57,109.749,MEDIUM,-1,Atípico
2022,Singapore,R,NOR,58,110.014,MEDIUM,-1,Atípico
2022,Singapore,R,NOR,59,110.751,MEDIUM,-1,Atípico
2022,Singapore,R,HAM,48,112.736,MEDIUM,-1,Atípico
2022,Singapore,R,VET,46,113.467,MEDIUM,-1,Atípico
2022,Singapore,R,VET,47,112.259,MEDIUM,-1,Atípico
2022,Singapore,R,VET,48,112.233,MEDIUM,-1,Atípico
2022,Singapore,R,VET,49,111.999,MEDIUM,-1,Atípico
2022,Singapore,R,VET,51,111.799,MEDIUM,-1,Atípico
2022,Singapore,R,VET,52,111.396,MEDIUM,-1,Atípico
2022,Singapore,R,VET,53,111.311,MEDIUM,-1,Atípico
2022,Singapore,R,VET,58,110.669,MEDIUM,-1,Atípico
2022,Singapore,R,VET,59,112.728,MEDIUM,-1,Atípico
2022,Singapore,R,RUS,46,113.64,SOFT,-1,Atípico
2022,Singapore,R,RUS,57,111.903,SOFT,-1,Atípico
2022,Abu Dhabi,R,VER,26,90.892,HARD,-1,Atípico
2022,Abu Dhabi,R,VER,39,90.027,HARD,-1,Atípico
2022,Abu Dhabi,R,PER,20,90.583,HARD,-1,Atípico
2022,Abu Dhabi,R,PER,23,91.17,HARD,-1,Atípico
2022,Abu Dhabi,R,RUS,3,91.189,MEDIUM,-1,Atípico
2022,Abu Dhabi,R,RUS,4,91.243,MEDIUM,-1,Atípico
2022,Abu Dhabi,R,RUS,8,91.483,MEDIUM,-1,Atípico
2022,Abu Dhabi,R,VET,3,91.488,MEDIUM,-1,Atípico
2022,Abu Dhabi,R,VET,4,91.439,MEDIUM,-1,Atípico
2022,Abu Dhabi,R,VET,12,92.607,MEDIUM,-1,Atípico
2022,Abu Dhabi,R,VET,42,91.764,HARD,-1,Atípico
2022,Abu Dhabi,R,VET,58,90.351,HARD,-1,Atípico
2022,Abu Dhabi,R,BOT,11,93.363,HARD,-1,Atípico
2023,Italian,R,VER,48,87.235,HARD,-1,Atípico
2023,Italian,R,VER,49,87.907,HARD,-1,Atípico
2023,Italian,R,VER,50,88.393,HARD,-1,Atípico
2023,Italian,R,VER,51,87.525,HARD,-1,Atípico
2023,Italian,R,MAG,4,89.252,HARD,-1,Atípico
2023,Italian,R,MAG,5,88.276,HARD,-1,Atípico
2023,Italian,R,MAG,6,87.949,HARD,-1,Atípico
2023,Italian,R,MAG,7,87.691,HARD,-1,Atípico
2023,Italian,R,MAG,8,87.935,HARD,-1,Atípico
2023,Italian,R,MAG,9,88.218,HARD,-1,Atípico
2023,Italian,R,MAG,10,88.511,HARD,-1,Atípico
2023,Italian,R,MAG,11,88.792,HARD,-1,Atípico
2023,Italian,R,MAG,14,88.08,MEDIUM,-1,Atípico
2023,Italian,R,MAG,15,87.848,MEDIUM,-1,Atípico
2023,Italian,R,MAG,16,87.649,MEDIUM,-1,Atípico
2023,Italian,R,MAG,17,87.589,MEDIUM,-1,Atípico
2023,Italian,R,MAG,18,87.898,MEDIUM,-1,Atípico
2023,Italian,R,MAG,19,87.159,MEDIUM,-1,Atípico
2023,Italian,R,MAG,20,87.011,MEDIUM,-1,Atípico
2023,Italian,R,MAG,21,87.128,MEDIUM,-1,Atípico
2023,Italian,R,MAG,22,87.244,MEDIUM,-1,Atípico
2023,Italian,R,MAG,23,87.492,MEDIUM,-1,Atípico
2023,Italian,R,MAG,24,87.536,MEDIUM,-1,Atípico
2023,Italian,R,MAG,25,87.502,MEDIUM,-1,Atípico
2023,Italian,R,MAG,26,87.418,MEDIUM,-1,Atípico
2023,Italian,R,MAG,27,87.22,MEDIUM,-1,Atípico
2023,Italian,R,MAG,28,87.154,MEDIUM,-1,Atípico
2023,Italian,R,MAG,29,87.344,MEDIUM,-1,Atípico
2023,Italian,R,MAG,30,87.384,MEDIUM,-1,Atípico
2023,Italian,R,MAG,31,87.486,MEDIUM,-1,Atípico
2023,Italian,R,MAG,32,87.556,MEDIUM,-1,Atípico
2023,Italian,R,MAG,35,86.3,MEDIUM,-1,Atípico
2023,Italian,R,MAG,36,86.385,MEDIUM,-1,Atípico
2023,Italian,R,MAG,37,86.454,MEDIUM,-1,Atípico
2023,Italian,R,MAG,38,86.394,MEDIUM,-1,Atípico
2023,Italian,R,MAG,39,90.343,MEDIUM,-1,Atípico
2023,Italian,R,MAG,40,86.696,MEDIUM,-1,Atípico
2023,Italian,R,MAG,41,86.328,MEDIUM,-1,Atípico
2023,Italian,R,MAG,42,86.278,MEDIUM,-1,Atípico
2023,Italian,R,MAG,43,86.511,MEDIUM,-1,Atípico
2023,Italian,R,MAG,44,86.514,MEDIUM,-1,Atípico
2023,Italian,R,MAG,45,86.787,MEDIUM,-1,Atípico
2023,Italian,R,MAG,46,86.983,MEDIUM,-1,Atípico
2023,Italian,R,MAG,47,86.66,MEDIUM,-1,Atípico
2023,Italian,R,MAG,48,86.739,MEDIUM,-1,Atípico
2023,Italian,R,MAG,49,87.054,MEDIUM,-1,Atípico
2023,Italian,R,MAG,50,86.904,MEDIUM,-1,Atípico
2023,Monaco,FP3,GAS,3,75.99,SOFT,-1,Atípico
2023,Monaco,FP3,GAS,7,75.121,SOFT,-1,Atípico
2023,Monaco,FP3,GAS,9,74.708,SOFT,-1,Atípico
2023,Monaco,FP3,GAS,11,74.442,SOFT,-1,Atípico
2023,Monaco,FP3,GAS,14,73.677,SOFT,-1,Atípico
2023,Monaco,FP3,ALO,11,74.164,SOFT,-1,Atípico
2023,Monaco,FP3,STR,7,74.763,SOFT,-1,Atípico
2023,Monaco,FP3,DEV,3,76.883,SOFT,-1,Atípico
2023,Monaco,FP3,DEV,7,75.259,SOFT,-1,Atípico
2023,Monaco,FP3,DEV,14,74.41,SOFT,-1,Atípico
2023,Monaco,FP3,TSU,4,75.515,SOFT,-1,Atípico
2023,Monaco,FP3,TSU,8,74.495,SOFT,-1,Atípico
2023,Monaco,FP3,TSU,12,74.625,SOFT,-1,Atípico
2023,Monaco,FP3,TSU,15,73.738,SOFT,-1,Atípico
2023,Monaco,Q,VER,26,71.654,SOFT,-1,Atípico
2023,Monaco,Q,ALO,5,72.886,SOFT,-1,Atípico
2023,Monaco,Q,ALO,18,72.41,SOFT,-1,Atípico
2023,Monaco,Q,LEC,25,71.471,SOFT,-1,Atípico
2023,Monaco,Q,SAI,19,72.291,SOFT,-1,Atípico
2023,Monaco,Q,GAS,11,73.25,SOFT,-1,Atípico
2023,Monaco,Q,GAS,14,72.169,SOFT,-1,Atípico
2023,Monaco,Q,GAS,24,71.933,SOFT,-1,Atípico
2023,Monaco,Q,RUS,28,71.988,SOFT,-1,Atípico
2023,Monaco,Q,TSU,7,73.116,SOFT,-1,Atípico
2023,Monaco,Q,TSU,10,72.642,SOFT,-1,Atípico
2023,Monaco,Q,TSU,18,72.249,SOFT,-1,Atípico
2023,Monaco,Q,TSU,24,73.244,SOFT,-1,Atípico
2023,Monaco,Q,TSU,28,72.082,SOFT,-1,Atípico
2023,Monaco,Q,DEV,10,73.054,SOFT,-1,Atípico
2023,Monaco,Q,DEV,19,72.428,SOFT,-1,Atípico
2023,Monaco,Q,STR,8,72.917,SOFT,-1,Atípico
2023,Monaco,Q,STR,15,73.09,SOFT,-1,Atípico
2023,Monaco,Q,ZHO,4,73.776,SOFT,-1,Atípico
2023,Monaco,R,VER,2,79.367,MEDIUM,-1,Atípico
2023,Monaco,R,GAS,17,77.99,HARD,-1,Atípico
2023,Monaco,R,PER,12,80.433,HARD,-1,Atípico
2023,Monaco,R,PER,14,80.283,HARD,-1,Atípico
2023,Monaco,R,PER,15,80.418,HARD,-1,Atípico
2023,Monaco,R,PER,29,79.986,HARD,-1,Atípico
2023,Monaco,R,LEC,2,80.549,HARD,-1,Atípico
2023,Monaco,R,LEC,6,78.829,HARD,-1,Atípico
2023,Monaco,R,LEC,9,78.809,HARD,-1,Atípico
2023,Monaco,R,LEC,10,78.219,HARD,-1,Atípico
2023,Monaco,R,LEC,11,78.162,HARD,-1,Atípico
2023,Monaco,R,LEC,13,78.018,HARD,-1,Atípico
2023,Monaco,R,LEC,14,78.394,HARD,-1,Atípico
2023,Monaco,R,LEC,15,78.312,HARD,-1,Atípico
2023,Monaco,R,LEC,16,78.316,HARD,-1,Atípico
2023,Monaco,R,LEC,18,78.361,HARD,-1,Atípico
2023,Monaco,R,LEC,19,78.19,HARD,-1,Atípico
2023,Monaco,R,LEC,28,77.48,HARD,-1,Atípico
2023,Monaco,R,LEC,30,77.559,HARD,-1,Atípico
2023,Monaco,R,LEC,31,77.876,HARD,-1,Atípico
2023,Monaco,R,LEC,41,78.328,HARD,-1,Atípico
2023,Monaco,R,LEC,45,79.563,MEDIUM,-1,Atípico
2023,Monaco,R,LEC,46,75.773,MEDIUM,-1,Atípico
2023,Monaco,R,STR,6,79.785,HARD,-1,Atípico
2023,Monaco,R,STR,7,79.417,HARD,-1,Atípico
2023,Monaco,R,STR,12,80.639,HARD,-1,Atípico
2023,Monaco,R,STR,14,80.295,HARD,-1,Atípico
2023,Monaco,R,STR,27,79.772,HARD,-1,Atípico
2023,Monaco,R,STR,28,79.86,HARD,-1,Atípico
2023,Monaco,R,STR,29,79.831,HARD,-1,Atípico
2023,Monaco,R,STR,33,80.446,HARD,-1,Atípico
2023,Monaco,R,STR,46,78.723,HARD,-1,Atípico
2023,Monaco,R,DEV,31,79.067,MEDIUM,-1,Atípico
2023,Monaco,R,DEV,34,79.328,MEDIUM,-1,Atípico
2023,Monaco,R,DEV,39,80.38,MEDIUM,-1,Atípico
2023,Monaco,R,DEV,40,78.413,MEDIUM,-1,Atípico
2023,Monaco,R,DEV,42,77.814,MEDIUM,-1,Atípico
2023,Monaco,R,TSU,12,79.627,MEDIUM,-1,Atípico
2023,Monaco,R,TSU,18,79.026,MEDIUM,-1,Atípico
2023,Monaco,R,TSU,19,78.567,MEDIUM,-1,Atípico
2023,Monaco,R,TSU,20,79.131,MEDIUM,-1,Atípico
2023,Monaco,R,TSU,21,79.26,MEDIUM,-1,Atípico
2023,Monaco,R,TSU,22,79.152,MEDIUM,-1,Atípico
2023,Monaco,R,TSU,24,79.314,MEDIUM,-1,Atípico
2023,Monaco,R,TSU,31,78.463,MEDIUM,-1,Atípico
2023,Monaco,R,TSU,32,78.519,MEDIUM,-1,Atípico
2023,Monaco,R,TSU,36,77.68,MEDIUM,-1,Atípico
2023,Monaco,R,TSU,37,77.992,MEDIUM,-1,Atípico
2023,Monaco,R,TSU,41,78.074,MEDIUM,-1,Atípico
2023,Monaco,R,TSU,48,78.098,MEDIUM,-1,Atípico
2023,Monaco,R,TSU,50,78.64,MEDIUM,-1,Atípico
2023,Monaco,R,HUL,19,79.836,HARD,-1,Atípico
2023,Monaco,R,NOR,3,80.396,MEDIUM,-1,Atípico
2023,Monaco,R,NOR,4,80.209,MEDIUM,-1,Atípico
2023,Monaco,R,NOR,5,79.502,MEDIUM,-1,Atípico
2023,Monaco,R,NOR,9,79.065,MEDIUM,-1,Atípico
2023,Monaco,R,NOR,10,79.053,MEDIUM,-1,Atípico
2023,Monaco,R,NOR,12,80.277,MEDIUM,-1,Atípico
2023,Monaco,R,NOR,19,79.504,MEDIUM,-1,Atípico
2023,Monaco,R,NOR,23,78.657,MEDIUM,-1,Atípico
2023,Monaco,R,NOR,37,78.303,MEDIUM,-1,Atípico
2023,Monaco,R,HAM,4,79.356,MEDIUM,-1,Atípico
2023,Monaco,R,HAM,5,78.736,MEDIUM,-1,Atípico
2023,Monaco,R,HAM,49,76.781,HARD,-1,Atípico
2023,Monaco,R,SAI,11,78.265,HARD,-1,Atípico
2023,Monaco,R,SAI,51,79.013,MEDIUM,-1,Atípico
2023,Monaco,R,RUS,5,78.84,HARD,-1,Atípico
2023,Monaco,R,RUS,23,78.111,HARD,-1,Atípico
2023,Monaco,R,RUS,47,77.06,HARD,-1,Atípico
2023,Bahrain,R,VER,53,96.89,HARD,-1,Atípico
2023,Bahrain,R,NOR,54,99.789,SOFT,-1,Atípico
2023,Hungarian,FP3,NOR,5,78.554,SOFT,-1,Atípico
2023,Hungarian,FP3,GAS,8,78.776,SOFT,-1,Atípico
2023,Hungarian,FP3,PER,20,78.074,SOFT,-1,Atípico
2023,Hungarian,FP3,TSU,23,79.156,MEDIUM,-1,Atípico
2023,Hungarian,FP3,ZHO,14,79.265,HARD,-1,Atípico
2023,Hungarian,Q,HAM,7,78.577,HARD,-1,Atípico
2023,Hungarian,Q,VER,17,76.612,SOFT,-1,Atípico
2023,Hungarian,Q,ZHO,21,76.971,SOFT,-1,Atípico
2023,Hungarian,Q,ALO,11,77.701,MEDIUM,-1,Atípico
2023,Hungarian,Q,PER,10,77.675,MEDIUM,-1,Atípico
2023,Hungarian,Q,PER,19,77.142,SOFT,-1,Atípico
2023,Hungarian,Q,GAS,12,78.217,MEDIUM,-1,Atípico
2023,Hungarian,Q,TSU,2,80.451,HARD,-1,Atípico
2023,Hungarian,Q,TSU,5,78.919,HARD,-1,Atípico
2023,Hungarian,Q,TSU,8,79.022,HARD,-1,Atípico
2023,Hungarian,R,HAM,6,85.167,MEDIUM,-1,Atípico
2023,Hungarian,R,HAM,7,85.179,MEDIUM,-1,Atípico
2023,Hungarian,R,HAM,32,84.39,HARD,-1,Atípico
2023,Hungarian,R,HAM,34,83.899,HARD,-1,Atípico
2023,Hungarian,R,HAM,51,82.611,MEDIUM,-1,Atípico
2023,Hungarian,R,HAM,58,83.073,MEDIUM,-1,Atípico
2023,Hungarian,R,RUS,4,85.938,HARD,-1,Atípico
2023,Hungarian,R,RUS,5,86.101,HARD,-1,Atípico
2023,Hungarian,R,RUS,6,85.839,HARD,-1,Atípico
2023,Hungarian,R,RUS,8,86.063,HARD,-1,Atípico
2023,Hungarian,R,RUS,11,85.695,HARD,-1,Atípico
2023,Hungarian,R,RUS,12,85.996,HARD,-1,Atípico
2023,Hungarian,R,RUS,13,85.968,HARD,-1,Atípico
2023,Hungarian,R,RUS,15,85.76,HARD,-1,Atípico
2023,Hungarian,R,RUS,19,85.423,HARD,-1,Atípico
2023,Hungarian,R,RUS,30,84.376,MEDIUM,-1,Atípico
2023,Hungarian,R,RUS,32,83.014,MEDIUM,-1,Atípico
2023,Hungarian,R,RUS,33,83.74,MEDIUM,-1,Atípico
2023,Hungarian,R,RUS,41,84.15,MEDIUM,-1,Atípico
2023,Hungarian,R,RUS,42,84.122,MEDIUM,-1,Atípico
2023,Hungarian,R,RUS,51,82.351,MEDIUM,-1,Atípico
2023,Hungarian,R,RUS,55,82.918,MEDIUM,-1,Atípico
2023,Hungarian,R,RUS,60,83.49,MEDIUM,-1,Atípico
2023,Hungarian,R,RUS,61,83.631,MEDIUM,-1,Atípico
2023,Hungarian,R,RUS,66,82.709,MEDIUM,-1,Atípico
2023,Hungarian,R,LEC,26,84.605,HARD,-1,Atípico
2023,Hungarian,R,LEC,31,84.516,HARD,-1,Atípico
2023,Hungarian,R,LEC,37,84.694,HARD,-1,Atípico
2023,Hungarian,R,LEC,39,84.955,HARD,-1,Atípico
2023,Hungarian,R,LEC,42,84.625,HARD,-1,Atípico
2023,Hungarian,R,LEC,45,83.573,HARD,-1,Atípico
2023,Hungarian,R,LEC,49,82.551,HARD,-1,Atípico
2023,Hungarian,R,LEC,50,82.469,HARD,-1,Atípico
2023,Hungarian,R,LEC,51,82.529,HARD,-1,Atípico
2023,Hungarian,R,LEC,53,82.871,HARD,-1,Atípico
2023,Hungarian,R,LEC,57,83.605,HARD,-1,Atípico
2023,Hungarian,R,LEC,58,83.635,HARD,-1,Atípico
2023,Hungarian,R,LEC,59,83.67,HARD,-1,Atípico
2023,Hungarian,R,LEC,60,83.418,HARD,-1,Atípico
2023,Hungarian,R,LEC,63,83.572,HARD,-1,Atípico
2023,Hungarian,R,LEC,67,83.813,HARD,-1,Atípico
2023,Hungarian,R,LEC,69,84.32,HARD,-1,Atípico
2023,Hungarian,R,LEC,70,84.451,HARD,-1,Atípico
2023,Hungarian,R,RIC,7,86.073,MEDIUM,-1,Atípico
2023,Hungarian,R,RIC,21,85.133,HARD,-1,Atípico
2023,Hungarian,R,RIC,33,84.346,MEDIUM,-1,Atípico
2023,Hungarian,R,RIC,34,84.031,MEDIUM,-1,Atípico
2023,Hungarian,R,RIC,37,84.219,MEDIUM,-1,Atípico
2023,Hungarian,R,RIC,45,84.219,MEDIUM,-1,Atípico
2023,Hungarian,R,TSU,4,85.806,SOFT,-1,Atípico
2023,Hungarian,R,TSU,5,85.986,SOFT,-1,Atípico
2023,Hungarian,R,TSU,6,85.674,SOFT,-1,Atípico
2023,Hungarian,R,TSU,7,85.798,SOFT,-1,Atípico
2023,Hungarian,R,TSU,13,85.061,HARD,-1,Atípico
2023,Hungarian,R,TSU,15,85.046,HARD,-1,Atípico
2023,Hungarian,R,TSU,18,85.606,HARD,-1,Atípico
2023,Hungarian,R,TSU,28,85.681,HARD,-1,Atípico
2023,Hungarian,R,TSU,36,85.426,HARD,-1,Atípico
2023,Hungarian,R,TSU,37,85.642,HARD,-1,Atípico
2023,Hungarian,R,TSU,40,85.938,HARD,-1,Atípico
2023,Belgian,R,LEC,23,113.585,MEDIUM,-1,Atípico
2023,Singapore,FP3,VER,2,94.402,MEDIUM,-1,Atípico
2023,Singapore,FP3,VER,14,92.636,SOFT,-1,Atípico
2023,Singapore,FP3,VER,18,92.378,SOFT,-1,Atípico
2023,Singapore,FP3,SAR,8,93.708,SOFT,-1,Atípico
2023,Singapore,FP3,SAR,11,94.941,SOFT,-1,Atípico
2023,Singapore,FP3,GAS,3,95.787,MEDIUM,-1,Atípico
2023,Singapore,FP3,GAS,6,94.682,MEDIUM,-1,Atípico
2023,Singapore,FP3,GAS,9,95.286,MEDIUM,-1,Atípico
2023,Singapore,FP3,GAS,12,93.515,SOFT,-1,Atípico
2023,Singapore,FP3,GAS,15,93.351,SOFT,-1,Atípico
2023,Singapore,FP3,PER,2,95.233,MEDIUM,-1,Atípico
2023,Singapore,FP3,PER,5,94.317,MEDIUM,-1,Atípico
2023,Singapore,FP3,PER,8,94.498,MEDIUM,-1,Atípico
2023,Singapore,FP3,PER,11,93.955,MEDIUM,-1,Atípico
2023,Singapore,FP3,PER,14,92.962,SOFT,-1,Atípico
2023,Singapore,FP3,ALO,2,95.544,MEDIUM,-1,Atípico
2023,Singapore,FP3,ALO,4,94.065,MEDIUM,-1,Atípico
2023,Singapore,FP3,ALO,7,93.994,MEDIUM,-1,Atípico
2023,Singapore,FP3,ALO,10,93.051,SOFT,-1,Atípico
2023,Singapore,FP3,ALO,13,93.19,SOFT,-1,Atípico
2023,Singapore,FP3,ALO,15,93.21,SOFT,-1,Atípico
2023,Singapore,FP3,LEC,23,93.633,SOFT,-1,Atípico
2023,Singapore,FP3,TSU,2,96.017,MEDIUM,-1,Atípico
2023,Singapore,FP3,TSU,13,93.024,SOFT,-1,Atípico
2023,Singapore,FP3,TSU,16,92.945,SOFT,-1,Atípico
2023,Singapore,FP3,ZHO,19,93.678,SOFT,-1,Atípico
2023,Singapore,FP3,ZHO,22,93.637,SOFT,-1,Atípico
2023,Singapore,FP3,HUL,15,92.896,SOFT,-1,Atípico
2023,Singapore,FP3,OCO,11,92.979,SOFT,-1,Atípico
2023,Singapore,FP3,LAW,2,95.145,MEDIUM,-1,Atípico
2023,Singapore,FP3,LAW,10,93.523,SOFT,-1,Atípico
2023,Singapore,FP3,LAW,13,93.416,SOFT,-1,Atípico
2023,Singapore,FP3,LAW,16,93.357,SOFT,-1,Atípico
2023,Singapore,FP3,HAM,5,93.749,SOFT,-1,Atípico
2023,Singapore,FP3,RUS,8,92.883,SOFT,-1,Atípico
2023,Singapore,FP3,RUS,11,92.364,SOFT,-1,Atípico
2023,Singapore,FP3,RUS,16,92.134,SOFT,-1,Atípico
2023,Singapore,FP3,BOT,2,95.082,SOFT,-1,Atípico
2023,Singapore,FP3,BOT,5,94.985,SOFT,-1,Atípico
2023,Singapore,FP3,BOT,20,93.557,SOFT,-1,Atípico
2023,Singapore,FP3,PIA,4,95.572,HARD,-1,Atípico
2023,Singapore,Q,SAI,19,90.984,SOFT,-1,Atípico
2023,Singapore,Q,RUS,2,92.478,SOFT,-1,Atípico
2023,Singapore,Q,RUS,5,92.331,SOFT,-1,Atípico
2023,Singapore,Q,RUS,8,91.743,SOFT,-1,Atípico
2023,Singapore,Q,RUS,13,91.8,SOFT,-1,Atípico
2023,Singapore,Q,RUS,16,91.056,SOFT,-1,Atípico
2023,Singapore,Q,LEC,2,92.523,SOFT,-1,Atípico
2023,Singapore,Q,NOR,2,92.556,SOFT,-1,Atípico
2023,Singapore,Q,NOR,11,91.951,SOFT,-1,Atípico
2023,Singapore,Q,NOR,19,91.27,SOFT,-1,Atípico
2023,Singapore,Q,HAM,7,92.019,SOFT,-1,Atípico
2023,Singapore,Q,HAM,15,91.485,SOFT,-1,Atípico
2023,Singapore,Q,MAG,8,92.242,SOFT,-1,Atípico
2023,Singapore,Q,MAG,17,92.396,SOFT,-1,Atípico
2023,Singapore,Q,MAG,20,91.575,SOFT,-1,Atípico
2023,Singapore,Q,ALO,3,92.584,SOFT,-1,Atípico
2023,Singapore,Q,ALO,8,91.835,SOFT,-1,Atípico
2023,Singapore,Q,ALO,13,92.168,SOFT,-1,Atípico
2023,Singapore,Q,ALO,16,91.615,SOFT,-1,Atípico
2023,Singapore,Q,OCO,2,92.911,SOFT,-1,Atípico
2023,Singapore,Q,OCO,5,92.369,SOFT,-1,Atípico
2023,Singapore,Q,OCO,14,92.564,SOFT,-1,Atípico
2023,Singapore,Q,OCO,17,91.673,SOFT,-1,Atípico
2023,Singapore,Q,HUL,8,92.1,SOFT,-1,Atípico
2023,Singapore,Q,HUL,14,91.994,SOFT,-1,Atípico
2023,Singapore,Q,HUL,17,92.537,SOFT,-1,Atípico
2023,Singapore,Q,HUL,20,91.808,SOFT,-1,Atípico
2023,Singapore,Q,LAW,2,93.601,SOFT,-1,Atípico
2023,Singapore,Q,LAW,5,92.724,SOFT,-1,Atípico
2023,Singapore,Q,LAW,8,92.215,SOFT,-1,Atípico
2023,Singapore,Q,LAW,11,92.507,SOFT,-1,Atípico
2023,Singapore,Q,LAW,14,92.166,SOFT,-1,Atípico
2023,Singapore,Q,LAW,17,92.811,SOFT,-1,Atípico
2023,Singapore,Q,VER,5,92.398,SOFT,-1,Atípico
2023,Singapore,Q,GAS,2,92.654,SOFT,-1,Atípico
2023,Singapore,Q,GAS,5,92.452,SOFT,-1,Atípico
2023,Singapore,Q,GAS,8,92.279,SOFT,-1,Atípico
2023,Singapore,Q,GAS,11,92.274,SOFT,-1,Atípico
2023,Singapore,Q,PER,2,92.563,SOFT,-1,Atípico
2023,Singapore,Q,PER,7,92.099,SOFT,-1,Atípico
2023,Singapore,Q,PER,10,92.31,SOFT,-1,Atípico
2023,Singapore,Q,TSU,2,92.93,SOFT,-1,Atípico
2023,Singapore,Q,TSU,5,91.991,SOFT,-1,Atípico
2023,Singapore,Q,PIA,5,93.067,SOFT,-1,Atípico
2023,Singapore,Q,SAR,5,93.571,SOFT,-1,Atípico
2023,Singapore,Q,ZHO,2,94.433,SOFT,-1,Atípico
2023,Singapore,Q,ZHO,5,93.815,SOFT,-1,Atípico
2023,Singapore,Q,ZHO,8,93.258,SOFT,-1,Atípico
2023,Singapore,R,ALO,47,96.456,SOFT,-1,Atípico
2023,Singapore,R,ALO,50,98.088,SOFT,-1,Atípico
2023,Singapore,R,ALO,51,98.463,SOFT,-1,Atípico
2023,Singapore,R,ALO,52,97.943,SOFT,-1,Atípico
2023,Singapore,R,ALB,3,101.783,MEDIUM,-1,Atípico
2023,Singapore,R,ALB,29,101.455,HARD,-1,Atípico
2023,Singapore,R,HUL,7,101.117,MEDIUM,-1,Atípico
2023,Singapore,R,HUL,18,100.877,MEDIUM,-1,Atípico
2023,Singapore,R,HUL,39,102.01,HARD,-1,Atípico
2023,Singapore,R,NOR,16,100.342,MEDIUM,-1,Atípico
2023,Singapore,R,NOR,37,99.838,HARD,-1,Atípico
2023,Singapore,R,LAW,2,102.139,MEDIUM,-1,Atípico
2023,Singapore,R,LAW,7,101.468,MEDIUM,-1,Atípico
2023,Singapore,R,LAW,8,100.893,MEDIUM,-1,Atípico
2023,Singapore,R,LAW,12,100.454,MEDIUM,-1,Atípico
2023,Singapore,R,LAW,14,100.676,MEDIUM,-1,Atípico
2023,Singapore,R,LAW,16,100.941,MEDIUM,-1,Atípico
2023,Singapore,R,LAW,19,101.286,MEDIUM,-1,Atípico
2023,Singapore,R,LAW,24,102.294,HARD,-1,Atípico
2023,Singapore,R,LAW,25,101.399,HARD,-1,Atípico
2023,Singapore,R,LAW,26,100.971,HARD,-1,Atípico
2023,Singapore,R,LAW,29,101.515,HARD,-1,Atípico
2023,Singapore,R,LAW,33,100.334,HARD,-1,Atípico
2023,Singapore,R,LAW,34,100.953,HARD,-1,Atípico
2023,Singapore,R,HAM,3,101.088,MEDIUM,-1,Atípico
2023,Singapore,R,HAM,6,100.126,MEDIUM,-1,Atípico
2023,Singapore,R,HAM,7,99.918,MEDIUM,-1,Atípico
2023,Singapore,R,HAM,8,100.166,MEDIUM,-1,Atípico
2023,Singapore,R,HAM,9,100.312,MEDIUM,-1,Atípico
2023,Singapore,R,HAM,10,100.144,MEDIUM,-1,Atípico
2023,Singapore,R,HAM,12,100.218,MEDIUM,-1,Atípico
2023,Singapore,R,HAM,16,100.785,MEDIUM,-1,Atípico
2023,Singapore,R,HAM,17,100.38,MEDIUM,-1,Atípico
2023,Singapore,R,HAM,19,99.394,MEDIUM,-1,Atípico
2023,Singapore,R,HAM,25,100.442,HARD,-1,Atípico
2023,Singapore,R,HAM,28,99.679,HARD,-1,Atípico
2023,Singapore,R,HAM,29,99.52,HARD,-1,Atípico
2023,Singapore,R,HAM,33,100.62,HARD,-1,Atípico
2023,Singapore,R,HAM,35,99.51,HARD,-1,Atípico
2023,Singapore,R,HAM,36,99.362,HARD,-1,Atípico
2023,Singapore,R,HAM,37,99.959,HARD,-1,Atípico
2023,Singapore,R,HAM,42,99.686,HARD,-1,Atípico
2023,Singapore,R,HAM,51,96.479,MEDIUM,-1,Atípico
2023,Singapore,R,HAM,55,97.221,MEDIUM,-1,Atípico
2023,Singapore,R,RUS,27,100.205,HARD,-1,Atípico
2023,Singapore,R,RUS,28,101.181,HARD,-1,Atípico
2023,Singapore,R,RUS,29,100.413,HARD,-1,Atípico
2023,Singapore,R,RUS,30,100.067,HARD,-1,Atípico
2023,Singapore,R,PIA,27,100.529,HARD,-1,Atípico
2023,Singapore,R,PIA,29,101.749,HARD,-1,Atípico
2023,Singapore,R,PIA,33,100.237,HARD,-1,Atípico
2023,Singapore,R,PIA,34,101.598,HARD,-1,Atípico
2023,Singapore,R,PIA,35,102.204,HARD,-1,Atípico
2023,Singapore,R,PIA,41,99.982,HARD,-1,Atípico
2023,Singapore,R,PIA,47,98.889,HARD,-1,Atípico
2023,Singapore,R,PIA,51,98.656,HARD,-1,Atípico
2023,Singapore,R,PIA,53,98.773,HARD,-1,Atípico
2023,Singapore,R,PIA,55,100.108,HARD,-1,Atípico
2023,Singapore,R,PIA,56,99.141,HARD,-1,Atípico
2023,Singapore,R,PIA,57,99.14,HARD,-1,Atípico
2023,Singapore,R,PIA,59,99.428,HARD,-1,Atípico
2023,Abu Dhabi,R,RUS,4,90.797,MEDIUM,-1,Atípico
2023,Abu Dhabi,R,BOT,56,90.13,MEDIUM,-1,Atípico
2023,Abu Dhabi,R,MAG,47,91.923,HARD,-1,Atípico
2024,Italian,R,RIC,3,86.588,MEDIUM,-1,Atípico
2024,Italian,R,RIC,4,86.488,MEDIUM,-1,Atípico
2024,Italian,R,OCO,2,86.837,HARD,-1,Atípico
2024,Monaco,FP3,VER,6,72.969,SOFT,-1,Atípico
2024,Monaco,FP3,VER,8,72.763,SOFT,-1,Atípico
2024,Monaco,FP3,VER,10,72.5,SOFT,-1,Atípico
2024,Monaco,FP3,VER,16,72.095,SOFT,-1,Atípico
2024,Monaco,FP3,VER,21,71.958,SOFT,-1,Atípico
2024,Monaco,FP3,VER,23,71.566,SOFT,-1,Atípico
2024,Monaco,FP3,SAR,16,73.089,SOFT,-1,Atípico
2024,Monaco,FP3,RIC,25,73.012,SOFT,-1,Atípico
2024,Monaco,FP3,ALO,13,72.087,SOFT,-1,Atípico
2024,Monaco,FP3,LEC,9,72.242,SOFT,-1,Atípico
2024,Monaco,FP3,LEC,17,71.369,SOFT,-1,Atípico
2024,Monaco,FP3,TSU,7,73.388,SOFT,-1,Atípico
2024,Monaco,FP3,TSU,10,72.526,SOFT,-1,Atípico
2024,Monaco,FP3,TSU,13,72.812,SOFT,-1,Atípico
2024,Monaco,FP3,TSU,17,72.406,SOFT,-1,Atípico
2024,Monaco,FP3,TSU,24,72.635,SOFT,-1,Atípico
2024,Monaco,FP3,SAI,20,72.155,SOFT,-1,Atípico
2024,Monaco,FP3,RUS,24,72.192,SOFT,-1,Atípico
2024,Monaco,Q,LEC,7,71.653,SOFT,-1,Atípico
2024,Monaco,Q,LEC,22,70.418,SOFT,-1,Atípico
2024,Monaco,Q,SAI,23,70.673,SOFT,-1,Atípico
2024,Monaco,Q,RUS,15,71.517,SOFT,-1,Atípico
2024,Monaco,Q,RUS,18,70.929,SOFT,-1,Atípico
2024,Monaco,Q,VER,4,72.084,SOFT,-1,Atípico
2024,Monaco,Q,VER,16,71.019,SOFT,-1,Atípico
2024,Monaco,Q,VER,20,70.745,SOFT,-1,Atípico
2024,Monaco,Q,VER,24,70.567,SOFT,-1,Atípico
2024,Monaco,Q,HAM,5,72.461,SOFT,-1,Atípico
2024,Monaco,Q,HAM,27,70.621,SOFT,-1,Atípico
2024,Monaco,Q,TSU,12,71.257,SOFT,-1,Atípico
2024,Monaco,Q,TSU,15,71.683,SOFT,-1,Atípico
2024,Monaco,Q,TSU,18,71.106,SOFT,-1,Atípico
2024,Monaco,Q,TSU,21,71.605,SOFT,-1,Atípico
2024,Monaco,Q,TSU,24,70.858,SOFT,-1,Atípico
2024,Monaco,Q,GAS,11,71.714,SOFT,-1,Atípico
2024,Monaco,Q,GAS,17,71.334,SOFT,-1,Atípico
2024,Monaco,Q,GAS,21,70.896,SOFT,-1,Atípico
2024,Monaco,Q,GAS,25,71.311,SOFT,-1,Atípico
2024,Monaco,Q,RIC,8,72.122,SOFT,-1,Atípico
2024,Monaco,Q,RIC,11,71.785,SOFT,-1,Atípico
2024,Monaco,Q,RIC,14,72.194,SOFT,-1,Atípico
2024,Monaco,Q,RIC,20,71.482,SOFT,-1,Atípico
2024,Monaco,Q,HUL,4,72.286,SOFT,-1,Atípico
2024,Monaco,Q,HUL,19,71.44,SOFT,-1,Atípico
2024,Monaco,Q,ALO,3,72.927,SOFT,-1,Atípico
2024,Monaco,Q,ALO,8,72.019,SOFT,-1,Atípico
2024,Monaco,Q,SAR,3,73.197,SOFT,-1,Atípico
2024,Monaco,Q,PER,6,72.698,SOFT,-1,Atípico
2024,Monaco,Q,PER,9,72.06,SOFT,-1,Atípico
2024,Monaco,Q,BOT,10,72.512,SOFT,-1,Atípico
2024,Monaco,R,NOR,20,79.043,HARD,-1,Atípico
2024,Monaco,R,NOR,21,78.983,HARD,-1,Atípico
2024,Monaco,R,NOR,22,78.981,HARD,-1,Atípico
2024,Monaco,R,NOR,23,79.194,HARD,-1,Atípico
2024,Monaco,R,NOR,24,78.699,HARD,-1,Atípico
2024,Monaco,R,NOR,25,78.64,HARD,-1,Atípico
2024,Monaco,R,NOR,26,78.396,HARD,-1,Atípico
2024,Monaco,R,NOR,27,78.72,HARD,-1,Atípico
2024,Monaco,R,NOR,28,79.238,HARD,-1,Atípico
2024,Monaco,R,NOR,29,78.766,HARD,-1,Atípico
2024,Monaco,R,NOR,31,78.78,HARD,-1,Atípico
2024,Monaco,R,NOR,33,79.233,HARD,-1,Atípico
2024,Monaco,R,NOR,34,79.243,HARD,-1,Atípico
2024,Monaco,R,NOR,35,78.714,HARD,-1,Atípico
2024,Monaco,R,NOR,36,78.582,HARD,-1,Atípico
2024,Monaco,R,VER,23,78.979,MEDIUM,-1,Atípico
2024,Monaco,R,VER,26,78.818,MEDIUM,-1,Atípico
2024,Monaco,R,VER,27,78.797,MEDIUM,-1,Atípico
2024,Monaco,R,VER,28,78.682,MEDIUM,-1,Atípico
2024,Monaco,R,VER,29,78.795,MEDIUM,-1,Atípico
2024,Monaco,R,VER,30,78.574,MEDIUM,-1,Atípico
2024,Monaco,R,VER,31,78.564,MEDIUM,-1,Atípico
2024,Monaco,R,VER,32,78.983,MEDIUM,-1,Atípico
2024,Monaco,R,VER,33,79.005,MEDIUM,-1,Atípico
2024,Monaco,R,VER,39,78.326,MEDIUM,-1,Atípico
2024,Monaco,R,VER,40,78.409,MEDIUM,-1,Atípico
2024,Monaco,R,VER,43,78.358,MEDIUM,-1,Atípico
2024,Monaco,R,VER,45,78.313,MEDIUM,-1,Atípico
2024,Monaco,R,HAM,25,79.342,MEDIUM,-1,Atípico
2024,Monaco,R,HAM,41,78.946,MEDIUM,-1,Atípico
2024,Monaco,R,HAM,46,78.104,MEDIUM,-1,Atípico
2024,Monaco,R,HAM,47,78.331,MEDIUM,-1,Atípico
2024,Monaco,R,TSU,34,79.153,HARD,-1,Atípico
2024,Monaco,R,TSU,35,78.973,HARD,-1,Atípico
2024,Monaco,R,TSU,51,78.64,HARD,-1,Atípico
2024,Monaco,R,TSU,57,78.499,HARD,-1,Atípico
2024,Monaco,R,TSU,58,78.737,HARD,-1,Atípico
2024,Monaco,R,TSU,65,77.019,HARD,-1,Atípico
2024,Monaco,R,TSU,66,78.197,HARD,-1,Atípico
2024,Monaco,R,TSU,67,78.148,HARD,-1,Atípico
2024,Monaco,R,TSU,68,78.209,HARD,-1,Atípico
2024,Monaco,R,TSU,70,79.347,HARD,-1,Atípico
2024,Monaco,R,ALO,47,79.109,MEDIUM,-1,Atípico
2024,Monaco,R,STR,50,77.788,SOFT,-1,Atípico
2024,Monaco,R,STR,74,78.23,SOFT,-1,Atípico
2024,Bahrain,FP3,NOR,2,92.611,SOFT,-1,Atípico
2024,Bahrain,FP3,NOR,5,92.761,SOFT,-1,Atípico
2024,Bahrain,FP3,NOR,8,91.118,SOFT,-1,Atípico
2024,Bahrain,Q,LEC,15,89.48,SOFT,-1,Atípico
2024,Bahrain,Q,ALO,13,89.542,SOFT,-1,Atípico
2024,Bahrain,Q,NOR,2,90.143,SOFT,-1,Atípico
2024,Bahrain,Q,NOR,6,89.941,SOFT,-1,Atípico
2024,Bahrain,Q,NOR,11,89.679,SOFT,-1,Atípico
2024,Bahrain,Q,NOR,14,89.614,SOFT,-1,Atípico
2024,Bahrain,Q,STR,8,90.982,SOFT,-1,Atípico
